"name","asset_tag","serial_number","location","location.city","u_building","u_room","u_floor","po_number","u_scheduled_retirement","operational_status","u_last_rounded_date","comments","u_location_comments","u_device_rounding","u_department_location","location.u_deskside_assignment_group","u_category","model_id","short_description"
"103420","103420","63CAHHR95J2","VIHA-WCGH-West Coast General Hospital-Main Building","Port Alberni","Main","Laboratory - outside","2","","","Operational","11/25/2024","Located at the WCGH Laboratory - used for the patient queue monitor outside the door to this office.","Used for patient queue monitor display outside lab.","Excluded","Laboratory","NTT-Deskside Services-WestCoast-Staffed","Thin Client","DELL 0H0C1T","Dell Wireless Thin Client  - WCGH WAITWHILE"
"2BUN348B1612109","C003776","2BUN348B1612109","VIHA-WCGH-West Coast General Hospital-Main Building","Port Alberni","Main Building","","","","","Operational","","","","Excluded"," ","NTT-Deskside Services-WestCoast-Staffed","All-in-One","DT Research DT592BU",""
"AO000115","HSS-8091044","C24529M093","VIHA-WCGH-West Coast General Hospital-Main Building-2nd Floor","Port Alberni","Main Building","ER Roundabout","2","VIHATRP20241118-062","10/31/2028","Operational","07/02/2026","","","Mobile Cart","WCG Nursing/OB/Psych/Rural Srg","NTT-Deskside Services-WestCoast-Staffed","All-in-One","Tangent MEDIX 22B V12","Tangent T22B V3 AIO"
"AO001609","HSS-8095818","C24102M022","VIHA-PAHCCS-Port Alberni Home & Community Care Services-Main Building-1st Floor","Port Alberni","Main Building","14","1","ISLHTRP20250922-026","05/31/2028","Operational","07/16/2026","","","Mobile Cart","Social Work West","NTT-Deskside Services-WestCoast-Local","All-in-One","TANGENT MEDIX 22B V9",""
"AO005447","HSS-8096245","C25122M025","VIHA-TGH-Tofino General Hospital","Tofino","Specialists Sea Can","1","2","ISLHTRP20251020-018","05/31/2029","Operational","02/26/2026","Permanentaly swapped during INC4670463","Specialist Sea Can - Outside TGH Front door **To your right if facing building**","Mobile Cart","Admin","NTT-Deskside Services-WestCoast-Remote","All-in-One","TANGENT MEDIX 22B V20",""
"AO400001","HSS-8099163","C25318M209","VIHA-BAM-Bamfield Health Centre-Main Building-1st Floor","Bamfield","Main Building","Exam Room","1","ISLHTRP20260615-065","01/31/2030","Operational","07/10/2026","","","Mobile Cart","Nursing","NTT-Deskside Services-WestCoast-Remote","All-in-One","TANGENT MEDIX 22B V20",""
"AO400002","HSS-8099162","C25318M185","VIHA-BAM-Bamfield Health Centre-Main Building-1st Floor","Bamfield","Main Building","Telehealth","1","ISLHTRP20260615-064","01/31/2030","Operational","07/10/2026","","","Mobile Cart","Nursing","NTT-Deskside Services-WestCoast-Remote","All-in-One","TANGENT MEDIX 22B V20",""
"AO400097","HSS-8098481","C25318M198","VIHA-WCGH-West Coast General Hospital-Main Building-2nd Floor","Port Alberni","Main Building","Med Surg - Wing B","2","ISLHTRP20260420-022","01/31/2030","Operational","07/02/2026","","","Mobile Cart","Nursing","NTT-Deskside Services-WestCoast-Staffed","All-in-One","TANGENT MEDIX 22B V20",""
"AO400115","HSS-8098482","C25318M190","VIHA-WCGH-West Coast General Hospital-Main Building-2nd Floor","Port Alberni","Main Building","Med Surg Wing B","2","ISLHTRP20260420-023","01/31/2030","Operational","08/12/2026","","","Mobile Cart","Nursing","NTT-Deskside Services-WestCoast-Staffed","All-in-One","TANGENT MEDIX 22B V20",""
"AO400146","HSS-8091228","C24529M023","VIHA-WCGH-West Coast General Hospital-Main Building-2nd Floor","Port Alberni","Main Building","WC2140","2","VIHATRP20241118-063","10/31/2028","Operational","08/21/2026","","PACU","Mobile Cart","Operating Room - Nursing","NTT-Deskside Services-WestCoast-Staffed","All-in-One","Tangent MEDIX 22B V12","Tangent T22B V3 AIO"
"AO400312","HSS-8086165","C23801M146","VIHA-WCGH-West Coast General Hospital-Main Building-2nd Floor","Port Alberni","Main Building","WCAmbo","2","VIHATRP20240429-045","04/30/2028","Operational","08/05/2026","","Across from 11","Mobile Cart","Emergency","NTT-Deskside Services-WestCoast-Staffed","All-in-One","TANGENT Medix 22b with fanless i7-10700T CPU, 16GB",""
"AO400319","HSS-8086177","C23801M026","VIHA-WCGH-West Coast General Hospital-Main Building-2nd Floor","Port Alberni","Main Building","WC2110 - patient waiting area","2","VIHATRP20240429-057","04/30/2028","Operational","05/20/2026","","","Mobile Cart","Operating Room","NTT-Deskside Services-WestCoast-Staffed","All-in-One","TANGENT Medix 22b with fanless i7-10700T CPU, 16GB",""
"AO400464","HSS-8074036","C23202M070","VIHA-WCGH-West Coast General Hospital-Main Building-2nd Floor","Port Alberni","Main Building","Med/Surg Wing A","2","VIHATRP20230501-028","07/31/2026","Operational","08/12/2026","This workstation has been configured to enable Controlled Prescription Printing (CPP) to a dedicated CPP printer. The workstation must be manually mapped in Olympus to print on CPP Printer(s): cpp_ohcurglp1","","Mobile Cart","Nursing","NTT-Deskside Services-WestCoast-Staffed","All-in-One","Tangent MEDIX 22B V5","Replaced AO400481 pduring INC4951293 - SV"
"AO400466","HSS-8086136","C23801M186","VIHA-TGH-Tofino General Hospital-Main Building-1st Floor","Tofino","Main Building","Mental Health","1","VIHATRP20240429-016","03/31/2028","Operational","01/29/2026","","","Mobile Cart","Mental Health & AS Admin","NTT-Deskside Services-WestCoast-Remote","All-in-One","Tangent MEDIX 22B V2",""
"AO400467","HSS-8086157","C23801M092","VIHA-TGH-Tofino General Hospital-Main Building-Basement 1","Tofino","Main Building","Multi-Purpose Room","1","VIHATRP20240429-037","04/30/2028","Operational","12/05/2025","","","Mobile Cart","Nursing","NTT-Deskside Services-WestCoast-Remote","All-in-One","TANGENT Medix 22b with fanless i7-10700T CPU, 16GB",""
"AO400468","HSS-8086150","C23801M027","VIHA-TGH-Tofino General Hospital-Main Building-1st Floor","Tofino","Main Building","Laboratory","1","VIHATRP20240429-030","04/30/2028","Operational","01/29/2026","","","Mobile Cart","Lab Core","NTT-Deskside Services-WestCoast-Remote","All-in-One","TANGENT Medix 22b with fanless i7-10700T CPU, 16GB",""
"AO400483","HSS-8091067","C24529M040","VIHA-WCGH-West Coast General Hospital-Main Building-2nd Floor","Port Alberni","Main Building","WCAmb - Nurses' station","2","VIHATRP20241118-059","10/31/2028","Operational","07/02/2026","","5-jul-24: Device is in use in Ambulatory care room. At nurse's station.","Mobile Cart","WCG Pharmacy","NTT-Deskside Services-WestCoast-Staffed","All-in-One","Tangent MEDIX 22B V12","Tangent V3 AIO"
"AO400484","HSS-8078480","C23719M077","VIHA-WCGH-West Coast General Hospital-Main Building-2nd Floor","Port Alberni","Main Building","WCMed Surg  - B1 Wing","2","VIHATRP20230918-068","10/31/2027","Operational","08/12/2026","","","Mobile Cart","Nursing","NTT-Deskside Services-WestCoast-Staffed","All-in-One","TANGENT Medix 22b with fanless i7-10700T CPU, 16GB",""
"AO400486","HSS-8092843","C25123M203","VIHA-WCGH-West Coast General Hospital-Main Building-2nd Floor","Port Alberni","Main Building","MedSurg  Wing B","2","VIHATRP20250331-039","04/30/2029","Operational","07/24/2026","","","Mobile Cart","WCG Nursing - Med/Sur","NTT-Deskside Services-WestCoast-Staffed","All-in-One","TANGENT MEDIX 22B V20",""
"AO400487","HSS-8078481","C23719M085","VIHA-WCGH-West Coast General Hospital-Main Building-2nd Floor","Port Alberni","Main Building","Med Surg B Wing","2","VIHATRP20230918-069","10/31/2027","Operational","07/02/2026","","","Mobile Cart","Med Surg","NTT-Deskside Services-WestCoast-Staffed","All-in-One","TANGENT Medix 22b with fanless i7-10700T CPU, 16GB",""
"AO400488","HSS-8078478","C23719M131","VIHA-WCGH-West Coast General Hospital","Port Alberni","Main Building","WC2601","2","VIHATRP20230918-066","10/31/2027","Operational","05/13/2026","","","Mobile Cart","Psychiatry","NTT-Deskside Services-WestCoast-Staffed","All-in-One","TANGENT Medix 22b with fanless i7-10700T CPU, 16GB",""
"AO400490","HSS-8078492","C23719M087","VIHA-WCGH-West Coast General Hospital-Main Building-2nd Floor","Port Alberni","Main Building","WC2718","2","VIHATRP20230918-080","10/31/2027","Operational","05/12/2026","","","Mobile Cart","Nursing","NTT-Deskside Services-WestCoast-Staffed","All-in-One","TANGENT Medix 22b with fanless i7-10700T CPU, 16GB",""
"AO400491","HSS-8078501","C23719M091","VIHA-WCGH-West Coast General Hospital-Main Building-1st Floor","Port Alberni","Main Building","1460 - Storage","1","VIHATRP20230918-089","10/31/2027","Operational","05/04/2026","","Locked Storage in Basement unaccesible and is not in use nor can be regularly rounded - SV","Excluded","ER/Med/Surg","NTT-Deskside Services-WestCoast-Staffed","All-in-One","TANGENT Medix 22b with fanless i7-10700T CPU, 16GB",""
"AO400492","HSS-8078483","C23719M083","VIHA-WCGH-West Coast General Hospital-Main Building-2nd Floor","Port Alberni","Main Building","WC2503 - Pharmacy","2","VIHATRP20230918-071","10/31/2027","Operational","08/31/2026","","","Mobile Cart","Pharmacy","NTT-Deskside Services-WestCoast-Staffed","All-in-One","TANGENT Medix 22b with fanless i7-10700T CPU, 16GB",""
"AO400493","HSS-8078503","C23719M078","VIHA-WCGH-West Coast General Hospital-Main Building-2nd Floor","Port Alberni","Main Building","Med/Surg Wing C","2","VIHATRP20230918-091","10/31/2027","Operational","08/31/2026","","Labour and Delivery","Mobile Cart","Labour & Delivery","NTT-Deskside Services-WestCoast-Staffed","All-in-One","TANGENT Medix 22b with fanless i7-10700T CPU, 16GB",""
"AO400494","HSS-8078496","C23719M065","VIHA-WCGH-West Coast General Hospital-Main Building-2nd Floor","Port Alberni","Main Building","WCAmb - Storage room","2","VIHATRP20230918-084","10/31/2027","Operational","08/05/2026","","","Mobile Cart","Emergency Department","NTT-Deskside Services-WestCoast-Staffed","All-in-One","TANGENT Medix 22b with fanless i7-10700T CPU, 16GB",""
"AO400496","HSS-8078499","C23719M054","VIHA-WCGH-West Coast General Hospital-Main Building-2nd Floor","Port Alberni","Main Building","WCMedSurg Wing B","2","VIHATRP20230918-087","10/31/2027","Operational","08/12/2026","","","Mobile Cart","Nursing","NTT-Deskside Services-WestCoast-Staffed","All-in-One","TANGENT Medix 22b with fanless i7-10700T CPU, 16GB",""
"AO400498","HSS-8078489","C23719M079","VIHA-WCGH-West Coast General Hospital-Main Building-2nd Floor","Port Alberni","Main Building","WCAmbulatory Care","2","VIHATRP20230918-077","10/31/2027","Operational","07/24/2026","","","Mobile Cart","WCAmbulatory Care","NTT-Deskside Services-WestCoast-Staffed","All-in-One","TANGENT Medix 22b with fanless i7-10700T CPU, 16GB",""
"AO400499","HSS-8078484","C23719M022","VIHA-WCGH-West Coast General Hospital-Main Building-2nd Floor","Port Alberni","Main Building","Med/Surg Wing A - Rehab","2","VIHATRP20230918-072","10/31/2027","Operational","08/12/2026","","","Mobile Cart","Med/Surg - Wing","NTT-Deskside Services-WestCoast-Staffed","All-in-One","TANGENT Medix 22b with fanless i7-10700T CPU, 16GB",""
"AO400500","HSS-8078494","C23719M080","VIHA-WCGH-West Coast General Hospital-Main Building-2nd Floor","Port Alberni","Main Building","WCMedSurg - Hallway B","2","VIHATRP20230918-082","10/31/2027","Operational","08/12/2026","","","Mobile Cart","Med/Surg - Wing B","NTT-Deskside Services-WestCoast-Staffed","All-in-One","TANGENT Medix 22b with fanless i7-10700T CPU, 16GB",""
"AO400501","HSS-8078458","C23719M138","VIHA-WCGH-West Coast General Hospital-Main Building-2nd Floor","Port Alberni","Main Building","MedSurg - Wing B","2","VIHATRP20230918-046","10/31/2027","Operational","06/19/2026","","","Mobile Cart","Nursing","NTT-Deskside Services-WestCoast-Staffed","All-in-One","TANGENT Medix 22b with fanless i7-10700T CPU, 16GB",""
"AO400502","HSS-8078457","C23719M141","VIHA-WCGH-West Coast General Hospital-Main Building-2nd Floor","Port Alberni","Main Building","Med/Surg Wing C","2","VIHATRP20230918-045","10/31/2027","Operational","08/12/2026","","Outside Birthing by Windows","Mobile Cart","Med Surg","NTT-Deskside Services-WestCoast-Staffed","All-in-One","TANGENT Medix 22b with fanless i7-10700T CPU, 16GB",""
"AO400503","HSS-8089579","C24529M123","VIHA-WCGH-West Coast General Hospital-Main Building-2nd Floor","Port Alberni","Main Building","WC2330","2","VIHATRP20240909-069","10/31/2028","Operational","08/31/2026","","","Mobile Cart","Administration","NTT-Deskside Services-WestCoast-Staffed","All-in-One","Tangent MEDIX 22B V12",""
"AO400506","HSS-8100137","C25A01M256","VIHA-WCGH-West Coast General Hospital-Main Building-2nd Floor","Port Alberni","Main Building","WCMedSurg - By LDR windows","2","ISLHTRP20260817-084","03/31/2030","Operational","","","","Mobile Cart","Nursing","NTT-Deskside Services-WestCoast-Staffed","All-in-One","TANGENT MEDIX 22B V19",""
"AO400508","HSS-8098479","C25318M210","VIHA-WCGH-West Coast General Hospital-Main Building-2nd Floor","Port Alberni","Main Building","Med Surg Wing A","2","ISLHTRP20260420-020","01/31/2030","Operational","08/12/2026","Updated Cart  to match and tagged HSS-9801081 - SV May 25","","Mobile Cart","Nursing","NTT-Deskside Services-WestCoast-Staffed","All-in-One","TANGENT MEDIX 22B V20",""
"AO400510","HSS-8098480","C25318M205","VIHA-WCGH-West Coast General Hospital-Main Building-2nd Floor","Port Alberni","Main Building","Med Surg Wing A","2","ISLHTRP20260420-021","01/31/2030","Operational","08/12/2026","","","Mobile Cart","Nursing","NTT-Deskside Services-WestCoast-Staffed","All-in-One","TANGENT MEDIX 22B V20","Cart onsite - in the Medical Library (room 2360) - storage area."
"AO400517","HSS-8094097","C24223M135","VIHA-WCGH-West Coast General Hospital-Main Building-2nd Floor","Port Alberni","Main Building","WC2140","2","ISLHTRP20250623-070","07/31/2029","Operational","08/21/2026","","","Mobile Cart","Operating Room - Nursing","NTT-Deskside Services-WestCoast-Staffed","All-in-One","TANGENT MEDIX 22B V9",""
"AO400519","HSS-8094103","C24223M027","VIHA-WCGH-West Coast General Hospital-Main Building-2nd Floor","Port Alberni","Main Building","Ambo Storage","2","ISLHTRP20250623-078","07/31/2029","Operational","06/25/2026","Unit is with Mircoserve and on route to Tangent again  11 Jun - 2026  SV","Next to Ambo Daycare","Mobile Cart","Med/Sur","NTT-Deskside Services-WestCoast-Staffed","All-in-One","TANGENT MEDIX 22B V9",""
"AO400520","HSS-8100146","C25A01M270","VIHA-WCGH-West Coast General Hospital-Main Building-1st Floor","Port Alberni","Main Building","WCMedSurg - Hallway A","2","ISLHTRP20260817-093","03/31/2030","Operational","","","","Mobile Cart","Nursing","NTT-Deskside Services-WestCoast-Staffed","All-in-One","TANGENT MEDIX 22B V19",""
"AO400524","HSS-8094098","C24223M122","VIHA-WCGH-West Coast General Hospital-Main Building-2nd Floor","Port Alberni","Main Building","WC2140","2","ISLHTRP20250623-071","07/31/2029","Operational","07/08/2026","","","Mobile Cart","Operating Room - Nursing","NTT-Deskside Services-WestCoast-Staffed","All-in-One","TANGENT MEDIX 22B V9",""
"AO400527","HSS-8094093","C24223M138","VIHA-WCGH-West Coast General Hospital-Main Building-2nd Floor","Port Alberni","Main Building","Med Surg A wing - Rehab","2","ISLHTRP20250623-066","07/31/2029","Operational","06/19/2026","","","Mobile Cart","Nursing - Med/Sur","NTT-Deskside Services-WestCoast-Staffed","All-in-One","TANGENT MEDIX 22B V9",""
"AO400529","HSS-8094108","C24223M133","VIHA-WCGH-West Coast General Hospital-Main Building-2nd Floor","Port Alberni","Main Building","Ambo Storage room","2","ISLHTRP20250623-083","07/31/2029","Operational","07/30/2026","","Locked Storage room across from Medical daycare","Mobile Cart","Emergency","NTT-Deskside Services-WestCoast-Staffed","All-in-One","TANGENT MEDIX 22B V9",""
"AO400530","HSS-8094105","C24223M022","VIHA-WCGH-West Coast General Hospital-Main Building-2nd Floor","Port Alberni","Main Building","ER","2","ISLHTRP20250623-080","07/31/2029","Operational","08/05/2026","","","Mobile Cart","Emergency","NTT-Deskside Services-WestCoast-Staffed","All-in-One","TANGENT MEDIX 22B V9",""
"AO400531","HSS-8094109","C24223M137","VIHA-WCGH-West Coast General Hospital-Main Building-1st Floor","Port Alberni","Main Building","1460 - Storage","1","ISLHTRP20250623-084","07/31/2029","Operational","03/19/2026","","Locked Storage room - Not in use","Excluded","Med Surg","NTT-Deskside Services-WestCoast-Staffed","All-in-One","TANGENT MEDIX 22B V9",""
"AO400533","HSS-8092848","C25123M213","VIHA-WCGH-West Coast General Hospital-Main Building-2nd Floor","Port Alberni","Main Building","Operating Room","2","VIHATRP20250331-044","04/30/2029","Operational","07/24/2026","","","Mobile Cart","WCG Nursing/OB/Psych/Rural Srg","NTT-Deskside Services-WestCoast-Staffed","All-in-One","TANGENT MEDIX 22B V20",""
"AO400534","HSS-8092845","C25123M248","VIHA-WCGH-West Coast General Hospital-Main Building-2nd Floor","Port Alberni","Main Building","Med Surg - Wing B","2","VIHATRP20250331-041","04/30/2029","Operational","07/24/2026","","","Mobile Cart","WCG Nursing - Med/Sur","NTT-Deskside Services-WestCoast-Staffed","All-in-One","TANGENT MEDIX 22B V20",""
"AO400535","HSS-8094096","C24223M021","VIHA-WCGH-West Coast General Hospital-Main Building-2nd Floor","Port Alberni","Main Building","WC2140","2","ISLHTRP20250623-069","07/31/2029","Operational","08/21/2026","","","Mobile Cart","Operating Room - Nursing","NTT-Deskside Services-WestCoast-Staffed","All-in-One","TANGENT MEDIX 22B V9",""
"AO400538","HSS-8094107","C24223M142","VIHA-WCGH-West Coast General Hospital-Main Building-1st Floor","Port Alberni","Main Building","Med Surge Wing A - Rehab","2","ISLHTRP20250623-082","07/31/2029","Operational","08/12/2026","","","Mobile Cart","Med Surge","NTT-Deskside Services-WestCoast-Staffed","All-in-One","TANGENT MEDIX 22B V9",""
"AO400540","HSS-8094094","C24223M134","VIHA-WCGH-West Coast General Hospital-Main Building-2nd Floor","Port Alberni","Main Building","Med surg Wing B","2","ISLHTRP20250623-067","07/31/2029","Operational","08/12/2026","","Moves often ","Mobile Cart","Nursing - Med/Sur","NTT-Deskside Services-WestCoast-Staffed","All-in-One","TANGENT MEDIX 22B V9",""
"AO400545","HSS-8094090","C24223M169","VIHA-WCGH-West Coast General Hospital-Main Building-2nd Floor","Port Alberni","Main Building","Ambo","2","ISLHTRP20250623-063","07/31/2029","Operational","08/12/2026","","Next to Medical Daycare","Mobile Cart","Nursing - Med/Sur","NTT-Deskside Services-WestCoast-Staffed","All-in-One","TANGENT MEDIX 22B V9",""
"AO400546","HSS-8094091","C24223M139","VIHA-WCGH-West Coast General Hospital-Main Building-2nd Floor","Port Alberni","Main Building","Med Surg Wing C","2","ISLHTRP20250623-064","07/31/2029","Operational","05/07/2026","","Labour and Delivery","Mobile Cart","Labour and Delivery","NTT-Deskside Services-WestCoast-Staffed","All-in-One","TANGENT MEDIX 22B V9",""
"AO400550","HSS-8100147","C25A01M260","VIHA-WCGH-West Coast General Hospital-Main Building-2nd Floor","Port Alberni","Main Building","2140","2","ISLHTRP20260817-094","03/31/2030","Operational","08/21/2026","","","Mobile Cart","OR","NTT-Deskside Services-WestCoast-Staffed","All-in-One","TANGENT MEDIX 22B V19",""
"AO400551","HSS-8092846","C25123M235","VIHA-WCGH-West Coast General Hospital-Main Building-1st Floor","Port Alberni","Main Building","1460 Storage","1","VIHATRP20250331-042","04/30/2029","Operational","04/10/2026","","Not In use locked in storage - ","Excluded","ER","NTT-Deskside Services-WestCoast-Staffed","All-in-One","TANGENT MEDIX 22B V20",""
"AO400552","HSS-8094106","C24223M141","VIHA-WCGH-West Coast General Hospital-Main Building-1st Floor","Port Alberni","Main Building","1460 - Storage","1","ISLHTRP20250623-081","07/31/2029","Operational","04/07/2026","","Locked storage in Basement - Not In use Not accesible","Excluded","Med Surg","NTT-Deskside Services-WestCoast-Staffed","All-in-One","TANGENT MEDIX 22B V9",""
"AO400555","HSS-8094104","C24223M010","VIHA-WCGH-West Coast General Hospital-Main Building-1st Floor","Port Alberni","Main Building","Wing C","2","ISLHTRP20250623-079","07/31/2029","Operational","08/12/2026","","","Mobile Cart","Med/Surg","NTT-Deskside Services-WestCoast-Staffed","All-in-One","TANGENT MEDIX 22B V9",""
"AO400556","HSS-8094111","C24223M165","VIHA-WCGH-West Coast General Hospital-Main Building-2nd Floor","Port Alberni","Main Building","Emergency","2","ISLHTRP20250623-086","07/31/2029","Operational","07/02/2026","","","Mobile Cart","Nursing","NTT-Deskside Services-WestCoast-Staffed","All-in-One","TANGENT MEDIX 22B V9",""
"AO400560","HSS-8092847","C25123M237","VIHA-WCGH-West Coast General Hospital-Main Building-2nd Floor","Port Alberni","Main Building","WC2140","2","VIHATRP20250331-043","04/30/2029","Operational","08/21/2026","","PACU","Mobile Cart","Operating Room - Nursing","NTT-Deskside Services-WestCoast-Staffed","All-in-One","TANGENT MEDIX 22B V20",""
"AO400562","HSS-8094102","C24223M136","VIHA-WCGH-West Coast General Hospital-Main Building-2nd Floor","Port Alberni","Main Building","Med/Surg Wing B","2","ISLHTRP20250623-077","07/31/2029","Operational","08/12/2026","","","Mobile Cart","Nursing - Med/Sur","NTT-Deskside Services-WestCoast-Staffed","All-in-One","TANGENT MEDIX 22B V9",""
"AO400565","HSS-8094110","C24223M132","VIHA-WCGH-West Coast General Hospital-Main Building-2nd Floor","Port Alberni","Main Building","Emergency","2","ISLHTRP20250623-085","07/31/2029","Operational","08/12/2026","","","Mobile Cart","Emergency","NTT-Deskside Services-WestCoast-Staffed","All-in-One","TANGENT MEDIX 22B V9",""
"C19C14M222","C009375","C19C14M222","VIHA-TGH-Tofino General Hospital-Main Building-Basement 1","Tofino","Main Building","Screening Clinic","1","Lease Information Extract - HPFS Tangent","03/31/2023","Operational","01/29/2026","","Screening Clinic - Sea Can far end of hospital in front","Mobile Cart","261 Neill St","NTT-Deskside Services-WestCoast-Remote","All-in-One","Tangent MEDIX T22B V7","Tangent T22B AIO"
"LD020465","HSS-8058593","D9NR9K3","VIHA-WCGH-West Coast General Hospital-Main Building-2nd Floor","Port Alberni","Main Building","WC2345","2","VIHATRP20220505-007","09/30/2026","Operational","04/10/2026","","","General Rounding","Nursing","NTT-Deskside Services-WestCoast-Staffed","Laptop","Dell LATITUDE 7420 V3",""
"LD020513","HSS-8078456","15F95X3","VIHA-WCGH-West Coast General Hospital-Main Building-2nd Floor","Port Alberni","Main Building","WC2102","2","VIHATRP20230918-044","10/31/2027","Operational","07/24/2026","","","General Rounding","Social Work","NTT-Deskside Services-WestCoast-Staffed","Laptop","Dell LATITUDE 7430 V1","CUSTOMER OWNED LENOVO THINKPAD T470s i5-"
"LD020789","HSS-8078490","J1Q85X3","VIHA-WCGH-West Coast General Hospital-Main Building-2nd Floor","Port Alberni","Main Building","WC2504 - pharmacy","2","VIHATRP20230918-078","10/31/2027","Operational","02/27/2026","","","General Rounding","Pharmacy","NTT-Deskside Services-WestCoast-Staffed","Laptop","Dell LATITUDE 7430 V1",""
"LD020971","HSS-8024919","F1426G3","VIHA-WCGH-West Coast General Hospital-Main Building-2nd Floor","Port Alberni","Main Building","WCPhysio - Main Physio Office","2","VIHATRP20211025-024","03/31/2026","Operational","03/24/2026","","","General Rounding","Physical Therapy","NTT-Deskside Services-WestCoast-Staffed","Laptop","Dell LATITUDE 7420 V3",""
"LD021019","HSS-8068730","BLM1NN3","VIHA-TGH-Tofino General Hospital-Main Building-1st Floor","Tofino","Main Building","221B","1","VIHATRP20221114-010","01/31/2027","Operational","01/29/2026","Device moved to room next to Site Director's office as per SCTASK244770 - 2-feb-24 - Roman Frank - tech.","","General Rounding"," ","NTT-Deskside Services-WestCoast-Remote","Laptop","Dell LATITUDE 7420 V3",""
"LD021646","HSS-8098470","PF60E6JG","VIHA-WCGH-West Coast General Hospital-Main Building-2nd Floor","Port Alberni","Main Building","WC2310","2","ISLHTRP20260420-011","04/30/2030","Operational","07/22/2026","","","Excluded","Admin","NTT-Deskside Services-WestCoast-Staffed","Laptop","LENOVO THINKPAD T14 GEN6 NT FPR 2x1",""
"LD022125","HSS-8078482","DVJQ5X3","VIHA-WCGH-West Coast General Hospital-Main Building-2nd Floor","Port Alberni","Main Building","WC2319 - Med Staff Cred and Privacy","2","VIHATRP20230918-070","10/31/2027","Operational","08/21/2026","","Administration","General Rounding","Administration","NTT-Deskside Services-WestCoast-Staffed","Laptop","Dell LATITUDE 7430 V1","LENOVO THNKPD T480s i5-8350 1.7GHZ 6MB 14 WIN 10 16GB"
"LD023194","HSS-8078436","FWT75X3","VIHA-PAHCCS-Port Alberni Home & Community Care Services-Main Building-1st Floor","Port Alberni","Main Building","23","1","VIHATRP20230918-024","10/31/2027","Operational","07/10/2026","","HSCL/CM office--Ashley Schuhmann","General Rounding","R37 Community Services Adm","NTT-Deskside Services-WestCoast-Local","Laptop","Dell LATITUDE 7430 V1",""
"LD023195","HSS-8078454","D82FFY3","VIHA-PAIHN-Port Alberni Integrated Health Network-Main Building-1st Floor","Port Alberni","Main Building","Admin","1","VIHATRP20230918-042","10/31/2027","Operational","04/29/2026","","","General Rounding","Primary Care","NTT-Deskside Services-WestCoast-Local","Laptop","DELL LATITUDE 7440 V2",""
"LD023707","HSS-8095804","5Q9Q774","VIHA-TGH-Tofino General Hospital-Main Building-Basement 1","Tofino","Main Building","Physio","1","ISLHTRP20250922-012","09/30/2029","Operational","03/06/2026","","","General Rounding","Physiotherapy","NTT-Deskside Services-WestCoast-Remote","Laptop","Dell LATITUDE 7450 V4",""
"LD023786","HSS-8100136","SD005MPX","VIHA-WCGH-West Coast General Hospital-Main Building-2nd Floor","Port Alberni","Main Building","Meeting Room C","2","ISLHTRP20260817-083","","Operational","08/21/2026","","","General Rounding","Administration","NTT-Deskside Services-WestCoast-Staffed","Laptop","LENOVO THINKPAD T14 GEN6 NT FPR 2x1",""
"LD024308","HSS-8096620","PF5RZXSY","VIHA-WCGH-West Coast General Hospital-Main Building-2nd Floor","Port Alberni","Main Building","WFH","2","ISLHTRP20251124-016","12/31/2029","Operational","01/13/2026","","","Excluded","Administration","NTT-Deskside Services-WestCoast-Staffed","Laptop","LENOVO THINKPAD T14",""
"LD024836","HSS-8095819","2T9Q774","VIHA-PAHCCS-Port Alberni Home & Community Care Services-Main Building-1st Floor","Port Alberni","Main Building","20","1","ISLHTRP20250922-027","09/30/2029","Operational","07/16/2026","","","General Rounding","R37 Case Mgmt Coordination","NTT-Deskside Services-WestCoast-Local","Laptop","Dell LATITUDE 7450 V4",""
"LD026442","HSS-8098467","PF60F4KA","VIHA-PAHCCS-Port Alberni Home & Community Care Services-Main Building-1st Floor","Port Alberni","Main Building","6","1","ISLHTRP20260420-008","04/30/2030","Operational","08/21/2026","","","General Rounding","CBC Home Care Nursing-Pt","NTT-Deskside Services-WestCoast-Local","Laptop","LENOVO THINKPAD T14 GEN6 NT FPR 2x1",""
"LD027199","HSS-8089564","H08JVW3","VIHA-PAHCCS-Port Alberni Home & Community Care Services-Main Building-1st Floor","Port Alberni","Main Building","1","1","VIHATRP20240909-054","10/31/2028","Operational","07/16/2026","","","General Rounding","CHS PA Clinical","NTT-Deskside Services-WestCoast-Local","Laptop","Dell LATITUDE 7440 V7","LENOVO THINKPAD T470s i5-7300U 2.6GHZ 3M"
"LD027205","HSS-8073681","65F5FK3","VIHA-PAHCCS-Port Alberni Home & Community Care Services-Main Building-1st Floor","Port Alberni","Main Building","5","1","VIHATRP20230417-050","05/31/2027","Operational","08/21/2026","","","General Rounding","Post Anaesthetic Care Unit","NTT-Deskside Services-WestCoast-Local","Laptop","Dell LATITUDE 7430 V1",""
"LD027217","HSS-8086202","GZ81DW3","VIHA-WCGH-West Coast General Hospital-Main Building-2nd Floor","Port Alberni","Main Building","WC2104","2","VIHATRP20240429-082","06/30/2028","Operational","07/30/2026","","","General Rounding","Community Liaison","NTT-Deskside Services-WestCoast-Staffed","Laptop","Dell LATITUDE 7440 V7","LENOVO THINKPAD T470s i5-7300U 2.6GHZ 3M"
"LD027218","HSS-8072052","B1D2NN3","VIHA-PAHCCS-Port Alberni Home & Community Care Services-Main Building-1st Floor","Port Alberni","Main Building","Manager Office","1","VIHATRP20230213-032","05/31/2027","Operational","08/21/2026","","","General Rounding","CHS Port Alberni GSS","NTT-Deskside Services-WestCoast-Local","Laptop","Dell LATITUDE 7420 V3",""
"LD027219","HSS-8073672","11H4GK3","VIHA-PAHCCS-Port Alberni Home & Community Care Services-Main Building-1st Floor","Port Alberni","Main Building","Manager Office","1","VIHATRP20230417-041","05/31/2027","Operational","08/21/2026","","","General Rounding","CHS Port Alberni GSS","NTT-Deskside Services-WestCoast-Local","Laptop","Dell LATITUDE 7430 V1","LENOVO THINKPAD T470s i5-7300U 2.6GHZ 3M"
"LD027222","HSS-8086128","GBYXCW3","VIHA-WRC-Westhaven-Main Building-1st Floor","Port Alberni","","Room 1025","","VIHATRP20240429-008","06/30/2028","Operational","","","","Excluded","","NTT-Deskside Services-WestCoast-Staffed","Laptop","Dell LATITUDE 7440 V7","LENOVO THINKPAD T470s i5-7300U 2.6GHZ 3M"
"LD027971","HSS-1016503","PC0UA7SN","VIHA-PAHCCS-Port Alberni Home & Community Care Services-Main Building-1st Floor","Port Alberni","Main Building","Flex1","1","","02/28/2022","Operational","05/25/2026","","","General Rounding","4259-6th Ave","NTT-Deskside Services-WestCoast-Local","Laptop","LENOVO THINKPAD T470S V2",""
"LD028551","HSS-8072039","8V37NN3","VIHA-PAHCCS-Port Alberni Home & Community Care Services-Main Building-1st Floor","Port Alberni","Main Building","Reception Area","1","VIHATRP20230213-019","05/31/2027","Operational","08/21/2026","","","General Rounding","Administration","NTT-Deskside Services-WestCoast-Local","Laptop","Dell LATITUDE 7420 V3",""
"LD028570","HSS-8072043","47D2NN3","VIHA-PAHCCS-Port Alberni Home & Community Care Services-Main Building-1st Floor","Port Alberni","Main Building","11","1","VIHATRP20230213-023","05/31/2027","Operational","08/21/2026","","","General Rounding","4259 6th Ave","NTT-Deskside Services-WestCoast-Local","Laptop","Dell LATITUDE 7420 V3",""
"LD028692","HSS-8073675","HR15FK3","VIHA-PAHCCS-Port Alberni Home & Community Care Services-Main Building-1st Floor","Port Alberni","Main Building","19","1","VIHATRP20230417-044","05/31/2027","Operational","07/16/2026","","","General Rounding","Home Support Program(PAHS)","NTT-Deskside Services-WestCoast-Local","Laptop","Dell LATITUDE 7430 V1",""
"LD028772","HSS-8072040","7375NN3","VIHA-PAMHAS-Port Alberni Mental Health & Addiction Services-Main Building-1st Floor","Port Alberni","Main Building","5","1","VIHATRP20230213-020","05/31/2027","Operational","07/24/2026","","","General Rounding","4780 Roger St.","NTT-Deskside Services-WestCoast-Local","Laptop","Dell LATITUDE 7420 V3",""
"LD030570","HSS-8096618","PF5RJM14","VIHA-PAIHN-Port Alberni Integrated Health Network-Main Building-1st Floor","Port Alberni","Main Building","Admin","1","ISLHTRP20251124-004","12/31/2029","Operational","05/04/2026","","","General Rounding","Primary Care","NTT-Deskside Services-WestCoast-Local","Laptop","LENOVO THINKPAD T14",""
"LD030571","HSS-8078434","G41K5X3","VIHA-PAHCCS-Port Alberni Home & Community Care Services-Main Building-1st Floor","Port Alberni","Main Building","22","1","VIHATRP20230918-022","10/31/2027","Operational","08/21/2026","","","General Rounding","R37 Community Services Adm","NTT-Deskside Services-WestCoast-Local","Laptop","Dell LATITUDE 7430 V1",""
"LD030572","HSS-8096636","PF5RZV58","VIHA-PAMHAS-Port Alberni Mental Health & Addiction Services-Main Building-1st Floor","Port Alberni","Main Building","11","1","ISLHTRP20251124-056","12/31/2029","Operational","07/24/2026","","","General Rounding","MCC Port Alberni West Admin","NTT-Deskside Services-WestCoast-Local","Laptop","LENOVO THINKPAD T14",""
"LD030573","HSS-8089557","9Q2JVW3","VIHA-PAMHAS-Port Alberni Mental Health & Addiction Services-Main Building-1st Floor","Port Alberni","Main Building","Group Room","1","VIHATRP20240909-050","10/31/2028","Operational","07/24/2026","","","General Rounding","PA Westcoast MHSU","NTT-Deskside Services-WestCoast-Local","Laptop","Dell LATITUDE 7440 V7","LENOVO THINKPAD T470s i5-7300U 2.6GHZ 3M"
"LD030687","HSS-8078433","30V75X3","VIHA-PACDF-Port Alberni Community Dialysis Facility-Main Building-1st Floor","Port Alberni","Main Building","none ","1","VIHATRP20230918-021","10/31/2027","Operational","","","","General Rounding","Environmental Health","NTT-Deskside Services-WestCoast-Local","Laptop","Dell LATITUDE 7430 V1","LENOVO THINKPAD T470s i5-7300U 2.6GHZ 3M"
"LD030906","HSS-8073649","CB13GK3","VIHA-PARS-Port Alberni Redford Street-Mental Health and Addictions-1st Floor","Port Alberni","Main Building","Tina's device","1","VIHATRP20230417-018","05/31/2027","Operational","02/27/2026","","","General Rounding","4152 Redford St","NTT-Deskside Services-WestCoast-Local","Laptop","Dell LATITUDE 7430 V1",""
"LD030975","HSS-8095812","F9NQ774","VIHA-PAHC-Port Alberni Health Centre-Main Building-1st Floor","Port Alberni","Main Building","21","1","ISLHTRP20250922-020","09/30/2029","Operational","03/05/2026","","","General Rounding","Health Outreach Program","NTT-Deskside Services-WestCoast-Local","Laptop","Dell LATITUDE 7450 V4",""
"LD030976","HSS-8078445","6W795X3","VIHA-PAHC-Port Alberni Health Centre-Main Building-1st Floor","Port Alberni","Main Building","Admin Office","1","VIHATRP20230918-033","10/31/2027","Operational","03/05/2026","","","General Rounding","R37 Community Services Adm","NTT-Deskside Services-WestCoast-Local","Laptop","Dell LATITUDE 7430 V1","LENOVO THINKPAD T470s i5-7300U 2.6GHZ 3M"
"LD030980","HSS-8095798","8BNQ774","VIHA-WCGH-West Coast General Hospital-Main Building-2nd Floor","Port Alberni","Main Building","WC2602","2","ISLHTRP20250922-005","09/30/2029","Operational","07/30/2026","","","General Rounding","Endoscopy","NTT-Deskside Services-WestCoast-Staffed","Laptop","Dell LATITUDE 7450 V4",""
"LD030982","HSS-8072050","5C97NN3","VIHA-PAHCCS-Port Alberni Home & Community Care Services-Main Building-1st Floor","Port Alberni","Main Building","5","1","VIHATRP20230213-030","05/31/2027","Operational","08/21/2026","","South HCN - TWH Rapid Response","General Rounding","PAHC","NTT-Deskside Services-WestCoast-Local","Laptop","Dell LATITUDE 7420 V3",""
"LD030983","HSS-8086161","8Q3YCW3","VIHA-WCGH-West Coast General Hospital-Main Building-2nd Floor","Port Alberni","Main Building","Educator Office -Room 2345","2","VIHATRP20240429-041","06/30/2028","Operational","04/10/2026","","","General Rounding","Nurse Educator","NTT-Deskside Services-WestCoast-Staffed","Laptop","Dell LATITUDE 7440 V7",""
"LD031249","HSS-8058600","GMCR9K3","VIHA-WCGH-West Coast General Hospital-Main Building-2nd Floor","Port Alberni","Main Building","WC2345-WFH","2","VIHATRP20220505-014","09/30/2026","Operational","07/30/2026","","","Excluded","Administration","NTT-Deskside Services-WestCoast-Staffed","Laptop","Dell LATITUDE 7420 V3",""
"LD031251","HSS-8086175","BWRXCW3","VIHA-WCGH-West Coast General Hospital-Main Building-2nd Floor","Port Alberni","Main Building","WC2315 - for remote work","2nd Floor","VIHATRP20240429-055","06/30/2028","Operational","","","","Excluded","Admin","NTT-Deskside Services-WestCoast-Staffed","Laptop","Dell LATITUDE 7440 V7",""
"LD031317","HSS-8089585","77SJVW3","VIHA-WRC-Westhaven-Main Building-1st Floor","Port Alberni","Main Building","1025","1","VIHATRP20240909-075","10/31/2028","Operational","08/05/2026","","CNE Office","General Rounding","LTC Clini Nurse Educators CI","NTT-Deskside Services-WestCoast-Staffed","Laptop","Dell LATITUDE 7440 V7",""
"LD031378","HSS-8096631","PF5S1SX7","VIHA-PAHCCS-Port Alberni Home & Community Care Services-Main Building-1st Floor","Port Alberni","Main Building","17","1","ISLHTRP20251124-048","01/31/2030","Operational","08/21/2026",""," - Desk 2","General Rounding","CHS Port Alberni Leadership","NTT-Deskside Services-WestCoast-Local","Laptop","LENOVO THINKPAD T14",""
"LD031682","HSS-8068737","6BXFLN3","VIHA-TGH-Tofino General Hospital-Main Building-Basement 1","Tofino","Main Building","Multi-Purpose Room","0","VIHATRP20221114-017","01/31/2027","Operational","12/05/2025","","","General Rounding","Administration","NTT-Deskside Services-WestCoast-Remote","Laptop","Dell LATITUDE 7420 V3",""
"LD031692","HSS-8096623","PF5RZV4M","VIHA-PAIHN-Port Alberni Integrated Health Network-Main Building-1st Floor","Port Alberni","Main Building","Admin","1","ISLHTRP20251124-020","12/31/2029","Operational","05/06/2026","","","General Rounding","Primary Care","NTT-Deskside Services-WestCoast-Local","Laptop","LENOVO THINKPAD T14",""
"LD031693","HSS-8058606","2X7R9K3","VIHA-WCGH-West Coast General Hospital-Main Building-2nd Floor","Port Alberni","Main Building","WC2314 - Administration","2","VIHATRP20220505-020","09/30/2026","Operational","08/21/2026","","","General Rounding","Administration","NTT-Deskside Services-WestCoast-Staffed","Laptop","Dell LATITUDE 7420 V3",""
"LD031694","HSS-8086133","4MHWCW3","VIHA-TGH-Tofino General Hospital-Main Building-1st Floor","Tofino","Main Building","Physio","1","VIHATRP20240429-013","06/30/2028","Operational","01/29/2026","","","General Rounding","West Coast Community Serv","NTT-Deskside Services-WestCoast-Remote","Laptop","Dell LATITUDE 7440 V7","Dell LATITUDE 7440 V7"
"LD031695","HSS-8093409","7VVSFW3","VIHA-TGH-Tofino General Hospital-Main Building-Basement 1","Tofino","Main Building","WFH","1","ISLHTRP20250512-042","03/31/2029","Operational","12/05/2025","","","Excluded","Tofino General Hospital","NTT-Deskside Services-WestCoast-Remote","Laptop","Dell LATITUDE 7450 V4",""
"LD031723","HSS-8086185","2CYTCW3","VIHA-WCGH-West Coast General Hospital-Main Building-2nd Floor","Port Alberni","Main Building","WC2122 OR","2","VIHATRP20240429-065","06/30/2028","Operational","08/21/2026","","","General Rounding","Operating Room","NTT-Deskside Services-WestCoast-Staffed","Laptop","Dell LATITUDE 7440 V7","CUSTOMER OWNED LENOVO THINKPAD T470s i5-"
"LD031871","HSS-8097514","PF5WKLMB","VIHA-PARS-Port Alberni Redford Street-Mental Health and Addictions-1st Floor","Port Alberni","Main Building","2","1","ISLHTRP20260209-056","04/30/2030","Operational","04/28/2026","","","General Rounding","MCC PA Westcoast Admin","NTT-Deskside Services-WestCoast-Local","Laptop","LENOVO THINKPAD T14 GEN6",""
"LD031884","HSS-8097519","PF5WXGX0","VIHA-PAHCCS-Port Alberni Home & Community Care Services-Main Building-1st Floor","Port Alberni","Main Building","20","1","ISLHTRP20260209-061","04/30/2030","Operational","07/10/2026","","","General Rounding","Case Mgrs","NTT-Deskside Services-WestCoast-Local","Laptop","LENOVO THINKPAD T14 GEN6",""
"LD031977","HSS-8078459","BLJ85X3","VIHA-WCGH-West Coast General Hospital-Main Building-2nd Floor","Port Alberni","Main Building","Administration","2","VIHATRP20230918-047","10/31/2027","Operational","01/22/2026","","","General Rounding","WCGH Volunteer Resources","NTT-Deskside Services-WestCoast-Staffed","Laptop","Dell LATITUDE 7430 V1",""
"LD031980","HSS-8095801","BR9Q774","VIHA-TGH-Tofino General Hospital-Main Building-1st Floor","Tofino","Main Building","Clinical Coordinator office","1","ISLHTRP20250922-009","09/30/2029","Operational","01/29/2026","","","General Rounding","PCN Tofino PCN","NTT-Deskside Services-WestCoast-Remote","Laptop","Dell LATITUDE 7450 V4",""
"LD032094","HSS-8072049","FY62NN3","VIHA-PAHCCS-Port Alberni Home & Community Care Services-Main Building-1st Floor","Port Alberni","Main Building","Home Support Office","1","VIHATRP20230213-029","05/31/2027","Operational","06/03/2026","","","General Rounding","4259-6th Ave","NTT-Deskside Services-WestCoast-Local","Laptop","Dell LATITUDE 7420 V3",""
"LD032386","HSS-8096630","PF5RZV2T","VIHA-PAHCCS-Port Alberni Home & Community Care Services-Main Building-1st Floor","Port Alberni","Main Building","17","1","ISLHTRP20251124-047","01/31/2030","Operational","08/21/2026",""," Desk 4","General Rounding","PAHC","NTT-Deskside Services-WestCoast-Local","Laptop","LENOVO THINKPAD T14",""
"LD032387","HSS-8096629","PF5RZV44","VIHA-PAHCCS-Port Alberni Home & Community Care Services-Main Building-1st Floor","Port Alberni","Main Building","19","1","ISLHTRP20251124-046","01/31/2030","Operational","08/21/2026","","","General Rounding","Team Leads","NTT-Deskside Services-WestCoast-Local","Laptop","LENOVO THINKPAD T14",""
"LD032388","HSS-8086124","BPHWCW3","VIHA-PARS-Port Alberni Redford Street-Mental Health and Addictions-1st Floor","Port Alberni","Main Building","PHNO","1","VIHATRP20240429-004","06/30/2028","Operational","04/28/2026","","","General Rounding","Health Wellness & Safety","NTT-Deskside Services-WestCoast-Local","Laptop","Dell LATITUDE 7440 V7","CUSTOMER OWNED LENOVO THINKPAD T470s i5-"
"LD032480","HSS-8096626","PF5RZXLA","VIHA-WRC-Westhaven-Main Building-1st Floor","Port Alberni","Main Building","1025","1","ISLHTRP20251124-033","01/31/2030","Operational","08/05/2026","","WH1025 -Volunteer Office","Excluded","Westhaven","NTT-Deskside Services-WestCoast-Staffed","Laptop","LENOVO THINKPAD T14",""
"LD032482","HSS-8097528","PF5X0WDB","VIHA-WCGH-West Coast General Hospital-Main Building-2nd Floor","Port Alberni","Main Building","WC2455","2","ISLHTRP20260209-070","04/30/2030","Operational","06/25/2026","","","General Rounding","WCGH Lab","NTT-Deskside Services-WestCoast-Staffed","Laptop","LENOVO THINKPAD T14 GEN6",""
"LD032581","HSS-8068721","BH42NN3","VIHA-UPR-Ucluelet Peninsula Road-Community Health Centre-2nd Floor","Ucluelet","Main Building","2","225","VIHATRP20221114-001","01/31/2027","Operational","02/18/2026","","","General Rounding","CHS WCoast CSC Ucluelet HC Nur","NTT-Deskside Services-WestCoast-Remote","Laptop","Dell LATITUDE 7420 V3",""
"LD032582","HSS-8097520","PF5WQCK3","VIHA-PAHCCS-Port Alberni Home & Community Care Services-Main Building-1st Floor","Port Alberni","Main Building","5","1","ISLHTRP20260209-062","04/30/2030","Operational","08/21/2026","","North HCN - TWS - Rapid Response","General Rounding","PAHC","NTT-Deskside Services-WestCoast-Local","Laptop","LENOVO THINKPAD T14 GEN6",""
"LD032584","HSS-8098471","PF61ZCQS","VIHA-PAHCCS-Port Alberni Home & Community Care Services-Main Building-1st Floor","Port Alberni","Main Building","19","1","ISLHTRP20260420-012","04/30/2030","Operational","08/21/2026","","","General Rounding","Community Health Services - 4259 6th Ave","NTT-Deskside Services-WestCoast-Local","Laptop","LENOVO THINKPAD T14 GEN6 NT FPR 2x1",""
"LD033133","HSS-8096635","PF5RWLG6","VIHA-PAMHAS-Port Alberni Mental Health & Addiction Services-Main Building-1st Floor","Port Alberni","Main Building","12","1","ISLHTRP20251124-055","12/31/2029","Operational","07/24/2026","","","General Rounding","MCC Port Alberni West Admin","NTT-Deskside Services-WestCoast-Local","Laptop","LENOVO THINKPAD T14",""
"LD033685","HSS-8068725","CH4K9K3","VIHA-WCMHAS-West Coast Mental Health & Addiction Services-Main Building-1st Floor","Ucluelet","Main Building","2315","1","VIHATRP20221114-005","01/31/2027","Operational","03/17/2026","","first cubicle after reception","General Rounding","Administration","NTT-Deskside Services-WestCoast-Remote","Laptop","Dell LATITUDE 7420 V3",""
"LD033690","HSS-8072056","1F23NN3","VIHA-PAHCCS-Port Alberni Home & Community Care Services-Main Building-1st Floor","Port Alberni","Main building","Leader's office","1","VIHATRP20230213-036","05/31/2027","Operational","07/16/2026","","","General Rounding","4259 6th Ave","NTT-Deskside Services-WestCoast-Local","Laptop","Dell LATITUDE 7420 V3",""
"LD033691","HSS-8098468","PF61M4B6","VIHA-PAHCCS-Port Alberni Home & Community Care Services-Main Building-1st Floor","Port Alberni","Main Building","Manager's office","1","ISLHTRP20260420-009","04/30/2030","Operational","08/21/2026","","","General Rounding","Community Health Services - 4259 6th Ave Port Alberni","NTT-Deskside Services-WestCoast-Local","Laptop","LENOVO THINKPAD T14 GEN6 NT FPR 2x1",""
"LD033692","HSS-8098485","PF61YHQ8","VIHA-PAHCCS-Port Alberni Home & Community Care Services-Main Building-1st Floor","Port Alberni","Main Building","SOUNTH HCN","1","ISLHTRP20260420-026","05/31/2030","Operational","08/21/2026","","","General Rounding","HomeCare","NTT-Deskside Services-WestCoast-Local","Laptop","LENOVO THINKPAD T14 GEN6 NT FPR 2x1",""
"LD033693","HSS-8098461","PF61MAC8","VIHA-PAHCCS-Port Alberni Home & Community Care Services-Main Building-1st Floor","Port Alberni","Main Building","6","1","ISLHTRP20260420-002","05/31/2030","Operational","08/21/2026","","Rehabilitation & Ability Management","General Rounding","Rehabilitation & Ability Management","NTT-Deskside Services-WestCoast-Local","Laptop","LENOVO THINKPAD T14 GEN6 NT FPR 2x1",""
"LD033694","HSS-8098466","PF620AMQ","VIHA-PAHCCS-Port Alberni Home & Community Care Services-Main Building-1st Floor","Port Alberni","Main Building","6 - Rehab Office","1","ISLHTRP20260420-007","05/31/2030","Operational","08/21/2026","","PT Office","General Rounding","Rehab","NTT-Deskside Services-WestCoast-Local","Laptop","LENOVO THINKPAD T14 GEN6 NT FPR 2x1",""
"LD034318","HSS-8089561","H1MJVW3","VIHA-PAMHAS-Port Alberni Mental Health & Addiction Services-Main Building-1st Floor","Port Alberni","Main Building","6","1","VIHATRP20240909-047","10/31/2028","Operational","07/24/2026","","","General Rounding","PA Westcoast MHSU","NTT-Deskside Services-WestCoast-Local","Laptop","Dell LATITUDE 7440 V7","LENOVO THINKPAD T470s i5-7300U 2.6GHZ 3M"
"LD034319","HSS-8072077","5G1JLN3","VIHA-PAMHAS-Port Alberni Mental Health & Addiction Services-Main Building-1st Floor","Port Alberni","Main Building","8","1","VIHATRP20230213-057","05/31/2027","Operational","07/24/2026","","","General Rounding","4780 Roger St.","NTT-Deskside Services-WestCoast-Local","Laptop","Dell LATITUDE 7420 V3",""
"LD034320","HSS-8072070","2NSDLN3","VIHA-PAMHAS-Port Alberni Mental Health & Addiction Services-Main Building-1st Floor","Port Alberni","Main Building","7","1","VIHATRP20230213-050","05/31/2027","Operational","07/24/2026","","","General Rounding","4780 Roger St","NTT-Deskside Services-WestCoast-Local","Laptop","Dell LATITUDE 7420 V3",""
"LD034330","HSS-8068778","6B42NN3","VIHA-WCGH-West Coast General Hospital-Main Building-2nd Floor","Port Alberni","Main Building","WC2319","2","VIHATRP20221114-058","01/31/2027","Operational","01/30/2026","","","General Rounding","Administration","NTT-Deskside Services-WestCoast-Staffed","Laptop","Dell LATITUDE 7420 V3",""
"LD034332","HSS-8068726","CK1L9K3","VIHA-WCMHAS-West Coast Mental Health & Addiction Services-Main Building-1st Floor","Ucluelet","Main Building","coordinator office","1","VIHATRP20221114-006","01/31/2027","Operational","07/15/2025","","","General Rounding","272 Main St","NTT-Deskside Services-WestCoast-Remote","Laptop","Dell LATITUDE 7420 V3",""
"LD034597","HSS-8068743","78N2NN3","VIHA-PAHCCS-Port Alberni Home & Community Care Services-Main Building-1st Floor","Port Alberni","Main Building","17","1","VIHATRP20221114-023","02/28/2027","Operational","08/21/2026","Has fan issues","","General Rounding","Home Support","NTT-Deskside Services-WestCoast-Local","Laptop","Dell LATITUDE 7420 V3",""
"LD034598","HSS-8072076","3B5GLN3","VIHA-PAMHAS-Port Alberni Mental Health & Addiction Services-Main Building-1st Floor","Port Alberni","Main Building","14","1","VIHATRP20230213-056","05/31/2027","Operational","03/12/2026","","","General Rounding","4780 Roger St.","NTT-Deskside Services-WestCoast-Local","Laptop","Dell LATITUDE 7420 V3",""
"LD034599","HSS-8078450","2KJ85X3","VIHA-PAMHAS-Port Alberni Mental Health & Addiction Services-Main Building-1st Floor","Port Alberni","Main Building","6","1","VIHATRP20230918-038","10/31/2027","Operational","07/24/2026","","","General Rounding","Port Alberni Addiction Svc","NTT-Deskside Services-WestCoast-Local","Laptop","Dell LATITUDE 7430 V1",""
"LD034600","HSS-8072058","5RQ2NN3","VIHA-PARS-Port Alberni Redford Street-Mental Health and Addictions-1st Floor","Port Alberni","Main Building","Room #21","1","VIHATRP20230213-038","05/31/2027","Operational","04/28/2026","","","General Rounding","4152 Redford St","NTT-Deskside Services-WestCoast-Local","Laptop","Dell LATITUDE 7420 V3",""
"LD034601","HSS-8089558","308JVW3","VIHA-PAMHAS-Port Alberni Mental Health & Addiction Services-Main Building-1st Floor","Port Alberni","Main Building","Front Meeting Room","1","VIHATRP20240909-051","10/31/2028","Operational","03/12/2026","","","General Rounding","PA Westcoast MHSU","NTT-Deskside Services-WestCoast-Local","Laptop","Dell LATITUDE 7440 V7","LENOVO THINKPAD T470s i5-7300U 2.6GHZ 3M"
"LD034602","HSS-8073634","8X94FK3","VIHA-WCGH-West Coast General Hospital-Main Building-1st Floor","Port Alberni","Main Building","WC1471B","1","VIHATRP20230417-003","05/31/2027","Operational","07/30/2026","","","General Rounding","Facilities Admin","NTT-Deskside Services-WestCoast-Staffed","Laptop","Dell LATITUDE 7430 V1",""
"LD034708","HSS-8086184","23YXCW3","VIHA-WCGH-West Coast General Hospital-Main Building-2nd Floor","Port Alberni","Main Building","1052","1","VIHATRP20240429-064","06/30/2028","Operational","07/30/2026","","","General Rounding","Admitting","NTT-Deskside Services-WestCoast-Staffed","Laptop","Dell LATITUDE 7440 V7",""
"LD034741","HSS-8068724","DY0X9K3","VIHA-WCMHAS-West Coast Mental Health & Addiction Services-Main Building-1st Floor","Ucluelet","Main Building","1st cubicle after reception","1","VIHATRP20221114-004","01/31/2027","Operational","07/15/2025","","","General Rounding","Administration","NTT-Deskside Services-WestCoast-Remote","Laptop","Dell LATITUDE 7420 V3",""
"LD034999","HSS-8095810","3W9Q774","VIHA-PARS-Port Alberni Redford Street-Mental Health and Addictions-1st Floor","Port Alberni","Main Building","21","1","ISLHTRP20250922-018","09/30/2029","Operational","04/28/2026","","","General Rounding","PA Integrated Outreach","NTT-Deskside Services-WestCoast-Local","Laptop","Dell LATITUDE 7450 V4",""
"LD035002","HSS-8072036","FDF4NN3","VIHA-PAHCCS-Port Alberni Home & Community Care Services-Main Building-1st Floor","Port Alberni","Main Building","1","1","VIHATRP20230213-016","05/31/2027","Operational","08/21/2026","","","General Rounding","4259 6th Ave","NTT-Deskside Services-WestCoast-Local","Laptop","Dell LATITUDE 7420 V3",""
"LD036385","HSS-8078497","JQTP5X3","VIHA-WCGH-West Coast General Hospital-Main Building-2nd Floor","Port Alberni","Main Building","WC2504 - Pharmacy","2","VIHATRP20230918-085","10/31/2027","Operational","07/02/2026","","","General Rounding","Pharmacy","NTT-Deskside Services-WestCoast-Staffed","Laptop","Dell LATITUDE 7430 V1",""
"LD036390","HSS-8023416","F2MCBC3","VIHA-WCGH-West Coast General Hospital-Main Building-2nd Floor","Port Alberni","Main Building","2305","1","VIHATRP20210809-039","11/30/2025","Operational","08/31/2026","","","General Rounding","PFT Lab - WCGH RM2305","NTT-Deskside Services-WestCoast-Staffed","Laptop","Dell LATITUDE 7420 V3",""
"LD036391","HSS-8095794","1BNQ774","VIHA-WCGH-West Coast General Hospital-Main Building-1st Floor","Port Alberni","Main Building","WC1422","1","ISLHTRP20250922-001","09/30/2029","Operational","07/30/2026","","","General Rounding","Plant Maintenance","NTT-Deskside Services-WestCoast-Staffed","Laptop","Dell LATITUDE 7450 V4",""
"LD036394","HSS-8072034","H3X2NN3","VIHA-PAMHAS-Port Alberni Mental Health & Addiction Services-Main Building-1st Floor","Port Alberni","Main Building","6","1","VIHATRP20230213-014","05/31/2027","Operational","03/12/2026","","","General Rounding","4780 Roger St","NTT-Deskside Services-WestCoast-Local","Laptop","Dell LATITUDE 7420 V3",""
"LD036395","HSS-8073658","3W94FK3","VIHA-PARS-Port Alberni Redford Street-Mental Health and Addictions-1st Floor","Port Alberni","Main Building","8","1","VIHATRP20230417-027","05/31/2027","Operational","04/28/2026","","","General Rounding","Mental Health & Addiction Services","NTT-Deskside Services-WestCoast-Local","Laptop","Dell LATITUDE 7430 V1",""
"LD036396","HSS-8089560","3V2JVW3","VIHA-PAMHAS-Port Alberni Mental Health & Addiction Services-Main Building-1st Floor","Port Alberni","Main Building","3","1","VIHATRP20240909-049","10/31/2028","Operational","03/12/2026","","","General Rounding","PA Westcoast MHSU","NTT-Deskside Services-WestCoast-Local","Laptop","Dell LATITUDE 7440 V7","LENOVO THNKPD T480s i5-8350 1.7GHZ 6MB 1"
"LD036398","HSS-8072072","58Y6NN3","VIHA-PARS-Port Alberni Redford Street-Mental Health and Addictions-1st Floor","Port Alberni","Main Building","201","1","VIHATRP20230213-052","05/31/2027","Operational","02/27/2026","","","General Rounding","4152 Redford St","NTT-Deskside Services-WestCoast-Local","Laptop","Dell LATITUDE 7420 V3",""
"LD036403","HSS-8078449","GPM85X3","VIHA-WCGH-West Coast General Hospital","Port Alberni","Main Building","WC2314","2","VIHATRP20230918-037","10/31/2027","Operational","07/24/2026","","Mental Health & Addiction Services","General Rounding","Practice Support Team","NTT-Deskside Services-WestCoast-Staffed","Laptop","Dell LATITUDE 7430 V1","Latitude 7430"
"LD036409","HSS-8072038","J375NN3","VIHA-PAMHAS-Port Alberni Mental Health & Addiction Services-Main Building-1st Floor","Port Alberni","Main Building","2","1","VIHATRP20230213-018","05/31/2027","Operational","07/24/2026","","","General Rounding","4780 Roger St","NTT-Deskside Services-WestCoast-Local","Laptop","Dell LATITUDE 7420 V3",""
"LD036733","HSS-8073680","F5RWDK3","VIHA-PAHCCS-Port Alberni Home & Community Care Services-Main Building-1st Floor","Port Alberni","Main Building","4","1","VIHATRP20230417-049","05/31/2027","Operational","08/21/2026","","or rm 11","General Rounding","R37 Community Services Adm","NTT-Deskside Services-WestCoast-Local","Laptop","Dell LATITUDE 7430 V1",""
"LD036935","HSS-8078453","JXSRGY3","VIHA-KHCPA-Kiwanis Hilton Centre Port Alberni-Main Building-1st Floor","Port Alberni","Main Building","19","1","VIHATRP20230918-041","10/31/2027","Operational","","","","General Rounding","Speech Language Pathology","NTT-Deskside Services-WestCoast-Local","Laptop","DELL LATITUDE 7440 V2","LENOVO THNKPD T480s i5-8350 1.7GHZ 6MB 1"
"LD036936","HSS-8086163","FR3YCW3","VIHA-WCGH-West Coast General Hospital-Main Building-1st Floor","Port Alberni","Main Building","1471A","1","VIHATRP20240429-043","06/30/2028","Operational","07/22/2026","","","General Rounding","Plant Maintenance","NTT-Deskside Services-WestCoast-Staffed","Laptop","Dell LATITUDE 7440 V7","LENOVO THNKPD T480s i5-8350 1.7GHZ 6MB 1"
"LD036938","HSS-8099161","SD00PH0Z","VIHA-BAM-Bamfield Health Centre-Main Building-1st Floor","Bamfield","Main Building","Reception","1","ISLHTRP20260615-063","08/31/2030","Operational","07/10/2026","","","General Rounding","Admin","NTT-Deskside Services-WestCoast-Remote","Laptop","LENOVO THINKPAD T14 GEN6 NT FPR 2x1","HALD640 Laptop Performance"
"LD036938LER","HSS-8009376","PC0FEXN1","VIHA-BAM-Bamfield Health Centre-Main Building-1st Floor","Bamfield","Main Building","Reception","1","","12/31/2019","Operational","","SD174642-020","","Excluded","Rural Health","NTT-Deskside Services-WestCoast-Remote","Laptop","LENOVO THINKPAD T460S V1","HALD640 Laptop Performance"
"LD037331","HSS-8086126","2Z81DW3","VIHA-PARS-Port Alberni Redford Street-Mental Health and Addictions-1st Floor","Port Alberni","Main Building","WFH","1","VIHATRP20240429-006","06/30/2028","Operational","02/27/2026","","","Excluded","HR Central North Team 3","NTT-Deskside Services-WestCoast-Local","Laptop","Dell LATITUDE 7440 V7","LENOVO THINKPAD T470s i5-7300U 2.6GHZ 3M"
"LD037790","HSS-8078455","6MGG5X3","VIHA-PARS-Port Alberni Redford Street-Mental Health and Addictions-1st Floor","Port Alberni","Main Building","Sharon Anderson's desk","1","VIHATRP20230918-043","10/31/2027","Operational","04/28/2026","","","General Rounding","Health Outreach Program","NTT-Deskside Services-WestCoast-Local","Laptop","Dell LATITUDE 7430 V1","LENOVO THINKPAD T470s i5-7300U 2.6GHZ 3M"
"LD037791","HSS-8095813","B4NQ774","VIHA-PAHC-Port Alberni Health Centre-Main Building-1st Floor","Port Alberni","Main Building","Main Room","1","ISLHTRP20250922-021","09/30/2029","Operational","03/05/2026","","","General Rounding","PH Nursing-Pt Alberni","NTT-Deskside Services-WestCoast-Local","Laptop","Dell LATITUDE 7450 V4",""
"LD037792","HSS-8072029","7SG7NN3","VIHA-PAHC-Port Alberni Health Centre-Main Building-1st Floor","Port Alberni","Main Building","Emily Thorsteinsson Device","1","VIHATRP20230213-009","05/31/2027","Operational","03/05/2026","","","General Rounding","PAHC","NTT-Deskside Services-WestCoast-Local","Laptop","Dell LATITUDE 7420 V3",""
"LD037793","HSS-8095796","9N4Q774","VIHA-WCGH-West Coast General Hospital-Main Building-2nd Floor","Port Alberni","Main Building","WC2532","2","ISLHTRP20250922-003","09/30/2029","Operational","08/12/2026","","","General Rounding","Nursing - Med/Sur","NTT-Deskside Services-WestCoast-Staffed","Laptop","Dell LATITUDE 7450 V4",""
"LD038046","HSS-8096617","PF5RWLK7","VIHA-PAHC-Port Alberni Health Centre-Main Building-1st Floor","Port Alberni","Main Building","Room 22","1","ISLHTRP20251124-003","12/31/2029","Operational","03/05/2026","","","General Rounding","PAHC","NTT-Deskside Services-WestCoast-Local","Laptop","LENOVO THINKPAD T14",""
"LD038047","HSS-8078441","7HJ95X3","VIHA-PAHC-Port Alberni Health Centre-Main Building-1st Floor","Port Alberni","Main Building","Miranda's device","1","VIHATRP20230918-029","10/31/2027","Operational","03/05/2026","","","General Rounding","PH Nursing-Pt Alberni","NTT-Deskside Services-WestCoast-Local","Laptop","Dell LATITUDE 7430 V1",""
"LD038204","HSS-8098484","PF61LFSE","VIHA-PAHCCS-Port Alberni Home & Community Care Services-Main Building-1st Floor","Port Alberni","Main Building","20","1","ISLHTRP20260420-025","05/31/2030","Operational","08/21/2026","","","General Rounding","CHS Port Alberni Case Managemt","NTT-Deskside Services-WestCoast-Local","Laptop","LENOVO THINKPAD T14 GEN6 NT FPR 2x1",""
"LD038205","HSS-8098475","PF61ZCSN","VIHA-PARS-Port Alberni Redford Street","Port Alberni","Main Building","Main Room","1","ISLHTRP20260420-016","04/30/2030","Operational","04/28/2026","","","General Rounding","PAHC - Unit 202","NTT-Deskside Services-WestCoast-Local","Laptop","LENOVO THINKPAD T14 GEN6 NT FPR 2x1",""
"LD038206","HSS-8072024","23D2NN3","VIHA-PAHC-Port Alberni Health Centre","Port Alberni","Main Building","2","1","VIHATRP20230213-004","05/31/2027","Operational","02/04/2026",""," 202-4152 Reford street","General Rounding","PAHC","NTT-Deskside Services-WestCoast-Local","Laptop","Dell LATITUDE 7420 V3",""
"LD038207","HSS-8072026","B772NN3","VIHA-PAHC-Port Alberni Health Centre-Main Building-1st Floor","Port Alberni","Main Building","6","1","VIHATRP20230213-006","05/31/2027","Operational","03/05/2026","","Nurses' office","General Rounding","PAHC","NTT-Deskside Services-WestCoast-Local","Laptop","Dell LATITUDE 7420 V3",""
"LD038208","HSS-8068748","H8DFLN3","VIHA-PAHCCS-Port Alberni Home & Community Care Services-Main Building-1st Floor","Port Alberni","Main Building","Flex Desk 1","1","VIHATRP20221114-028","02/28/2027","Operational","08/21/2026","","A LPN REAR OPEN AREA","General Rounding","LPN","NTT-Deskside Services-WestCoast-Local","Laptop","Dell LATITUDE 7420 V3",""
"LD038209","HSS-8099171","SD00PGZL","VIHA-PAHCCS-Port Alberni Home & Community Care Services-Main Building-1st Floor","Port Alberni","Main Building","6","1","ISLHTRP20260615-073","07/31/2030","Operational","07/16/2026","","","General Rounding","Nursing - Primary Link","NTT-Deskside Services-WestCoast-Local","Laptop","LENOVO THINKPAD T14 GEN6 NT FPR 2x1",""
"LD038210","HSS-8098469","PF61ZKLX","VIHA-PAHCCS-Port Alberni Home & Community Care Services-Main Building-1st Floor","Port Alberni","Main Building","5","1","ISLHTRP20260420-010","04/30/2030","Operational","08/21/2026","","Not updated by TRP during Refresh","General Rounding","Home Care","NTT-Deskside Services-WestCoast-Local","Laptop","LENOVO THINKPAD T14 GEN6 NT FPR 2x1",""
"LD038211","HSS-8098486","PF61YNZK","VIHA-PAHCCS-Port Alberni Home & Community Care Services-Main Building-1st Floor","Port Alberni","Main Building","7","1","ISLHTRP20260420-027","05/31/2030","Operational","08/21/2026","","South HCN","General Rounding","HomeCare","NTT-Deskside Services-WestCoast-Local","Laptop","LENOVO THINKPAD T14 GEN6 NT FPR 2x1",""
"LD038212","HSS-8098464","PF61M0V1","VIHA-PAHCCS-Port Alberni Home & Community Care Services-Main Building-1st Floor","Port Alberni","Main Building","22","1","ISLHTRP20260420-005","05/31/2030","Operational","08/21/2026","","","General Rounding","CHS Port Alberni GSS","NTT-Deskside Services-WestCoast-Local","Laptop","LENOVO THINKPAD T14 GEN6 NT FPR 2x1",""
"LD038213","HSS-8072022","F9W4NN3","VIHA-PAHC-Port Alberni Health Centre-Main Building-1st Floor","Port Alberni","Main Building","6","1","VIHATRP20230213-002","05/31/2027","Operational","03/05/2026","","","General Rounding","PAHC","NTT-Deskside Services-WestCoast-Local","Laptop","Dell LATITUDE 7420 V3",""
"LD038214","HSS-8058644","67TR9K3","VIHA-PARS-Port Alberni Redford Street-Mental Health and Addictions-1st Floor","Port Alberni","Main Building","WFH","1","VIHATRP20220505-060","09/30/2026","Operational","04/28/2026","","Bruce Edwards Desk","General Rounding","4152 Redford St","NTT-Deskside Services-WestCoast-Local","Laptop","Dell LATITUDE 7420 V3",""
"LD038215","HSS-8072021","GTQ2NN3","VIHA-PAHC-Port Alberni Health Centre-Main Building-1st Floor","Port Alberni","Main Building","PAHC - HCN-TWH - Rapid Response","1","VIHATRP20230213-001","05/31/2027","Operational","03/05/2026","","","General Rounding","PAHC","NTT-Deskside Services-WestCoast-Local","Laptop","Dell LATITUDE 7420 V3",""
"LD039280","HSS-8072045","6F12NN3","VIHA-PAHCCS-Port Alberni Home & Community Care Services-Main Building-1st Floor","Port Alberni","Main Building","Ty Watson House site","1","VIHATRP20230213-025","05/31/2027","Operational","08/21/2026","","Onsite at 2649 2nd Ave Port Alberni","General Rounding","Admin Support","NTT-Deskside Services-WestCoast-Local","Laptop","Dell LATITUDE 7420 V3",""
"LD039281","HSS-8072051","H1X2NN3","VIHA-PAMHAS-Port Alberni Mental Health & Addiction Services-Main Building-1st Floor","Port Alberni","Main Building","11","1","VIHATRP20230213-031","05/31/2027","Operational","07/24/2026","","","General Rounding","4780 Roger St","NTT-Deskside Services-WestCoast-Local","Laptop","Dell LATITUDE 7420 V3",""
"LD039282","HSS-8072047","CSQ2NN3","VIHA-PAHCCS-Port Alberni Home & Community Care Services-Main Building-1st Floor","Port Alberni","Main Building","3","1","VIHATRP20230213-027","05/31/2027","Operational","08/21/2026","","","General Rounding","Diabetes Admin","NTT-Deskside Services-WestCoast-Local","Laptop","Dell LATITUDE 7420 V3",""
"LD040098","HSS-8078471","9F885X3","VIHA-WCGH-West Coast General Hospital-Main Building-1st Floor","Port Alberni","Main Building","WC2420","2","VIHATRP20230918-059","10/31/2027","Operational","08/12/2026","","","General Rounding","Nutrition Services","NTT-Deskside Services-WestCoast-Staffed","Laptop","Dell LATITUDE 7430 V1",""
"LD040801","HSS-8016043","PC115539","VIHA-WCGH-West Coast General Hospital-Main Building-2nd Floor","Port Alberni","Main Building","WC2319","2","","05/31/2022","Operational","08/19/2026","","In Admin's storage drawer (reception)","General Rounding","Admin","NTT-Deskside Services-WestCoast-Staffed","Laptop","LENOVO THINKPAD T480S",""
"LD041016","HSS-8086121","1P3YCW3","VIHA-PAHC-Port Alberni Health Centre-Main Building-1st Floor","Port Alberni","Main Building","1","1","VIHATRP20240429-001","06/30/2028","Operational","04/28/2025","","","General Rounding","4259 6th Ave","NTT-Deskside Services-WestCoast-Local","Laptop","Dell LATITUDE 7440 V7",""
"LD042882","HSS-8086159","8VRXCW3","VIHA-UPR-Ucluelet Peninsula Road","Ucluelet","Main Building","125","1","VIHATRP20240429-039","06/30/2028","Operational","05/13/2025","","","General Rounding","PH Nursing-Pt Alberni","NTT-Deskside Services-WestCoast-Remote","Laptop","Dell LATITUDE 7440 V7",""
"LD042919","HSS-8086132","5Q5TCW3","VIHA-CFP-Coastal Family Place-Main Building-1st Floor","Tofino","Main Building","B004 (Print Shop)","1","VIHATRP20240429-012","06/30/2028","Operational","09/04/2025","","","General Rounding","PH Nursing-Pt Alberni","NTT-Deskside Services-WestCoast-Remote","Laptop","Dell LATITUDE 7440 V7",""
"LD042934","HSS-1960952","PC1FCPAP","VIHA-TGH-Tofino General Hospital-Main Building-Basement 1","Tofino","Main Building","B004 (Print Shop)","1","","04/30/2023","Operational","12/05/2025","","","General Rounding","261 Neill St","NTT-Deskside Services-WestCoast-Remote","Laptop","LENOVO THINKPAD T490S",""
"LD044172","HSS-8089562","108JVW3","VIHA-PAHC-Port Alberni Health Centre-Main Building-1st Floor","Port Alberni","Main Building","1","1","VIHATRP20240909-052","10/31/2028","Operational","11/12/2025","","EU is working at remote location - CHS Community Resource Team member","General Rounding","CHS Community Resource Team","NTT-Deskside Services-WestCoast-Local","Laptop","Dell LATITUDE 7440 V7",""
"LD044190","HSS-1019951","PC1G5RWG","VIHA-WCMHAS-West Coast Mental Health & Addiction Services-Main Building-1st Floor","Ucluelet","Main Building","Main Floor","1","","07/31/2023","Operational","07/15/2025","","","General Rounding","272 Main St","NTT-Deskside Services-WestCoast-Remote","Laptop","LENOVO THINKPAD T490S",""
"LD044191","HSS-1019943","PC1G5RWE","VIHA-WCMHAS-West Coast Mental Health & Addiction Services-Main Building-1st Floor","Ucluelet","Main Building","Main Floor","1","","07/31/2023","Operational","07/15/2025","","","General Rounding","272 Main St","NTT-Deskside Services-WestCoast-Remote","Laptop","LENOVO THINKPAD T490S",""
"LD044273","HSS-8086153","64YXCW3","VIHA-TGH-Tofino General Hospital-Main Building-1st Floor","Tofino","Main Building","WFH","1st Floor","VIHATRP20240429-033","06/30/2028","Operational","09/04/2025","","","Excluded","Medical Health Officer","NTT-Deskside Services-WestCoast-Remote","Laptop","Dell LATITUDE 7440 V7",""
"LD045671","HSS-1021344","PC1G5MCV","VIHA-WCGH-West Coast General Hospital-Main Building-2nd Floor","Port Alberni","Main Building","WC2312 - Administration","2","REQ0078667-RITM0081344-SCTASK0116320","03/31/2024","Operational","01/23/2026","","","General Rounding","Administration","NTT-Deskside Services-WestCoast-Staffed","Laptop","LENOVO THINKPAD T490S",""
"LD046277","HSS-8095802","FR9Q774","VIHA-TGH-Tofino General Hospital-Main Building-1st Floor","Tofino","Main Building","1","1","ISLHTRP20250922-010","09/30/2029","Operational","01/29/2026","","","General Rounding","PHC Public Health Admin","NTT-Deskside Services-WestCoast-Remote","Laptop","Dell LATITUDE 7450 V4",""
"LD046278","HSS-8092498","1KY2WH3","VIHA-PARS-Port Alberni Redford Street-Mental Health and Addictions-1st Floor","Port Alberni","Main Building","Outreach","1","VIHATRP20250310-052","12/31/2028","Operational","04/28/2026","","","General Rounding","4152 Redford St","NTT-Deskside Services-WestCoast-Local","Laptop","Dell LATITUDE 7450 V4",""
"LD046293","HSS-8092496","HTL2WH3","VIHA-PARS-Port Alberni Redford Street-Mental Health and Addictions-1st Floor","Port Alberni","Main Building","Main","1","VIHATRP20250310-050","12/31/2028","Operational","04/28/2026","","","General Rounding","CYF CI North/West","NTT-Deskside Services-WestCoast-Local","Laptop","Dell LATITUDE 7450 V4",""
"LD046296","HSS-8093406","5RSTFW3","VIHA-PARS-Port Alberni Redford Street-Mental Health and Addictions-1st Floor","Port Alberni","Main Building","1","1","ISLHTRP20250512-039","03/31/2029","Operational","04/28/2026","","","General Rounding","4152 Redford St","NTT-Deskside Services-WestCoast-Local","Laptop","Dell LATITUDE 7450 V4",""
"LD046329","HSS-8093405","GMBSFW3","VIHA-TGH-Tofino General Hospital-Main Building-1st Floor","Tofino","Main Building","WFH","1","ISLHTRP20250512-038","03/31/2029","Operational","01/09/2026","","This is a Remote - Work From Home (WFH) laptop device.  Main base shall be TGH - Tofino General Hospital.","Excluded","WFH/TGH - 261 Neill St","NTT-Deskside Services-WestCoast-Remote","Laptop","Dell LATITUDE 7450 V4",""
"LD048226","HSS-8092842","85JSFW3","VIHA-PARS-Port Alberni Redford Street-Mental Health and Addictions-1st Floor","Port Alberni","Main Building","1","1","VIHATRP20250331-038","03/31/2029","Operational","04/28/2026","","","General Rounding","4152 Redford St","NTT-Deskside Services-WestCoast-Local","Laptop","Dell LATITUDE 7450 V4",""
"LD048228","HSS-8094100","DY0JX64","VIHA-PAHC-Port Alberni Health Centre-Main Building-1st Floor","Port Alberni","Main Building","Reception Building 202","1","ISLHTRP20250623-074","03/31/2029","Operational","03/05/2026","","","General Rounding","Public Health Admin","NTT-Deskside Services-WestCoast-Local","Laptop","Dell LATITUDE 7450 V4",""
"LD048299","HSS-1967614","8QS0P73","VIHA-PAHC-Port Alberni Health Centre-Main Building-1st Floor","Port Alberni","Main Building","Outreach #7","1","COVID19W-07-0008","06/30/2025","Operational","03/05/2026","","","General Rounding","PAHC","NTT-Deskside Services-WestCoast-Local","Laptop","Dell LATITUDE 7410 V1",""
"LD048470","HSS-8093408","D3JSFW3","VIHA-PARS-Port Alberni Redford Street-Mental Health and Addictions-1st Floor","Port Alberni","Main Building","WFH","1st Floor","ISLHTRP20250512-041","03/31/2029","Operational","","","","Excluded","PPH Information Systems","NTT-Deskside Services-WestCoast-Local","Laptop","Dell LATITUDE 7450 V4",""
"LD048548","HSS-8094101","HVCJX64","VIHA-WCGH-West Coast General Hospital-Main Building-2nd Floor","Port Alberni","Main Building","WC2135","2","ISLHTRP20250623-076","03/31/2029","Operational","07/10/2026","","Health Records Room","General Rounding","Admin - Health Records","NTT-Deskside Services-WestCoast-Staffed","Laptop","Dell LATITUDE 7450 V4",""
"LD050412","HSS-8096231","PF586H69","VIHA-PAHCCS-Port Alberni Home & Community Care Services-Main Building-1st Floor","Port Alberni","Main Building","Liaison 1","1","ISLHTRP20251020-001","09/30/2029","Operational","08/21/2026","","","General Rounding","R37 Community Services Adm","NTT-Deskside Services-WestCoast-Local","Laptop","LENOVO THINKPAD T14",""
"LD050413","HSS-8096238","PF58QT7M","VIHA-PAHCCS-Port Alberni Home & Community Care Services-Main Building-1st Floor","Port Alberni","Main Building","Liaison 2","1","ISLHTRP20251020-008","09/30/2029","Operational","08/21/2026","","FLEX 2 - REAR OPEN AREA - SV","General Rounding","R37 Community Services Adm","NTT-Deskside Services-WestCoast-Local","Laptop","LENOVO THINKPAD T14",""
"LD050414","HSS-8096242","PF58C35C","VIHA-PAHCCS-Port Alberni Home & Community Care Services-Main Building-1st Floor","Port Alberni","Main Building","Flex Desk 2","1","ISLHTRP20251020-012","09/30/2029","Operational","08/21/2026","","","General Rounding","R37 Community Services Adm","NTT-Deskside Services-WestCoast-Local","Laptop","LENOVO THINKPAD T14",""
"LD050415","HSS-8096233","PF589Q4E","VIHA-PAHCCS-Port Alberni Home & Community Care Services-Main Building-1st Floor","Port Alberni","Main Building","Flex 5","1","ISLHTRP20251020-003","09/30/2029","Operational","03/05/2026","","REAR OPEN AREA","General Rounding","R37 Community Services Adm","NTT-Deskside Services-WestCoast-Local","Laptop","LENOVO THINKPAD T14",""
"LD050416","HSS-8096234","PF586Z2Q","VIHA-PAHCCS-Port Alberni Home & Community Care Services-Main Building-1st Floor","Port Alberni","Main Building","20","1","ISLHTRP20251020-004","09/30/2029","Operational","08/21/2026","","","General Rounding","R37 Community Services Adm","NTT-Deskside Services-WestCoast-Local","Laptop","LENOVO THINKPAD T14",""
"LD050417","HSS-8096237","PF58A0RN","VIHA-PAHCCS-Port Alberni Home & Community Care Services-Main Building-1st Floor","Port Alberni","Main Building","18","1","ISLHTRP20251020-007","09/30/2029","Operational","08/21/2026","","","General Rounding","R37 Community Services Adm","NTT-Deskside Services-WestCoast-Local","Laptop","LENOVO THINKPAD T14",""
"LD050418","HSS-8096232","PF589W8F","VIHA-PAHCCS-Port Alberni Home & Community Care Services-Main Building-1st Floor","Port Alberni","Main Building","17","1","ISLHTRP20251020-002","09/30/2029","Operational","08/21/2026","","","General Rounding","R37 Community Services Adm","NTT-Deskside Services-WestCoast-Local","Laptop","LENOVO THINKPAD T14",""
"LD050419","HSS-8096235","PF58R21G","VIHA-PAHCCS-Port Alberni Home & Community Care Services-Main Building-1st Floor","Port Alberni","Main Building","17","1","ISLHTRP20251020-005","09/30/2029","Operational","08/21/2026","","","General Rounding","R37 Community Services Adm","NTT-Deskside Services-WestCoast-Local","Laptop","LENOVO THINKPAD T14",""
"LD050420","HSS-8096241","PF589V06","VIHA-PAHCCS-Port Alberni Home & Community Care Services-Main Building-1st Floor","Port Alberni","Main Building","14a","1","ISLHTRP20251020-011","09/30/2029","Operational","08/21/2026","","","General Rounding","R37 Community Services Adm","NTT-Deskside Services-WestCoast-Local","Laptop","LENOVO THINKPAD T14",""
"LD050421","HSS-8096236","PF589L4P","VIHA-PAHCCS-Port Alberni Home & Community Care Services-Main Building-1st Floor","Port Alberni","Main Building","6","1","ISLHTRP20251020-006","09/30/2029","Operational","08/21/2026","","North HCN","General Rounding","R37 Community Services Adm","NTT-Deskside Services-WestCoast-Local","Laptop","LENOVO THINKPAD T14",""
"LD050422","HSS-8096239","PF58DJ9G","VIHA-PAHCCS-Port Alberni Home & Community Care Services-Main Building-1st Floor","Port Alberni","Main Building","1","1","ISLHTRP20251020-009","09/30/2029","Operational","08/21/2026","","","General Rounding","R37 Community Services Adm","NTT-Deskside Services-WestCoast-Local","Laptop","LENOVO THINKPAD T14",""
"LD050423","HSS-8096240","PF58DJ79","VIHA-PAHCCS-Port Alberni Home & Community Care Services-Main Building-1st Floor","Port Alberni","Main Building","15","1","ISLHTRP20251020-010","09/30/2029","Operational","08/21/2026","","","General Rounding","R37 Community Services Adm","NTT-Deskside Services-WestCoast-Local","Laptop","LENOVO THINKPAD T14",""
"LD055174","HSS-8092850","GMPSFW3","VIHA-WCMHAS-West Coast Mental Health & Addiction Services-Main Building-1st Floor","Ucluelet","Main Building","Clinical Desk - cubicle","1","VIHATRP20250331-046","03/31/2029","Operational","07/15/2025","","272 Main street, Ucluelet, BC","General Rounding","PA Westcoast MHSU","NTT-Deskside Services-WestCoast-Remote","Laptop","Dell LATITUDE 7450 V4","Laptop and 22"" monitor + docking station."
"LD055175","HSS-8092849","31JSFW3","VIHA-UPR-Ucluelet Peninsula Road-Community Health Centre-2nd Floor","Ucluelet","Main Building","217","2","VIHATRP20250331-045","03/31/2029","Operational","02/18/2026","","Rounded FEb 13th 2026 at this location ","General Rounding","PA Westcoast MHSU","NTT-Deskside Services-WestCoast-Remote","Laptop","Dell LATITUDE 7450 V4","Laptop, docking station and 22"" monitor."
"LD055184","HSS-8095806","3S4P774","VIHA-WCMHAS-West Coast Mental Health & Addiction Services-Main Building-1st Floor","Ucluelet","Main Building","1","1","ISLHTRP20250922-014","09/30/2029","Operational","","","272 Main street, Ucluelet, BC","General Rounding","PA Westcoast Admin Support","NTT-Deskside Services-WestCoast-Remote","Laptop","Dell LATITUDE 7450 V4","Laptop, docking station and 22"" monitor"
"LD055186","HSS-8092497","1KL2WH3","VIHA-PARS-Port Alberni Redford Street-Mental Health and Addictions-1st Floor","Port Alberni","Main Building","12","1","VIHATRP20250310-051","12/31/2028","Operational","04/28/2026","","","General Rounding","Cardiac Ambulatory","NTT-Deskside Services-WestCoast-Local","Laptop","Dell LATITUDE 7450 V4",""
"LD055187","HSS-8092499","25S2WH3","VIHA-PARS-Port Alberni Redford Street-Mental Health and Addictions-1st Floor","Port Alberni","Main Building","1","1","VIHATRP20250310-053","12/31/2028","Operational","04/28/2026","","","General Rounding","PA Westcoast MHSU","NTT-Deskside Services-WestCoast-Local","Laptop","Dell LATITUDE 7450 V4",""
"LD055188","HSS-8093407","7ZFTFW3","VIHA-PARS-Port Alberni Redford Street-Mental Health and Addictions-1st Floor","Port Alberni","Main Building","1","1","ISLHTRP20250512-040","03/31/2029","Operational","02/27/2026","","","General Rounding","4152 Redford St","NTT-Deskside Services-WestCoast-Local","Laptop","Dell LATITUDE 7450 V4",""
"LD055654","HSS-8099156","SD00PG93","VIHA-WCGH-West Coast General Hospital-Main Building","Port Alberni","Main Building","remote work, assigned to a user. Room 2310","2","ISLHTRP20260615-058","07/31/2030","Operational","","","","Excluded","Administration","NTT-Deskside Services-WestCoast-Staffed","Laptop","LENOVO THINKPAD T14 GEN6 NT FPR 2x1",""
"LD055655","HSS-8092495","JRY2WH3","VIHA-PAIHN-Port Alberni Integrated Health Network-Main Building-1st Floor","Port Alberni","Main Building","Admin","1","VIHATRP20250310-049","12/31/2028","Operational","05/06/2026","","","General Rounding","Integrated Primary/Urgent Care","NTT-Deskside Services-WestCoast-Local","Laptop","Dell LATITUDE 7450 V4",""
"LD055962","HSS-8094559","GRBKP54","VIHA-PARS-Port Alberni Redford Street-Mental Health and Addictions-1st Floor","Port Alberni","Main Building","9","1","ISLHTRP20250721-071","03/31/2029","Operational","04/28/2026","","","General Rounding","Adult Community Services","NTT-Deskside Services-WestCoast-Local","Laptop","Dell LATITUDE 7450 V4",""
"LD056095","HSS-8094558","B4KMR54","VIHA-PAMHAS-Port Alberni Mental Health & Addiction Services-Main Building-1st Floor","Port Alberni","Main Building","12","1","ISLHTRP20250721-070","03/31/2029","Operational","07/24/2026","","","General Rounding","PA Westcoast Admin Support","NTT-Deskside Services-WestCoast-Local","Laptop","Dell LATITUDE 7450 V4",""
"LD056454","HSS-8095419","3BBP774","VIHA-PAST-Port Alberni Youth Short Term Assessment and Response-Main Building-1st Floor","Port Alberni","Main Building","1","1","ISLHTRP20250922-074","09/30/2029","Operational","10/06/2025","","Director","General Rounding","MCC Pathway to Hope Port Alber","NTT-Deskside Services-WestCoast-Local","Laptop","Dell LATITUDE 7450 V4",""
"LD057434","HSS-8095799","90NQ774","VIHA-PAIHN-Port Alberni Integrated Health Network-Main Building-1st Floor","Port Alberni","Main Building","Clinic Room 2 - WFH","1","ISLHTRP20250922-006","09/30/2029","Operational","05/06/2026","","","General Rounding","PCN Port Alberni","NTT-Deskside Services-WestCoast-Local","Laptop","Dell LATITUDE 7450 V4",""
"LD057790","HSS-8096621","PF5RZB49","VIHA-PACDF-Port Alberni Community Dialysis Facility-Main Building-1st Floor","Port Alberni","Main Building","1","1","ISLHTRP20251124-018","12/31/2029","Operational","05/12/2026","","Engineer Office","General Rounding","PHC Environmental Health","NTT-Deskside Services-WestCoast-Local","Laptop","LENOVO THINKPAD T14",""
"LD057855","HSS-1031480","DKT28C3","VIHA-PARS-Port Alberni Redford Street-Mental Health and Addictions-1st Floor","Port Alberni","Main Building","06","1","REQ0427243-RITM0447912-SCTASK0697796","03/31/2026","Operational","02/27/2026","Part of bundle delivered to user - room n/a","","General Rounding","Mental Health & Substance Abuse","NTT-Deskside Services-WestCoast-Local","Laptop","Dell LATITUDE 7420 V3","13May 2022 
INC1458408 Shiplink Shiplink 1067207  Purolator 333525231333
In Transite to Port Alberni MHSU
Attention : Miranda Schroeder 
201-4152 Redford Street
Port Alberni, BC V9Y 3R5
"
"LD057867","HSS-8097530","PF5X07LC","VIHA-WCGH-West Coast General Hospital-Main Building-2nd Floor","Port Alberni","Main Building","WC2104","2","ISLHTRP20260209-072","04/30/2030","Operational","07/30/2026","","","General Rounding","CSC PA West Coast Adm","NTT-Deskside Services-WestCoast-Staffed","Laptop","LENOVO THINKPAD T14 GEN6",""
"LD057912","HSS-8097513","PF5WRYEV","VIHA-PAHC-Port Alberni Health Centre-Main Building-1st Floor","Port Alberni","Main Building","21","1","ISLHTRP20260209-055","04/30/2030","Operational","04/01/2026","","","General Rounding","PAHC","NTT-Deskside Services-WestCoast-Local","Laptop","LENOVO THINKPAD T14 GEN6",""
"LD058170","HSS-1025188","7Z6MDB3","VIHA-PARS-Port Alberni Redford Street-Mental Health and Addictions-1st Floor","Port Alberni","Main Building","'-","1","REQ0177550-RITM0185549-SCTASK0276379","08/31/2025","Operational","","Device is for 'work from home', by the user. ","Device set to be used as 'work from  home' by the user.","Excluded","","NTT-Deskside Services-WestCoast-Local","Laptop","Dell LATITUDE 7410 V1",""
"LD058178","HSS-1025177","7FGJDB3","VIHA-PAHC-Port Alberni Health Centre-Main Building-1st Floor","Port Alberni","Main Building","3","1","REQ0171212-RITM0178764-SCTASK0289351","08/31/2025","Operational","11/12/2025","","Shared device.","General Rounding","HPV Practice Support Team","NTT-Deskside Services-WestCoast-Local","Laptop","Dell LATITUDE 7410 V1","Laptop (no bundle)"
"LD058223","HSS-8094443","DRBKP54","VIHA-PACDF-Port Alberni Community Dialysis Facility-Main Building-1st Floor","Port Alberni","Main Building","Dialysis Unit Office","1","ISLHTRP20250714-077","03/31/2029","Operational","11/12/2025","","","General Rounding","CDF-Cumberland Clinic","NTT-Deskside Services-WestCoast-Local","Laptop","Dell LATITUDE 7450 V4",""
"LD058300","HSS-8100139","SD005MQS","VIHA-PARS-Port Alberni Redford Street-Public Health","Port Alberni","Main Building","Youth Clinic","1","ISLHTRP20260817-086","","Operational","","","","General Rounding","PHC PH Nursing-Pt Alberni","NTT-Deskside Services-WestCoast-Local","Laptop","LENOVO THINKPAD T14 GEN6 NT FPR 2x1",""
"LD058317","HSS-8096243","PF58DKLB","VIHA-PARS-Port Alberni Redford Street-Mental Health and Addictions-1st Floor","Port Alberni","Main Building","WFH","1","ISLHTRP20251020-016","09/30/2029","Operational","04/28/2026","","Room 23","General Rounding","Practice Support Team","NTT-Deskside Services-WestCoast-Local","Laptop","LENOVO THINKPAD T14",""
"LD058319","HSS-8095817","8BYQ774","VIHA-PAMHAS-Port Alberni Mental Health & Addiction Services-Main Building-1st Floor","Port Alberni","Main Building","HOff","1","ISLHTRP20250922-025","09/30/2029","Operational","07/24/2026","","","General Rounding","Adult Clinic - Pt Alberni","NTT-Deskside Services-WestCoast-Local","Laptop","Dell LATITUDE 7450 V4","Laptop + 1x24"" monitor + docking station - (Work from home bundle)"
"LD059155","HSS-8095803","CBYQ774","VIHA-TGH-Tofino General Hospital-Main Building-1st Floor","Tofino","Main Building","Admin WFH","1","ISLHTRP20250922-011","09/30/2029","Operational","01/29/2026","","","Excluded","CLKS Ops&Innovation","NTT-Deskside Services-WestCoast-Remote","Laptop","Dell LATITUDE 7450 V4",""
"LD059222","HSS-8095809","DZ4P774","VIHA-PARS-Port Alberni Redford Street-Mental Health and Addictions-1st Floor","Port Alberni","Main Building","11","1","ISLHTRP20250922-017","09/30/2029","Operational","04/28/2026","","","General Rounding","MCC Adult Community Services","NTT-Deskside Services-WestCoast-Local","Laptop","Dell LATITUDE 7450 V4",""
"LD059255","HSS-8095612","9V9Q774","VIHA-WCGH-West Coast General Hospital-Main Building-1st Floor","Port Alberni","Main Building","WFH","1","ISLHTRP20250915-005","09/30/2029","Operational","04/17/2026","","","Excluded","HR South Team 3","NTT-Deskside Services-WestCoast-Staffed","Laptop","Dell LATITUDE 7450 V4",""
"LD059444","HSS-8098488","PF61YKYH","VIHA-WCGH-West Coast General Hospital-Main Building","Port Alberni","Main Building","WFH","2","ISLHTRP20260420-029","05/31/2030","Operational","08/05/2026","","","Excluded","COV Contact Centre - HIM","NTT-Deskside Services-WestCoast-Staffed","Laptop","LENOVO THINKPAD T14 GEN6 NT FPR 2x1",""
"LD059457","HSS-1973599","4PJ06G3","VIHA-WCGH-West Coast General Hospital-Main Building-2nd Floor","Port Alberni","Main Building","WC2340 - Meeting Room C","2","DMND0003213","01/31/2026","Operational","04/10/2026","","","General Rounding","Administration","NTT-Deskside Services-WestCoast-Staffed","Laptop","Dell LATITUDE 7420 V3",""
"LD059510","HSS-8096257","PF58DJWG","VIHA-WCGH-West Coast General Hospital-Main Building-2nd Floor","Port Alberni","Main Building","WC2307","2","ISLHTRP20251020-030","09/30/2029","Operational","07/24/2026","","","General Rounding","Pulmonary Function","NTT-Deskside Services-WestCoast-Staffed","Laptop","LENOVO THINKPAD T14",""
"LD059545","HSS-8096258","PF588E0Y","VIHA-WCGH-West Coast General Hospital-Main Building-2nd Floor","Port Alberni","Main Building","WC2431 (Staff office) - (Rehab 4)","2","ISLHTRP20251020-031","09/30/2029","Operational","02/02/2026","","","General Rounding","Nursing - Med/Sur","NTT-Deskside Services-WestCoast-Staffed","Laptop","LENOVO THINKPAD T14",""
"LD059561","HSS-8096251","PF58DH1Q","VIHA-WCGH-West Coast General Hospital-Main Building-2nd Floor","Port Alberni","Main Building","WC2422 (Rehab 6)","2","ISLHTRP20251020-024","09/30/2029","Operational","08/12/2026","","","General Rounding","Nursing - Med/Sur","NTT-Deskside Services-WestCoast-Staffed","Laptop","LENOVO THINKPAD T14",""
"LD059562","HSS-8096254","PF5865RD","VIHA-WCGH-West Coast General Hospital-Main Building-2nd Floor","Port Alberni","Main Building","WC2430 (Rehab 2)","2","ISLHTRP20251020-027","09/30/2029","Operational","04/22/2026","","","General Rounding","Nursing - Med/Sur","NTT-Deskside Services-WestCoast-Staffed","Laptop","LENOVO THINKPAD T14",""
"LD059577","HSS-8096255","PF586H02","VIHA-WCGH-West Coast General Hospital-Main Building-2nd Floor","Port Alberni","Main Building","WC2430 (Rehab 7)","2","ISLHTRP20251020-028","09/30/2029","Operational","08/12/2026","","","General Rounding","Nursing - Med/Sur","NTT-Deskside Services-WestCoast-Staffed","Laptop","LENOVO THINKPAD T14",""
"LD059580","HSS-8096256","PF588GVA","VIHA-WCGH-West Coast General Hospital-Main Building-2nd Floor","Port Alberni","Main Building","WC2422 (Rehab 1)","2","ISLHTRP20251020-029","09/30/2029","Operational","04/22/2026","","","General Rounding","Nursing - Med/Sur","NTT-Deskside Services-WestCoast-Staffed","Laptop","LENOVO THINKPAD T14",""
"LD059614","HSS-8096248","PF588KST","VIHA-WCGH-West Coast General Hospital-Main Building-2nd Floor","Port Alberni","Main Building","WC2430 (Rehab 3)","2","ISLHTRP20251020-021","09/30/2029","Operational","08/12/2026","","","General Rounding","Nursing - Med/Sur","NTT-Deskside Services-WestCoast-Staffed","Laptop","LENOVO THINKPAD T14",""
"LD059635","HSS-8097525","PF5WJD8M","VIHA-PAST-Port Alberni Youth Short Term Assessment and Response-Main Building-1st Floor","Port Alberni","Main Building","Nursing","1","ISLHTRP20260209-067","04/30/2030","Operational","","","","General Rounding","Y-Star Port Alberni","NTT-Deskside Services-WestCoast-Local","Laptop","LENOVO THINKPAD T14 GEN6",""
"LD059797","HSS-8097516","PF5WS23H","VIHA-WCGH-West Coast General Hospital","Port Alberni","Main Building","WFH","1","ISLHTRP20260209-058","04/30/2030","Operational","06/25/2026","","User is WFH - Port Alberni local","Excluded","West Coast General Hospital","NTT-Deskside Services-WestCoast-Staffed","Laptop","LENOVO THINKPAD T14 GEN6",""
"LD060021","HSS-8097523","PF5WP0HG","VIHA-PAST-Port Alberni Youth Short Term Assessment and Response-Main Building-1st Floor","Port Alberni","Main Building","","1","ISLHTRP20260209-065","04/30/2030","Operational","","","","General Rounding","","NTT-Deskside Services-WestCoast-Local","Laptop","LENOVO THINKPAD T14 GEN6",""
"LD060905","HSS-1034641","23WS9K3","VIHA-WCGH-West Coast General Hospital-Main Building-1st Floor","Port Alberni","Main Building","WFH - WC Tech Office","1","REQ0563681-RITM0591949-SCTASK0953585","08/31/2026","Operational","06/05/2023","","","Excluded","IM/IT","NTT-Deskside Services-WestCoast-Staffed","Laptop","Dell LATITUDE 7420 V3",""
"LD060959","HSS-8098465","PF61LFR8","VIHA-PAIHN-Port Alberni Integrated Health Network-Main Building-1st Floor","Port Alberni","","","","ISLHTRP20260420-006","05/31/2030","Operational","","","","","","NTT-Deskside Services-WestCoast-Local","Laptop","LENOVO THINKPAD T14 GEN6 NT FPR 2x1",""
"LD061004","HSS-8099155","SD00PJ80","VIHA-WCGH-West Coast General Hospital-Main Building","Port Alberni","Main Building","WFH","1","ISLHTRP20260615-057","07/31/2030","Operational","06/19/2026","","","Excluded","WFH","NTT-Deskside Services-WestCoast-Staffed","Laptop","LENOVO THINKPAD T14 GEN6 NT FPR 2x1",""
"LD061046","HSS-1034798","8CFH6J3","VIHA-PARS-Port Alberni Redford Street-Mental Health and Addictions-1st Floor","Port Alberni","Main Building","Team Area","1","REQ0557136-RITM0585009-SCTASK0965062","08/31/2026","Operational","04/28/2026","","","General Rounding","Mental Health & Substance Abuse","NTT-Deskside Services-WestCoast-Local","Laptop","Dell LATITUDE 7420 V3",""
"LD061133","HSS-1984571","DG334J3","VIHA-WCGH-West Coast General Hospital-Main Building-1st Floor","Port Alberni","Main Building","WC2163 Endoscopy","2","DMND0003637","11/30/2026","Operational","08/31/2026","","","General Rounding","Operating Room","NTT-Deskside Services-WestCoast-Staffed","Laptop","Dell LATITUDE 7420 V3",""
"LD061204","HSS-8100154","SD005P88","VIHA-WCGH-West Coast General Hospital-Main Building-2nd Floor","Port Alberni","Main Building","Activity Department Office - 2718","2","ISLHTRP20260817-101","","Operational","08/31/2026","","","General Rounding","WCMedSurg","NTT-Deskside Services-WestCoast-Staffed","Laptop","LENOVO THINKPAD T14 GEN6 NT FPR 2x1","Laptop + Dell Docking Station + 1 24' Monitor"
"LD061357","HSS-1035304","8P1H6J3","VIHA-PARS-Port Alberni Redford Street-Mental Health and Addictions-1st Floor","Port Alberni","Main Building","8","1","REQ0601926-RITM0632204-SCTASK1002435","10/31/2026","Operational","04/28/2026","","","General Rounding","Mental Health & Substance Abuse","NTT-Deskside Services-WestCoast-Local","Laptop","Dell LATITUDE 7420 V3",""
"LD061502","HSS-1035692","59JCLN3","VIHA-PARS-Port Alberni Redford Street-Mental Health and Addictions-1st Floor","Port Alberni","Main Building","WFH","1","REQ0617137-RITM0648179-SCTASK1022203","10/31/2026","Operational","04/28/2026","","","General Rounding","4152 Redford St","NTT-Deskside Services-WestCoast-Local","Tablet","DELL LATITUDE 9420",""
"LD061543","HSS-8099153","SD00NRY3","VIHA-KHCPA-Kiwanis Hilton Centre Port Alberni-Main Building-1st Floor","Port Alberni","Main Building","18","1","ISLHTRP20260615-055","07/31/2030","Operational","","","","General Rounding","Island Health Early Childhood Speech and Language Program","NTT-Deskside Services-WestCoast-Local","Laptop","LENOVO THINKPAD T14 GEN6 NT FPR 2x1","Hilton Centre - First door on right, down hallway to the right from main entrance."
"LD061677","HSS-8099166","SD00PGZP","VIHA-PAMHAS-Port Alberni Mental Health & Addiction Services","Port Alberni","Main Building","14","1","ISLHTRP20260615-068","07/31/2030","Operational","07/24/2026","","Room 8 when onsite","General Rounding","Mental Health & Substance Abuse","NTT-Deskside Services-WestCoast-Local","Laptop","LENOVO THINKPAD T14 GEN6 NT FPR 2x1",""
"LD061868","HSS-1037137","4R7KLN3","VIHA-PAIHN-Port Alberni Integrated Health Network","Port Alberni","Main Building","Admin","1","REQ0675653-RITM0709782-SCTASK1122226","11/30/2026","Operational","05/06/2026","","","General Rounding","Community Health","NTT-Deskside Services-WestCoast-Local","Laptop","Dell LATITUDE 7420 V3",""
"LD062931","HSS-1042155","886WDK3","VIHA-WCGH-West Coast General Hospital-Main Building-2nd Floor","Port Alberni","Main Building","WC2103","2","REQ0898190-RITM0944194-SCTASK1497892","05/31/2027","Operational","04/17/2026","","","General Rounding","Admin","NTT-Deskside Services-WestCoast-Staffed","Laptop","Dell LATITUDE 7430 V1",""
"LD063733","HSS-8098474","PF61ZAGF","VIHA-PAHC-Port Alberni Health Centre-Main Building-1st Floor","Port Alberni","Main Building","unknown","1","ISLHTRP20260420-015","05/31/2030","Operational","","","","General Rounding","CHS Port Alberni Leadership","NTT-Deskside Services-WestCoast-Local","Laptop","LENOVO THINKPAD T14 GEN6 NT FPR 2x1",""
"LD063734","HSS-8098473","PF61ZAKL","VIHA-PAHC-Port Alberni Health Centre-Main Building-1st Floor","Port Alberni","Main Building","5","1","ISLHTRP20260420-014","05/31/2030","Operational","","","South HCN","General Rounding","CHS Port Alberni Leadership","NTT-Deskside Services-WestCoast-Local","Laptop","LENOVO THINKPAD T14 GEN6 NT FPR 2x1",""
"LD064217","HSS-1043922","15XQGY3","VIHA-WCGH-West Coast General Hospital-Main Building-2nd Floor","Port Alberni","Main Building","WC2313 - Admin WFH","2","REQ1078637-RITM1135146-SCTASK1816278","10/31/2027","Operational","07/30/2026","","","Excluded","Administration","NTT-Deskside Services-WestCoast-Staffed","Laptop","DELL LATITUDE 7440 V2",""
"LD064408","HSS-8098463","PF61YR9S","VIHA-PAHCCS-Port Alberni Home & Community Care Services-Main Building-1st Floor","Port Alberni","Main Building","","1","ISLHTRP20260420-004","05/31/2030","Operational","","","","General Rounding","ACV Med Staff Cred and Priv","NTT-Deskside Services-WestCoast-Local","Laptop","LENOVO THINKPAD T14 GEN6 NT FPR 2x1","2-nov-23: Device deployed as per SCTASK1894662"
"LD064615","HSS-1044503","57V2SV3","VIHA-WCGH-West Coast General Hospital","Port Alberni","Remote -WFH bundle","","","REQ1130005-RITM1189493-SCTASK1918440","12/31/2027","Operational","","This is for a casual hire who will be working from home in the Port Alberni area","WFH","Excluded"," ","NTT-Deskside Services-WestCoast-Staffed","Laptop","DELL LATITUDE 7440 V2",""
"LD064846","HSS-1044717","73Q1NN3","VIHA-PAIHN-Port Alberni Integrated Health Network-Main Building-1st Floor","Port Alberni","Main Building","1","1","REQ1144345-RITM1204857-SCTASK1936365","05/31/2027","Operational","04/29/2026","","Nurse Practitioner's Clinic -4711 Elizabeth St, Port Alberni, BC V9Y 6M1","General Rounding","CSN CHS PA HC Nrsng2-Pract Lnk","NTT-Deskside Services-WestCoast-Local","Laptop","Dell LATITUDE 7420 V3","26-feb-24: Delivered to PAIHN office - pending replacement of assigned user - Roman Frank - tech - as per SCTASK1991285"
"LD064927","HSS-1044739","8DR1QV3","VIHA-PACDF-Port Alberni Community Dialysis Facility-Main Building-1st Floor","Port Alberni","Main Building","1","1","REQ1148481-RITM1209194-SCTASK1944023","12/31/2027","Operational","05/12/2026","Deployed to site as per SCTASK1956941 - Roman Frank","","Excluded","4227-6th Ave","NTT-Deskside Services-WestCoast-Local","Laptop","DELL LATITUDE 7440 V2","Deployed as per task (Remote - work from home bundle)"
"LD065013","HSS-8095797","6S9Q774","VIHA-WCGH-West Coast General Hospital-Main Building-2nd Floor","Port Alberni","Main Building","WC2352","2","ISLHTRP20250922-004","09/30/2029","Operational","07/30/2026","","","General Rounding","Health Records","NTT-Deskside Services-WestCoast-Staffed","Laptop","Dell LATITUDE 7450 V4",""
"LD065126","HSS-8095808","JPHP774","VIHA-PARS-Port Alberni Redford Street-Mental Health and Addictions-1st Floor","Port Alberni","Main Building","24","1","ISLHTRP20250922-016","09/30/2029","Operational","04/28/2026","","","General Rounding","Admin","NTT-Deskside Services-WestCoast-Local","Laptop","Dell LATITUDE 7450 V4",""
"LD065127","HSS-8095814","6BYQ774","VIHA-PAHC-Port Alberni Health Centre-Main Building-1st Floor","Port Alberni","Main Building","21","1st Floor","ISLHTRP20250922-022","09/30/2029","Operational","03/05/2026","","","General Rounding","MCC Port Alberni ACT","NTT-Deskside Services-WestCoast-Local","Laptop","Dell LATITUDE 7450 V4",""
"LD065128","HSS-8095815","BP9Q774","VIHA-PAHC-Port Alberni Health Centre-Main Building-1st Floor","Port Alberni","Main Building","Main Room","1","ISLHTRP20250922-023","09/30/2029","Operational","03/05/2026","","","General Rounding","Family Support Services","NTT-Deskside Services-WestCoast-Local","Laptop","Dell LATITUDE 7450 V4",""
"LD065129","HSS-8095811","2X9Q774","VIHA-PAHC-Port Alberni Health Centre-Main Building-1st Floor","Port Alberni","Main Building","1","1","ISLHTRP20250922-019","09/30/2029","Operational","09/25/2025","","Main Room","General Rounding","PHC Family Support Services","NTT-Deskside Services-WestCoast-Local","Laptop","Dell LATITUDE 7450 V4",""
"LD065130","HSS-8095807","5S4P774","VIHA-PARS-Port Alberni Redford Street-Mental Health and Addictions-1st Floor","Port Alberni","Main Building","22","1","ISLHTRP20250922-015","09/30/2029","Operational","04/28/2026","","","General Rounding","PH Immun COVID 19","NTT-Deskside Services-WestCoast-Local","Laptop","Dell LATITUDE 7450 V4",""
"LD065143","HSS-8096624","PF5RJLVD","VIHA-WCGH-West Coast General Hospital-Main Building-2nd Floor","Port Alberni","Main Building","2102","2","ISLHTRP20251124-027","12/31/2029","Operational","07/24/2026","","","General Rounding","Social Services","NTT-Deskside Services-WestCoast-Staffed","Laptop","LENOVO THINKPAD T14",""
"LD065146","HSS-8096249","PF58DHNG","VIHA-WCGH-West Coast General Hospital-Main Building-2nd Floor","Port Alberni","Main Building","WC2518","2","ISLHTRP20251020-022","09/30/2029","Operational","08/12/2026","","","General Rounding","Nursing - Med/Sur","NTT-Deskside Services-WestCoast-Staffed","Laptop","LENOVO THINKPAD T14",""
"LD065158","HSS-8023411","9MG6BC3","VIHA-WCGH-West Coast General Hospital-Main Building-2nd Floor","Port Alberni","Main Building","WC2318","2","VIHATRP20210809-034","11/30/2025","Operational","03/18/2026","","","General Rounding","Information Systems","NTT-Deskside Services-WestCoast-Staffed","Laptop","Dell LATITUDE 7420 V3",""
"LD065196","HSS-8096634","PF5RK1DZ","VIHA-PAHC-Port Alberni Health Centre-Main Building-1st Floor","Port Alberni","Main Building","Main Room","1","ISLHTRP20251124-054","01/31/2030","Operational","03/05/2026","","","General Rounding","PHC Family Support Services","NTT-Deskside Services-WestCoast-Local","Laptop","LENOVO THINKPAD T14",""
"LD065208","HSS-8096622","PF5RRJYD","VIHA-PAHCCS-Port Alberni Home & Community Care Services-Main Building-1st Floor","Port Alberni","Main Building","7","1","ISLHTRP20251124-019","12/31/2029","Operational","07/16/2026","","","General Rounding","PAHC","NTT-Deskside Services-WestCoast-Local","Laptop","LENOVO THINKPAD T14",""
"LD065378","HSS-8058613","GHZR9K3","VIHA-PAHCCS-Port Alberni Home & Community Care Services-Main Building-1st Floor","Port Alberni","Main Building","2","1","VIHATRP20220505-027","09/30/2026","Operational","08/21/2026","","","General Rounding","WCG Nutrition Services","NTT-Deskside Services-WestCoast-Local","Laptop","Dell LATITUDE 7420 V3",""
"LD065379","HSS-8098483","PF62GD9Z","VIHA-PAHCCS-Port Alberni Home & Community Care Services-Main Building-1st Floor","Port Alberni","Main Building","2","1","ISLHTRP20260420-024","05/31/2030","Operational","08/21/2026","","","General Rounding","CHS Port Alberni Social Work 6th Ave","NTT-Deskside Services-WestCoast-Local","Laptop","LENOVO THINKPAD T14 GEN6 NT FPR 2x1",""
"LD065380","HSS-8098472","PF61Z5Y0","VIHA-PAHCCS-Port Alberni Home & Community Care Services-Main Building-1st Floor","Port Alberni","Main Building","12","1","ISLHTRP20260420-013","05/31/2030","Operational","08/21/2026","","","General Rounding","Nursing - Primary Link","NTT-Deskside Services-WestCoast-Local","Laptop","LENOVO THINKPAD T14 GEN6 NT FPR 2x1",""
"LD065381","HSS-8098462","PF62GDA9","VIHA-PAHCCS-Port Alberni Home & Community Care Services-Main Building-1st Floor","Port Alberni","Main Building","1","1","ISLHTRP20260420-003","05/31/2030","Operational","08/21/2026","","Across from C Chorney","General Rounding","4259 6th Ave","NTT-Deskside Services-WestCoast-Local","Laptop","LENOVO THINKPAD T14 GEN6 NT FPR 2x1",""
"LD065382","HSS-8058617","72TR9K3","VIHA-PAHCCS-Port Alberni Home & Community Care Services-Main Building-1st Floor","Port Alberni","Main Building","23","1","VIHATRP20220505-031","09/30/2026","Operational","06/03/2026","","","General Rounding","Diabetes Education","NTT-Deskside Services-WestCoast-Local","Laptop","Dell LATITUDE 7420 V3",""
"LD065617","HSS-8068734","FZ92NN3","VIHA-TGH-Tofino General Hospital-Main Building-Basement 1","Tofino","Main Building","Mental Health Services - reception","0","VIHATRP20221114-014","01/31/2027","Operational","12/05/2025","","","General Rounding","Mental Health & Addiction Services","NTT-Deskside Services-WestCoast-Remote","Laptop","Dell LATITUDE 7420 V3",""
"LD065651","HSS-8072064","CK15NN3","VIHA-PAMHAS-Port Alberni Mental Health & Addiction Services-Main Building-1st Floor","Port Alberni","Main Building","14","1","VIHATRP20230213-044","05/31/2027","Operational","07/24/2026","","","General Rounding","4780 Roger St","NTT-Deskside Services-WestCoast-Local","Laptop","Dell LATITUDE 7420 V3",""
"LD065681","HSS-8072031","GG23NN3","VIHA-PAHC-Port Alberni Health Centre-Main Building-1st Floor","Port Alberni","Main Building","Natasha Dumont's Office","1","VIHATRP20230213-011","05/31/2027","Operational","03/05/2026","","","General Rounding","PAHC","NTT-Deskside Services-WestCoast-Local","Laptop","Dell LATITUDE 7420 V3",""
"LD065696","HSS-8072078","DFQ1NN3","VIHA-PAMHAS-Port Alberni Mental Health & Addiction Services-Main Building-1st Floor","Port Alberni","Main Building","7","1","VIHATRP20230213-058","05/31/2027","Operational","07/24/2026","","","General Rounding","4780 Roger St","NTT-Deskside Services-WestCoast-Local","Laptop","Dell LATITUDE 7420 V3",""
"LD065697","HSS-8072030","6D1JLN3","VIHA-PAHC-Port Alberni Health Centre-Main Building-1st Floor","Port Alberni","Main Building","Gya's device","1","VIHATRP20230213-010","05/31/2027","Operational","03/05/2026","","","General Rounding","PAHC","NTT-Deskside Services-WestCoast-Local","Laptop","Dell LATITUDE 7420 V3",""
"LD065700","HSS-8072081","7DMDLN3","VIHA-PARS-Port Alberni Redford Street-Mental Health and Addictions-1st Floor","Port Alberni","Main Building","HOP 5","1","VIHATRP20230213-061","05/31/2027","Operational","04/02/2026","","Behind Mcdonalds","General Rounding","4152 Redford St","NTT-Deskside Services-WestCoast-Local","Laptop","Dell LATITUDE 7420 V3",""
"LD065711","HSS-8068739","4LWDLN3","VIHA-TGH-Tofino General Hospital-Main Building-Basement 1","Tofino","Main Building","Home and Community Care | Social Work Liaison","0","VIHATRP20221114-019","01/31/2027","Operational","01/29/2026","","","General Rounding","CHS","NTT-Deskside Services-WestCoast-Remote","Laptop","Dell LATITUDE 7420 V3",""
"LD065736","HSS-8068722","BD42NN3","VIHA-UPR-Ucluelet Peninsula Road-Community Health Centre-2nd Floor","Ucluelet","Main Building","Reception","2","VIHATRP20221114-002","01/31/2027","Operational","08/21/2026","","","General Rounding","Administration","NTT-Deskside Services-WestCoast-Remote","Laptop","Dell LATITUDE 7420 V3",""
"LD065793","HSS-8068723","15XJLN3","VIHA-WCMHAS-West Coast Mental Health & Addiction Services-Main Building-1st Floor","Ucluelet","Main Building","Office","1","VIHATRP20221114-003","01/31/2027","Operational","07/15/2025","","","General Rounding","272 Main St","NTT-Deskside Services-WestCoast-Remote","Laptop","Dell LATITUDE 7420 V3",""
"LD065831","HSS-8073640","9R15FK3","VIHA-WCGH-West Coast General Hospital-Main Building-2nd Floor","Port Alberni","Main Building","WC2319 - Administration","2","VIHATRP20230417-009","05/31/2027","Operational","08/21/2026","11-apr-24: Moved from 2314 to 2319, as per SCTASK2191547 - Roman Frank - Tech","","General Rounding","Admin","NTT-Deskside Services-WestCoast-Staffed","Laptop","Dell LATITUDE 7430 V1",""
"LD065987","HSS-8073652","9YT3FK3","VIHA-PARS-Port Alberni Redford Street-Mental Health and Addictions-1st Floor","Port Alberni","Main Building","7","1","VIHATRP20230417-021","05/31/2027","Operational","04/28/2026","","","General Rounding","Mental Health & Substance Abuse","NTT-Deskside Services-WestCoast-Local","Laptop","Dell LATITUDE 7430 V1",""
"LD065993","HSS-8080042","5Z7QDY3","VIHA-TGH-Tofino General Hospital-Main Building-Basement 1","Tofino","Main Building","Laboratory reception","1","VIHATRP20231023-113","11/30/2027","Operational","01/29/2026","","","General Rounding","Lab Administration","NTT-Deskside Services-WestCoast-Remote","Laptop","DELL LATITUDE 7440 V2",""
"LD066016","HSS-8078444","8MM85X3","VIHA-PAHC-Port Alberni Health Centre-Main Building-1st Floor","Port Alberni","Main Building","6","1","VIHATRP20230918-032","10/31/2027","Operational","03/05/2026","","Home Care Nursing office","General Rounding","Home Care Nursing-Pt","NTT-Deskside Services-WestCoast-Local","Laptop","Dell LATITUDE 7430 V1",""
"LD066027","HSS-8089571","BL7HVW3","VIHA-WCGH-West Coast General Hospital-Main Building-2nd Floor","Port Alberni","Main Building","WC2104","2","VIHATRP20240909-061","10/31/2028","Operational","07/30/2026","","","General Rounding","CHS PA Clinical","NTT-Deskside Services-WestCoast-Staffed","Laptop","Dell LATITUDE 7440 V7",""
"LD066069","HSS-8073653","BX42GK3","VIHA-PARS-Port Alberni Redford Street-Mental Health and Addictions-1st Floor","Port Alberni","Main Building","10","1","VIHATRP20230417-022","05/31/2027","Operational","04/28/2026","","","General Rounding","Mental Health & Addiction Services","NTT-Deskside Services-WestCoast-Local","Laptop","Dell LATITUDE 7430 V1","LENOVO THNKCNT M920q i5-8500 2.1GHz 8GB"
"LD066070","HSS-8073656","FR3XDK3","VIHA-PARS-Port Alberni Redford Street-Mental Health and Addictions-1st Floor","Port Alberni","Main Building","9","1","VIHATRP20230417-025","05/31/2027","Operational","04/28/2026","","","General Rounding","Mental Health & Addiction Services","NTT-Deskside Services-WestCoast-Local","Laptop","Dell LATITUDE 7430 V1","LENOVO THNKCNT M920q i5-8500 2.1GHz 8GB"
"LD066071","HSS-8073662","4B75FK3","VIHA-PARS-Port Alberni Redford Street-Mental Health and Addictions-1st Floor","Port Alberni","Main Building","2","1","VIHATRP20230417-031","05/31/2027","Operational","04/28/2026","","","General Rounding","Mental Health & Addiction Services","NTT-Deskside Services-WestCoast-Local","Laptop","Dell LATITUDE 7430 V1","LENOVO THNKCNT M920q i5-8500 2.1GHz 8GB"
"LD066072","HSS-8073664","426WDK3","VIHA-PARS-Port Alberni Redford Street-Mental Health and Addictions-1st Floor","Port Alberni","Main Building","Team Room","1","VIHATRP20230417-033","05/31/2027","Operational","04/28/2026","","","General Rounding","Mental Health & Substance Abuse","NTT-Deskside Services-WestCoast-Local","Laptop","Dell LATITUDE 7430 V1",""
"LD066101","HSS-8086129","HCNSCW3","VIHA-WRC-Westhaven-Main Building-1st Floor","Port Alberni","Main Building","WH1023","1","VIHATRP20240429-009","06/30/2028","Operational","08/05/2026","","","General Rounding","3949 Port Alberni Hwy","NTT-Deskside Services-WestCoast-Staffed","Laptop","Dell LATITUDE 7440 V7","CUSTOMER OWNED CTO DESKTOP TC M910Q I5-7"
"LD066159","HSS-8078435","5MZJ5X3","VIHA-PAHCCS-Port Alberni Home & Community Care Services-Main Building-1st Floor","Port Alberni","Main Building","Community Health Services","1","VIHATRP20230918-023","10/31/2027","Operational","05/25/2026","","","General Rounding","Home Care Nursing-Pt","NTT-Deskside Services-WestCoast-Local","Laptop","Dell LATITUDE 7430 V1",""
"LD066188","HSS-8073651","57P5FK3","VIHA-PARS-Port Alberni Redford Street-Mental Health and Addictions-1st Floor","Port Alberni","Main Building","Team Room","1","VIHATRP20230417-020","05/31/2027","Operational","02/27/2026","","","General Rounding","Mental Health & Substance Abuse","NTT-Deskside Services-WestCoast-Local","Laptop","Dell LATITUDE 7430 V1",""
"LD066201","HSS-8078440","1QZP5X3","VIHA-PAHCCS-Port Alberni Home & Community Care Services-Main Building-1st Floor","Port Alberni","Main Building","conference room","1","VIHATRP20230918-028","10/31/2027","Operational","01/07/2026","Currently Missing after clarification from C Chorney -SV 26/1/2026","","Excluded","Home Care Nursing-Pt","NTT-Deskside Services-WestCoast-Local","Laptop","Dell LATITUDE 7430 V1",""
"LD066212","HSS-8086152","9X81DW3","VIHA-TGH-Tofino General Hospital-Main Building-1st Floor","Tofino","Main Building","MHAS","1","VIHATRP20240429-032","06/30/2028","Operational","01/29/2026","","","General Rounding","CLKS LrningCapacity&AdvTrn","NTT-Deskside Services-WestCoast-Remote","Laptop","Dell LATITUDE 7440 V7","Docking station for laptop."
"LD066216","HSS-8073655","CZH2GK3","VIHA-PARS-Port Alberni Redford Street-Mental Health and Addictions-1st Floor","Port Alberni","Main Building","11","1","VIHATRP20230417-024","05/31/2027","Operational","04/28/2026","","","General Rounding","Mental Health & Addiction Services","NTT-Deskside Services-WestCoast-Local","Laptop","Dell LATITUDE 7430 V1","LENOVO THINKCENTRE M910q i5-7500T 2.5GHZ"
"LD066218","HSS-8073659","3ST3FK3","VIHA-PARS-Port Alberni Redford Street-Mental Health and Addictions-1st Floor","Port Alberni","Main Building","Unit 201 - Robbie?s desk (Room 12)","1","VIHATRP20230417-028","05/31/2027","Operational","04/28/2026","","","General Rounding","ACT","NTT-Deskside Services-WestCoast-Local","Laptop","Dell LATITUDE 7430 V1",""
"LD066228","HSS-8073661","5SR3GK3","VIHA-PARS-Port Alberni Redford Street-Mental Health and Addictions-1st Floor","Port Alberni","Main Building","Team Room","1","VIHATRP20230417-030","05/31/2027","Operational","04/28/2026","","","General Rounding","Mental Health & Addiction Services","NTT-Deskside Services-WestCoast-Local","Laptop","Dell LATITUDE 7430 V1","LENOVO THNKCNT M920q i5-8500 2.1GHz 8GB"
"LD066238","HSS-8073650","HMLVDK3","VIHA-PARS-Port Alberni Redford Street-Mental Health and Addictions-1st Floor","Port Alberni","Main Building","Unit 201 - Room 11","1","VIHATRP20230417-019","05/31/2027","Operational","04/28/2026","","","General Rounding","Port Alberni ACT","NTT-Deskside Services-WestCoast-Local","Laptop","Dell LATITUDE 7430 V1",""
"LD066239","HSS-8073660","52W2GK3","VIHA-PAMHAS-Port Alberni Mental Health & Addiction Services-Main Building-1st Floor","Port Alberni","Main Building","Allison?s desk (Admin)","1","VIHATRP20230417-029","05/31/2027","Operational","03/12/2026","","","General Rounding","Mental Health & Substance Abuse","NTT-Deskside Services-WestCoast-Local","Laptop","Dell LATITUDE 7430 V1",""
"LD066240","HSS-8073663","16L3GK3","VIHA-PARS-Port Alberni Redford Street-Mental Health and Addictions-1st Floor","Port Alberni","Main Building","Unit 201 - Consult Room #4","1","VIHATRP20230417-032","05/31/2027","Operational","04/28/2026","","","General Rounding","Clinical Operations","NTT-Deskside Services-WestCoast-Local","Laptop","Dell LATITUDE 7430 V1","LENOVO THINKCENTRE M910q i5-7500T 2.5GHZ"
"LD066241","HSS-8073654","7FB2GK3","VIHA-PARS-Port Alberni Redford Street-Mental Health and Addictions-1st Floor","Port Alberni","Main Building","7","1","VIHATRP20230417-023","05/31/2027","Operational","04/28/2026","","","General Rounding","Mental Health & Addiction Services","NTT-Deskside Services-WestCoast-Local","Laptop","Dell LATITUDE 7430 V1","LENOVO THINKCENTRE M910q i5-7500T 2.5GHZ"
"LD066242","HSS-8073648","6M42GK3","VIHA-PARS-Port Alberni Redford Street-Mental Health and Addictions-1st Floor","Port Alberni","Main Building","Unit 201 - Eugene?s desk (Room 10)","1","VIHATRP20230417-017","05/31/2027","Operational","04/28/2026","","","General Rounding","PA Westcoast Admin Support","NTT-Deskside Services-WestCoast-Local","Laptop","Dell LATITUDE 7430 V1",""
"LD066245","HSS-8073682","9VCWDK3","VIHA-PAHCCS-Port Alberni Home & Community Care Services-Main Building-1st Floor","Port Alberni","Main Building","Social Work","1","VIHATRP20230417-051","05/31/2027","Operational","08/21/2026","","","General Rounding","4259-6th Ave","NTT-Deskside Services-WestCoast-Local","Laptop","Dell LATITUDE 7430 V1",""
"LD066246","HSS-8073676","1Y63GK3","VIHA-PAHCCS-Port Alberni Home & Community Care Services-Main Building-1st Floor","Port Alberni","Main Building","Nurses office","1","VIHATRP20230417-045","05/31/2027","Operational","08/21/2026","","","General Rounding","PAHC - Remote work","NTT-Deskside Services-WestCoast-Local","Laptop","Dell LATITUDE 7430 V1",""
"LD066247","HSS-8073669","4W34GK3","VIHA-PAHCCS-Port Alberni Home & Community Care Services-Main Building-1st Floor","Port Alberni","Main Building","3","1","VIHATRP20230417-038","05/31/2027","Operational","08/21/2026","","Rehab","General Rounding","Rehab","NTT-Deskside Services-WestCoast-Local","Laptop","Dell LATITUDE 7430 V1",""
"LD066248","HSS-8073677","BVD5FK3","VIHA-PAHCCS-Port Alberni Home & Community Care Services-Main Building-1st Floor","Port Alberni","Main Building","8","1","VIHATRP20230417-046","05/31/2027","Operational","07/16/2026","","PAHC - OT office (next to window)","General Rounding","PAHC","NTT-Deskside Services-WestCoast-Local","Laptop","Dell LATITUDE 7430 V1",""
"LD066249","HSS-8073670","2Q42GK3","VIHA-PAHCCS-Port Alberni Home & Community Care Services-Main Building-1st Floor","Port Alberni","Main Building","5","1","VIHATRP20230417-039","05/31/2027","Operational","07/16/2026","","","General Rounding","4259 6th Ave","NTT-Deskside Services-WestCoast-Local","Laptop","Dell LATITUDE 7430 V1",""
"LD066250","HSS-8073678","5YV2GK3","VIHA-PAHCCS-Port Alberni Home & Community Care Services-Main Building-1st Floor","Port Alberni","Main Building","5","1","VIHATRP20230417-047","05/31/2027","Operational","08/21/2026","","","General Rounding","R37 Community Services Adm","NTT-Deskside Services-WestCoast-Local","Laptop","Dell LATITUDE 7430 V1",""
"LD066251","HSS-8073679","2CN4GK3","VIHA-PAHCCS-Port Alberni Home & Community Care Services-Main Building-1st Floor","Port Alberni","Main Building","5","1","VIHATRP20230417-048","05/31/2027","Operational","01/08/2026","","","General Rounding","R37 Community Services Adm","NTT-Deskside Services-WestCoast-Local","Laptop","Dell LATITUDE 7430 V1",""
"LD066252","HSS-8073671","6XCWDK3","VIHA-PAHCCS-Port Alberni Home & Community Care Services-Main Building-1st Floor","Port Alberni","Main Building","Admin","1","VIHATRP20230417-040","05/31/2027","Operational","05/25/2026","","","General Rounding","HomeCare","NTT-Deskside Services-WestCoast-Local","Laptop","Dell LATITUDE 7430 V1",""
"LD066253","HSS-8073673","3N04FK3","VIHA-WCGH-West Coast General Hospital-Main Building-1st Floor","Port Alberni","Main Building","WINGC-R6","2","VIHATRP20230417-042","05/31/2027","Operational","08/12/2026","","","General Rounding","Nursing - Med/Sur","NTT-Deskside Services-WestCoast-Staffed","Laptop","Dell LATITUDE 7430 V1",""
"LD066254","HSS-8073674","9JH4FK3","VIHA-PAHCCS-Port Alberni Home & Community Care Services-Main Building-1st Floor","Port Alberni","Main Building","5","1","VIHATRP20230417-043","05/31/2027","Operational","08/21/2026","","","General Rounding","4259-6th Ave","NTT-Deskside Services-WestCoast-Local","Laptop","Dell LATITUDE 7430 V1",""
"LD066279","HSS-8078475","2V2J5X3","VIHA-WRC-Westhaven-Main Building-1st Floor","Port Alberni","Main Building","WH1025- Volunteer office / CNE Laptop","1","VIHATRP20230918-063","10/31/2027","Operational","08/05/2026","","","Excluded","Westhaven","NTT-Deskside Services-WestCoast-Staffed","Laptop","Dell LATITUDE 7430 V1",""
"LD066299","HSS-8078447","6W8G5X3","VIHA-PAMHAS-Port Alberni Mental Health & Addiction Services-Main Building-1st Floor","Port Alberni","Main Building","10","1","VIHATRP20230918-035","10/31/2027","Operational","07/24/2026","","","General Rounding","PA Westcoast Admin Support","NTT-Deskside Services-WestCoast-Local","Laptop","Dell LATITUDE 7430 V1",""
"LD066300","HSS-8078451","G61K5X3","VIHA-PAMHAS-Port Alberni Mental Health & Addiction Services-Main Building-1st Floor","Port Alberni","Main Building","03","1","VIHATRP20230918-039","10/31/2027","Operational","07/24/2026","","","General Rounding","Port Alberni Addiction Svc","NTT-Deskside Services-WestCoast-Local","Laptop","Dell LATITUDE 7430 V1","LENOVO THINKCENTRE M910q i5-7500T 2.5GHZ"
"LD066301","HSS-8078452","331K5X3","VIHA-PAMHAS-Port Alberni Mental Health & Addiction Services-Main Building-1st Floor","Port Alberni","Main Building","9","1","VIHATRP20230918-040","10/31/2027","Operational","03/12/2026","","","General Rounding","Port Alberni Addiction Svc","NTT-Deskside Services-WestCoast-Local","Laptop","Dell LATITUDE 7430 V1","LENOVO THINKCENTRE M910q i5-7500T 2.5GHZ"
"LD066387","HSS-8086155","83YXCW3","VIHA-TGH-Tofino General Hospital-Main Building-Basement 1","Tofino","Main Building","Aboriginal Liaison Nurse Office","1","VIHATRP20240429-035","06/30/2028","Operational","01/29/2026","","","General Rounding","261 Neill St","NTT-Deskside Services-WestCoast-Remote","Laptop","Dell LATITUDE 7440 V7","LENOVO THINKCENTRE M910q i5-7500T 2.5GHZ"
"LD066391","HSS-8086139","DDLXCW3","VIHA-TGH-Tofino General Hospital-Main Building-1st Floor","Tofino","Main Building","Home and Community Care Office","1","VIHATRP20240429-019","06/30/2028","Operational","01/29/2026","","","General Rounding","West Coast Community MHSU","NTT-Deskside Services-WestCoast-Remote","Laptop","Dell LATITUDE 7440 V7",""
"LD066422","HSS-8081956","DTL1SV3","VIHA-TGH-Tofino General Hospital-Main Building-1st Floor","Tofino","Main Building","HCNO","1","VIHATRP20231225-045","01/31/2028","Operational","01/29/2026","Deployed at TGH as per SCTASK1979297 - roman frank (Jan 4, 2024).","","General Rounding","West Coast Community Serv","NTT-Deskside Services-WestCoast-Remote","Laptop","DELL LATITUDE 7440 V2",""
"LD066503","HSS-8086199","7P7XCW3","VIHA-WCGH-West Coast General Hospital-Main Building-2nd Floor","Port Alberni","Main Building","WC2351","2","VIHATRP20240429-079","06/30/2028","Operational","07/06/2026","","","General Rounding","Health Records","NTT-Deskside Services-WestCoast-Staffed","Laptop","Dell LATITUDE 7440 V7",""
"LD066511","HSS-8086125","3WQWCW3","VIHA-PARS-Port Alberni Redford Street-Mental Health and Addictions-1st Floor","Port Alberni","Main Building","Main Room","1","VIHATRP20240429-005","06/30/2028","Operational","04/28/2026","","","General Rounding","PH Nursing-Pt Alberni","NTT-Deskside Services-WestCoast-Local","Laptop","Dell LATITUDE 7440 V7",""
"LD066518","HSS-8086127","8Y3YCW3","VIHA-PARS-Port Alberni Redford Street-Mental Health and Addictions-1st Floor","Port Alberni","Main Building","10","1","VIHATRP20240429-007","06/30/2028","Operational","04/28/2026","","","General Rounding","Adult Community Services","NTT-Deskside Services-WestCoast-Local","Laptop","Dell LATITUDE 7440 V7",""
"LD066549","HSS-8089565","6BRHVW3","VIHA-PAHC-Port Alberni Health Centre-Main Building-1st Floor","Port Alberni","Main Building","11 - Office Coordinator","1","VIHATRP20240909-055","10/31/2028","Operational","03/05/2026","","Delivered to Catherine Chorney - Feb. 16, 2023.","General Rounding","CHS PA Clinical","NTT-Deskside Services-WestCoast-Local","Laptop","Dell LATITUDE 7440 V7",""
"LD066646","HSS-8089559","2BXHVW3","VIHA-PAMHAS-Port Alberni Mental Health & Addiction Services-Main Building-1st Floor","Port Alberni","Main Building","Front Meeting Room","1","VIHATRP20240909-048","10/31/2028","Operational","07/24/2026","","","General Rounding","PA Westcoast MHSU","NTT-Deskside Services-WestCoast-Local","Laptop","Dell LATITUDE 7440 V7","LENOVO THINKCENTRE M910q i5-7500T 2.5GHZ"
"LD066659","HSS-8089581","9CKGVW3","VIHA-WCGH-West Coast General Hospital-Main Building-2nd Floor","Port Alberni","Main Building","WC2503","2","VIHATRP20240909-071","12/31/2028","Operational","07/02/2026","","","General Rounding","Geog 1/2 Pharmacy & Pharm LTC","NTT-Deskside Services-WestCoast-Staffed","Laptop","Dell LATITUDE 7440 V7","Laptop + Docking Station + 24"" monitor"
"LD066757","HSS-8094099","5W0JX64","VIHA-PAMHAS-Port Alberni Mental Health & Addiction Services-Main Building-1st Floor","Port Alberni","Main Building","6","1st Floor","ISLHTRP20250623-073","03/31/2029","Operational","","","","Excluded","Adult Clinic - Pt Alberni","NTT-Deskside Services-WestCoast-Local","Laptop","Dell LATITUDE 7450 V4","Work from home bundle - includes docking station, keyboard, mouse and 24"" monitor"
"LD067130","HSS-1044988","18W5SV3","VIHA-WCGH-West Coast General Hospital-Main Building-1st Floor","Port Alberni","Main Building","WC1471C","1","REQ1175204-RITM1237671-SCTASK1991608","01/31/2028","Operational","07/22/2026","Deployed as per SCTASK1015167 - Roman Frank tech.","","Excluded","FMO","NTT-Deskside Services-WestCoast-Staffed","Laptop","DELL LATITUDE 7440 V2","Laptop bundle with 2 x 24"" monitors, peripherals and docking station"
"LD067385","HSS-1045287","JCW99W3","VIHA-WCGH-West Coast General Hospital","Port Alberni","Roger Street","1","1","REQ1204244-RITM1268294-SCTASK2048920","02/29/2028","Operational","","","","Excluded","","NTT-Deskside Services-WestCoast-Staffed","Laptop","DELL LATITUDE 7440 V2","Device delivered as per SCTASK2074040 (WFH bundle) - dropped off at 4780 Redford street. Roman Frank - deskside tech. 16-feb-24."
"LD067461","HSS-1045441","6G8F9W3","VIHA-WCGH-West Coast General Hospital-Main Building-2nd Floor","Port Alberni","WCGH","2020","2","REQ1223130-RITM1288550-SCTASK2075373","03/31/2028","Operational","","","","Excluded","Admin - Chief of Staff","NTT-Deskside Services-WestCoast-Staffed","Laptop","DELL LATITUDE 7440 V2","26-feb-24: Delivered as per requestor / task - Roman Frank - tech - SCTASK2100738 - "
"LD067462","HSS-1045442","42489W3","VIHA-WCGH-West Coast General Hospital","Port Alberni","WCGH","2310","Main","REQ1223539-RITM1288996-SCTASK2075374","03/31/2028","Operational","","","","Excluded","","NTT-Deskside Services-WestCoast-Staffed","Laptop","DELL LATITUDE 7440 V2","26-feb-24: Delivered to Admin main desk as per SCTASK2100743 - Roman Frank - tech."
"LD067464","HSS-1045446","FPFF9W3","VIHA-PAHCCS-Port Alberni Home & Community Care Services-Main Building","Port Alberni","Main Building","21","1","REQ1209213-RITM1273642-SCTASK2075376","03/31/2028","Operational","08/21/2026","","","General Rounding","SUC PA Int Outreach Resp Team","NTT-Deskside Services-WestCoast-Local","Laptop","DELL LATITUDE 7440 V2","7-mar-24: Device deployed as per SCTASK2100646 - Roman Frank - Tech.
1 laptop, docking station + 1 x 24"" monitor."
"LD068538","HSS-1048085","D6RHVW3","VIHA-WCGH-West Coast General Hospital-Main Building-2nd Floor","Port Alberni","Main Building","WFH","2","REQ1474845-RITM1556043-SCTASK2502847","10/31/2028","Operational","06/19/2026","","Employee transfering to 90.71.195000600 Cost center June 22nd 2026 - SV","Excluded","Standards and Quality Improvement","NTT-Deskside Services-WestCoast-Staffed","Laptop","Dell LATITUDE 7440 V7",""
"LD068846","HSS-1110573","30PSFW3","VIHA-PAMHAS-Port Alberni Mental Health & Addiction Services-Main Building-1st Floor","Port Alberni","Main Building","11","1","REQ1683294-RITM1776505-SCTASK2860535","03/31/2029","Operational","03/12/2026","","","General Rounding","MCC PA Westcoast Admin Support","NTT-Deskside Services-WestCoast-Local","Laptop","Dell LATITUDE 7450 V4",""
"LD069035","HSS-1111526","HQ0JX64","VIHA-PARS-Port Alberni Redford Street-Mental Health and Addictions-1st Floor","Port Alberni","Main Building","WFH","1","REQ1783825-RITM1882768-SCTASK3023856","03/31/2029","Operational","04/28/2026","","201 - 4152 Redford St","General Rounding","ACV Med Staff Cred and Priv","NTT-Deskside Services-WestCoast-Local","Laptop","Dell LATITUDE 7450 V4",""
"LD069160","HSS-1113077","FT0HMN3","VIHA-PAHC-Port Alberni Health Centre","Port Alberni","4780 Roger Street �- Port Alberni MHSU","Reception","1","REQ2025107-RITM2138827-SCTASK3477533","01/31/2027","Operational","","","","General Rounding","MCC PA Westcoast Admin Support","NTT-Deskside Services-WestCoast-Local","Laptop","Dell LATITUDE 7420 V3",""
"LD071026","HSS-8097524","PF5WHB85","VIHA-PAST-Port Alberni Youth Short Term Assessment and Response-Main Building-1st Floor","Port Alberni","Main Building","","1","ISLHTRP20260209-066","04/30/2030","Operational","","","","General Rounding","5050 Strathern Street","NTT-Deskside Services-WestCoast-Local","Laptop","LENOVO THINKPAD T14 GEN6",""
"LD071067","HSS-1032158","53NR6G3","VIHA-WCGH-West Coast General Hospital-Main Building-2nd Floor","Port Alberni","Main Building","WC2312","2","REQ0470647-RITM0493579-SCTASK0766074","04/30/2026","Operational","05/20/2026","For remote work","","General Rounding","Administration","NTT-Deskside Services-WestCoast-Staffed","Laptop","Dell LATITUDE 7420 V3",""
"LD071099","HSS-1032218","86FB6G3","VIHA-WCGH-West Coast General Hospital-Main Building-2nd Floor","Port Alberni","Main Building","WFH - Jasmine Meikle - WC2318","2","REQ0470648-RITM0493580-SCTASK0776407","04/30/2026","Operational","02/13/2024","","","Excluded","Administration","NTT-Deskside Services-WestCoast-Staffed","Laptop","Dell LATITUDE 7420 V3",""
"LD071363","HSS-8098487","PF61YL2H","VIHA-PAST-Port Alberni Youth Short Term Assessment and Response-Main Building-1st Floor","Port Alberni","Main Building","","1","ISLHTRP20260420-028","05/31/2030","Operational","","","","General Rounding","Y-Star Port Alberni","NTT-Deskside Services-WestCoast-Local","Laptop","LENOVO THINKPAD T14 GEN6 NT FPR 2x1","Laptop with docking station + 2 x 24"" monitors"
"LD071983","HSS-8099181","SD00NLQ6","VIHA-WCMHAS-West Coast Mental Health & Addiction Services-Main Building","Ucluelet","Main Building","WFH","1","ISLHTRP20260615-083","07/31/2030","Operational","","","","General Rounding","HPV Practice Support Team","NTT-Deskside Services-WestCoast-Remote","Laptop","LENOVO THINKPAD T14 GEN6 NT FPR 2x1","Work from home bundle"
"LD072273","HSS-1037828","7H9FLN3","VIHA-PARS-Port Alberni Redford Street-Mental Health and Addictions-1st Floor","Port Alberni","Main Building","'-","1","REQ0690047-RITM0724867-SCTASK1159649","12/31/2026","Operational","","","*Remote work from home bundle","Excluded","","NTT-Deskside Services-WestCoast-Local","Laptop","Dell LATITUDE 7420 V3","Dell laptop + 2 x 24"" Monitors + docking station"
"LD072298","HSS-8099157","SD00PFZP","VIHA-WCGH-West Coast General Hospital-Main Building-2nd Floor","Port Alberni","Main Building","2313","2","ISLHTRP20260615-059","07/31/2030","Operational","06/16/2026","","Delivered to 2313 for Heather to pick up updated CMDB","Excluded","Indigenous Health - WFH","NTT-Deskside Services-WestCoast-Staffed","Laptop","LENOVO THINKPAD T14 GEN6 NT FPR 2x1",""
"LD073165","HSS-8099164","SD00PH21","VIHA-PAIHN-Port Alberni Integrated Health Network-Main Building","Port Alberni","Main Building","Admin","1","ISLHTRP20260615-066","07/31/2030","Operational","","","","Excluded","Primary Care","NTT-Deskside Services-WestCoast-Local","Laptop","LENOVO THINKPAD T14 GEN6 NT FPR 2x1",""
"LD080045LEG","HSS-1036444","8BP4NN3","VIHA-PARS-Port Alberni Redford Street-Mental Health and Addictions-1st Floor","Port Alberni","Main Building","6 (WFH not yet assigned)","1","REQ0650267-RITM0683143-SCTASK1072980","11/30/2026","Operational","01/26/2023","","","Excluded"," ","NTT-Deskside Services-WestCoast-Local","Laptop","Dell LATITUDE 7420 V3","Work from home bundle."
"LD080067","HSS-1036544","86CJLN3","VIHA-PAHC-Port Alberni Health Centre-Main Building-1st Floor","Port Alberni","Main Building","Main Room","1","REQ0650273-RITM0683149-SCTASK1081595","11/30/2026","Operational","03/05/2026","*For remote work","Main room when onsite","General Rounding","4259 6th Ave","NTT-Deskside Services-WestCoast-Local","Laptop","Dell LATITUDE 7420 V3","Laptop, docking station + 1 24"" monitor."
"LD080068","HSS-1036545","8Y0JLN3","VIHA-PARS-Port Alberni Redford Street-Mental Health and Addictions-1st Floor","Port Alberni","Main Building","Team Room","1","REQ0638575-RITM0670787-SCTASK1081656","11/30/2026","Operational","04/28/2026","","","General Rounding","Mental Health & Substance Abuse","NTT-Deskside Services-WestCoast-Local","Laptop","Dell LATITUDE 7420 V3",""
"LD080123","HSS-8099143","PF61LG2N","VIHA-WCGH-West Coast General Hospital-Main Building","Port Alberni","Main Building","2902","2","ISLHTRP20260615-096","06/30/2030","Operational","06/25/2026","","","Excluded","LDRP","NTT-Deskside Services-WestCoast-Staffed","Laptop","LENOVO THINKPAD T14 GEN6 NT FPR 2x1",""
"LD080462","HSS-1041671","F2L3NN3","VIHA-TGH-Tofino General Hospital-Main Building-Basement 1","Tofino","Main Building","'-Home and Community / Liaison","0","REQ0858264-RITM0901685-SCTASK1445106","05/31/2027","Operational","12/05/2025","","","General Rounding","Home and Community Care","NTT-Deskside Services-WestCoast-Remote","Laptop","Dell LATITUDE 7420 V3",""
"LD080700","HSS-8098460","PF61YZKL","VIHA-PACDF-Port Alberni Community Dialysis Facility-Main Building","Port Alberni","","","","ISLHTRP20260420-001","05/31/2030","Operational","","","","","","NTT-Deskside Services-WestCoast-Local","Laptop","LENOVO THINKPAD T14 GEN6 NT FPR 2x1",""
"LD081052","HSS-1047798","D88JVW3","VIHA-PARS-Port Alberni Redford Street-Mental Health and Addictions-1st Floor","Port Alberni","Main Building","1","1","REQ1397579-RITM1474313-SCTASK2445277","10/31/2028","Operational","04/28/2026","","","General Rounding","MCC PA Westcoast Admin Support","NTT-Deskside Services-WestCoast-Local","Laptop","Dell LATITUDE 7440 V7",""
"LD081159","HSS-1048281","3572WH3","VIHA-WCGH-West Coast General Hospital","Port Alberni","Main Building","WFH","2","REQ1485983-RITM1567785-SCTASK2562852","11/30/2028","Operational","04/17/2026","RITM1567785 - Shiplink 25137 - Purolator 334998914009 - shipped from RJH to CVH.","Onsited at WCGH 2302B for pickup by client - 02/04/2026 SV","Excluded","COV Nurse Patient Ratios","NTT-Deskside Services-WestCoast-Staffed","Laptop","Dell LATITUDE 7450 V4","WFH"
"LD081357","HSS-1049968","59Z3WH3","VIHA-PAST-Port Alberni Youth Short Term Assessment and Response-Main Building-1st Floor","Port Alberni","Main Building","Admin Area","1","REQ1638920-RITM1729620-SCTASK2777947","12/31/2028","Operational","06/02/2025","","","General Rounding","5050 Strathern Street","NTT-Deskside Services-WestCoast-Local","Laptop","Dell LATITUDE 7450 V4",""
"LD081386","HSS-1110039","B5L2WH3","VIHA-PAHC-Port Alberni Health Centre-Main Building-2nd Floor","Port Alberni","Main Building","201","2","REQ1641282-RITM1732123-SCTASK2808062","12/31/2028","Operational","03/05/2026","","","General Rounding","4152 Redford Street","NTT-Deskside Services-WestCoast-Local","Laptop","Dell LATITUDE 7450 V4",""
"LD085036","HSS-1038393","4Y7KLN3","VIHA-PARS-Port Alberni Redford Street-Mental Health and Addictions-1st Floor","Port Alberni","Main Building","WFH - DASW Educator","1","REQ0721991-RITM0758707-SCTASK1195504","01/31/2027","Operational","02/27/2026","RITM0758707 - Oct 19, 2022.","","Excluded","4152 Redford St","NTT-Deskside Services-WestCoast-Local","Laptop","Dell LATITUDE 7420 V3","Remote work from home bundle - 1 laptop, 1 monitor, peripherals."
"LD085226","HSS-1040933","DB23NN3","VIHA-WCGH-West Coast General Hospital-Main Building-2nd Floor","Port Alberni","Main Building","WC2105","2","REQ0830358-RITM0872437-SCTASK1380147","05/31/2027","Operational","08/12/2026","Deployed to WCGH - room 2105 as per SCTASK1395776","Room 2105, next to the Admitting Clerk office.","General Rounding","Mental Health & Addiction Services","NTT-Deskside Services-WestCoast-Staffed","Laptop","Dell LATITUDE 7420 V3",""
"LD085671","HSS-1044718","CC56SV3","VIHA-PARS-Port Alberni Redford Street-Mental Health and Addictions-1st Floor","Port Alberni","Main Building","13 (Catherine Collicott - Team Lead)","1","REQ1112601-RITM1170973-SCTASK1937680","12/31/2027","Operational","04/28/2026","","201 - 4152 Redford St. �Port Alberni","General Rounding","Mental Health & Substance Abuse","NTT-Deskside Services-WestCoast-Local","Laptop","DELL LATITUDE 7440 V2",""
"LD086052","HSS-1046519","BZBYCW3","VIHA-PAHC-Port Alberni Health Centre-Main Building-1st Floor","Port Alberni","Main Building","3","1","REQ1284072-RITM1353992-SCTASK2189684","06/30/2028","Operational","03/05/2026","1 x laptop, 1 x docking station, 2 x monitors.","4259 6th Ave","General Rounding","CHS Port Alberni Rehab","NTT-Deskside Services-WestCoast-Local","Laptop","Dell LATITUDE 7440 V7",""
"LD086080","HSS-1046532","9MXPCW3","VIHA-WCGH-West Coast General Hospital-Main Building-2nd Floor","Port Alberni","Main Building","2403","2","REQ1304119-RITM1375288-SCTASK2213351","06/30/2028","Operational","07/24/2026","1 laptop, 1 docking station, and 1 external monitor.","","General Rounding","PHC West Coast Indigenous Hlth","NTT-Deskside Services-WestCoast-Staffed","Laptop","Dell LATITUDE 7440 V7","Laptop device for remote work - Deployed (drop-off) with client, as per SCTASK2252541 - 27-may-24 - Roman Frank - tech."
"LD086133","HSS-1046812","3FNSCW3","VIHA-PAHC-Port Alberni Health Centre","Port Alberni","","","","REQ1330423-RITM1403095-SCTASK2254254","06/30/2028","Operational","","6-june-24: Deployed to site location as per SCTASK2282145 - Roman Frank - Tech.","","Excluded","","NTT-Deskside Services-WestCoast-Local","Laptop","Dell LATITUDE 7440 V7","Dell laptop workstation bundle - 1 laptop, 1 docking station and 2 x 24"" monitors"
"LD086199","HSS-1047123","GFSQCW3","VIHA-TGH-Tofino General Hospital-Main Building-1st Floor","Tofino","Main Building","218","1","REQ1359671-RITM1434147-SCTASK2302018","07/31/2028","Operational","07/30/2025","","","General Rounding","WFH - Valerie Firminger","NTT-Deskside Services-WestCoast-Remote","Laptop","Dell LATITUDE 7440 V7",""
"LD090317","HSS-1041618","4CF6NN3","VIHA-PARS-Port Alberni Redford Street-Mental Health and Addictions-1st Floor","Port Alberni","Main Building","main room","1","REQ0853411-RITM0896514-SCTASK1435695","05/31/2027","Operational","04/28/2026","","","General Rounding","Dietitians","NTT-Deskside Services-WestCoast-Local","Laptop","Dell LATITUDE 7420 V3",""
"LD090410","HSS-1045225","1BFKVH3","VIHA-PAST-Port Alberni Youth Short Term Assessment and Response-Main Building-1st Floor","Port Alberni","Main Building","Admin","1","REQ1200193-RITM1264020-SCTASK2040617","02/29/2028","Operational","06/02/2025","","","General Rounding","5050 Strathern Street","NTT-Deskside Services-WestCoast-Local","Laptop","DELL LATITUDE 7440 V2",""
"LD090411","HSS-1045223","JN889W3","VIHA-TGH-Tofino General Hospital-Main Building-Basement 1","Tofino","Main Building","TGH - Home and Community care","1","REQ1208661-RITM1273073-SCTASK2040627","02/29/2028","Operational","01/29/2026","","","General Rounding","261 Neill St","NTT-Deskside Services-WestCoast-Remote","Laptop","DELL LATITUDE 7440 V2","11-mar-24: Deployed to Community Care and Social Work office - TGH - basement - as per SCTASK2098837 - Roman Frank - tech."
"LD090455","HSS-1045400","6LW99W3","VIHA-WCGH-West Coast General Hospital","Port Alberni","Main","2270","1","REQ1220014-RITM1285204-SCTASK2068947","02/29/2028","Operational","","","","Excluded","","NTT-Deskside Services-WestCoast-Staffed","Laptop","DELL LATITUDE 7440 V2","21-feb-24: Bundle delivered to room 2270 at WCGH - as per task.  Bundle is WFH bundle, and will be excluded from rounding.  (SCTASK2087553) - Roman Frank - tech."
"LD090905","HSS-1047027","GXTSCW3","VIHA-UPR-Ucluelet Peninsula Road-Community Health Centre-2nd Floor","Ucluelet","Main Building","Admin","2","REQ1351669-RITM1425666-SCTASK2284147","06/30/2028","Operational","02/18/2026","","Was rounded on Friday Feb 13th 2026 at this location ","General Rounding","MCC West Coast Community MHSU","NTT-Deskside Services-WestCoast-Remote","Laptop","Dell LATITUDE 7440 V7",""
"LD091165","HSS-1047734","1DXHVW3","VIHA-WRC-Westhaven-Main Building-1st Floor","Port Alberni","Main Building","WH1004","1","REQ1416742-RITM1494593-SCTASK2417557","10/31/2028","Operational","08/05/2026","","","General Rounding","3949 Port Alberni Hwy","NTT-Deskside Services-WestCoast-Staffed","Laptop","Dell LATITUDE 7440 V7",""
"LD091664","HSS-1048956","BB0XVH3","VIHA-WCGH-West Coast General Hospital","Port Alberni","WFH","","2","REQ1561285-RITM1647339-SCTASK2656871","01/31/2029","Operational","05/26/2025","RITM1647339","Client is Work From Home - Port Alberni","Excluded","COV Respectful Workplace","NTT-Deskside Services-WestCoast-Staffed","Laptop","Dell LATITUDE 7450 V4",""
"LD093077","HSS-1048743","9Z9WVH3","VIHA-PAMHAS-Port Alberni Mental Health & Addiction Services-Main Building-1st Floor","Port Alberni","Main Building","7","1","REQ1551620-RITM1637137-SCTASK2635722","12/31/2028","Operational","07/24/2026","","","General Rounding","4780 Roger St.","NTT-Deskside Services-WestCoast-Local","Laptop","Dell LATITUDE 7450 V4",""
"LD093141","HSS-1049005","HPVSQW3","VIHA-WCGH-West Coast General Hospital-Main Building-1st Floor","Port Alberni","Main Building","1540","1","REQ1342218-RITM1415532-SCTASK2664028","01/31/2029","Operational","01/20/2026","","","General Rounding","WCG Housekeeping","NTT-Deskside Services-WestCoast-Staffed","Laptop","Dell LATITUDE 7440 V7",""
"LD1000304","HSS-8096637","PF5S01S1","VIHA-PAMHAS-Port Alberni Mental Health & Addiction Services-Main Building-1st Floor","Port Alberni","Main Building","Admin","0","ISLHTRP20251124-057","12/31/2029","Operational","07/24/2026","","","General Rounding","4780 Roger St.","NTT-Deskside Services-WestCoast-Local","Laptop","LENOVO THINKPAD T14",""
"LD1000416","HSS-8097515","PF5WSYD1","VIHA-PARS-Port Alberni Redford Street-Mental Health and Addictions-1st Floor","Port Alberni","Main Building","Hop 4","1","ISLHTRP20260209-057","04/30/2030","Operational","04/28/2026","","Behind Mcdonalds","General Rounding","Mental Health & Substance Abuse","NTT-Deskside Services-WestCoast-Local","Laptop","LENOVO THINKPAD T14 GEN6",""
"LD1000417","HSS-8098489","PF61YL38","VIHA-WCGH-West Coast General Hospital-Main Building-2nd Floor","Port Alberni","Main Building","2163","2","ISLHTRP20260420-030","05/31/2030","Operational","07/02/2026","","","General Rounding","Operating Room","NTT-Deskside Services-WestCoast-Staffed","Laptop","LENOVO THINKPAD T14 GEN6 NT FPR 2x1",""
"LD100152","HSS-1040030","FD2KLN3","VIHA-PAHC-Port Alberni Health Centre-Main Building-1st Floor","Port Alberni","Main Building","Natasha's Office","1","REQ0787823-RITM0827671-SCTASK1308130","12/31/2026","Operational","03/05/2026","","","General Rounding","PHC Public Health Admin","NTT-Deskside Services-WestCoast-Local","Laptop","Dell LATITUDE 7420 V3",""
"LD100751","HSS-1043949","356LTV3","VIHA-WCGH-West Coast General Hospital-Main Building-2nd Floor","Port Alberni","Main Building","WC2403","2","REQ1075834-RITM1132085-SCTASK1823778","10/31/2027","Operational","07/30/2026","","","General Rounding","First Nations Advocate","NTT-Deskside Services-WestCoast-Staffed","Laptop","Dell LATITUDE 7430 V1",""
"LD100753","HSS-1044007","6JZLBZ3","VIHA-PAST-Port Alberni Youth Short Term Assessment and Response-Main Building-1st Floor","Port Alberni","Main Building","Admin","1","REQ1078633-RITM1135142-SCTASK1823849","10/31/2027","Operational","08/01/2025","","","General Rounding","5050 Strathern Street","NTT-Deskside Services-WestCoast-Local","Laptop","DELL LATITUDE 7440 V2",""
"LD100754","HSS-1044008","6LDZFY3","VIHA-PAST-Port Alberni Youth Short Term Assessment and Response-Main Building-1st Floor","Port Alberni","Main Building","Admin","1","REQ1078626-RITM1135135-SCTASK1823991","10/31/2027","Operational","04/28/2025","","","General Rounding","5050 Strathern Street","NTT-Deskside Services-WestCoast-Local","Laptop","DELL LATITUDE 7440 V2","asset deployed as per SCTASK1849701 "
"LD101150","HSS-1044690","2C91SV3","VIHA-WCGH-West Coast General Hospital","Port Alberni","Main Building","WC2316","2","REQ1148184-RITM1208882-SCTASK1933432","12/31/2027","Operational","07/02/2026","Updated as shared asset for Indig. Support","Shared asset for dep, in desk until used ","General Rounding","PHV Indig Quality CSH Admin","NTT-Deskside Services-WestCoast-Staffed","Laptop","DELL LATITUDE 7440 V2",""
"LD101258","HSS-8095805","C5NQ774","VIHA-WCMHAS-West Coast Mental Health & Addiction Services-Main Building-1st Floor","Ucluelet","Main Building","2nd on right","1","ISLHTRP20250922-013","09/30/2029","Operational","","","","General Rounding","PA Westcoast Admin Support","NTT-Deskside Services-WestCoast-Remote","Laptop","Dell LATITUDE 7450 V4","Deployed at Ucluelet as per SCTASK2017011 - Roman Frank - tech
1 Dell laptop, 2 x 24"" monitors and docking station."
"LD101480","HSS-1046522","BJSQCW3","VIHA-WCGH-West Coast General Hospital-Main Building-2nd Floor","Port Alberni","Main Building","2403","2","REQ1304164-RITM1375335-SCTASK2204410","06/30/2028","Operational","07/02/2026","27-may-24: Deployed (drop-off) for remote work, as per SCTASK2252544 - Roman Frank - Tech.","","General Rounding","PHC West Coast Indigenous Hlth","NTT-Deskside Services-WestCoast-Staffed","Laptop","Dell LATITUDE 7440 V7","1 laptop, 1 docking station, 1 24"" external display monitor"
"LD101867","HSS-1046100","33BTCW3","VIHA-WCGH-West Coast General Hospital-Main Building-2nd Floor","Port Alberni","Main Building","2403","2","REQ1269099-RITM1338020-SCTASK2147775","04/30/2028","Operational","07/02/2026","Laptop + 1 monitor and docking station.","Deployed as per SCTASK2201294 - Roman Frank - tech - April 2024","General Rounding","ILN","NTT-Deskside Services-WestCoast-Staffed","Laptop","Dell LATITUDE 7440 V7","16-apr-24: Deployed as per SCTASK2147775 - Roman Frank - tech."
"LD102449","HSS-1047270","6X2WCW3","VIHA-UFT-Ucluelet Family Ties-Main Building-1st Floor","Ucluelet","Main Building","Main Floor","1","REQ1370624-RITM1445721-SCTASK2345217","09/30/2028","Operational","05/13/2025","","","General Rounding","272 Main St","NTT-Deskside Services-WestCoast-Remote","Laptop","Dell LATITUDE 7440 V7",""
"LD102652","HSS-1047747","J0LHVW3","VIHA-WCGH-West Coast General Hospital-Main Building-2nd Floor","Port Alberni","Main Building","2316","2","REQ1415180-RITM1492914-SCTASK2427792","10/31/2028","Operational","03/27/2026","","","General Rounding","PHC West Coast Indigenous Hlth","NTT-Deskside Services-WestCoast-Staffed","Laptop","Dell LATITUDE 7440 V7",""
"LD104752","HSS-1110347","2QBSFW3","VIHA-PAIHN-Port Alberni Integrated Health Network-Main Building-1st Floor","Port Alberni","Main Building","PA NP Clinic","1","REQ1671883-RITM1764501-SCTASK2834689","03/31/2029","Operational","05/06/2026","","","General Rounding","4711 Elizabeth St","NTT-Deskside Services-WestCoast-Local","Laptop","Dell LATITUDE 7450 V4",""
"LD104844","HSS-1110572","5VBSFW3","VIHA-PAMHAS-Port Alberni Mental Health & Addiction Services-Main Building-1st Floor","Port Alberni","Main Building","1","1","REQ1685166-RITM1778493-SCTASK2860743","03/31/2029","Operational","07/24/2026","","Admin","General Rounding","MCC PA Westcoast Admin Support","NTT-Deskside Services-WestCoast-Local","Laptop","Dell LATITUDE 7450 V4",""
"LD104845","HSS-1110575","7HPZFW3","VIHA-PAMHAS-Port Alberni Mental Health & Addiction Services-Main Building-1st Floor","Port Alberni","Main Building","1","1","REQ1685175-RITM1778502-SCTASK2860747","03/31/2029","Operational","07/24/2026","","Admin","General Rounding","MCC PA Westcoast Admin Support","NTT-Deskside Services-WestCoast-Local","Laptop","Dell LATITUDE 7450 V4",""
"LD105021","HSS-1110754","G8YHX64","VIHA-WCGH-West Coast General Hospital-Main Building-2nd Floor","Port Alberni","Main Building","2430","2","REQ1714840-RITM1809804-SCTASK2903506","03/31/2029","Operational","04/17/2026","","","General Rounding","WCGH Physio","NTT-Deskside Services-WestCoast-Staffed","Laptop","Dell LATITUDE 7450 V4",""
"LD105242","HSS-1111347","CSBSFW3","VIHA-PAIHN-Port Alberni Integrated Health Network-Main Building-1st Floor","Port Alberni","Main Building","WFH","1","REQ1770240-RITM1868242-SCTASK2997898","03/31/2029","Operational","05/06/2026","","Port Alberni Nurse Practitioner Clinic","Excluded","PCN Port Alberni","NTT-Deskside Services-WestCoast-Local","Laptop","Dell LATITUDE 7450 V4",""
"LD105300","HSS-1111435","GQHSFW3","VIHA-PAMHAS-Port Alberni Mental Health & Addiction Services-Main Building-1st Floor","Port Alberni","Main Building","1","1","REQ1778099-RITM1876582-SCTASK3012951","03/31/2029","Operational","03/12/2026","","4780 Roger St  Port Aberni - Admin ","General Rounding","ACV Med Staff Cred and Priv","NTT-Deskside Services-WestCoast-Local","Laptop","Dell LATITUDE 7450 V4",""
"LD105437","HSS-1111698","B5DJX64","VIHA-WCGH-West Coast General Hospital-Main Building-2nd Floor","Port Alberni","Main Building","WC2317","2","REQ1802852-RITM1902868-SCTASK3055833","03/31/2029","Operational","08/21/2026","","","General Rounding","Admin - Hospital Administration","NTT-Deskside Services-WestCoast-Staffed","Laptop","Dell LATITUDE 7450 V4",""
"LD105952","HSS-1940506","JQCJX64","VIHA-UPR-Ucluelet Peninsula Road-Community Health Centre-1st Floor","Ucluelet","Main Building","225","2","DMND0005390","03/31/2029","Operational","08/21/2026","","Moves between TGH and UPR","General Rounding","Admin","NTT-Deskside Services-WestCoast-Remote","Laptop","Dell Latitude 7450",""
"LD105953","HSS-1940507","634JX64","VIHA-UPR-Ucluelet Peninsula Road-Community Health Centre-2nd Floor","Ucluelet","Main Building","225","2","DMND0005390","03/31/2029","Operational","08/21/2026","","","General Rounding","Admin","NTT-Deskside Services-WestCoast-Remote","Laptop","Dell Latitude 7450",""
"LD105954","HSS-1940508","DHH4WH3","VIHA-UPR-Ucluelet Peninsula Road-Community Health Centre-1st Floor","Ucluelet","Main Building","225","1","DMND0005390","12/31/2028","Operational","08/21/2026","","","General Rounding","Admin","NTT-Deskside Services-WestCoast-Remote","Laptop","Dell LATITUDE 7450 V4",""
"LD105955","HSS-1940509","305P774","VIHA-UPR-Ucluelet Peninsula Road-Community Health Centre-1st Floor","Ucluelet","Main Building","225","1","DMND0005390","08/31/2029","Operational","08/21/2026","","","General Rounding","Admin","NTT-Deskside Services-WestCoast-Remote","Laptop","Dell LATITUDE 7450 V4",""
"LD106293","HSS-8059633","F826NN3","VIHA-UPR-Ucluelet Peninsula Road-Community Health Centre-1st Floor","Ucluelet","Main Building","122","1","REQ1985821-RITM2097253-SCTASK3379789","11/30/2026","Operational","01/09/2026","","","General Rounding","Admin","NTT-Deskside Services-WestCoast-Remote","Laptop","Dell LATITUDE 7420 V3",""
"LD106474","HSS-8100133","SD00699Q","VIHA-PAHCCS-Port Alberni Home & Community Care Services-Main Building-1st Floor","Port Alberni","Main Building","37","1","ISLHTRP20260817-080","","Operational","08/21/2026","","4259 Sixth Avenue","General Rounding","Community Health Services","NTT-Deskside Services-WestCoast-Local","Laptop","LENOVO THINKPAD T14 GEN6 NT FPR 2x1",""
"LD106634","HSS-8099165","SD00PJ7V","VIHA-PAMHAS-Port Alberni Mental Health & Addiction Services-Main Building","Port Alberni","4780 Roger St","Reception","Main","ISLHTRP20260615-067","07/31/2030","Operational","07/24/2026","","","General Rounding","MCC PA Westcoast Admin Support","NTT-Deskside Services-WestCoast-Local","Laptop","LENOVO THINKPAD T14 GEN6 NT FPR 2x1",""
"LD106635","HSS-8076886","1VVX4X3","VIHA-TGH-Tofino General Hospital","Tofino","Main Building","Physician's Room","1","REQ2050220-RITM2165348-SCTASK3468330","08/31/2027","Operational","","","","General Rounding","Amdin","NTT-Deskside Services-WestCoast-Remote","Laptop","Dell LATITUDE 7430 V1",""
"LD106765","HSS-8076893","BHTZ4X3","VIHA-WCGH-West Coast General Hospital","Port Alberni","Main Building","2460","2","REQ2068422-RITM2184888-SCTASK3510817","08/31/2027","Operational","08/31/2026","","","General Rounding","WCG Core Lab","NTT-Deskside Services-WestCoast-Staffed","Laptop","Dell LATITUDE 7430 V1",""
"LD106922","HSS-1038390","28XJLN3","VIHA-WCGH-West Coast General Hospital","Port Alberni","WCG Main","Pharmacy Manager Office","2","REQ2091474-RITM2209566-SCTASK3539362","02/28/2027","Operational","06/19/2026","","","Excluded","Pharmacy TGH","NTT-Deskside Services-WestCoast-Staffed","Laptop","Dell LATITUDE 7420 V3",""
"LD107427","HSS-8073535","96B2GK3","VIHA-UPR-Ucluelet Peninsula Road","Ucluelet","Main","117","1","REQ2156676-RITM2278733-SCTASK3653658","05/31/2027","Operational","08/21/2026","","Recieved SCTASK36726871","General Rounding","PCN Tofino PCN","NTT-Deskside Services-WestCoast-Remote","Laptop","Dell LATITUDE 7430 V1",""
"LD107438","HSS-8092447","8G93WH3","VIHA-PAIHN-Port Alberni Integrated Health Network-Main Building","Port Alberni","Main Building","Admin","1","REQ2165618-RITM2288216-SCTASK3657247","12/31/2028","Operational","","","","General Rounding","CSC Port Alberni","NTT-Deskside Services-WestCoast-Local","Laptop","Dell LATITUDE 7450 V4",""
"LD108018","HSS-1043341","HQQX4X3","VIHA-PAHCCS-Port Alberni Home & Community Care Services-Main Building","Port Alberni","Main Building","21","1","REQ2208489-RITM2333698-SCTASK3746247","08/31/2027","Operational","08/21/2026","","","General Rounding","CHS Port Alberni","NTT-Deskside Services-WestCoast-Local","Laptop","Dell LATITUDE 7430 V1",""
"LD108110","HSS-1049596","6DH4WH3","VIHA-WCGH-West Coast General Hospital","Port Alberni","Main Building","WFH","2","REQ2223800-RITM2349813-SCTASK3769935","12/31/2028","Operational","","","","Excluded","COV Legal Services","NTT-Deskside Services-WestCoast-Staffed","Laptop","Dell LATITUDE 7450 V4",""
"LD108246","HSS-8091711","8JLWVH3","VIHA-UFT-Ucluelet Family Ties-Main Building","Ucluelet","","Drop down office","","REQ2215035-RITM2340597-SCTASK3807142","12/31/2028","Operational","","","","Excluded","","NTT-Deskside Services-WestCoast-Remote","Laptop","Dell LATITUDE 7450 V4","WFH Device"
"PC020973","HSS-8099176","MZ03FQ1E","VIHA-WCGH-West Coast General Hospital-Main Building-2nd Floor","Port Alberni","Main Building","WC2504","2","ISLHTRP20260615-078","07/31/2030","Operational","07/24/2026","","","General Rounding","Pharmacy","NTT-Deskside Services-WestCoast-Staffed","Desktop","LENOVO THINKCENTRE M90Q GEN6",""
"PC021494","HSS-8059154","6W05VH3","VIHA-BAM-Bamfield Health Centre-Main Building-1st Floor","Bamfield","Main Building","Telehealth room","1","VIHATRP20220613-010","12/31/2026","Operational","07/10/2026","Telehealth Cart","","General Rounding","Nursing","NTT-Deskside Services-WestCoast-Remote","Desktop","Dell OPTIPLEX 7090 MICRO V1","PC021494"
"PC021638","HSS-8097521","MZ034L01","VIHA-WCGH-West Coast General Hospital-Main Building-2nd Floor","Port Alberni","Main Building","WC2491","2","ISLHTRP20260209-063","04/30/2030","Operational","08/31/2026","","","General Rounding","Pharmacy","NTT-Deskside Services-WestCoast-Staffed","Desktop","LENOVO M90q Gen 5 Desktop 512HD",""
"PC026148","HSS-8079394","3BYVPR3","VIHA-WCGH-West Coast General Hospital-Main Building-2nd Floor","Port Alberni","Main Building","MedS/Surg Roundabout","2","VIHATRP20230916-074","06/30/2027","Operational","08/12/2026","","","General Rounding","MedSurg Nurse's Station","NTT-Deskside Services-WestCoast-Staffed","Desktop","Dell OPTIPLEX 7000 MICRO V1","WCGH MedSurg Nurse Station"
"PC026224","HSS-8068965","4ZFQQN3","VIHA-ULS-Ucluelet Lab Services-Main Building-1st Floor","Ucluelet","Main Building","Lab","1","VIHATRP20221121-095","01/31/2027","Operational","05/13/2025","Lent by: David Potvin
Lent to: Anna Bichel
INC: INC1912905
Date 30-NOV-2022","Sent to VIHA-ULS-Ucluelet Lab Services-Main Building oringally CVH stock","General Rounding","1566 Peninsula Rd","NTT-Deskside Services-WestCoast-Remote","Desktop","Dell OPTIPLEX 7000 MICRO V1",""
"PC027591","HSS-8072027","DYJMPR3","VIHA-PAHC-Port Alberni Health Centre-Main Building-1st Floor","Port Alberni","Main Building","BREAK ROOM/CHW Room","1","VIHATRP20230213-007","04/30/2027","Operational","03/05/2026","","","General Rounding","PAHC","NTT-Deskside Services-WestCoast-Local","Desktop","Dell OPTIPLEX 7000 MICRO V1",""
"PC029481","HSS-8086158","55S7D14","VIHA-TGH-Tofino General Hospital-Main Building-Basement 1","Tofino","Main Building","Nutrition Services","1","VIHATRP20240429-038","06/30/2028","Operational","01/29/2026","","","General Rounding","CINI Food Servics Admin","NTT-Deskside Services-WestCoast-Remote","Desktop","Dell OptiPlex Micro Plus 7010 V2",""
"PC030728","HSS-8086135","6KCX624","VIHA-TGH-Tofino General Hospital-Main Building-1st Floor","Tofino","Main Building","Patient Lounge Room 10","1","VIHATRP20240429-015","06/30/2028","Operational","01/09/2026","","","General Rounding","Admin","NTT-Deskside Services-WestCoast-Remote","Desktop","Dell OptiPlex Micro Plus 7010 V2","LENOVO THNKCNT M920q i5-8500 2.1GHz 8GB"
"PC030893","HSS-8100128","MZ03FPY9","VIHA-WCGH-West Coast General Hospital-Main Building-2nd Floor","Port Alberni","Main Building","WCAmbulatory Care","2","ISLHTRP20260817-075","","Operational","08/21/2026","","","General Rounding","Med/Surg","NTT-Deskside Services-WestCoast-Staffed","Desktop","LENOVO THINKCENTRE M90Q GEN6",""
"PC030894","HSS-8100153","MZ03FPZG","VIHA-WCGH-West Coast General Hospital-Main Building-2nd Floor","Port Alberni","Main Building","2500 - WC-Pharmacy","2nd","ISLHTRP20260817-100","","Operational","08/31/2026","","","General Rounding","Pharmacy","NTT-Deskside Services-WestCoast-Staffed","Desktop","LENOVO THINKCENTRE M90Q GEN6",""
"PC030895","HSS-8086167","D3S7D14","VIHA-WRC-Westhaven-Main Building-1st Floor","Port Alberni","Main Building","WHNursing station","1","VIHATRP20240429-047","06/30/2028","Operational","08/05/2026","","","General Rounding","Westhaven","NTT-Deskside Services-WestCoast-Staffed","Desktop","Dell OptiPlex Micro Plus 7010 V2","LENOVO THINKCENTRE M910q i5-7500T 2.5GHZ"
"PC030896","HSS-8078493","GF0LPR3","VIHA-WCGH-West Coast General Hospital-Main Building-2nd Floor","Port Alberni","Main Building","WC2491","2","VIHATRP20230918-081","06/30/2027","Operational","08/31/2026","Please NOTE that the following software applications are incompatible with the Cerner 724 Downtime application:
-Downtime Patient Index (DTPI)
-Dragon Medical One Extensions (DMO)
-Imprivata OneSign Software/Card Reader (Tap In/Out)
-Inteleviewer (Medical Imaging)

If the software is requested to be installed, the Incident or Request should be assigned to the ""VIHA-Client Experience"" assignment group so the request can be evaluated.","Dispensary","Critical Clinical","Pharmacy","NTT-Deskside Services-WestCoast-Staffed","Desktop","Dell OPTIPLEX 7000 MICRO V1","LENOVO THINKCENTRE M910q i5-7500T 2.5GHZ"
"PC030897","HSS-8086130","8KCX624","VIHA-WRC-Westhaven-Main Building-1st Floor","Port Alberni","Main Building","WH1004","1","VIHATRP20240429-010","06/30/2028","Operational","08/05/2026","","","General Rounding","Westhaven","NTT-Deskside Services-WestCoast-Staffed","Desktop","Dell OptiPlex Micro Plus 7010 V2",""
"PC030898","HSS-8073667","HTL3KQ3","VIHA-PAHCCS-Port Alberni Home & Community Care Services-Main Building-1st Floor","Port Alberni","Main Building","Receptiion","1","VIHATRP20230417-036","05/31/2027","Operational","08/21/2026","","","General Rounding","Administration","NTT-Deskside Services-WestCoast-Local","Desktop","Dell OPTIPLEX 7000 MICRO V1","LENOVO THINKCENTRE M910q i5-7500T 2.5GHZ"
"PC031582","HSS-8089566","4P97D14","VIHA-PARS-Port Alberni Redford Street-Mental Health and Addictions-1st Floor","Port Alberni","Main Building","Clinic 3","1","VIHATRP20240909-056","10/31/2028","Operational","04/28/2026","","","General Rounding","CYF CI North/West","NTT-Deskside Services-WestCoast-Local","Desktop","Dell OptiPlex Micro Plus 7010 V2",""
"PC031583","HSS-8058642","JF67VH3","VIHA-PAHC-Port Alberni Health Centre-Main Building-1st Floor","Port Alberni","Main Building","2","1","VIHATRP20220505-056","09/30/2026","Operational","11/13/2025","","","General Rounding","PAHC","NTT-Deskside Services-WestCoast-Local","Desktop","Dell OPTIPLEX 7090 MICRO V1",""
"PC031584","HSS-8078446","9F0LPR3","VIHA-PAHC-Port Alberni Health Centre-Main Building-2nd Floor","Port Alberni","Main Building","2nd Admin desk","2","VIHATRP20230918-034","06/30/2027","Operational","03/05/2026","","","General Rounding","Public Health Admin","NTT-Deskside Services-WestCoast-Local","Desktop","Dell OPTIPLEX 7000 MICRO V1",""
"PC031589","HSS-8072023","82KMPR3","VIHA-PAHC-Port Alberni Health Centre-Main Building-1st Floor","Port Alberni","Main Building","Clinic Room 1","1","VIHATRP20230213-003","04/30/2027","Operational","03/05/2026","","","General Rounding","PAHC","NTT-Deskside Services-WestCoast-Local","Desktop","Dell OPTIPLEX 7000 MICRO V1",""
"PC031593","HSS-8099177","MZ03FPYB","VIHA-WCGH-West Coast General Hospital-Main Building-2nd Floor","Port Alberni","Main Building","WC2215 (Report Room B)","2","ISLHTRP20260615-079","07/31/2030","Operational","08/31/2026","","","General Rounding","Med/Surg","NTT-Deskside Services-WestCoast-Staffed","Desktop","LENOVO THINKCENTRE M90Q GEN6",""
"PC031594","HSS-8099174","MZ03FQ3B","VIHA-WCGH-West Coast General Hospital-Main Building-2nd Floor","Port Alberni","Main Building","WC2345","2","ISLHTRP20260615-076","07/31/2030","Operational","07/30/2026","","","General Rounding","Educator Office","NTT-Deskside Services-WestCoast-Staffed","Desktop","LENOVO THINKCENTRE M90Q GEN6",""
"PC031596","HSS-8086192","5LCX624","VIHA-WCGH-West Coast General Hospital-Main Building-2nd Floor","Port Alberni","Main Building","WCOR - Surgical Desk","2","VIHATRP20240429-072","06/30/2028","Operational","08/31/2026","Please NOTE that the following software applications are incompatible with the Cerner 724 Downtime application:
-Downtime Patient Index (DTPI)
-Dragon Medical One Extensions (DMO)
-Imprivata OneSign Software/Card Reader (Tap In/Out)
-Inteleviewer (Medical Imaging)

If the software is requested to be installed, the Incident or Request should be assigned to the ""VIHA-Client Experience"" assignment group so the request can be evaluated.","OR-Inside room counter","Critical Clinical","Operating Room","NTT-Deskside Services-WestCoast-Staffed","Desktop","Dell OptiPlex Micro Plus 7010 V2","LENOVO THNKCNT M920q i5-8500 2.1GHz 8GB"
"PC031598","HSS-8068756","7Q23XP3","VIHA-WCGH-West Coast General Hospital-Main Building-2nd Floor","Port Alberni","Main Building","WC2330","2","VIHATRP20221114-036","01/31/2027","Operational","08/31/2026","","","General Rounding","Computer Lab","NTT-Deskside Services-WestCoast-Staffed","Desktop","Dell OPTIPLEX 7000 MICRO V1",""
"PC031599","HSS-8086191","JJCX624","VIHA-WCGH-West Coast General Hospital-Main Building-2nd Floor","Port Alberni","Main Building","WC2318- Administration","2","VIHATRP20240429-071","06/30/2028","Operational","08/12/2026","","","General Rounding","NI/CI Hospital Adm","NTT-Deskside Services-WestCoast-Staffed","Desktop","Dell OptiPlex Micro Plus 7010 V2",""
"PC031601","HSS-8091647","27BQK44","VIHA-WCGH-West Coast General Hospital-Main Building-2nd Floor","Port Alberni","Main Building","WC2330","2","VIHATRP20241209-016","01/31/2029","Operational","08/21/2026","","","General Rounding","Administration","NTT-Deskside Services-WestCoast-Staffed","Desktop","Dell OptiPlex Micro Plus 7020 V1",""
"PC031602","HSS-8068755","3DW2XP3","VIHA-WCGH-West Coast General Hospital-Main Building-2nd Floor","Port Alberni","Main Building","WC2330","2","VIHATRP20221114-035","01/31/2027","Operational","08/31/2026","","","General Rounding","Computer Lab","NTT-Deskside Services-WestCoast-Staffed","Desktop","Dell OPTIPLEX 7000 MICRO V1",""
"PC031603","HSS-8078463","F0BVPR3","VIHA-WCGH-West Coast General Hospital-Main Building-2nd Floor","Port Alberni","Main Building","WC2330","2","VIHATRP20230918-051","06/30/2027","Operational","08/21/2026","","","General Rounding","Administration","NTT-Deskside Services-WestCoast-Staffed","Desktop","Dell OPTIPLEX 7000 MICRO V1","CUSTOMER OWNED CTO DESKTOP TC M910Q I5-7"
"PC031604","HSS-8086196","9JCX624","VIHA-WCGH-West Coast General Hospital-Main Building-2nd Floor","Port Alberni","Main Building","WC2161","2","VIHATRP20240429-076","06/30/2028","Operational","06/25/2026","","","General Rounding","Admitting","NTT-Deskside Services-WestCoast-Staffed","Desktop","Dell OptiPlex Micro Plus 7010 V2",""
"PC031605","HSS-8068768","78W2XP3","VIHA-WCGH-West Coast General Hospital-Main Building-1st Floor","Port Alberni","Main Building","WC1475","1","VIHATRP20221114-048","01/31/2027","Operational","07/30/2026","","","General Rounding","Plant Maintenance","NTT-Deskside Services-WestCoast-Staffed","Desktop","Dell OPTIPLEX 7000 MICRO V1",""
"PC031607","HSS-8078460","G8QLPR3","VIHA-WCGH-West Coast General Hospital-Main Building-2nd Floor","Port Alberni","Main Building","WC2330","2","VIHATRP20230918-048","06/30/2027","Operational","08/21/2026","","","General Rounding","Administration","NTT-Deskside Services-WestCoast-Staffed","Desktop","Dell OPTIPLEX 7000 MICRO V1","LENOVO THINKCENTRE M910q i5-7500T 2.5GHZ"
"PC031608","HSS-8068751","JR23XP3","VIHA-WCGH-West Coast General Hospital-Main Building-2nd Floor","Port Alberni","Main Building","WC2330","2","VIHATRP20221114-031","01/31/2027","Operational","07/30/2026","","","General Rounding","Administration","NTT-Deskside Services-WestCoast-Staffed","Desktop","Dell OPTIPLEX 7000 MICRO V1",""
"PC031609","HSS-8091648","F9FQK44","VIHA-WCGH-West Coast General Hospital-Main Building-2nd Floor","Port Alberni","Main Building","WC2431 - User: Arden Schiller","2","VIHATRP20241209-017","01/31/2029","Operational","07/24/2026","","","General Rounding","WCG Rehab","NTT-Deskside Services-WestCoast-Staffed","Desktop","Dell OptiPlex Micro Plus 7020 V1",""
"PC032005","HSS-8072028","35XKPR3","VIHA-PAHC-Port Alberni Health Centre-Main Building-1st Floor","Port Alberni","Main Building","Reception Office","1","VIHATRP20230213-008","04/30/2027","Operational","03/05/2026","","","General Rounding","PAHC","NTT-Deskside Services-WestCoast-Local","Desktop","Dell OPTIPLEX 7000 MICRO V1",""
"PC032057","HSS-8072035","B99FLN3","VIHA-PAMHAS-Port Alberni Mental Health & Addiction Services-Main Building-1st Floor","Port Alberni","Main Building","Front Meeting Room (Intake Off","1","VIHATRP20230213-015","05/31/2027","Operational","03/12/2026","","","General Rounding","4780 Roger St","NTT-Deskside Services-WestCoast-Local","Laptop","Dell LATITUDE 7420 V3",""
"PC032060","HSS-8072063","H6DGLN3","VIHA-PAMHAS-Port Alberni Mental Health & Addiction Services-Main Building-1st Floor","Port Alberni","Main Building","2","1","VIHATRP20230213-043","05/31/2027","Operational","03/12/2026","","","General Rounding","4780 Roger St.","NTT-Deskside Services-WestCoast-Local","Laptop","Dell LATITUDE 7420 V3",""
"PC032067","HSS-8068760","FNZ2XP3","VIHA-WCGH-West Coast General Hospital-Main Building-2nd Floor","Port Alberni","Main Building","WC2330","2","VIHATRP20221114-040","01/31/2027","Operational","08/21/2026","","","General Rounding","Administration","NTT-Deskside Services-WestCoast-Staffed","Desktop","Dell OPTIPLEX 7000 MICRO V1",""
"PC032068","HSS-8078467","6XQVPR3","VIHA-WCGH-West Coast General Hospital-Main Building-2nd Floor","Port Alberni","Main Building","WC2330","2","VIHATRP20230918-055","06/30/2027","Operational","04/09/2026","","","General Rounding","Administration","NTT-Deskside Services-WestCoast-Staffed","Desktop","Dell OPTIPLEX 7000 MICRO V1","LENOVO THINKCENTRE M910q i5-7500T 2.5GHZ"
"PC032069","HSS-8078462","233LPR3","VIHA-WCGH-West Coast General Hospital-Main Building-2nd Floor","Port Alberni","Main Building","WC2330","2","VIHATRP20230918-050","06/30/2027","Operational","07/30/2026","","","General Rounding","Administration","NTT-Deskside Services-WestCoast-Staffed","Desktop","Dell OPTIPLEX 7000 MICRO V1","LENOVO THINKCENTRE M910q i5-7500T 2.5GHZ"
"PC032072","HSS-8068757","5Q23XP3","VIHA-WCGH-West Coast General Hospital-Main Building-2nd Floor","Port Alberni","Main Building","WCER - WCGH Emergency Department - near medicine c","2","VIHATRP20221114-037","01/31/2027","Operational","08/05/2026","","","General Rounding","Emergency Department","NTT-Deskside Services-WestCoast-Staffed","Desktop","Dell OPTIPLEX 7000 MICRO V1",""
"PC032073","HSS-8078472","24VVPR3","VIHA-WCGH-West Coast General Hospital-Main Building-2nd Floor","Port Alberni","Main Building","WCER - Emergency Department on filing cabinet near","2","VIHATRP20230918-060","06/30/2027","Operational","08/31/2026","Please NOTE that the following software applications are incompatible with the Cerner 724 Downtime application:
-Downtime Patient Index (DTPI)
-Dragon Medical One Extensions (DMO)
-Imprivata OneSign Software/Card Reader (Tap In/Out)
-Inteleviewer (Medical Imaging)

If the software is requested to be installed, the Incident or Request should be assigned to the ""VIHA-Client Experience"" assignment group so the request can be evaluated.","ED-WCG-Nursing station -on left facing supplyroom","Critical Clinical","Emergency","NTT-Deskside Services-WestCoast-Staffed","Desktop","Dell OPTIPLEX 7000 MICRO V1","LENOVO THINKCENTRE M910q i5-7500T 2.5GHZ"
"PC032074","HSS-8086164","4KCX624","VIHA-WCGH-West Coast General Hospital-Main Building-1st Floor","Port Alberni","Main Building","WC1471C","1","VIHATRP20240429-044","06/30/2028","Operational","07/30/2026","","","General Rounding","Facilities Admin","NTT-Deskside Services-WestCoast-Staffed","Desktop","Dell OptiPlex Micro Plus 7010 V2",""
"PC032075","HSS-8089577","8FP6D14","VIHA-WCGH-West Coast General Hospital-Main Building-2nd Floor","Port Alberni","Main Building","WC2450","2","VIHATRP20240909-067","10/31/2028","Operational","08/31/2026","","","General Rounding","Pre-Analytics & Central Lab","NTT-Deskside Services-WestCoast-Staffed","Desktop","Dell OptiPlex Micro Plus 7010 V2",""
"PC032076","HSS-8095795","HNKJZ44","VIHA-WCGH-West Coast General Hospital-Main Building-2nd Floor","Port Alberni","Main Building","WC2462","2","ISLHTRP20250922-002","03/31/2029","Operational","08/31/2026","","","General Rounding","Lab","NTT-Deskside Services-WestCoast-Staffed","Desktop","Dell OptiPlex Micro Plus 7020 V1",""
"PC032077","HSS-8099175","MZ03FQ1Q","VIHA-WCGH-West Coast General Hospital-Main Building-2nd Floor","Port Alberni","Main Building","WC2454","2","ISLHTRP20260615-077","07/31/2030","Operational","08/31/2026","","","General Rounding","Laboratory","NTT-Deskside Services-WestCoast-Staffed","Desktop","LENOVO THINKCENTRE M90Q GEN6",""
"PC032078","HSS-8099178","MZ03FQ2P","VIHA-WCGH-West Coast General Hospital-Main Building-2nd Floor","Port Alberni","Main Building","WC2462","2","ISLHTRP20260615-080","07/31/2030","Operational","08/31/2026","","","General Rounding","Laboratory","NTT-Deskside Services-WestCoast-Staffed","Desktop","LENOVO THINKCENTRE M90Q GEN6",""
"PC032079","HSS-8099179","MZ03FQ5P","VIHA-WCGH-West Coast General Hospital-Main Building-2nd Floor","Port Alberni","Main Building","WC2450 - Reception","2","ISLHTRP20260615-081","07/31/2030","Operational","08/31/2026","","","General Rounding","Laboratory","NTT-Deskside Services-WestCoast-Staffed","Desktop","LENOVO THINKCENTRE M90Q GEN6",""
"PC032080","HSS-8099173","MZ03FQ2N","VIHA-WCGH-West Coast General Hospital-Main Building-2nd Floor","Port Alberni","Main Building","WC2462","2","ISLHTRP20260615-075","07/31/2030","Operational","08/31/2026","","","General Rounding","Laboratory","NTT-Deskside Services-WestCoast-Staffed","Desktop","LENOVO THINKCENTRE M90Q GEN6",""
"PC032081","HSS-8099172","MZ03FQ66","VIHA-WCGH-West Coast General Hospital-Main Building-2nd Floor","Port Alberni","Main Building","WC2434","2","ISLHTRP20260615-074","07/31/2030","Operational","07/24/2026","","","General Rounding","Rehabilitation","NTT-Deskside Services-WestCoast-Staffed","Desktop","LENOVO THINKCENTRE M90Q GEN6",""
"PC032082","HSS-8086197","1LCX624","VIHA-WCGH-West Coast General Hospital-Main Building-2nd Floor","Port Alberni","Main Building","WC2422","2","VIHATRP20240429-077","06/30/2028","Operational","07/24/2026","","","General Rounding","Physiotherapy","NTT-Deskside Services-WestCoast-Staffed","Desktop","Dell OptiPlex Micro Plus 7010 V2",""
"PC032083","HSS-8086205","JKCX624","VIHA-WCGH-West Coast General Hospital-Main Building-2nd Floor","Port Alberni","Main Building","WC2434","2","VIHATRP20240429-085","06/30/2028","Operational","07/24/2026","","","General Rounding","Physiotherapy","NTT-Deskside Services-WestCoast-Staffed","Desktop","Dell OptiPlex Micro Plus 7010 V2",""
"PC032084","HSS-8086201","63S7D14","VIHA-WCGH-West Coast General Hospital-Main Building-2nd Floor","Port Alberni","Main Building","WC2431","2","VIHATRP20240429-081","06/30/2028","Operational","07/24/2026","","","General Rounding","Physiotherapy","NTT-Deskside Services-WestCoast-Staffed","Desktop","Dell OptiPlex Micro Plus 7010 V2",""
"PC032085","HSS-8086203","GJCX624","VIHA-WCGH-West Coast General Hospital-Main Building-2nd Floor","Port Alberni","Main Building","WC2315 - Administration","2","VIHATRP20240429-083","06/30/2028","Operational","08/21/2026","Moved from room 2317 to room 2315 as per SCTASK2444097 - Roman Frank - Deskside tech.","","General Rounding","Admin","NTT-Deskside Services-WestCoast-Staffed","Desktop","Dell OptiPlex Micro Plus 7010 V2","Dell Mini-PC - 2 x 24"" monitors, keyboard, mouse."
"PC032086","HSS-8086200","5KCX624","VIHA-WCGH-West Coast General Hospital-Main Building-2nd Floor","Port Alberni","Main Building","WC2431","2","VIHATRP20240429-080","06/30/2028","Operational","07/24/2026","","","General Rounding","WCG Rehab","NTT-Deskside Services-WestCoast-Staffed","Desktop","Dell OptiPlex Micro Plus 7010 V2",""
"PC032087","HSS-8089578","9DP6D14","VIHA-WCGH-West Coast General Hospital-Main Building-2nd Floor","Port Alberni","Main Building","WC2317","2","VIHATRP20240909-068","10/31/2028","Operational","08/21/2026","Moved from Rm. 2326 to 2317 - Updated Asset Location , Ownership, and Child Assets","","General Rounding","Administration","NTT-Deskside Services-WestCoast-Staffed","Desktop","Dell OptiPlex Micro Plus 7010 V2","LENOVO THNKCNT M920q i5-8500 2.1GHz 8GB"
"PC032099","HSS-8099160","MZ03FPYK","VIHA-WCGH-West Coast General Hospital-Main Building-2nd Floor","Port Alberni","Main Building","WCMedSurg - A2 wing desk","2","ISLHTRP20260615-062","07/31/2030","Operational","08/12/2026","","","General Rounding","Med/Surg - Wing A","NTT-Deskside Services-WestCoast-Staffed","Desktop","LENOVO THINKCENTRE M90Q GEN6",""
"PC032100","HSS-8099158","MZ03FPX6","VIHA-WCGH-West Coast General Hospital-Main Building-2nd Floor","Port Alberni","Main Building","WCMedSurg - Nursing Station - B Side Desk","2","ISLHTRP20260615-060","07/31/2030","Operational","08/12/2026","","","General Rounding","Nursing","NTT-Deskside Services-WestCoast-Staffed","Desktop","LENOVO THINKCENTRE M90Q GEN6",""
"PC032101","HSS-8099167","MZ03FPXK","VIHA-WCGH-West Coast General Hospital-Main Building-2nd Floor","Port Alberni","Main Building","WC2514 (Reports Room A)","2","ISLHTRP20260615-069","07/31/2030","Operational","08/31/2026","","","General Rounding","Med/Surg","NTT-Deskside Services-WestCoast-Staffed","Desktop","LENOVO THINKCENTRE M90Q GEN6",""
"PC032102","HSS-8068772","G6S2XP3","VIHA-WCGH-West Coast General Hospital-Main Building-2nd Floor","Port Alberni","Main Building","WCMedSurg - A Side Desk","2","VIHATRP20221114-052","01/31/2027","Operational","08/31/2026","Please NOTE that the following software applications are incompatible with the Cerner 724 Downtime application:
-Downtime Patient Index (DTPI)
-Dragon Medical One Extensions (DMO)
-Imprivata OneSign Software/Card Reader (Tap In/Out)
-Inteleviewer (Medical Imaging)

If the software is requested to be installed, the Incident or Request should be assigned to the ""VIHA-Client Experience"" assignment group so the request can be evaluated.","","Critical Clinical","Med/Surg","NTT-Deskside Services-WestCoast-Staffed","Desktop","Dell OPTIPLEX 7000 MICRO V1",""
"PC032105","HSS-8086186","7KCX624","VIHA-WCGH-West Coast General Hospital-Main Building-2nd Floor","Port Alberni","Main Building","Medical Daycare","2","VIHATRP20240429-066","06/30/2028","Operational","08/31/2026","Please NOTE that the following software applications are incompatible with the Cerner 724 Downtime application:
-Downtime Patient Index (DTPI)
-Dragon Medical One Extensions (DMO)
-Imprivata OneSign Software/Card Reader (Tap In/Out)
-Inteleviewer (Medical Imaging)

If the software is requested to be installed, the Incident or Request should be assigned to the ""VIHA-Client Experience"" assignment group so the request can be evaluated.","","Critical Clinical","Emergency","NTT-Deskside Services-WestCoast-Staffed","Desktop","Dell OptiPlex Micro Plus 7010 V2",""
"PC032106","HSS-8068779","27S2XP3","VIHA-WCGH-West Coast General Hospital-Main Building-2nd Floor","Port Alberni","Main Building","WCMedSurg - Nursing Station - A Side Desk","2","VIHATRP20221114-059","01/31/2027","Operational","08/31/2026","Please NOTE that the following software applications are incompatible with the Cerner 724 Downtime application:
-Downtime Patient Index (DTPI)
-Dragon Medical One Extensions (DMO)
-Imprivata OneSign Software/Card Reader (Tap In/Out)
-Inteleviewer (Medical Imaging)

If the software is requested to be installed, the Incident or Request should be assigned to the ""VIHA-Client Experience"" assignment group so the request can be evaluated.","","Critical Clinical","Med/Surg","NTT-Deskside Services-WestCoast-Staffed","Desktop","Dell OPTIPLEX 7000 MICRO V1",""
"PC032107","HSS-8099159","MZ03FQ0L","VIHA-WCGH-West Coast General Hospital-Main Building-2nd Floor","Port Alberni","Main Building","WC2514 (Reports Room A)","2","ISLHTRP20260615-061","07/31/2030","Operational","08/31/2026","","","General Rounding","Med/Surg","NTT-Deskside Services-WestCoast-Staffed","Desktop","LENOVO THINKCENTRE M90Q GEN6",""
"PC032109","HSS-8099180","MZ03FQ0Y","VIHA-WCGH-West Coast General Hospital-Main Building-2nd Floor","Port Alberni","Main Building","WC2109 MDRD","2","ISLHTRP20260615-082","07/31/2030","Operational","07/02/2026","","","General Rounding","Intensive Care Unit","NTT-Deskside Services-WestCoast-Staffed","Desktop","LENOVO THINKCENTRE M90Q GEN6",""
"PC032110","HSS-8058592","GF67VH3","VIHA-WCGH-West Coast General Hospital-Main Building-2nd Floor","Port Alberni","Main Building","WCOR #1","2","VIHATRP20220505-006","09/30/2026","Operational","08/21/2026","","","General Rounding","OR","NTT-Deskside Services-WestCoast-Staffed","Desktop","Dell OPTIPLEX 7090 MICRO V1",""
"PC032111","HSS-8097522","MZ034L1E","VIHA-WCGH-West Coast General Hospital-Main Building-2nd Floor","Port Alberni","Main Building","2110","2","ISLHTRP20260209-064","04/30/2030","Operational","08/21/2026","","Or Surgical Desk","General Rounding","OR","NTT-Deskside Services-WestCoast-Staffed","Desktop","LENOVO M90q Gen 5 Desktop 512HD",""
"PC032112","HSS-8086170","9KCX624","VIHA-WCGH-West Coast General Hospital-Main Building-1st Floor","Port Alberni","Main Building","WC2140","2","VIHATRP20240429-050","06/30/2028","Operational","08/31/2026","Please NOTE that the following software applications are incompatible with the Cerner 724 Downtime application:
-Downtime Patient Index (DTPI)
-Dragon Medical One Extensions (DMO)
-Imprivata OneSign Software/Card Reader (Tap In/Out)
-Inteleviewer (Medical Imaging)

If the software is requested to be installed, the Incident or Request should be assigned to the ""VIHA-Client Experience"" assignment group so the request can be evaluated."," - PAR unit
PACU-Bare height counter (R) side","Critical Clinical","Operating Room -Nursing","NTT-Deskside Services-WestCoast-Staffed","Desktop","Dell OptiPlex Micro Plus 7010 V2","LENOVO THINKCENTRE M910q i5-7500T 2.5GHZ"
"PC032113","HSS-8086168","53S7D14","VIHA-WCGH-West Coast General Hospital-Main Building-1st Floor","Port Alberni","Main Building","WC2140","2","VIHATRP20240429-048","06/30/2028","Operational","08/31/2026","Please NOTE that the following software applications are incompatible with the Cerner 724 Downtime application:
-Downtime Patient Index (DTPI)
-Dragon Medical One Extensions (DMO)
-Imprivata OneSign Software/Card Reader (Tap In/Out)
-Inteleviewer (Medical Imaging)

If the software is requested to be installed, the Incident or Request should be assigned to the ""VIHA-Client Experience"" assignment group so the request can be evaluated.","","Critical Clinical","Operating Room - Nursing","NTT-Deskside Services-WestCoast-Staffed","Desktop","Dell OptiPlex Micro Plus 7010 V2","LENOVO THNKCNT M920q i5-8500 2.1GHz 8GB"
"PC032114","HSS-8086180","3LCX624","VIHA-WCGH-West Coast General Hospital-Main Building-2nd Floor","Port Alberni","Main Building","WC2243 - Clinical Exam room","2","VIHATRP20240429-060","06/30/2028","Operational","08/21/2026","","","General Rounding","Operating Room","NTT-Deskside Services-WestCoast-Staffed","Desktop","Dell OptiPlex Micro Plus 7010 V2","LENOVO THINKCENTRE M910q i5-7500T 2.5GHZ"
"PC032115","HSS-8086193","CKCX624","VIHA-WCGH-West Coast General Hospital-Main Building-2nd Floor","Port Alberni","Main Building","WC2241","2","VIHATRP20240429-073","06/30/2028","Operational","08/21/2026","Please NOTE that the following software applications are incompatible with the Cerner 724 Downtime application:
-Downtime Patient Index (DTPI)
-Dragon Medical One Extensions (DMO)
-Imprivata OneSign Software/Card Reader (Tap In/Out)
-Inteleviewer (Medical Imaging)

If the software is requested to be installed, the Incident or Request should be assigned to the ""VIHA-Client Experience"" assignment group so the request can be evaluated.","Operating room 2241","Critical Clinical","Operating Room","NTT-Deskside Services-WestCoast-Staffed","Desktop","Dell OptiPlex Micro Plus 7010 V2","LENOVO THINKCENTRE M910q i5-7500T 2.5GHZ"
"PC032116","HSS-8068785","DR23XP3","VIHA-WCGH-West Coast General Hospital","Port Alberni","Main Building","OR","1","VIHATRP20221114-065","01/31/2027","Operational","02/02/2023","","","Excluded","WCOR","NTT-Deskside Services-WestCoast-Staffed","Desktop","Dell OPTIPLEX 7000 MICRO V1",""
"PC032706","HSS-8086190","FKCX624","VIHA-WCGH-West Coast General Hospital-Main Building-2nd Floor","Port Alberni","Main Building","WC2412","2","VIHATRP20240429-070","06/30/2028","Operational","08/21/2026","","","General Rounding","Admin","NTT-Deskside Services-WestCoast-Staffed","Desktop","Dell OptiPlex Micro Plus 7010 V2",""
"PC032712","HSS-8089563","9CP6D14","VIHA-PACDF-Port Alberni Community Dialysis Facility-Main Building-1st Floor","Port Alberni","Main Building","Reception","1","VIHATRP20240909-053","10/31/2028","Operational","05/12/2026","","","General Rounding","Environmental Health","NTT-Deskside Services-WestCoast-Local","Desktop","Dell OptiPlex Micro Plus 7010 V2",""
"PC033180","HSS-8078473","5BQLPR3","VIHA-WCGH-West Coast General Hospital-Main Building-1st Floor","Port Alberni","Main Building","WC1501","1","VIHATRP20230918-061","06/30/2027","Operational","07/22/2026","","Food Services","General Rounding","Food Services","NTT-Deskside Services-WestCoast-Staffed","Desktop","Dell OPTIPLEX 7000 MICRO V1","LENOVO THNKCNT M920q i5-8500 2.1GHz 8GB 256GB WIN10P 3YOS"
"PC033276","HSS-8086206","BKCX624","VIHA-WCGH-West Coast General Hospital-Main Building-2nd Floor","Port Alberni","Main Building","WC2345","2","VIHATRP20240429-086","06/30/2028","Operational","08/05/2026","","","General Rounding","Emergency","NTT-Deskside Services-WestCoast-Staffed","Desktop","Dell OptiPlex Micro Plus 7010 V2",""
"PC033278","HSS-8068780","2DW2XP3","VIHA-WCGH-West Coast General Hospital-Main Building-2nd Floor","Port Alberni","Main Building","WC2514 (Reports Room A) SMART TV)","2","VIHATRP20221114-060","01/31/2027","Operational","08/31/2026","","","General Rounding","Med/Surg","NTT-Deskside Services-WestCoast-Staffed","Desktop","Dell OPTIPLEX 7000 MICRO V1",""
"PC033279","HSS-8058620","DLX4VH3","VIHA-WCGH-West Coast General Hospital-Main Building-2nd Floor","Port Alberni","Main Building","Doctors lounge","2","VIHATRP20220505-034","09/30/2026","Operational","08/21/2026","Please NOTE that the following software applications are incompatible with the Cerner 724 Downtime application:
-Downtime Patient Index (DTPI)
-Dragon Medical One Extensions (DMO)
-Imprivata OneSign Software/Card Reader (Tap In/Out)
-Inteleviewer (Medical Imaging)

If the software is requested to be installed, the Incident or Request should be assigned to the ""VIHA-Client Experience"" assignment group so the request can be evaluated.","","Critical Clinical","Administration","NTT-Deskside Services-WestCoast-Staffed","Desktop","Dell OPTIPLEX 7090 MICRO V1",""
"PC033282","HSS-8068761","1BW2XP3","VIHA-WCGH-West Coast General Hospital-Main Building-1st Floor","Port Alberni","Main Building","WC1475 Engineering/FMO","1","VIHATRP20221114-041","01/31/2027","Operational","07/30/2026","","","General Rounding","FMO","NTT-Deskside Services-WestCoast-Staffed","Desktop","Dell OPTIPLEX 7000 MICRO V1",""
"PC033283","HSS-8073638","FTL3KQ3","VIHA-WCGH-West Coast General Hospital-Main Building-2nd Floor","Port Alberni","Main Building","Medical Daycare","2","VIHATRP20230417-007","05/31/2027","Operational","08/31/2026","Please NOTE that the following software applications are incompatible with the Cerner 724 Downtime application:
-Downtime Patient Index (DTPI)
-Dragon Medical One Extensions (DMO)
-Imprivata OneSign Software/Card Reader (Tap In/Out)
-Inteleviewer (Medical Imaging)

If the software is requested to be installed, the Incident or Request should be assigned to the ""VIHA-Client Experience"" assignment group so the request can be evaluated.","","Critical Clinical","Emergency","NTT-Deskside Services-WestCoast-Staffed","Desktop","Dell OPTIPLEX 7000 MICRO V1",""
"PC033284","HSS-8068783","GFW2XP3","VIHA-WCGH-West Coast General Hospital-Main Building-2nd Floor","Port Alberni","Main Building","WCMedSurg - Nursing Station","2","VIHATRP20221114-063","01/31/2027","Operational","08/31/2026","Please NOTE that the following software applications are incompatible with the Cerner 724 Downtime application:
-Downtime Patient Index (DTPI)
-Dragon Medical One Extensions (DMO)
-Imprivata OneSign Software/Card Reader (Tap In/Out)
-Inteleviewer (Medical Imaging)

If the software is requested to be installed, the Incident or Request should be assigned to the ""VIHA-Client Experience"" assignment group so the request can be evaluated.","","Critical Clinical","Med/Surg","NTT-Deskside Services-WestCoast-Staffed","Desktop","Dell OPTIPLEX 7000 MICRO V1",""
"PC033285","HSS-8078491","2W0MPR3","VIHA-WCGH-West Coast General Hospital-Main Building-2nd Floor","Port Alberni","Main Building","WC2601 Psychiatry Nursing  Office","2","VIHATRP20230918-079","06/30/2027","Operational","08/31/2026","Please NOTE that the following software applications are incompatible with the Cerner 724 Downtime application:
-Downtime Patient Index (DTPI)
-Dragon Medical One Extensions (DMO)
-Imprivata OneSign Software/Card Reader (Tap In/Out)
-Inteleviewer (Medical Imaging)

If the software is requested to be installed, the Incident or Request should be assigned to the ""VIHA-Client Experience"" assignment group so the request can be evaluated.","Psych Unit, Floor 2,  Nursing stations","Critical Clinical","Psychiatry Care Centre","NTT-Deskside Services-WestCoast-Staffed","Desktop","Dell OPTIPLEX 7000 MICRO V1",""
"PC033286","HSS-8086172","3KCX624","VIHA-WCGH-West Coast General Hospital-Main Building-1st Floor","Port Alberni","Main Building","WCOR - 2163 ENDOSCOPY","2","VIHATRP20240429-052","06/30/2028","Operational","08/31/2026","Please NOTE that the following software applications are incompatible with the Cerner 724 Downtime application:
-Downtime Patient Index (DTPI)
-Dragon Medical One Extensions (DMO)
-Imprivata OneSign Software/Card Reader (Tap In/Out)
-Inteleviewer (Medical Imaging)

If the software is requested to be installed, the Incident or Request should be assigned to the ""VIHA-Client Experience"" assignment group so the request can be evaluated.","Endoscopy - ENDO-Endorm (R) side desk","Critical Clinical","Operating Room","NTT-Deskside Services-WestCoast-Staffed","Desktop","Dell OptiPlex Micro Plus 7010 V2","LENOVO THNKCNT M920q i5-8500 2.1GHz 8GB 256GB WIN10P 3YOS"
"PC033287","HSS-8086169","J2S7D14","VIHA-WCGH-West Coast General Hospital-Main Building-2nd Floor","Port Alberni","Main Building","2115","2","VIHATRP20240429-049","06/30/2028","Operational","08/21/2026",""," Staff Lounge dictation Alcove","General Rounding","Operating Room","NTT-Deskside Services-WestCoast-Staffed","Desktop","Dell OptiPlex Micro Plus 7010 V2",""
"PC033288","HSS-8068766","68W2XP3","VIHA-WCGH-West Coast General Hospital-Main Building-2nd Floor","Port Alberni","Main Building","WC2491 - Sharon","2","VIHATRP20221114-046","01/31/2027","Operational","08/21/2026","","","General Rounding","Administration","NTT-Deskside Services-WestCoast-Staffed","Desktop","Dell OPTIPLEX 7000 MICRO V1",""
"PC033289","HSS-8078477","93VVPR3","VIHA-WRC-Westhaven-Main Building-1st Floor","Port Alberni","Main Building","WH1020","1","VIHATRP20230918-065","06/30/2027","Operational","08/05/2026","","","General Rounding","Westhaven","NTT-Deskside Services-WestCoast-Staffed","Desktop","Dell OPTIPLEX 7000 MICRO V1","CUSTOMER OWNED CTO DESKTOP TC M910Q I5-7"
"PC033740","HSS-8078479","4Z9VPR3","VIHA-WCGH-West Coast General Hospital-Main Building-2nd Floor","Port Alberni","Main Building","Physicians lounge","2","VIHATRP20230918-067","06/30/2027","Operational","08/21/2026","","","General Rounding","Admin","NTT-Deskside Services-WestCoast-Staffed","Desktop","Dell OPTIPLEX 7000 MICRO V1",""
"PC033741","HSS-8068759","7R23XP3","VIHA-WCGH-West Coast General Hospital-Main Building-2nd Floor","Port Alberni","Main Building","WC2161","2","VIHATRP20221114-039","01/31/2027","Operational","07/30/2026","","","General Rounding","Admitting","NTT-Deskside Services-WestCoast-Staffed","Desktop","Dell OPTIPLEX 7000 MICRO V1",""
"PC033742","HSS-8068786","BR23XP3","VIHA-WCGH-West Coast General Hospital","Port Alberni","Main Building","WC2351","2","VIHATRP20221114-066","01/31/2027","Operational","06/29/2026","Repaired and put back into service Jun 29-2026 - SV","WCGH 2302C while getting repaired","Excluded","Health Records","NTT-Deskside Services-WestCoast-Staffed","Desktop","Dell OPTIPLEX 7000 MICRO V1",""
"PC033743","HSS-8097526","MZ034L1G","VIHA-WCGH-West Coast General Hospital-Main Building-2nd Floor","Port Alberni","Main Building","Doctors Dictation Room","2","ISLHTRP20260209-068","04/30/2030","Operational","08/21/2026","","","General Rounding","Admin","NTT-Deskside Services-WestCoast-Staffed","Desktop","LENOVO M90q Gen 5 Desktop 512HD",""
"PC033744","HSS-8068771","89W2XP3","VIHA-WCGH-West Coast General Hospital-Main Building-2nd Floor","Port Alberni","Main Building","WC2351","2","VIHATRP20221114-051","01/31/2027","Operational","07/30/2026","","","General Rounding","Health Records","NTT-Deskside Services-WestCoast-Staffed","Desktop","Dell OPTIPLEX 7000 MICRO V1",""
"PC033745","HSS-8089576","8DP6D14","VIHA-WCGH-West Coast General Hospital-Main Building-2nd Floor","Port Alberni","Main Building","WC2465 at Hematology teaching microscope-back area","2","VIHATRP20240909-066","10/31/2028","Operational","08/31/2026","","","General Rounding","WCG Lab","NTT-Deskside Services-WestCoast-Staffed","Desktop","Dell OptiPlex Micro Plus 7010 V2","CUSTOMER OWNED CTO DESKTOP TC M910Q I5-7"
"PC033746","HSS-8086189","H2S7D14","VIHA-WCGH-West Coast General Hospital-Main Building-2nd Floor","Port Alberni","Main Building","WC2460","2","VIHATRP20240429-069","06/30/2028","Operational","08/31/2026","","WCLab","General Rounding","Lab Admin","NTT-Deskside Services-WestCoast-Staffed","Desktop","Dell OptiPlex Micro Plus 7010 V2","CUSTOMER OWNED CTO DESKTOP TC M910Q I5-7"
"PC033747","HSS-8089586","5P97D14","VIHA-WCGH-West Coast General Hospital-Main Building-2nd Floor","Port Alberni","Main Building","WC2467","2","VIHATRP20240909-076","10/31/2028","Operational","08/31/2026","","","General Rounding","Pre-Analytics & Central Labora","NTT-Deskside Services-WestCoast-Staffed","Desktop","Dell OptiPlex Micro Plus 7010 V2",""
"PC033748","HSS-8089573","CDP6D14","VIHA-WCGH-West Coast General Hospital-Main Building-2nd Floor","Port Alberni","Main Building","2467","2","VIHATRP20240909-063","10/31/2028","Operational","08/31/2026","Please NOTE that the following software applications are incompatible with the Cerner 724 Downtime application:
-Downtime Patient Index (DTPI)
-Dragon Medical One Extensions (DMO)
-Imprivata OneSign Software/Card Reader (Tap In/Out)
-Inteleviewer (Medical Imaging)

If the software is requested to be installed, the Incident or Request should be assigned to the ""VIHA-Client Experience"" assignment group so the request can be evaluated.","WCGH LAB","Critical Clinical","Pre-Analytics & Central Labora","NTT-Deskside Services-WestCoast-Staffed","Desktop","Dell OptiPlex Micro Plus 7010 V2","LENOVO THINKCENTRE M910q i5-7500T 2.5GHZ"
"PC033749","HSS-8089570","41H6D14","VIHA-WCGH-West Coast General Hospital-Main Building-2nd Floor","Port Alberni","Main Building","2469","2","VIHATRP20240909-060","10/31/2028","Operational","08/31/2026","","Laboratory","General Rounding","WCG Lab","NTT-Deskside Services-WestCoast-Staffed","Desktop","Dell OptiPlex Micro Plus 7010 V2","LENOVO THNKCNT M920q i5-8500 2.1GHz 8GB 256GB WIN10P 3YOS"
"PC033750","HSS-8068777","B8W2XP3","VIHA-WCGH-West Coast General Hospital-Main Building-2nd Floor","Port Alberni","Main Building","WC2450 - Lab Reception desk","2","VIHATRP20221114-057","01/31/2027","Operational","08/31/2026","","","General Rounding","Laboratory","NTT-Deskside Services-WestCoast-Staffed","Desktop","Dell OPTIPLEX 7000 MICRO V1",""
"PC033751","HSS-8086179","7JCX624","VIHA-WCGH-West Coast General Hospital-Main Building-2nd Floor","Port Alberni","Main Building","WC2462 - Core Lab","2","VIHATRP20240429-059","06/30/2028","Operational","08/31/2026","","","General Rounding","Lab Admin","NTT-Deskside Services-WestCoast-Staffed","Desktop","Dell OptiPlex Micro Plus 7010 V2",""
"PC033752","HSS-8073666","CGLKPR3","VIHA-WCGH-West Coast General Hospital-Main Building-2nd Floor","Port Alberni","Main Building","WC2460-2470 = at back bench of lab","2","VIHATRP20230417-035","05/31/2027","Operational","08/31/2026","Please NOTE that the following software applications are incompatible with the Cerner 724 Downtime application:
-Downtime Patient Index (DTPI)
-Dragon Medical One Extensions (DMO)
-Imprivata OneSign Software/Card Reader (Tap In/Out)
-Inteleviewer (Medical Imaging)

If the software is requested to be installed, the Incident or Request should be assigned to the ""VIHA-Client Experience"" assignment group so the request can be evaluated.","2nd floor, room 2460, next to the cellwasher","Critical Clinical","Laboratory","NTT-Deskside Services-WestCoast-Staffed","Desktop","Dell OPTIPLEX 7000 MICRO V1","LENOVO THINKCENTRE M910q i5-7500T 2.5GHZ"
"PC033753","HSS-8098477","MZ034L4Z","VIHA-WCGH-West Coast General Hospital-Main Building-2nd Floor","Port Alberni","Main Building","2102","2","ISLHTRP20260420-018","04/30/2030","Operational","07/24/2026","","","General Rounding","Social Work","NTT-Deskside Services-WestCoast-Staffed","Desktop","LENOVO M90q Gen 5 Desktop 512HD",""
"PC033754_EVG","HSS-8068784","BKZ2XP3","VIHA-WCGH-West Coast General Hospital-Main Building-2nd Floor","Port Alberni","Main Building","1420","2","VIHATRP20221114-064","01/31/2027","Operational","","","","Excluded"," ","NTT-Deskside Services-WestCoast-Staffed","Desktop","Dell OPTIPLEX 7000 MICRO V1",""
"PC033755","HSS-8068750","CL72RN3","VIHA-WCGH-West Coast General Hospital-Main Building-1st Floor","Port Alberni","Main Building","WC1423 Shipping Dock","1","VIHATRP20221114-030","01/31/2027","Operational","08/31/2026","","","General Rounding","Stores","NTT-Deskside Services-WestCoast-Staffed","Desktop","Dell OPTIPLEX 7000 MICRO V1",""
"PC033756","HSS-8068727","8R23XP3","VIHA-CFP-Coastal Family Place-Main Building-1st Floor","Tofino","Main Building","Office on Left","1","VIHATRP20221114-007","01/31/2027","Operational","09/04/2025","","","General Rounding","265 First St","NTT-Deskside Services-WestCoast-Remote","Desktop","Dell OPTIPLEX 7000 MICRO V1",""
"PC033759","HSS-8068731","76KQQN3","VIHA-TGH-Tofino General Hospital-Main Building-1st Floor","Tofino","Main Building","Admitting Desk","1","VIHATRP20221114-011","01/31/2027","Operational","03/06/2026","","","General Rounding","Admitting","NTT-Deskside Services-WestCoast-Remote","Desktop","Dell OPTIPLEX 7000 MICRO V1",""
"PC033762","HSS-8086134","FJCX624","VIHA-TGH-Tofino General Hospital-Main Building-1st Floor","Tofino","Main Building","Room 2351 - Medical Records","2","VIHATRP20240429-014","06/30/2028","Operational","01/29/2026","","Moved as per SCTASK0327838 - March 2, 2021","General Rounding","Housekeeping","NTT-Deskside Services-WestCoast-Remote","Desktop","Dell OptiPlex Micro Plus 7010 V2","LENOVO THINKCENTRE M910q i5-7500T 2.5GHZ"
"PC033763","HSS-8086138","2LCX624","VIHA-TGH-Tofino General Hospital-Main Building-1st Floor","Tofino","Main Building","lab","1","VIHATRP20240429-018","06/30/2028","Operational","01/29/2026","","","General Rounding","Lean Design","NTT-Deskside Services-WestCoast-Remote","Desktop","Dell OptiPlex Micro Plus 7010 V2","CUSTOMER OWNED CTO DESKTOP TC M910Q I5-7"
"PC033764","HSS-8086151","34S7D14","VIHA-TGH-Tofino General Hospital-Main Building-1st Floor","Tofino","Main Building","lab","1","VIHATRP20240429-031","06/30/2028","Operational","01/29/2026","Please NOTE that the following software applications are incompatible with the Cerner 724 Downtime application:
-Downtime Patient Index (DTPI)
-Dragon Medical One Extensions (DMO)
-Imprivata OneSign Software/Card Reader (Tap In/Out)
-Inteleviewer (Medical Imaging)

If the software is requested to be installed, the Incident or Request should be assigned to the ""VIHA-Client Experience"" assignment group so the request can be evaluated.","Urine/BB Bench, lab","Critical Clinical","Laboratory","NTT-Deskside Services-WestCoast-Remote","Desktop","Dell OptiPlex Micro Plus 7010 V2","CUSTOMER OWNED CTO DESKTOP TC M910Q I5-7"
"PC033765","HSS-8068736","HQ23XP3","VIHA-TGH-Tofino General Hospital-Main Building-Basement 1","Tofino","Main Building","Laboratory reception","0","VIHATRP20221114-016","01/31/2027","Operational","12/05/2025","","","General Rounding","Laboratory","NTT-Deskside Services-WestCoast-Remote","Desktop","Dell OPTIPLEX 7000 MICRO V1",""
"PC033767","HSS-8068738","CNZ2XP3","VIHA-TGH-Tofino General Hospital-Main Building-Basement 1","Tofino","Main Building","Mental Health and Substance Use smaller office","0","VIHATRP20221114-018","01/31/2027","Operational","12/05/2025","","","General Rounding","Mental Health & Addiction Services","NTT-Deskside Services-WestCoast-Remote","Desktop","Dell OPTIPLEX 7000 MICRO V1",""
"PC033768","HSS-8068735","6R23XP3","VIHA-TGH-Tofino General Hospital-Main Building-Basement 1","Tofino","Main Building","Mental Health and Substance Use large office","0","VIHATRP20221114-015","01/31/2027","Operational","12/05/2025","","","General Rounding","Mental Health & Addiction Services","NTT-Deskside Services-WestCoast-Remote","Desktop","Dell OPTIPLEX 7000 MICRO V1",""
"PC033770","HSS-8086147","HKCX624","VIHA-TGH-Tofino General Hospital-Main Building-1st Floor","Tofino","Main Building","Nursing Station","1","VIHATRP20240429-027","06/30/2028","Operational","05/01/2026","Please NOTE that the following software applications are incompatible with the Cerner 724 Downtime application:
-Downtime Patient Index (DTPI)
-Dragon Medical One Extensions (DMO)
-Imprivata OneSign Software/Card Reader (Tap In/Out)
-Inteleviewer (Medical Imaging)

If the software is requested to be installed, the Incident or Request should be assigned to the ""VIHA-Client Experience"" assignment group so the request can be evaluated.","Nursing station between ER and Acute Care","Critical Clinical","Nursing","NTT-Deskside Services-WestCoast-Remote","Desktop","Dell OptiPlex Micro Plus 7010 V2","CUSTOMER OWNED CTO DESKTOP TC M910Q I5-7"
"PC033771","HSS-8086141","DJCX624","VIHA-TGH-Tofino General Hospital-Main Building-1st Floor","Tofino","Main Building","Nursing Lounge","1","VIHATRP20240429-021","06/30/2028","Operational","01/29/2026","","","General Rounding","Nursing","NTT-Deskside Services-WestCoast-Remote","Desktop","Dell OptiPlex Micro Plus 7010 V2","CUSTOMER OWNED CTO DESKTOP TC M910Q I5-7"
"PC033772","HSS-8086148","6JCX624","VIHA-TGH-Tofino General Hospital-Main Building-1st Floor","Tofino","Main Building","Physician's Lounge","1","VIHATRP20240429-028","06/30/2028","Operational","03/06/2026","","","General Rounding","Nursing","NTT-Deskside Services-WestCoast-Remote","Desktop","Dell OptiPlex Micro Plus 7010 V2","LENOVO THINKCENTRE M910q i5-7500T 2.5GHZ"
"PC033773","HSS-8068740","BNZ2XP3","VIHA-TGH-Tofino General Hospital-Main Building-Basement 1","Tofino","Main Building","221-B","1","VIHATRP20221114-020","01/31/2027","Operational","12/05/2025","","","General Rounding","Administration","NTT-Deskside Services-WestCoast-Remote","Desktop","Dell OPTIPLEX 7000 MICRO V1","Moved to Upper floor - room 221-B as per SCTASK2044771 - Roman Frank Tech -02-feb-24"
"PC033774","HSS-8086154","45S7D14","VIHA-TGH-Tofino General Hospital-Main Building-Basement 1","Tofino","Main Building","Physio - far end of hallway","1","VIHATRP20240429-034","06/30/2028","Operational","12/05/2025","","","General Rounding","Nursing","NTT-Deskside Services-WestCoast-Remote","Desktop","Dell OptiPlex Micro Plus 7010 V2","LENOVO THINKCENTRE M910q i5-7500T 2.5GHZ"
"PC033775","HSS-8068733","9PB2RN3","VIHA-TGH-Tofino General Hospital-Main Building-Basement 1","Tofino","Main Building","Stores - beside printer","0","VIHATRP20221114-013","01/31/2027","Operational","01/29/2026","","","General Rounding","Stores","NTT-Deskside Services-WestCoast-Remote","Desktop","Dell OPTIPLEX 7000 MICRO V1",""
"PC033993","HSS-8078466","1B8NPR3","VIHA-WCGH-West Coast General Hospital-Main Building-2nd Floor","Port Alberni","Main Building","Telehealth Room - Room 2245","2","VIHATRP20230918-054","06/30/2027","Operational","08/31/2026","","","General Rounding","Telehealth","NTT-Deskside Services-WestCoast-Staffed","Desktop","Dell OPTIPLEX 7000 MICRO V1",""
"PC034080","HSS-8072060","J7VMPR3","VIHA-PARS-Port Alberni Redford Street-Mental Health and Addictions-1st Floor","Port Alberni","Main Building","Clinic Rm 5","1","VIHATRP20230213-040","04/30/2027","Operational","04/28/2026","","","General Rounding","4152 Redford St","NTT-Deskside Services-WestCoast-Local","Desktop","Dell OPTIPLEX 7000 MICRO V1",""
"PC034081","HSS-8097518","MZ034L21","VIHA-PAHCCS-Port Alberni Home & Community Care Services-Main Building-1st Floor","Port Alberni","Main Building","34","1","ISLHTRP20260209-060","04/30/2030","Operational","08/21/2026","","","General Rounding","Scheduling","NTT-Deskside Services-WestCoast-Local","Desktop","LENOVO M90q Gen 5 Desktop 512HD",""
"PC034083","HSS-8078474","HZLLPR3","VIHA-WCGH-West Coast General Hospital-Main Building-2nd Floor","Port Alberni","Main Building","WCER - Emergency Department MAIN area/ AKA Dr.'s C","2","VIHATRP20230918-062","06/30/2027","Operational","08/31/2026","Please NOTE that the following software applications are incompatible with the Cerner 724 Downtime application:
-Downtime Patient Index (DTPI)
-Dragon Medical One Extensions (DMO)
-Imprivata OneSign Software/Card Reader (Tap In/Out)
-Inteleviewer (Medical Imaging)

If the software is requested to be installed, the Incident or Request should be assigned to the ""VIHA-Client Experience"" assignment group so the request can be evaluated.","ED-WCG-Nursing station - onright facing into room/beds","Critical Clinical","Emergency","NTT-Deskside Services-WestCoast-Staffed","Desktop","Dell OPTIPLEX 7000 MICRO V1",""
"PC034084","HSS-8068787","6PZ2XP3","VIHA-WCGH-West Coast General Hospital-Main Building-2nd Floor","Port Alberni","Main Building","WC2351","2","VIHATRP20221114-067","01/31/2027","Operational","07/30/2026","","","General Rounding","Health Records","NTT-Deskside Services-WestCoast-Staffed","Desktop","Dell OPTIPLEX 7000 MICRO V1",""
"PC034085","HSS-8100129","MZ03FPXZ","VIHA-WCGH-West Coast General Hospital-Main Building-2nd Floor","Port Alberni","Main Building","WC2904 (Wall Mount)","2","ISLHTRP20260817-076","","Operational","08/31/2026","","","General Rounding","Labour & Delivery","NTT-Deskside Services-WestCoast-Staffed","Desktop","LENOVO THINKCENTRE M90Q GEN6",""
"PC034086","HSS-8086176","F2S7D14","VIHA-WCGH-West Coast General Hospital-Main Building-2nd Floor","Port Alberni","Main Building","WC2306","2","VIHATRP20240429-056","06/30/2028","Operational","07/08/2026","","Door to the left of the main Admin door at WCGH.","General Rounding","Operating Room","NTT-Deskside Services-WestCoast-Staffed","Desktop","Dell OptiPlex Micro Plus 7010 V2","Mini PC "
"PC034087","HSS-8086174","H4S7D14","VIHA-WCGH-West Coast General Hospital-Main Building-2nd Floor","Port Alberni","Main Building","2313","2","VIHATRP20240429-054","06/30/2028","Operational","07/08/2026","","","General Rounding","WCG Operating Room","NTT-Deskside Services-WestCoast-Staffed","Desktop","Dell OptiPlex Micro Plus 7010 V2",""
"PC034385","HSS-8078443","5D0LPR3","VIHA-PAHC-Port Alberni Health Centre-Main Building-1st Floor","Port Alberni","Main Building","nursing station","1","VIHATRP20230918-031","06/30/2027","Operational","03/05/2026","","","General Rounding","CDF-Port Alberni Clinic","NTT-Deskside Services-WestCoast-Local","Desktop","Dell OPTIPLEX 7000 MICRO V1","LENOVO THINKCENTRE M910q i5-7500T 2.5GHZ"
"PC034389","HSS-8068770","J9W2XP3","VIHA-WCGH-West Coast General Hospital-Main Building-2nd Floor","Port Alberni","Main Building","WC2222 - Trauma Room","2","VIHATRP20221114-050","01/31/2027","Operational","08/05/2026","","","General Rounding","Emergency department","NTT-Deskside Services-WestCoast-Staffed","Desktop","Dell OPTIPLEX 7000 MICRO V1",""
"PC034391","HSS-8068754","GR23XP3","VIHA-WCGH-West Coast General Hospital-Main Building-2nd Floor","Port Alberni","Main Building","WC2905 - Patient Room","2","VIHATRP20221114-034","01/31/2027","Operational","08/31/2026","","","General Rounding","Labour & Delivery","NTT-Deskside Services-WestCoast-Staffed","Desktop","Dell OPTIPLEX 7000 MICRO V1",""
"PC034663LEG","HSS-8016895","MJ07YJ4X","VIHA-WCGH-West Coast General Hospital-Main Building-2nd Floor","Port Alberni","Main Building","WC2447","2","","07/31/2022","Operational","07/24/2026","","","General Rounding","Cardio","NTT-Deskside Services-WestCoast-Staffed","Desktop","LENOVO THINKCENTRE M920Q V1",""
"PC034664","HSS-8068764","J4S2XP3","VIHA-WCGH-West Coast General Hospital-Main Building-2nd Floor","Port Alberni","Main Building","WCICU - 2166","2","VIHATRP20221114-044","01/31/2027","Operational","07/02/2026","","","General Rounding","ICU","NTT-Deskside Services-WestCoast-Staffed","Desktop","Dell OPTIPLEX 7000 MICRO V1",""
"PC034666","HSS-8086198","BJCX624","VIHA-WCGH-West Coast General Hospital-Main Building-2nd Floor","Port Alberni","Main Building","WC2495","2","VIHATRP20240429-078","06/30/2028","Operational","07/24/2026","","","General Rounding","WCG Pharmacy","NTT-Deskside Services-WestCoast-Staffed","Desktop","Dell OptiPlex Micro Plus 7010 V2",""
"PC034667","HSS-8068749","G4KQQN3","VIHA-WRC-Westhaven-Main Building-1st Floor","Port Alberni","Main Building","WH1016","1","VIHATRP20221114-029","01/31/2027","Operational","08/05/2026","","","General Rounding","Westhaven","NTT-Deskside Services-WestCoast-Staffed","Desktop","Dell OPTIPLEX 7000 MICRO V1",""
"PC034836","HSS-8078468","54VVPR3","VIHA-WCGH-West Coast General Hospital-Main Building-2nd Floor","Port Alberni","Main Building","WC2238 - Clinical Coordinator","2","VIHATRP20230918-056","06/30/2027","Operational","07/02/2026","","","General Rounding","Nursing","NTT-Deskside Services-WestCoast-Staffed","Desktop","Dell OPTIPLEX 7000 MICRO V1","LENOVO THINKCENTRE M910q i5-7500T 2.5GHZ"
"PC034899","HSS-8078461","97YVPR3","VIHA-WCGH-West Coast General Hospital-Main Building-1st Floor","Port Alberni","Main Building","Cafeteria","1","VIHATRP20230918-049","06/30/2027","Operational","08/21/2026","","","General Rounding","Admin","NTT-Deskside Services-WestCoast-Staffed","Desktop","Dell OPTIPLEX 7000 MICRO V1",""
"PC034900","HSS-8086173","DKCX624","VIHA-WCGH-West Coast General Hospital-Main Building-2nd Floor","Port Alberni","Main Building","2110","2","VIHATRP20240429-053","06/30/2028","Operational","08/21/2026","","","General Rounding","Operating Room","NTT-Deskside Services-WestCoast-Staffed","Desktop","Dell OptiPlex Micro Plus 7010 V2",""
"PC034901","HSS-8058594","CR97VH3","VIHA-WCGH-West Coast General Hospital-Main Building-2nd Floor","Port Alberni","Main Building","WCOR #2","2","VIHATRP20220505-008","09/30/2026","Operational","08/21/2026","","","General Rounding","OR","NTT-Deskside Services-WestCoast-Staffed","Desktop","Dell OPTIPLEX 7090 MICRO V1",""
"PC035978","HSS-8100132","MZ03FPXF","VIHA-PAHCCS-Port Alberni Home & Community Care Services-Main Building-1st Floor","Port Alberni","Main Building","18","1","ISLHTRP20260817-079","","Operational","08/21/2026","","","General Rounding","Scheduling","NTT-Deskside Services-WestCoast-Local","Desktop","LENOVO THINKCENTRE M90Q GEN6",""
"PC035980","HSS-8086137","94S7D14","VIHA-TGH-Tofino General Hospital-Main Building-1st Floor","Tofino","Main Building","Physician Dictation Room","1","VIHATRP20240429-017","06/30/2028","Operational","01/29/2026","","","General Rounding","Nursing","NTT-Deskside Services-WestCoast-Remote","Desktop","Dell OptiPlex Micro Plus 7010 V2","LENOVO THINKCENTRE M910q i5-7500T 2.5GHZ"
"PC035984","HSS-8073633","5XP3KQ3","VIHA-WCGH-West Coast General Hospital-Main Building-2nd Floor","Port Alberni","Main Building","WCER - Emergency department beside filing cabinet","2","VIHATRP20230417-002","05/31/2027","Operational","07/30/2026","","","General Rounding","ED","NTT-Deskside Services-WestCoast-Staffed","Desktop","Dell OPTIPLEX 7000 MICRO V1",""
"PC035985","HSS-8073636","3XP3KQ3","VIHA-WCGH-West Coast General Hospital-Main Building-2nd Floor","Port Alberni","Main Building","WCICU - 2165","2","VIHATRP20230417-005","05/31/2027","Operational","08/31/2026","Please NOTE that the following software applications are incompatible with the Cerner 724 Downtime application:
-Downtime Patient Index (DTPI)
-Dragon Medical One Extensions (DMO)
-Imprivata OneSign Software/Card Reader (Tap In/Out)
-Inteleviewer (Medical Imaging)

If the software is requested to be installed, the Incident or Request should be assigned to the ""VIHA-Client Experience"" assignment group so the request can be evaluated.","","Critical Clinical","Emergency","NTT-Deskside Services-WestCoast-Staffed","Desktop","Dell OPTIPLEX 7000 MICRO V1",""
"PC035986","HSS-8099168","MZ03FQ35","VIHA-WCGH-West Coast General Hospital-Main Building-2nd Floor","Port Alberni","Main Building","WC2905","2","ISLHTRP20260615-070","07/31/2030","Operational","08/31/2026","","","General Rounding","Labour & Delivery","NTT-Deskside Services-WestCoast-Staffed","Desktop","LENOVO THINKCENTRE M90Q GEN6",""
"PC035987","HSS-8058591","DR97VH3","VIHA-WCGH-West Coast General Hospital-Main Building-2nd Floor","Port Alberni","Main Building","WC2905 - Patient Room","2","VIHATRP20220505-005","09/30/2026","Operational","08/31/2026","","","General Rounding","Labour & Delivery","NTT-Deskside Services-WestCoast-Staffed","Desktop","Dell OPTIPLEX 7090 MICRO V1",""
"PC035988","HSS-8073635","2YP3KQ3","VIHA-WCGH-West Coast General Hospital-Main Building-2nd Floor","Port Alberni","Main Building","WC2343 - Foundation Office","2","VIHATRP20230417-004","05/31/2027","Operational","07/30/2026","","","General Rounding","Hospital Foundation","NTT-Deskside Services-WestCoast-Staffed","Desktop","Dell OPTIPLEX 7000 MICRO V1","LENOVO THINKCENTRE M910q i5-7500T 2.5GHZ"
"PC035989","HSS-8097517","MZ034KZZ","VIHA-WCGH-West Coast General Hospital-Main Building-1st Floor","Port Alberni","Main Building","WCStores Main Room","1","ISLHTRP20260209-059","04/30/2030","Operational","07/30/2026","","","General Rounding","Materiel Management","NTT-Deskside Services-WestCoast-Staffed","Desktop","LENOVO M90q Gen 5 Desktop 512HD",""
"PC036378","HSS-8072032","6YJMPR3","VIHA-PACDF-Port Alberni Community Dialysis Facility","Port Alberni","Main Building","Front Desk","1","VIHATRP20230213-012","04/30/2027","Operational","05/12/2026","","","General Rounding","Dialysis","NTT-Deskside Services-WestCoast-Local","Desktop","Dell OPTIPLEX 7000 MICRO V1",""
"PC037565","HSS-8072037","HDMDLN3","VIHA-PAMHAS-Port Alberni Mental Health & Addiction Services-Main Building-1st Floor","Port Alberni","Main Building","14","1","VIHATRP20230213-017","05/31/2027","Operational","03/12/2026","","Main Room","General Rounding","4780 Roger St.","NTT-Deskside Services-WestCoast-Local","Laptop","Dell LATITUDE 7420 V3",""
"PC038007","HSS-8089589","8CP6D14","VIHA-WCGH-West Coast General Hospital-Main Building-2nd Floor","Port Alberni","Main Building","WC2905 - room 6","2","VIHATRP20240909-079","10/31/2028","Operational","08/31/2026","","","General Rounding","WCG Admin","NTT-Deskside Services-WestCoast-Staffed","Desktop","Dell OptiPlex Micro Plus 7010 V2",""
"PC038024","HSS-8086145","C4S7D14","VIHA-TGH-Tofino General Hospital-Main Building-1st Floor","Tofino","Main Building","Nurses' Station","1","VIHATRP20240429-025","06/30/2028","Operational","03/06/2026","","","General Rounding","Nursing","NTT-Deskside Services-WestCoast-Remote","Desktop","Dell OptiPlex Micro Plus 7010 V2","CUSTOMER OWNED CTO DESKTOP TC M910Q I5-7"
"PC038025","HSS-8068732","H5KQQN3","VIHA-TGH-Tofino General Hospital-Main Building-1st Floor","Tofino","Main Building","Nurses' Station","1","VIHATRP20221114-012","01/31/2027","Operational","05/01/2026","Please NOTE that the following software applications are incompatible with the Cerner 724 Downtime application:
-Downtime Patient Index (DTPI)
-Dragon Medical One Extensions (DMO)
-Imprivata OneSign Software/Card Reader (Tap In/Out)
-Inteleviewer (Medical Imaging)

If the software is requested to be installed, the Incident or Request should be assigned to the ""VIHA-Client Experience"" assignment group so the request can be evaluated.","","Critical Clinical","Nursing","NTT-Deskside Services-WestCoast-Remote","Desktop","Dell OPTIPLEX 7000 MICRO V1",""
"PC038026","HSS-8093410","MZ01D8JC","VIHA-TGH-Tofino General Hospital-Main Building-1st Floor","Tofino","Main Building","Maternity","1","ISLHTRP20250512-043","06/30/2029","Operational","01/29/2026","","","General Rounding","Tofino General Hospital","NTT-Deskside Services-WestCoast-Remote","Desktop","LENOVO M90q Gen 5 Desktop 512HD",""
"PC038028","HSS-8086142","1KCX624","VIHA-TGH-Tofino General Hospital-Main Building-1st Floor","Tofino","Main Building","Trauma Room","1","VIHATRP20240429-022","06/30/2028","Operational","01/29/2026","","","General Rounding","Nursing","NTT-Deskside Services-WestCoast-Remote","Desktop","Dell OptiPlex Micro Plus 7010 V2","CUSTOMER OWNED CTO DESKTOP TC M910Q I5-7"
"PC038029","HSS-8086140","7LCX624","VIHA-TGH-Tofino General Hospital-Main Building-1st Floor","Tofino","Main Building","Nurses' Station","1","VIHATRP20240429-020","06/30/2028","Operational","05/01/2026","Please NOTE that the following software applications are incompatible with the Cerner 724 Downtime application:
-Downtime Patient Index (DTPI)
-Dragon Medical One Extensions (DMO)
-Imprivata OneSign Software/Card Reader (Tap In/Out)
-Inteleviewer (Medical Imaging)

If the software is requested to be installed, the Incident or Request should be assigned to the ""VIHA-Client Experience"" assignment group so the request can be evaluated.","ACU-Nursing Station","Critical Clinical","Nursing","NTT-Deskside Services-WestCoast-Remote","Desktop","Dell OptiPlex Micro Plus 7010 V2","CUSTOMER OWNED CTO DESKTOP TC M910Q I5-7"
"PC038030","HSS-8078465","9MCNPR3","VIHA-WCGH-West Coast General Hospital-Main Building-2nd Floor","Port Alberni","Main Building","WC2905 - Nurses Station","2","VIHATRP20230918-053","06/30/2027","Operational","08/31/2026","Please NOTE that the following software applications are incompatible with the Cerner 724 Downtime application:
-Downtime Patient Index (DTPI)
-Dragon Medical One Extensions (DMO)
-Imprivata OneSign Software/Card Reader (Tap In/Out)
-Inteleviewer (Medical Imaging)

If the software is requested to be installed, the Incident or Request should be assigned to the ""VIHA-Client Experience"" assignment group so the request can be evaluated.","LDR-Nursing station -computer on left side","Critical Clinical","Labour & Delivery","NTT-Deskside Services-WestCoast-Staffed","Desktop","Dell OPTIPLEX 7000 MICRO V1","LENOVO THINKCENTRE M910q i5-7500T 2.5GHZ"
"PC039992","HSS-8086187","GKCX624","VIHA-WCGH-West Coast General Hospital-Main Building-2nd Floor","Port Alberni","Main Building","WC2304 - Administration - OR Booking","2","VIHATRP20240429-067","06/30/2028","Operational","08/21/2026","","","General Rounding","Admin - OR Booking Office","NTT-Deskside Services-WestCoast-Staffed","Desktop","Dell OptiPlex Micro Plus 7010 V2","LENOVO THNKCNT M920q i5-8500 2.1GHz 8GB"
"PC040011","HSS-8100134","MZ03FQ1G","VIHA-PAHCCS-Port Alberni Home & Community Care Services-Main Building-1st Floor","Port Alberni","Main Building","27 - Break Room","1","ISLHTRP20260817-081","","Operational","08/21/2026","","","General Rounding","PAHC","NTT-Deskside Services-WestCoast-Local","Desktop","LENOVO THINKCENTRE M90Q GEN6",""
"PC040012","HSS-8072055","J0KMPR3","VIHA-PAHCCS-Port Alberni Home & Community Care Services-Main Building-1st Floor","Port Alberni","Main Building","Schedulers Office","1","VIHATRP20230213-035","04/30/2027","Operational","08/21/2026","","","General Rounding","Home Support","NTT-Deskside Services-WestCoast-Local","Desktop","Dell OPTIPLEX 7000 MICRO V1",""
"PC040020","HSS-8078464","FD0LPR3","VIHA-WCGH-West Coast General Hospital-Main Building-2nd Floor","Port Alberni","Main Building","WC2905 - Nurses Station","2","VIHATRP20230918-052","06/30/2027","Operational","08/31/2026","Please NOTE that the following software applications are incompatible with the Cerner 724 Downtime application:
-Downtime Patient Index (DTPI)
-Dragon Medical One Extensions (DMO)
-Imprivata OneSign Software/Card Reader (Tap In/Out)
-Inteleviewer (Medical Imaging)

If the software is requested to be installed, the Incident or Request should be assigned to the ""VIHA-Client Experience"" assignment group so the request can be evaluated.","2900 Nursing Station","Critical Clinical","Labour & Delivery","NTT-Deskside Services-WestCoast-Staffed","Desktop","Dell OPTIPLEX 7000 MICRO V1","LENOVO THINKCENTRE M910q i5-7500T 2.5GHZ"
"PC040022","HSS-8058605","1LX4VH3","VIHA-WCGH-West Coast General Hospital-Main Building-2nd Floor","Port Alberni","Main Building","WC2326 - Administration","2","VIHATRP20220505-019","09/30/2026","Operational","08/21/2026","Device moved from room 2315 to room 2317 - WCGH - as per SCTASK2257091 - 20-aug-24: Roman Frank - tech.

Device moved from room 2317 to 2326 per SCTASK3187856 - Ownership updated to Kaila Chretien - 04-Sept-25: Kelly Black - tech.","","General Rounding","Administration","NTT-Deskside Services-WestCoast-Staffed","Desktop","Dell OPTIPLEX 7090 MICRO V1",""
"PC040023","HSS-8068769","G5S2XP3","VIHA-WCGH-West Coast General Hospital-Main Building-2nd Floor","Port Alberni","Main Building","WC2517 -Dictation","2","VIHATRP20221114-049","01/31/2027","Operational","08/21/2026","","","General Rounding","Administration","NTT-Deskside Services-WestCoast-Staffed","Desktop","Dell OPTIPLEX 7000 MICRO V1",""
"PC040024","HSS-8068753","DQ23XP3","VIHA-WCGH-West Coast General Hospital-Main Building-2nd Floor","Port Alberni","Main Building","WC2905 - Nursery","2","VIHATRP20221114-033","01/31/2027","Operational","08/31/2026","","","General Rounding","Labour & Delivery","NTT-Deskside Services-WestCoast-Staffed","Desktop","Dell OPTIPLEX 7000 MICRO V1",""
"PC040902","HSS-8078495","9GLKPR3","VIHA-WCGH-West Coast General Hospital-Main Building-2nd Floor","Port Alberni","Main Building","WC2601 - Nursing Station Psychiatry","2","VIHATRP20230918-083","06/30/2027","Operational","08/31/2026","","","General Rounding","Psychiatry","NTT-Deskside Services-WestCoast-Staffed","Desktop","Dell OPTIPLEX 7000 MICRO V1","LENOVO THINKCENTRE M910q i5-7500T 2.5GHZ"
"PC040905","HSS-8068782","76S2XP3","VIHA-WCGH-West Coast General Hospital-Main Building-2nd Floor","Port Alberni","Main Building","WCMedSurg - Nursing Station - B Side Desk","2","VIHATRP20221114-062","01/31/2027","Operational","08/31/2026","Please NOTE that the following software applications are incompatible with the Cerner 724 Downtime application:
-Downtime Patient Index (DTPI)
-Dragon Medical One Extensions (DMO)
-Imprivata OneSign Software/Card Reader (Tap In/Out)
-Inteleviewer (Medical Imaging)

If the software is requested to be installed, the Incident or Request should be assigned to the ""VIHA-Client Experience"" assignment group so the request can be evaluated.","","Critical Clinical","Med/Surg","NTT-Deskside Services-WestCoast-Staffed","Desktop","Dell OPTIPLEX 7000 MICRO V1",""
"PC040906","HSS-8068774","5KZ2XP3","VIHA-WCGH-West Coast General Hospital-Main Building-2nd Floor","Port Alberni","Main Building","WC2215 (Report Room B)","2","VIHATRP20221114-054","01/31/2027","Operational","08/31/2026","","","General Rounding","Med/Surg","NTT-Deskside Services-WestCoast-Staffed","Desktop","Dell OPTIPLEX 7000 MICRO V1",""
"PC040907","HSS-8089582","2N67D14","VIHA-WCGH-West Coast General Hospital-Main Building-2nd Floor","Port Alberni","Main Building","2287","2","VIHATRP20240909-072","12/31/2028","Operational","08/12/2026","","","General Rounding","MI Clerical & RIS Supp Admin","NTT-Deskside Services-WestCoast-Staffed","Desktop","Dell OptiPlex Micro Plus 7010 V2",""
"PC041946","HSS-8086188","4LCX624","VIHA-WCGH-West Coast General Hospital-Main Building-2nd Floor","Port Alberni","Main Building","WC2441","2","VIHATRP20240429-068","06/30/2028","Operational","08/31/2026","","","General Rounding","Pulmonary - Cardiac EDS IP","NTT-Deskside Services-WestCoast-Staffed","Desktop","Dell OptiPlex Micro Plus 7010 V2",""
"PC042650","HSS-8086171","3ZGJH04","VIHA-WCGH-West Coast General Hospital-Main Building-1st Floor","Port Alberni","Main Building","WC2140","2","VIHATRP20240429-051","06/30/2028","Operational","08/31/2026","Please NOTE that the following software applications are incompatible with the Cerner 724 Downtime application:
-Downtime Patient Index (DTPI)
-Dragon Medical One Extensions (DMO)
-Imprivata OneSign Software/Card Reader (Tap In/Out)
-Inteleviewer (Medical Imaging)

If the software is requested to be installed, the Incident or Request should be assigned to the ""VIHA-Client Experience"" assignment group so the request can be evaluated.","PARR - left side of
nursing station
Needs Downtime Binder
- Post Anaesthetic Care Unit
","Critical Clinical","Operating Room - Nursing","NTT-Deskside Services-WestCoast-Staffed","Desktop","Dell OptiPlex Tower Plus 7010 V1","LENOVO THINKCENTRE M910T i7-7700 3.6GHZ"
"PC042651","HSS-8068729","GQ23XP3","VIHA-TGH-Tofino General Hospital-Main Building-1st Floor","Tofino","Main Building","Nursing Station","1","VIHATRP20221114-009","01/31/2027","Operational","05/01/2026","Please NOTE that the following software applications are incompatible with the Cerner 724 Downtime application:
-Downtime Patient Index (DTPI)
-Dragon Medical One Extensions (DMO)
-Imprivata OneSign Software/Card Reader (Tap In/Out)
-Inteleviewer (Medical Imaging)

If the software is requested to be installed, the Incident or Request should be assigned to the ""VIHA-Client Experience"" assignment group so the request can be evaluated.","","Critical Clinical","Nursing","NTT-Deskside Services-WestCoast-Remote","Desktop","Dell OPTIPLEX 7000 MICRO V1",""
"PC045957","HSS-8086162","8JCX624","VIHA-WCGH-West Coast General Hospital-Main Building-2nd Floor","Port Alberni","Main Building","WC2330","2","VIHATRP20240429-042","06/30/2028","Operational","08/21/2026","","","General Rounding","Administration","NTT-Deskside Services-WestCoast-Staffed","Desktop","Dell OptiPlex Micro Plus 7010 V2",""
"PC049229","HSS-8078469","FF0LPR3","VIHA-WCGH-West Coast General Hospital-Main Building-1st Floor","Port Alberni","Main Building","WC1513","1","VIHATRP20230918-057","06/30/2027","Operational","08/21/2026","","Food Services","General Rounding","Patient Food","NTT-Deskside Services-WestCoast-Staffed","Desktop","Dell OPTIPLEX 7000 MICRO V1","LENOVO THNKCNT M920q i5-8500 2.1GHz 8GB 256GB WIN10P 3YOS"
"PC049230","HSS-8078476","4W0MPR3","VIHA-WCGH-West Coast General Hospital-Main Building-2nd Floor","Port Alberni","Main Building","WC2246 - Ultrasound tech Rm 1","2","VIHATRP20230918-064","06/30/2027","Operational","08/12/2026","","Medical Imaging","General Rounding","Medical Imaging","NTT-Deskside Services-WestCoast-Staffed","Desktop","Dell OPTIPLEX 7000 MICRO V1","LENOVO THNKCNT M920q i5-8500 2.1GHz 8GB 256GB WIN10P 3YOS"
"PC049238","HSS-8089580","6CP6D14","VIHA-WCGH-West Coast General Hospital-Main Building-2nd Floor","Port Alberni","Main Building","WC2270","2","VIHATRP20240909-070","12/31/2028","Operational","08/12/2026","","Medical Imaging","General Rounding","Medical Imaging Systems","NTT-Deskside Services-WestCoast-Staffed","Desktop","Dell OptiPlex Micro Plus 7010 V2","LENOVO THNKCNT M920q i5-8500 2.1GHz 8GB 256GB WIN10P 3YOS"
"PC049239","HSS-8089588","8L67D14","VIHA-WCGH-West Coast General Hospital-Main Building-2nd Floor","Port Alberni","Main Building","WC2270","2","VIHATRP20240909-078","10/31/2028","Operational","07/30/2026","","","General Rounding","CI Medical Imaging","NTT-Deskside Services-WestCoast-Staffed","Desktop","Dell OptiPlex Micro Plus 7010 V2",""
"PC049240","HSS-8073637","FVZ0KQ3","VIHA-WCGH-West Coast General Hospital-Main Building-2nd Floor","Port Alberni","Main Building","WCER - Emergency nursing desk","2","VIHATRP20230417-006","05/31/2027","Operational","08/31/2026","Please NOTE that the following software applications are incompatible with the Cerner 724 Downtime application:
-Downtime Patient Index (DTPI)
-Dragon Medical One Extensions (DMO)
-Imprivata OneSign Software/Card Reader (Tap In/Out)
-Inteleviewer (Medical Imaging)

If the software is requested to be installed, the Incident or Request should be assigned to the ""VIHA-Client Experience"" assignment group so the request can be evaluated.

Device is on admin tool 10 for 724","","Critical Clinical","Emergency","NTT-Deskside Services-WestCoast-Staffed","Desktop","Dell OPTIPLEX 7000 MICRO V1",""
"PC049241","HSS-8073665","3RP3KQ3","VIHA-WCGH-West Coast General Hospital-Main Building-2nd Floor","Port Alberni","Main Building","WC2455 - Regional Lab office","2","VIHATRP20230417-034","05/31/2027","Operational","08/31/2026","Monitor (Lenovo Thinkvision): Hss-1022861","Laboratory","General Rounding","Laboratory","NTT-Deskside Services-WestCoast-Staffed","Desktop","Dell OPTIPLEX 7000 MICRO V1","LENOVO THNKCNT M920q i5-8500 2.1GHz 8GB 256GB WIN10P 3YOS"
"PC049243","HSS-8089567","DFP6D14","VIHA-PARS-Port Alberni Redford Street-Mental Health and Addictions-1st Floor","Port Alberni","Main Building","10","1","VIHATRP20240909-057","10/31/2028","Operational","04/28/2026","","","General Rounding","PA Westcoast MHSU","NTT-Deskside Services-WestCoast-Local","Desktop","Dell OptiPlex Micro Plus 7010 V2",""
"PC049245","HSS-8086123","4JCX624","VIHA-PARS-Port Alberni Redford Street-Mental Health and Addictions-1st Floor","Port Alberni","Main Building","Team Room","1","VIHATRP20240429-003","06/30/2028","Operational","04/28/2026","","","General Rounding","4152 Redford St","NTT-Deskside Services-WestCoast-Local","Desktop","Dell OptiPlex Micro Plus 7010 V2",""
"PC049257","HSS-8078448","345NPR3","VIHA-PAMHAS-Port Alberni Mental Health & Addiction Services-Main Building-1st Floor","Port Alberni","Main Building","Reception","1","VIHATRP20230918-036","06/30/2027","Operational","03/12/2026","","Mental Health & Addiction Services","General Rounding","PA Westcoast Admin Support","NTT-Deskside Services-WestCoast-Local","Desktop","Dell OPTIPLEX 7000 MICRO V1","LENOVO THNKCNT M920q i5-8500 2.1GHz 8GB 256GB WIN10P 3YOS"
"PC049263","HSS-8073639","J4Z2KQ3","VIHA-WCGH-West Coast General Hospital-Main Building-2nd Floor","Port Alberni","Main Building","WC2491 Pharmacy","2","VIHATRP20230417-008","05/31/2027","Operational","07/24/2026","","","General Rounding","Pharmacy","NTT-Deskside Services-WestCoast-Staffed","Desktop","Dell OPTIPLEX 7000 MICRO V1",""
"PC049267","HSS-8078470","DHTLPR3","VIHA-WCGH-West Coast General Hospital-Main Building-1st Floor","Port Alberni","Main Building","WC1541","1","VIHATRP20230918-058","06/30/2027","Operational","07/30/2026","","","General Rounding","Housekeeping","NTT-Deskside Services-WestCoast-Staffed","Desktop","Dell OPTIPLEX 7000 MICRO V1",""
"PC050094","HSS-8086182","D5S7D14","VIHA-WCGH-West Coast General Hospital-Main Building-2nd Floor","Port Alberni","Main Building","WC2258 - Radiologist office","2","VIHATRP20240429-062","06/30/2028","Operational","08/12/2026","","Medical Imaging - Room 2258","General Rounding","MI System Data Management","NTT-Deskside Services-WestCoast-Staffed","Desktop","Dell OptiPlex Micro Plus 7010 V2","LENOVO THNKCNT M920q i5-8500 2.1GHz 8GB 256GB WIN10P 3YOS"
"PC051248","HSS-8086146","HJCX624","VIHA-TGH-Tofino General Hospital-Main Building-1st Floor","Tofino","Main Building","Health Records","1","VIHATRP20240429-026","06/30/2028","Operational","01/29/2026","","","General Rounding","Admitting","NTT-Deskside Services-WestCoast-Remote","Desktop","Dell OptiPlex Micro Plus 7010 V2",""
"PC051330","HSS-8086183","15S7D14","VIHA-WCGH-West Coast General Hospital-Main Building-2nd Floor","Port Alberni","Main Building","WC2256","2","VIHATRP20240429-063","06/30/2028","Operational","08/12/2026","","Medical Imaging - Marion's PC","General Rounding","Medical Imaging","NTT-Deskside Services-WestCoast-Staffed","Desktop","Dell OptiPlex Micro Plus 7010 V2","LENOVO THNKCNT M920q i5-8500 2.1GHz 8GB 256GB WIN10P 3YOS"
"PC051565","HSS-8068752","JP23XP3","VIHA-WCGH-West Coast General Hospital-Main Building-2nd Floor","Port Alberni","Main Building","WCMedical Imaging - Reception","2","VIHATRP20221114-032","01/31/2027","Operational","03/31/2026","This workstation has been configured to enable Controlled Prescription Printing (CPP) to a dedicated CPP printer. The workstation must be manually mapped in Olympus to print on CPP Printer(s): cpp_rmiailp1","MED-IMG-RJH","General Rounding","Medical Imaging","NTT-Deskside Services-WestCoast-Staffed","Desktop","Dell OPTIPLEX 7000 MICRO V1",""
"PC052209","HSS-8089569","6N67D14","VIHA-WCGH-West Coast General Hospital-Main Building-2nd Floor","Port Alberni","Main Building","WC2258","2","VIHATRP20240909-059","10/31/2028","Operational","07/30/2026","","Medical Imaging","General Rounding","CI Medical Imaging","NTT-Deskside Services-WestCoast-Staffed","Desktop","Dell OptiPlex Micro Plus 7010 V2","LENOVO THNKCNT M920q i5-8500 2.1GHz 8GB 256GB WIN10P 3YOS"
"PC052347","HSS-8086166","2KCX624","VIHA-WCGH-West Coast General Hospital-Main Building-2nd Floor","Port Alberni","Main Building","WCMedical Imaging - Main reception","2","VIHATRP20240429-046","06/30/2028","Operational","08/31/2026","Please NOTE that the following software applications are incompatible with the Cerner 724 Downtime application:
-Downtime Patient Index (DTPI)
-Dragon Medical One Extensions (DMO)
-Imprivata OneSign Software/Card Reader (Tap In/Out)
-Inteleviewer (Medical Imaging)

If the software is requested to be installed, the Incident or Request should be assigned to the ""VIHA-Client Experience"" assignment group so the request can be evaluated.","","Critical Clinical","Medical Imag Clerical Adm","NTT-Deskside Services-WestCoast-Staffed","Desktop","Dell OptiPlex Micro Plus 7010 V2",""
"PC060834","HSS-8095634","HCJJZ44","VIHA-PAMHAS-Port Alberni Mental Health & Addiction Services-Main Building-1st Floor","Port Alberni","Main Building","Psychiatry","1","ISLHTRP20250915-032","03/31/2029","Operational","03/12/2026","","","General Rounding","Emergency","NTT-Deskside Services-WestCoast-Local","Desktop","Dell OptiPlex Micro Plus 7020 V1",""
"PC066012","HSS-8025801","7ZFRDF3","VIHA-WCGH-West Coast General Hospital-Main Building-2nd Floor","Port Alberni","Main Building","WC2258","2","VIHATRP20211213-009","05/31/2026","Operational","08/12/2026","","","General Rounding","Medical Imaging","NTT-Deskside Services-WestCoast-Staffed","Desktop","Dell PRECISION 5820 TOWER V2",""
"PC066021","HSS-8025809","7Z9PDF3","VIHA-WCGH-West Coast General Hospital-Main Building-2nd Floor","Port Alberni","Main Building","2258","2","VIHATRP20211213-017","05/31/2026","Operational","08/21/2026","","","General Rounding","PACS","NTT-Deskside Services-WestCoast-Staffed","Desktop","Dell PRECISION 5820 TOWER V2",""
"PC066026","HSS-8025814","7ZBLDF3","VIHA-WCGH-West Coast General Hospital-Main Building-2nd Floor","Port Alberni","Main Building","2258","2","VIHATRP20211213-022","05/31/2026","Operational","08/12/2026","Imaging Doctor's PC","","General Rounding","Medical Imaging (Radiologist's Office)","NTT-Deskside Services-WestCoast-Staffed","Desktop","Dell PRECISION 5820 TOWER V2","Lenovo P500 Tower PC"
"PC067008","HSS-8068728","9Q7YTH3","VIHA-TGH-Tofino General Hospital-Main Building-1st Floor","Tofino","Main Building","Physician viewing room/xray","1","VIHATRP20221114-008","06/30/2026","Operational","01/29/2026","","","General Rounding","Physicians","NTT-Deskside Services-WestCoast-Remote","Desktop","Dell OPTIPLEX 7090 TOWER V1",""
"PC067010","HSS-8099170","MZ03D7VY","VIHA-WCGH-West Coast General Hospital-Main Building-2nd Floor","Port Alberni","Main Building","WCMedical Imaging - 2288 - XRay room","2","ISLHTRP20260615-072","07/31/2030","Operational","08/12/2026","","","General Rounding","Medical Imaging","NTT-Deskside Services-WestCoast-Staffed","Desktop","LENOVO P3 Tower Workstation V3",""
"PC067012","HSS-8068781","DBW2XP3","VIHA-WCGH-West Coast General Hospital-Main Building-2nd Floor","Port Alberni","Main Building","WC2248 - Ultrasound Room 2","2","VIHATRP20221114-061","01/31/2027","Operational","08/12/2026","","","General Rounding","Medical Imaging","NTT-Deskside Services-WestCoast-Staffed","Desktop","Dell OPTIPLEX 7000 MICRO V1",""
"PC067103","HSS-8073668","BXP3KQ3","VIHA-PAHCCS-Port Alberni Home & Community Care Services-Main Building-1st Floor","Port Alberni","Main Building","Reception","1","VIHATRP20230417-037","05/31/2027","Operational","08/21/2026","","","General Rounding","Administration","NTT-Deskside Services-WestCoast-Local","Desktop","Dell OPTIPLEX 7000 MICRO V1","LENOVO THINKCENTRE M910q i5-7500T 2.5GHZ"
"PC067138","HSS-8079316","2P6VPR3","VIHA-TGH-Tofino General Hospital-Main Building-1st Floor","Tofino","Main Building","FMO Shop","1","VIHATRP20231023-112","06/30/2027","Operational","01/29/2026","Taking old PC (PC033760) back after finished deployment and other tasks here at TGH (Nov.1, 2023)","","General Rounding","Plant Maintenance","NTT-Deskside Services-WestCoast-Remote","Desktop","Dell OPTIPLEX 7000 MICRO V1","LENOVO THINKCENTRE M910q i5-7500T 2.5GHZ"
"PC067145","HSS-8086195","B3S7D14","VIHA-WCGH-West Coast General Hospital-Main Building-2nd Floor","Port Alberni","Main Building","WC2426","2","VIHATRP20240429-075","06/30/2028","Operational","07/24/2026","","Room 2426 (moved as per RITM0843599)","General Rounding","Physiotherapy","NTT-Deskside Services-WestCoast-Staffed","Desktop","Dell OptiPlex Micro Plus 7010 V2","Tangent T22B V3 AIO"
"PC067146","HSS-8086181","6LCX624","VIHA-WCGH-West Coast General Hospital-Main Building-2nd Floor","Port Alberni","Main Building","WC2426","2","VIHATRP20240429-061","06/30/2028","Operational","07/24/2026","","Screening Clinic","General Rounding","Physiotherapy","NTT-Deskside Services-WestCoast-Staffed","Desktop","Dell OptiPlex Micro Plus 7010 V2","Tangent T22B V3 AIO"
"PC067175","HSS-8086143","24S7D14","VIHA-TGH-Tofino General Hospital-Main Building-1st Floor","Tofino","Main Building","Medical Imaging Front Computer","1","VIHATRP20240429-023","06/30/2028","Operational","01/29/2026","","","General Rounding","Medical Imaging","NTT-Deskside Services-WestCoast-Remote","Desktop","Dell OptiPlex Micro Plus 7010 V2","CUSTOMER OWNED CTO DESKTOP TC M910Q I5-7"
"PC067183","HSS-8086122","D4S7D14","VIHA-PAHC-Port Alberni Health Centre-Main Building-1st Floor","Port Alberni","Main Building","Reception","1","VIHATRP20240429-002","06/30/2028","Operational","03/05/2026","","","General Rounding","PA Westcoast Admin Support","NTT-Deskside Services-WestCoast-Local","Desktop","Dell OptiPlex Micro Plus 7010 V2",""
"PC071239","HSS-8097527","MZ034L1H","VIHA-WCGH-West Coast General Hospital-Main Building-2nd Floor","Port Alberni","Main Building","2518","2","ISLHTRP20260209-069","04/30/2030","Operational","07/02/2026","","","General Rounding","Inpatient Care Centre","NTT-Deskside Services-WestCoast-Staffed","Desktop","LENOVO M90q Gen 5 Desktop 512HD",""
"PC071516","HSS-8089574","JJ67D14","VIHA-WRC-Westhaven-Main Building-1st Floor","Port Alberni","Main Building","WH1028 - Social worker room","1","VIHATRP20240909-064","10/31/2028","Operational","08/05/2026","","","General Rounding","Westhaven","NTT-Deskside Services-WestCoast-Staffed","Desktop","Dell OptiPlex Micro Plus 7010 V2","Dell Mini-PC with one 24"" monitor"
"PC071738","HSS-8086207","5JCX624","VIHA-WCGH-West Coast General Hospital-Main Building-2nd Floor","Port Alberni","Main Building","WC2303","2","VIHATRP20240429-087","06/30/2028","Operational","08/31/2026","","","General Rounding","Protection Services","NTT-Deskside Services-WestCoast-Staffed","Desktop","Dell OptiPlex Micro Plus 7010 V2",""
"PC074077","HSS-1903195","DTS4144","VIHA-UPR-Ucluelet Peninsula Road","Ucluelet","Main Building","Lab Admin","1","DMND0005135","11/30/2028","Operational","08/21/2026","","","General Rounding","PHC Public Health Admin","NTT-Deskside Services-WestCoast-Remote","Desktop","Dell OptiPlex Micro Plus 7020 V1",""
"PC074078","HSS-1903196","FPX4L44","VIHA-UPR-Ucluelet Peninsula Road-Community Health Centre-2nd Floor","Ucluelet","Main Building","Admin","2","DMND0005135","11/30/2028","Operational","08/21/2026","","","General Rounding","PDO","NTT-Deskside Services-WestCoast-Remote","Desktop","Dell OptiPlex Micro Plus 7020 V1",""
"PC074082","HSS-1903200","3KX4l44","VIHA-UPR-Ucluelet Peninsula Road-Community Health Centre-2nd Floor","Ucluelet","Main Building","218","2","DMND0005135","11/30/2028","Operational","01/09/2026","","Admin Building","General Rounding","PDO","NTT-Deskside Services-WestCoast-Remote","Desktop","Dell OptiPlex Micro Plus 7020 V1",""
"PC075772","HSS-1940248","8NKJZ44","VIHA-UPR-Ucluelet Peninsula Road-Community Health Centre-1st Floor","Ucluelet","Main Building","105","1","DMND0005326","03/31/2029","Operational","08/21/2026","","","General Rounding","Ucluelet HCC","NTT-Deskside Services-WestCoast-Remote","Desktop","Dell OptiPlex Micro Plus 7020 V1",""
"PC075773","HSS-1940249","DQVHZ44","VIHA-UPR-Ucluelet Peninsula Road-Community Health Centre-1st Floor","Ucluelet","Main Building","105","1","DMND0005326","03/31/2029","Operational","08/21/2026","","","General Rounding","CBC Ucluelet HCC","NTT-Deskside Services-WestCoast-Remote","Desktop","Dell OptiPlex Micro Plus 7020 V1",""
"PC075774","HSS-1940250","BSVHZ44","VIHA-UPR-Ucluelet Peninsula Road-Community Health Centre-1st Floor","Ucluelet","Main Building","105","1","DMND0005326","03/31/2029","Operational","08/21/2026","","","General Rounding","CHS WCoast CBC WestCoast","NTT-Deskside Services-WestCoast-Remote","Desktop","Dell OptiPlex Micro Plus 7020 V1",""
"PC075775","HSS-1940251","BTVHZ44","VIHA-UPR-Ucluelet Peninsula Road-Community Health Centre-1st Floor","Ucluelet","Main Building","105","1","DMND0005326","03/31/2029","Operational","08/21/2026","","","General Rounding","CBC Ucluelet HCC","NTT-Deskside Services-WestCoast-Remote","Desktop","Dell OptiPlex Micro Plus 7020 V1",""
"PC075776","HSS-1940252","JQVHZ44","VIHA-UPR-Ucluelet Peninsula Road-Community Health Centre-1st Floor","Ucluelet","Main Building","105","1","DMND0005326","03/31/2029","Operational","08/21/2026","","","General Rounding","PCN Tofino PCN","NTT-Deskside Services-WestCoast-Remote","Desktop","Dell OptiPlex Micro Plus 7020 V1",""
"PC075777","HSS-1940253","GSVHZ44","VIHA-UPR-Ucluelet Peninsula Road-Community Health Centre-1st Floor","Ucluelet","Main Building","105","1","DMND0005326","03/31/2029","Operational","08/21/2026","","","General Rounding","TGH Nursing","NTT-Deskside Services-WestCoast-Remote","Desktop","Dell OptiPlex Micro Plus 7020 V1",""
"PC075778","HSS-1940254","CSVHZ44","VIHA-UPR-Ucluelet Peninsula Road-Community Health Centre-1st Floor","Ucluelet","Main Building","105","1","DMND0005326","03/31/2029","Operational","08/21/2026","","","General Rounding","ACV Med Staff Cred and Priv","NTT-Deskside Services-WestCoast-Remote","Desktop","Dell OptiPlex Micro Plus 7020 V1",""
"PC075779","HSS-1940255","DRVHZ44","VIHA-UPR-Ucluelet Peninsula Road-Community Health Centre-1st Floor","Ucluelet","Main Building","105","1","DMND0005326","03/31/2029","Operational","08/21/2026","","","General Rounding","UPR Primary Care","NTT-Deskside Services-WestCoast-Remote","Desktop","Dell OptiPlex Micro Plus 7020 V1",""
"PC075780","HSS-1940256","FRVHZ44","VIHA-UPR-Ucluelet Peninsula Road-Community Health Centre-1st Floor","Ucluelet","Main Building","105","1","DMND0005326","03/31/2029","Operational","08/21/2026","","","General Rounding","ACV Med Staff Cred and Priv","NTT-Deskside Services-WestCoast-Remote","Desktop","Dell OptiPlex Micro Plus 7020 V1",""
"PC075781","HSS-1940257","77SG664","VIHA-UPR-Ucluelet Peninsula Road-Community Health Centre-1st Floor","Ucluelet","Main Building","225","2","DMND0005326","07/31/2029","Operational","08/21/2026","","","General Rounding","CHS WCoast CBC WestCoast","NTT-Deskside Services-WestCoast-Remote","Desktop","Dell OptiPlex Micro Plus 7020 V1",""
"PC075782","HSS-1940258","B9WG664","VIHA-UPR-Ucluelet Peninsula Road-Community Health Centre-1st Floor","Ucluelet","Main Building","105","1","DMND0005326","07/31/2029","Operational","08/21/2026","","","General Rounding","CHS West Coast","NTT-Deskside Services-WestCoast-Remote","Desktop","Dell OptiPlex Micro Plus 7020 V1",""
"PC075783","HSS-1940259","9TVHZ44","VIHA-UPR-Ucluelet Peninsula Road-Community Health Centre-1st Floor","Ucluelet","Main Building","105","1","DMND0005326","03/31/2029","Operational","08/21/2026","","","General Rounding","TGH Lab Core","NTT-Deskside Services-WestCoast-Remote","Desktop","Dell OptiPlex Micro Plus 7020 V1",""
"PC075784","HSS-1940260","DGFCQ54","VIHA-UPR-Ucluelet Peninsula Road-Community Health Centre-1st Floor","Ucluelet","Main Building","105","1","DMND0005326","03/31/2029","Operational","01/09/2026","","","General Rounding","UPR","NTT-Deskside Services-WestCoast-Remote","Desktop","Dell OptiPlex Micro Plus 7020 V1",""
"PC075785","HSS-1940261","65RCQ54","VIHA-UPR-Ucluelet Peninsula Road-Community Health Centre-1st Floor","Ucluelet","Main Building","225","2","DMND0005326","03/31/2029","Operational","01/09/2026","","CHS Swing Desk","General Rounding","CHS","NTT-Deskside Services-WestCoast-Remote","Desktop","Dell OptiPlex Micro Plus 7020 V1",""
"PC075786","HSS-1940247","HSVHZ44","VIHA-UPR-Ucluelet Peninsula Road-Community Health Centre-1st Floor","Ucluelet","Main Building","105","1","DMND0005326","03/31/2029","Operational","08/21/2026","","","General Rounding","UPR","NTT-Deskside Services-WestCoast-Remote","Desktop","Dell OptiPlex Micro Plus 7020 V1","UPR_Kiosk1 "
"PC076779","HSS-8089587","5DP6D14","VIHA-WCGH-West Coast General Hospital-Main Building-2nd Floor","Port Alberni","Main Building","WC2441","2","VIHATRP20240909-077","10/31/2028","Operational","08/31/2026","","","General Rounding","Pulmonary - Cardiac Electrodiagnostics","NTT-Deskside Services-WestCoast-Staffed","Desktop","Dell OptiPlex Micro Plus 7010 V2",""
"PC077030","HSS-8100148","MZ03FQ8E","VIHA-WCGH-West Coast General Hospital-Main Building-2nd Floor","Port Alberni","Main Building","WC2303","2","ISLHTRP20260817-095","","Operational","08/21/2026","","","General Rounding","Protection Services","NTT-Deskside Services-WestCoast-Staffed","Desktop","LENOVO THINKCENTRE M90Q GEN6",""
"PC077124","HSS-8100152","MZ03FPYH","VIHA-WRC-Westhaven-Main Building-1st Floor","Port Alberni","Main Building","Reception","1st","ISLHTRP20260817-099","","Operational","","","","General Rounding","Westhaven","NTT-Deskside Services-WestCoast-Staffed","Desktop","LENOVO THINKCENTRE M90Q GEN6","Computer + 2 x 24"" Dell monitors.
Left monitor:  HSS-1034588 | PC077124L
Right monitor:  HSS-1034589 | PC077124R"
"PC077213","HSS-1984570","G4SZ4K3","VIHA-WCGH-West Coast General Hospital-Main Building-2nd Floor","Port Alberni","Main Building","WC2326","2","DMND0003637","11/30/2026","Operational","08/21/2026","","","General Rounding","Administration","NTT-Deskside Services-WestCoast-Staffed","Desktop","Dell OPTIPLEX 7090 MICRO V1",""
"PC077214","HSS-1984572","7S97VH3","VIHA-WCGH-West Coast General Hospital-Main Building-2nd Floor","Port Alberni","Main Building","WC2110 - OR Surgical Desk","2","DMND0003637","11/30/2026","Operational","08/21/2026","","","General Rounding","OR","NTT-Deskside Services-WestCoast-Staffed","Desktop","Dell OPTIPLEX 7090 MICRO V1",""
"PC077215","HSS-1984573","8LX4VH3","VIHA-WCGH-West Coast General Hospital-Main Building-2nd Floor","Port Alberni","Main Building","WCAMB - left hand side of desk","2","DMND0003637","11/30/2026","Operational","08/05/2026","","12-apr-23:  Device deployed as per STASK1501874","General Rounding","Ambulatory Care","NTT-Deskside Services-WestCoast-Staffed","Desktop","Dell OPTIPLEX 7090 MICRO V1",""
"PC077216","HSS-8100156","MZ03FPZE","VIHA-WCGH-West Coast General Hospital-Main Building-2nd Floor","Port Alberni","Main Building","WC2514 (Reports Room A)","2","ISLHTRP20260817-103","","Operational","08/31/2026","","","General Rounding","Med/Surg","NTT-Deskside Services-WestCoast-Staffed","Desktop","LENOVO THINKCENTRE M90Q GEN6",""
"PC077217","HSS-8100159","MZ03FPZC","VIHA-WCGH-West Coast General Hospital-Main Building-2nd Floor","Port Alberni","Main Building","WC2514 (Reports Room A)","2","ISLHTRP20260817-106","","Operational","08/31/2026","","","General Rounding","Med/Surg","NTT-Deskside Services-WestCoast-Staffed","Desktop","LENOVO THINKCENTRE M90Q GEN6",""
"PC077218","HSS-8100130","MZ03FPY0","VIHA-WCGH-West Coast General Hospital-Main Building-2nd Floor","Port Alberni","Main Building","WC2215 (Report Room B)","2","ISLHTRP20260817-077","","Operational","08/31/2026","","","General Rounding","Med/Surg","NTT-Deskside Services-WestCoast-Staffed","Desktop","LENOVO THINKCENTRE M90Q GEN6",""
"PC077219","HSS-8100127","MZ03FPYV","VIHA-WCGH-West Coast General Hospital-Main Building-2nd Floor","Port Alberni","Main Building","WC2215 (Reports Room B)","2","ISLHTRP20260817-074","","Operational","08/31/2026","","","General Rounding","Med/Surg","NTT-Deskside Services-WestCoast-Staffed","Desktop","LENOVO THINKCENTRE M90Q GEN6",""
"PC077220","HSS-8100151","MZ03FPYD","VIHA-WCGH-West Coast General Hospital-Main Building-2nd Floor","Port Alberni","Main Building","WCMedSur - Nursing Station - A Side Desk","","ISLHTRP20260817-098","","Operational","","","","General Rounding","Med/Surg","NTT-Deskside Services-WestCoast-Staffed","Desktop","LENOVO THINKCENTRE M90Q GEN6",""
"PC077221","HSS-8100155","MZ03FPYF","VIHA-WCGH-West Coast General Hospital-Main Building-2nd Floor","Port Alberni","Main Building","WC2900 - Nurse's Station","2","ISLHTRP20260817-102","","Operational","08/31/2026","","","General Rounding","Labour & Delivery","NTT-Deskside Services-WestCoast-Staffed","Desktop","LENOVO THINKCENTRE M90Q GEN6",""
"PC077223","HSS-8100149","MZ03FPXT","VIHA-WCGH-West Coast General Hospital-Main Building-2nd Floor","Port Alberni","Main Building","2904","2","ISLHTRP20260817-096","","Operational","","","","General Rounding","Med/Surg","NTT-Deskside Services-WestCoast-Staffed","Desktop","LENOVO THINKCENTRE M90Q GEN6",""
"PC077224","HSS-1984582","JKX4VH3","VIHA-WCGH-West Coast General Hospital-Main Building-1st Floor","Port Alberni","Main Building","WC1554 - Storage","1","DMND0003637","11/30/2026","Operational","12/03/2024","","","Excluded","Storage","NTT-Deskside Services-WestCoast-Staffed","Desktop","Dell OPTIPLEX 7090 MICRO V1",""
"PC077225","HSS-8100157","MZ03FPXY","VIHA-WCGH-West Coast General Hospital-Main Building-2nd Floor","Port Alberni","Main Building","WC2908 - wall mount in cubby","2","ISLHTRP20260817-104","","Operational","08/31/2026","","","General Rounding","Labour & Delivery","NTT-Deskside Services-WestCoast-Staffed","Desktop","LENOVO THINKCENTRE M90Q GEN6",""
"PC077226","HSS-8100126","MZ03FPYT","VIHA-WCGH-West Coast General Hospital-Main Building-2nd Floor","Port Alberni","Main Building","WC2908 (Wall Mount)","2","ISLHTRP20260817-073","","Operational","08/31/2026","","","General Rounding","Labour & Delivery","NTT-Deskside Services-WestCoast-Staffed","Desktop","LENOVO THINKCENTRE M90Q GEN6",""
"PC077227","HSS-8100158","MZ03FPYL","VIHA-WCGH-West Coast General Hospital-Main Building-2nd Floor","Port Alberni","Main Building","WC2911","2","ISLHTRP20260817-105","","Operational","08/31/2026","","","General Rounding","Labour & Delivery","NTT-Deskside Services-WestCoast-Staffed","Desktop","LENOVO THINKCENTRE M90Q GEN6",""
"PC077229","HSS-1984587","FLX4VH3","VIHA-WCGH-West Coast General Hospital-Main Building-1st Floor","Port Alberni","Main Building","","1","DMND0003637","11/30/2026","Operational","","","","Excluded"," ","NTT-Deskside Services-WestCoast-Staffed","Desktop","Dell OPTIPLEX 7090 MICRO V1",""
"PC077540","HSS-1036612","GMQ5XP3","VIHA-PAST-Port Alberni Youth Short Term Assessment and Response-Main Building-1st Floor","Port Alberni","Main Building","Outreach 3","1","REQ0644503-RITM0677064-SCTASK1084598","11/30/2026","Operational","06/02/2025","Location of hardware:  
5050 Strathern St, Port Alberni, BC V9Y 3E3","","General Rounding","Y-Star  Port Alberni","NTT-Deskside Services-WestCoast-Local","Desktop","Dell OPTIPLEX 7000 MICRO V1","1 Micro PC, 2 x 24"" monitors"
"PC078493","HSS-1043217","B8YVPR3","VIHA-WCGH-West Coast General Hospital-Main Building-2nd Floor","Port Alberni","Main Building","WCAdmin","2","REQ1005130-RITM1057347-SCTASK1697009","06/30/2027","Operational","08/21/2026","PC + 2 x 24"" monitors","","General Rounding","Administration","NTT-Deskside Services-WestCoast-Staffed","Desktop","Dell OPTIPLEX 7000 MICRO V1","25-jul-23: Deployed as per SCTASK1713577 - to front desk of Administration office. (facing main door)."
"PC078681","HSS-1044217","77D2QR3","VIHA-WCGH-West Coast General Hospital-Main Building-2nd Floor","Port Alberni","Main Building","WC2905 LD","2","REQ1110102-RITM1168312-SCTASK1868512","06/30/2027","Operational","08/31/2026","","Terry Hallam
Work notes�11/06/2023 15:21:402mo ago
23/11/06 RSLV 1521 PT
This bundle mysteriously arrived at the device integration door and Bryce now has the bundle - Closing ticket","General Rounding","Labour & Delivery","NTT-Deskside Services-WestCoast-Staffed","Desktop","Dell OPTIPLEX 7000 MICRO V1",""
"PC078739","HSS-8027171","FC67VH3","VIHA-WCGH-West Coast General Hospital-Main Building-2nd Floor","Port Alberni","Main Building","WC2440","2","REQ1132920-RITM1192579-SCTASK1912971","07/31/2026","Operational","07/30/2026","","","General Rounding","Cardio-Pulmonary Diagnostic Services","NTT-Deskside Services-WestCoast-Staffed","Desktop","Dell OPTIPLEX 7090 MICRO V1",""
"PC079972","HSS-1048368","DWT2L44","VIHA-WCGH-West Coast General Hospital-Main Building-2nd Floor","Port Alberni","Main Building","2444","2","REQ1514946-RITM1598193-SCTASK2577673","11/30/2028","Operational","08/31/2026","","","General Rounding","Pulmonary - Birch Clinic","NTT-Deskside Services-WestCoast-Staffed","Desktop","Dell OptiPlex Micro Plus 7020 V1",""
"PC079973","HSS-1048369","JVT2L44","VIHA-WCGH-West Coast General Hospital-Main Building-2nd Floor","Port Alberni","Main Building","2444","2","REQ1522627-RITM1606300-SCTASK2577674","11/30/2028","Operational","07/24/2026","","","General Rounding","RJH 1N 1S & Interventnl Psych","NTT-Deskside Services-WestCoast-Staffed","Desktop","Dell OptiPlex Micro Plus 7020 V1",""
"PC080001","HSS-8100138","MZ03FQ1W","VIHA-WRC-Westhaven-Main Building-1st Floor","Port Alberni","Main Building","WH1025 - Volunteer office / CNE office","","ISLHTRP20260817-085","","Operational","","","","General Rounding","Westhaven","NTT-Deskside Services-WestCoast-Staffed","Desktop","LENOVO THINKCENTRE M90Q GEN6",""
"PC080054","HSS-1038593","HHZ2XP3","VIHA-WCGH-West Coast General Hospital-Main Building-2nd Floor","Port Alberni","Main Building","WC2335 - Meeting Room A","2","REQ0648948-RITM0681752-SCTASK1205310","01/31/2027","Operational","08/21/2026","","","General Rounding","Administration","NTT-Deskside Services-WestCoast-Staffed","Desktop","Dell OPTIPLEX 7000 MICRO V1","Mini-PC + 24"" display monitor (HSS-1038805M)"
"PC080199","HSS-1044079","G6D2QR3","VIHA-BAM-Bamfield Health Centre-Main Building-1st Floor","Bamfield","Main Building","well women's room","1","REQ1093454-RITM1150977-SCTASK1844956","06/30/2027","Operational","07/10/2026","","","General Rounding","Nursing","NTT-Deskside Services-WestCoast-Remote","Desktop","Dell OPTIPLEX 7000 MICRO V1","Deployed at Bamfield Health Centre - Wellness room as per SCTASK1860820 - October 18, 2023 - Roman Frank (tech). (PC080199 + 24"" monitor (HSS-1044091)"
"PC080240","HSS-1047447","DLH5724","VIHA-WCGH-West Coast General Hospital-Main Building-2nd Floor","Port Alberni","Main Building","2504","2","REQ1370626-RITM1445723-SCTASK2382382","09/30/2028","Operational","07/24/2026","","","General Rounding","Pharmacy","NTT-Deskside Services-WestCoast-Staffed","Desktop","Dell OptiPlex Micro Plus 7010 V2","Deployed to Room 2504 as per SCTASK2411735 - Roman G Frank - IM/IT Tech - 1-aug-24"
"PC080246","HSS-1047793","GR97D14","VIHA-PARS-Port Alberni Redford Street-Mental Health and Addictions-1st Floor","Port Alberni","Main Building","1","1","REQ1397582-RITM1474316-SCTASK2445347","10/31/2028","Operational","04/28/2026","","","General Rounding","MCC PA Westcoast Admin Support","NTT-Deskside Services-WestCoast-Local","Desktop","Dell OptiPlex Micro Plus 7010 V2",""
"PC085073","HSS-1040985","2CNQQN3","VIHA-WCGH-West Coast General Hospital-Main Building-2nd Floor","Port Alberni","Main Building","WCER - 2012 - Triage Registration by window","2","REQ0831222-RITM0873342-SCTASK1379119","01/31/2027","Operational","08/31/2026","Please NOTE that the following software applications are incompatible with the Cerner 724 Downtime application:
-Downtime Patient Index (DTPI)
-Dragon Medical One Extensions (DMO)
-Imprivata OneSign Software/Card Reader (Tap In/Out)
-Inteleviewer (Medical Imaging)

If the software is requested to be installed, the Incident or Request should be assigned to the ""VIHA-Client Experience"" assignment group so the request can be evaluated.","","Critical Clinical","Emergency","NTT-Deskside Services-WestCoast-Staffed","Desktop","Dell OPTIPLEX 7000 MICRO V1",""
"PC085075","HSS-1040966","7NF5XP3","VIHA-WCGH-West Coast General Hospital-Main Building-2nd Floor","Port Alberni","Main Building","WCER - expansion triage desk","2","REQ0831222-RITM0873345-SCTASK1380180","01/31/2027","Operational","08/05/2026","","","General Rounding","Emergency Department","NTT-Deskside Services-WestCoast-Staffed","Desktop","Dell OPTIPLEX 7000 MICRO V1","Deployed to Triage desk in ED expansion.  As per SCTASK1397759 (site contact Chris Scott at time of deployment)."
"PC085206","HSS-1044666","DBLKPR3","VIHA-WCGH-West Coast General Hospital-Main Building-2nd Floor","Port Alberni","Main Building","WC2318","2","REQ1141946-RITM1202266-SCTASK1922035","05/31/2027","Operational","08/21/2026","Deployed as per SCTASK1951252 - 20-dec-23: Roman Frank (tech)","","General Rounding","Administration","NTT-Deskside Services-WestCoast-Staffed","Desktop","Dell OPTIPLEX 7000 MICRO V1","Computer desktop + 2 x 24"" monitors"
"PC085216","HSS-1044723","6X4NPR3","VIHA-WCGH-West Coast General Hospital-Main Building-2nd Floor","Port Alberni","Main Building","WC2430","2","REQ1143942-RITM1204436-SCTASK1937726","05/31/2027","Operational","07/24/2026","Deployed as per SCTASK1983544 - Roman Frank (tech)","","General Rounding","Rehab","NTT-Deskside Services-WestCoast-Staffed","Desktop","Dell OPTIPLEX 7000 MICRO V1","Mini-desktop with 1 x 24"" monitor"
"PC085236","HSS-1045063","D95NPR3","VIHA-WCGH-West Coast General Hospital-Main Building-1st Floor","Port Alberni","Main Building","1486","1","REQ1175249-RITM1237716-SCTASK2015849","05/31/2027","Operational","07/30/2026","Dell mini PC with 24"" monitor.","Electrical Shop","General Rounding","FMO","NTT-Deskside Services-WestCoast-Staffed","Desktop","Dell OPTIPLEX 7000 MICRO V1","Deployed to WC1486 as per SCTASK2045722 - Roman Frank - tech. (Jan 31, 2024)"
"PC085239","HSS-1045029","3BRMPR3","VIHA-WCGH-West Coast General Hospital-Main Building-2nd Floor","Port Alberni","Main Building","Pharmacy - Automed Machine Area","2","REQ1184237-RITM1247150-SCTASK2016040","05/31/2027","Operational","08/31/2026","Deployed as per SCTASK2049676 - Roman Frank - tech.","","General Rounding","Pharmacy","NTT-Deskside Services-WestCoast-Staffed","Desktop","Dell OPTIPLEX 7000 MICRO V1","1 Dell Mini-PC with 1x24"" monitor"
"PC090081","HSS-1040965","FL25XP3","VIHA-WCGH-West Coast General Hospital-Main Building-2nd Floor","Port Alberni","Main Building","WCER - 2012 - Triage Desk by door","2","REQ0831222-RITM0873341-SCTASK1379803","01/31/2027","Operational","08/05/2026","added 2nd monitor screen from spare at Nurse's triage desk.  (hss-1041052)","","General Rounding","Emergency Department","NTT-Deskside Services-WestCoast-Staffed","Desktop","Dell OPTIPLEX 7000 MICRO V1","Deployed to new ED expansion area - Left-hand side nurse's desk at entrance to new ED department."
"PC090218","HSS-1046033","4PD4X04","VIHA-WCGH-West Coast General Hospital-Main Building-2nd Floor","Port Alberni","Main Building","2431","2","REQ1220857-RITM1286083-SCTASK2161541","04/30/2028","Operational","07/24/2026","1 Mini PC + 1 24"" monitor.","","General Rounding","Physiotherapy","NTT-Deskside Services-WestCoast-Staffed","Desktop","Dell OptiPlex Micro Plus 7010 V2","Deployed 5-apr-24: Room WC2431 (Physio department) as per SCTASK2178991 - Roman Frank - DS Tech"
"PC090480","HSS-1049559","FFJJZ44","VIHA-WCGH-West Coast General Hospital-Main Building-2nd Floor","Port Alberni","Main Building","2306","2","REQ1605081-RITM1693571-SCTASK2721057","01/31/2029","Operational","08/31/2026","","","General Rounding","VIHA-WCGH-West Coast General Hospital","NTT-Deskside Services-WestCoast-Staffed","Desktop","Dell OptiPlex Micro Plus 7020 V1",""
"PC100056","HSS-1040961","DR15XP3","VIHA-WCGH-West Coast General Hospital-Main Building-2nd Floor","Port Alberni","Main Building","WCER - expansion - desk behind Triage desk","2","REQ0831222-RITM0873344-SCTASK1379404","01/31/2027","Operational","08/05/2026","","","General Rounding","Emergency Department","NTT-Deskside Services-WestCoast-Staffed","Desktop","Dell OPTIPLEX 7000 MICRO V1","Deployed at second Nurse's Triage desk in corner.  As per SCTASK 1397755."
"PC100057","HSS-1040962","3R33XP3","VIHA-WCGH-West Coast General Hospital-Main Building-2nd Floor","Port Alberni","Main Building","WCER - Expansion","2","REQ0831222-RITM0873340-SCTASK1379537","01/31/2027","Operational","08/05/2026","Deployed to righthand side of desk in new Security office.","","General Rounding","Emergency Department","NTT-Deskside Services-WestCoast-Staffed","Desktop","Dell OPTIPLEX 7000 MICRO V1","Deployed to Security room as per SCTASK1397737"
"PC100458","HSS-1046887","6XWKY24","VIHA-WCGH-West Coast General Hospital-Main Building-2nd Floor","Port Alberni","Main Building","2411","2","REQ1201367-RITM1265266-SCTASK2189708","06/30/2029","Operational","01/13/2026","","WCER - Medication Supplies storage (locked)
Secured location - seek permission to enter","General Rounding","ED","NTT-Deskside Services-WestCoast-Staffed","Thin Client","DELL OPTIPLEX 3000 THIN CLIENT V3","Mini-PC, 1 x display, mouse and keyboard - wall mounted.  *Note - in restricted area - confirm entry with charge nurse to enter."
"PC107245","HSS-1112368","1RVHZ44","VIHA-TGH-Tofino General Hospital-Main Building-1st Floor","Tofino","Main Building","1","1","REQ1943275-RITM2051556-SCTASK3287265","03/31/2029","Operational","01/29/2026","","Admin/ Site Director Office","General Rounding","TGH Admin","NTT-Deskside Services-WestCoast-Remote","Desktop","Dell OptiPlex Micro Plus 7020 V1",""
"PC107257","HSS-1112384","FMKJZ44","VIHA-WCGH-West Coast General Hospital-Main Building-2nd Floor","Port Alberni","Main Building","2319","2","REQ1935375-RITM2043084-SCTASK3293798","03/31/2029","Operational","08/21/2026","","","General Rounding","Admin","NTT-Deskside Services-WestCoast-Staffed","Desktop","Dell OptiPlex Micro Plus 7020 V1",""
"TD001654","HSS-8068765","68H2NN3","VIHA-WCGH-West Coast General Hospital-Main Building-2nd Floor","Port Alberni","Main Building","WCICU - 2166 - Physician On-Call Room","2","VIHATRP20221114-045","01/31/2027","Operational","07/02/2026","","","General Rounding","ICU","NTT-Deskside Services-WestCoast-Staffed","Laptop","Dell LATITUDE 7420 V3","Laptop in Physician's On-call room (2166)"
"TD001655","HSS-8078431","1S5MCY3","VIHA-PACDF-Port Alberni Community Dialysis Facility-Main Building-1st Floor","Port Alberni","Main Building","First office on the right","1","VIHATRP20230918-019","10/31/2027","Operational","05/12/2026","","","General Rounding","Environmental Health","NTT-Deskside Services-WestCoast-Local","Tablet","DELL LATITUDE 9440 2-in-1 V1","LENOVO THINKCENTRE M910q i5-7500T 2.5GHZ"
"TD001656","HSS-8078432","2HNKGY3","VIHA-PACDF-Port Alberni Community Dialysis Facility-Main Building-1st Floor","Port Alberni","Main Building","2nd door on right","1","VIHATRP20230918-020","10/31/2027","Operational","05/12/2026","","","General Rounding","Environmental Health","NTT-Deskside Services-WestCoast-Local","Tablet","DELL LATITUDE 9440 2-in-1 V1",""
"TD001763","HSS-8090344","9FX8H24","VIHA-PARS-Port Alberni Redford Street-Mental Health and Addictions-1st Floor","Port Alberni","Main Building","ACT Team Room","1","VIHATRP20241007-008","11/30/2028","Operational","04/28/2026","","","General Rounding","Licensing","NTT-Deskside Services-WestCoast-Local","Tablet","DELL LATITUDE 9440 2-in-1 V1",""
"TD020314","HSS-8072046","9RPWKR3","VIHA-PAHCCS-Port Alberni Home & Community Care Services-Main Building-1st Floor","Port Alberni","Main Building","11","1","VIHATRP20230213-026","","Operational","08/31/2026","","","General Rounding","4259 6th Ave","NTT-Deskside Services-WestCoast-Local","Tablet","DELL LATITUDE 9420",""
"TD020329","HSS-8078439","6P5MCY3","VIHA-PAHC-Port Alberni Health Centre-Main Building-1st Floor","Port Alberni","Main Building","Room 5","1","VIHATRP20230918-027","10/31/2027","Operational","03/05/2026","","","General Rounding","R37 Community Services Adm","NTT-Deskside Services-WestCoast-Local","Tablet","DELL LATITUDE 9440 2-in-1 V1",""
"TD020350","HSS-1018634","R90W4RKZ","VIHA-TGH-Tofino General Hospital-Main Building-Basement 1","Tofino","Main Building","false","0","","01/31/2023","Operational","09/04/2025","","","Excluded"," ","NTT-Deskside Services-WestCoast-Remote","Tablet","LENOVO THINKPAD YOGA X390",""
"TD030560","HSS-8078438","8QRLGY3","VIHA-PAHCCS-Port Alberni Home & Community Care Services-Main Building-1st Floor","Port Alberni","Main Building","4","1","VIHATRP20230918-026","10/31/2027","Operational","07/16/2026","","","General Rounding","Community Health Services","NTT-Deskside Services-WestCoast-Local","Tablet","DELL LATITUDE 9440 2-in-1 V1",""
"TD030563","HSS-8078437","9P6LGY3","VIHA-PAHCCS-Port Alberni Home & Community Care Services-Main Building-1st Floor","Port Alberni","Main Building","11","1","VIHATRP20230918-025","10/31/2027","Operational","07/16/2026","","","General Rounding","Home Care Nursing-Pt","NTT-Deskside Services-WestCoast-Local","Tablet","DELL LATITUDE 9440 2-in-1 V1",""
"TD031056","HSS-1024167","R90WPPN9","VIHA-PARS-Port Alberni Redford Street-Mental Health and Addictions-1st Floor","Port Alberni","Main Building","ACT Team Room","1","REQ0146648-RITM0152911-SCTASK0221649","05/31/2023","Operational","02/27/2026","","Room 12","General Rounding","4152 Redford St","NTT-Deskside Services-WestCoast-Local","Tablet","LENOVO THINKPAD YOGA X390","Laptop + Docking station + Monitor bundle"
"WT_860DNC00497","C005636","860DNC00497","VIHA-WCGH-West Coast General Hospital-Main Building-2nd Floor","Port Alberni","Main Building","WCOR #2","2","","","Operational","01/16/2026","Installed June 12 2018 West Coast Genera","","General Rounding","OR","NTT-Deskside Services-WestCoast-Staffed","Thin Client","Dell WYSE 5010 THIN CLIENT","WYSE D10D Thin Client"
"WT_860DNC00860","C001117","860DNC00860","VIHA-WRC-Westhaven-Main Building-1st Floor","Port Alberni","Main Building","WH1020","1","","","Operational","08/05/2026","","","Excluded","Westhaven","NTT-Deskside Services-WestCoast-Staffed","Thin Client","Dell WYSE 5010 THIN CLIENT","THIN CLIENT"
"WT_860DNC08723","C001119","860DNC08723","VIHA-WCGH-West Coast General Hospital-Main Building-1st Floor","Port Alberni","Main Building","","1","","","Operational","","","","Excluded"," ","NTT-Deskside Services-WestCoast-Staffed","Thin Client","Dell WYSE 5010 THIN CLIENT","THIN CLIENT"
