"name","asset_tag","serial_number","location","location.city","u_building","u_room","u_floor","po_number","u_scheduled_retirement","operational_status","u_last_rounded_date","comments","u_location_comments","u_device_rounding","u_department_location","location.u_deskside_assignment_group","u_category","model_id","short_description"
"LD031235","HSS-8097464","PF5WPP0T","VIHA-CRG-Campbell River General Hospital-Main Building-Basement 1","Campbell River","Main Building","","0","ISLHTRP20260202-044","03/31/2030","Operational","","","","Excluded","WFH - Administration","NTT-Deskside Services-CampbellRiver-Staffed","Laptop","LENOVO THINKPAD T14 GEN6",""
"LD048251","HSS-8097463","PF5WYA6K","VIHA-CRG-Campbell River General Hospital-Main Building-Basement 1","Campbell River","Main Building","","B1","ISLHTRP20260202-043","03/31/2030","Operational","","","","Excluded","Device Integration","NTT-Deskside Services-CampbellRiver-Staffed","Laptop","LENOVO THINKPAD T14 GEN6",""
"LD091674","HSS-8097456","PF5WK1ZQ","VIHA-CRMHAS-Campbell River Mental Health & Addiction Services-Main Building-2nd Floor","Campbell River","Main","","2nd","ISLHTRP20260202-036","03/31/2030","Operational","","","","Excluded","CRMHSU 1040 Shoppers Row Campbell River","NTT-Deskside Services-CampbellRiver-Local","Laptop","LENOVO THINKPAD T14 GEN6",""
"AO1000086","HSS-8097293","T24A24M010","VIHA-CRG-Campbell River General Hospital-Main Building-Basement 1","Campbell River","","","","ISLHTRP20260126-096","05/31/2030","Operational","","","","","","NTT-Deskside Services-CampbellRiver-Staffed","All-in-One","TANGENT MEDIX 24v2 32GB",""
"LD061752","HSS-8099458","SD005QMP","VIHA-CRG-Campbell River General Hospital","Campbell River","WFH","","3","ISLHTRP20260706-065","07/31/2030","Operational","","","","Excluded","Health Information Management","NTT-Deskside Services-CampbellRiver-Staffed","Laptop","LENOVO THINKPAD T14 GEN6 NT FPR 2x1",""
"LD058776","HSS-8098539","PF620QZM","VIHA-ZHU-Zeballos Health Unit-Main Building-1st Floor","Zeballos","Zeballos Health Unit","","1","ISLHTRP20260427-044","05/31/2030","Operational","","","","General Rounding","Zeballos Health Unit","NTT-Deskside Services-CampbellRiver-Remote","Laptop","LENOVO THINKPAD T14 GEN6 NT FPR 2x1",""
"LD021663","HSS-8097462","PF5WSAK9","VIHA-CRG-Campbell River General Hospital-Main Building-Basement 1","Campbell River","Main Building","","B1","ISLHTRP20260202-042","03/31/2030","Operational","","","","Excluded","","NTT-Deskside Services-CampbellRiver-Staffed","Laptop","LENOVO THINKPAD T14 GEN6",""
"WT_GQ1SK44","HSS-8097869","GQ1SK44","VIHA-CRG-Campbell River General Hospital","Campbell River","","","","ISLHTRP20260302-114","04/30/2031","Operational","","","","","","NTT-Deskside Services-CampbellRiver-Staffed","Thin Client","DELL OPTIPLEX 3000 THIN CLIENT V3",""
"PC039994","HSS-8064860","2LV4XP3","VIHA-CRMC-Campbell River Marwalk Crescent-Main Building-1st Floor","Campbell River","Main Building","017 - Shop","1","VIHATRP20220711-061","11/30/2026","Operational","03/25/2024","","","General Rounding"," ","NTT-Deskside Services-CampbellRiver-Local","Desktop","Dell OPTIPLEX 7000 MICRO V1",""
"LD031241","HSS-8099485","SD006A6A","VIHA-CRMC-Campbell River Marwalk Crescent-Main Building-1st Floor","Campbell River","Main Building","018","1","ISLHTRP20260706-092","07/31/2030","Operational","","","","General Rounding","FMO","NTT-Deskside Services-CampbellRiver-Local","Laptop","LENOVO THINKPAD T14 GEN6 NT FPR 2x1",""
"PC031226","HSS-8079375","D9YVPR3","VIHA-CRMC-Campbell River Marwalk Crescent-Main Building-1st Floor","Campbell River","Main Building","023","1","VIHATRP20230916-055","06/30/2027","Operational","03/25/2024","","","General Rounding","NI Svcs Centre","NTT-Deskside Services-CampbellRiver-Local","Desktop","Dell OPTIPLEX 7000 MICRO V1","CUSTOMER OWNED CTO DESKTOP TC M910Q I5-7"
"PC037391","HSS-8099493","MZ03FQ96","VIHA-CRMC-Campbell River Marwalk Crescent-Main Building-1st Floor","Campbell River","Main Building","024","","ISLHTRP20260706-100","07/31/2030","Operational","","","","General Rounding","FMO","NTT-Deskside Services-CampbellRiver-Local","Desktop","LENOVO THINKCENTRE M90Q GEN6",""
"LD057129","HSS-8096773","PF5X9DVX","VIHA-CRG-Campbell River General Hospital-Main Building-Basement 1","Campbell River","Main Building","0601","B1","ISLHTRP20251208-037","01/31/2030","Operational","","","","Excluded","IM/IT","NTT-Deskside Services-CampbellRiver-Staffed","Laptop","LENOVO THINKPAD T14 GEN6",""
"LD036580","HSS-8087479","8ZTSCW3","VIHA-CRG-Campbell River General Hospital-Corporate-Whitehouse-2nd Floor","Campbell River","Whitehouse","1","Whitehouse-2nd Floor","VIHATRP20240610-041","07/31/2028","Operational","03/17/2026","","","Excluded","Scheduling Services Admin","NTT-Deskside Services-CampbellRiver-Staffed","Laptop","Dell LATITUDE 7440 V7",""
"LD065454","HSS-8065004","F2D5NN3","VIHA-CRSR_1307-Campbell River Shoppers Row (Unit 1307)-Main Building-1st Floor","Campbell River","Main Building","1","1","VIHATRP20220718-041","12/31/2026","Operational","07/24/2024","","","General Rounding","Mental Health and Addiction Services","NTT-Deskside Services-CampbellRiver-Local","Laptop","Dell LATITUDE 7420 V3",""
"PC044154","HSS-8072909","FLL3KQ3","VIHA-CRMHAS-Campbell River Mental Health & Addiction Services-Main Building-2nd Floor","Campbell River","Main Building","10","2","VIHATRP20230313-050","05/31/2027","Operational","07/24/2024","","","General Rounding","CRMHAS","NTT-Deskside Services-CampbellRiver-Local","Desktop","Dell OPTIPLEX 7000 MICRO V1",""
"PC031267","HSS-8065020","5LR4XP3","VIHA-CRMHAS-Campbell River Mental Health & Addiction Services-Main Building-2nd Floor","Campbell River","Main Building","10","2","VIHATRP20220718-057","01/31/2027","Operational","07/24/2024","","","General Rounding","Mental Health and Addiction Services","NTT-Deskside Services-CampbellRiver-Local","Desktop","Dell OPTIPLEX 7000 MICRO V1",""
"PC026774","HSS-8085027","6VH4X04","VIHA-CRG-Campbell River General Hospital-Corporate-Whitehouse-1st Floor","Campbell River","Corporate","100","Whitehouse-1st Floor","VIHATRP20240101-025","04/30/2028","Operational","04/30/2024","","","General Rounding","Staffing(ESP) Rep-ZESPP1DL","NTT-Deskside Services-CampbellRiver-Staffed","Desktop","Dell OptiPlex Micro Plus 7010 V2",""
"LD032467","HSS-8066579","8HCJLN3","VIHA-CRPH-Campbell River Public Health-Main Building-2nd Floor","Campbell River","Tyee Plaza","101","2","VIHATRP20220919-027","01/31/2027","Operational","06/11/2026","","","General Rounding","Public Health","NTT-Deskside Services-CampbellRiver-Local","Laptop","Dell LATITUDE 7420 V3",""
"LD063801","HSS-1043138","DRLZ4X3","VIHA-CRPH-Campbell River Public Health-Main Building","Campbell River","Main Building","101 - WFH Angelica Ubando","1","REQ1004600-RITM1056810-SCTASK1689306","08/31/2027","Operational","07/25/2023","","","Excluded","'-","NTT-Deskside Services-CampbellRiver-Local","Laptop","Dell LATITUDE 7430 V1",""
"LD106143","HSS-8100318","SD006J6H","VIHA-CRG-Campbell River General Hospital-Corporate-Whitehouse-1st Floor","Campbell River","Primary Access Clinic","102","1st floor","ISLHTRP20260824-097","","Operational","","","","General Rounding","Whitehouse","NTT-Deskside Services-CampbellRiver-Staffed","Laptop","LENOVO THINKPAD T14 GEN6 NT FPR 2x1",""
"LD065703","HSS-8066602","G1CJLN3","VIHA-CRPH-Campbell River Public Health-Main Building-2nd Floor","Campbell River","Tyee Plaza","102 - Nancy Clements","2","VIHATRP20220919-050","01/31/2027","Operational","06/11/2026","","","General Rounding","Public Health","NTT-Deskside Services-CampbellRiver-Local","Laptop","Dell LATITUDE 7420 V3",""
"PC025577","HSS-8087476","28Z0724","VIHA-CRG-Campbell River General Hospital-Corporate-Whitehouse-1st Floor","Campbell River","Corporate","102 - Reception","Whitehouse-1st Floor","VIHATRP20240610-038","07/31/2028","Operational","03/17/2026","","","General Rounding","NI Chronic Disease Mgmt","NTT-Deskside Services-CampbellRiver-Staffed","Desktop","Dell OptiPlex Micro Plus 7010 V2",""
"PC085403","HSS-1048222","BNX4L44","VIHA-CRG-Campbell River General Hospital-Corporate-Whitehouse-1st Floor","Campbell River","Whitehouse","102 - Reception","1","REQ1493539-RITM1575756-SCTASK2547545","10/31/2028","Operational","03/17/2026","","31Oct2024 RITM1575756
Dropped off  assets to Whitehouse Room 102. Left under table and informed staff to contact SD when ready to install.
LCD HSS-1048243 62C4TY3
LCD HSS-1048242 75Q5TY3
Desktop PC085403 HSS-1048222","General Rounding","Whitehouse","NTT-Deskside Services-CampbellRiver-Staffed","Desktop","Dell OptiPlex Micro Plus 7020 V1",""
"LD090262","HSS-1041279","FVQ3NN3","VIHA-CRG-Campbell River General Hospital-Corporate-Whitehouse-1st Floor","Campbell River","Whitehouse","103","1","REQ0835012-RITM0877330-SCTASK1395379","05/31/2027","Operational","03/17/2026","","","General Rounding","Positive Wellness North Island","NTT-Deskside Services-CampbellRiver-Staffed","Laptop","Dell LATITUDE 7420 V3",""
"PC085053","HSS-1039741","1CNQQN3","VIHA-CRMC-Campbell River Marwalk Crescent-Main Building-1st Floor","Campbell River","CRMC","103","2","REQ0781186-RITM0820703-SCTASK1294885","01/31/2027","Operational","03/25/2024","","","General Rounding"," ","NTT-Deskside Services-CampbellRiver-Local","Desktop","Dell OPTIPLEX 7000 MICRO V1",""
"LD030567","HSS-8018025","PC162137","VIHA-CRMC-Campbell River Marwalk Crescent-Main Building-1st Floor","Campbell River","Main Building","103","1","","10/31/2022","Operational","03/25/2024","","","General Rounding","Facilities","NTT-Deskside Services-CampbellRiver-Local","Laptop","LENOVO THINKPAD T480S","LENOVO THNKPD T480s i5-8350 1.7GHZ 6MB 1"
"LD080925","HSS-1045736","815JGW3","VIHA-CRMC-Campbell River Marwalk Crescent-Main Building-1st Floor","Campbell River","Marwalk","103","2","REQ1244082-RITM1311094-SCTASK2100321","04/30/2028","Operational","","","RITM1311094 - deployed 22March2024","General Rounding","Marwalk","NTT-Deskside Services-CampbellRiver-Local","Laptop","Dell LATITUDE 7440 V7",""
"TD030241","HSS-8066591","FFDRTQ3","VIHA-CRPH-Campbell River Public Health-Main Building-2nd Floor","Campbell River","Tyee Plaza","103 - Charlene MacKinnon","2","VIHATRP20220919-039","01/31/2027","Operational","06/11/2026","","","General Rounding","Public Health","NTT-Deskside Services-CampbellRiver-Local","Tablet","DELL LATITUDE 9420",""
"LD024496","HSS-8094544","8Y5MR54","VIHA-CRG-Campbell River General Hospital-Corporate-Whitehouse-1st Floor","Campbell River","Corporate","104","Whitehouse-1st Floor","ISLHTRP20250721-055","03/31/2029","Operational","03/17/2026","","","General Rounding","CR Health and Wellness","NTT-Deskside Services-CampbellRiver-Staffed","Laptop","Dell LATITUDE 7450 V4",""
"LD024498","HSS-8093922","26PZFW3","VIHA-CRG-Campbell River General Hospital-Corporate-Whitehouse-1st Floor","Campbell River","Whitehouse","104","Whitehouse-1st Floor","ISLHTRP20250616-060","03/31/2029","Operational","03/17/2026","","","General Rounding","CR Health and Wellness","NTT-Deskside Services-CampbellRiver-Staffed","Laptop","Dell LATITUDE 7450 V4",""
"TD001682","HSS-8079377","2RJMCY3","VIHA-CRPH-Campbell River Public Health-Main Building-2nd Floor","Campbell River","Main Building","104","2nd Floor","VIHATRP20230916-057","11/30/2027","Operational","06/11/2026","","Environmental Health","General Rounding","Environmental Health","NTT-Deskside Services-CampbellRiver-Local","Tablet","DELL LATITUDE 9440 2-in-1 V1","LENOVO THNKPD T480s i5-8350 1.7GHZ 6MB 14 WIN 10 16GB"
"TD030540","HSS-8071434","6KK2VT3","VIHA-CRPH-Campbell River Public Health-Main Building-2nd Floor","Campbell River","Tyee Plaza","105","2","VIHATRP20230123-114","02/28/2027","Operational","06/11/2026","","","General Rounding","Public Health","NTT-Deskside Services-CampbellRiver-Local","Tablet","Dell LATITUDE 9430",""
"TD030230","HSS-8066595","JVXRTQ3","VIHA-CRPH-Campbell River Public Health-Main Building-2nd Floor","Campbell River","Tyee Plaza","105","2","VIHATRP20220919-043","01/31/2027","Operational","06/11/2026","","","General Rounding","Public Health","NTT-Deskside Services-CampbellRiver-Local","Tablet","DELL LATITUDE 9420",""
"LD106143LEG","HSS-1036960","9P7KLN3","VIHA-CRG-Campbell River General Hospital-Corporate-Whitehouse-1st Floor","Campbell River","Primary Access Clinic","105","1st floor","REQ1964529-RITM2074351-SCTASK3330310","11/30/2026","Operational","03/17/2026","Arrived at CRG IT office - RITM2074351
Redeployed 02Dec2025 RITM2074351","","General Rounding","Whitehouse","NTT-Deskside Services-CampbellRiver-Staffed","Laptop","Dell LATITUDE 7420 V3",""
"LD065633","HSS-8066588","6ZMDLN3","VIHA-CRPH-Campbell River Public Health-Main Building-2nd Floor","Campbell River","Tyee Plaza","106","2","VIHATRP20220919-036","01/31/2027","Operational","06/11/2026","","","General Rounding","Public Health","NTT-Deskside Services-CampbellRiver-Local","Laptop","Dell LATITUDE 7420 V3",""
"LD021715","HSS-8027547","GFT34J3","VIHA-CRPH-Campbell River Public Health-Main Building-2nd Floor","Campbell River","Tyee Plaza","106 - SOHO - Not found in AD","2","VIHATRP20220321-021","07/31/2026","Operational","06/11/2026","","","General Rounding","Public Health","NTT-Deskside Services-CampbellRiver-Local","Laptop","Dell LATITUDE 7420 V3",""
"LD031240","HSS-8079374","79QRDY3","VIHA-CRMC-Campbell River Marwalk Crescent-Main Building-1st Floor","Campbell River","Main Building","107","2","VIHATRP20230916-054","11/30/2027","Operational","03/25/2024","","","General Rounding","CI/NI-FMO Admin Support","NTT-Deskside Services-CampbellRiver-Local","Laptop","DELL LATITUDE 7440 V2",""
"LD031239","HSS-8057909","D45T5J3","VIHA-CRMC-Campbell River Marwalk Crescent-Main Building-1st Floor","Campbell River","Main Building","108","1","VIHATRP20220404-040","08/31/2026","Operational","03/25/2024","","","General Rounding"," ","NTT-Deskside Services-CampbellRiver-Local","Laptop","Dell LATITUDE 7420 V3",""
"LD065658","HSS-8066594","12ZDLN3","VIHA-CRPH-Campbell River Public Health-Main Building-2nd Floor","Campbell River","Tyee Plaza","108","2","VIHATRP20220919-042","01/31/2027","Operational","06/11/2026","","","General Rounding","Public Health","NTT-Deskside Services-CampbellRiver-Local","Laptop","Dell LATITUDE 7420 V3",""
"LD037871","HSS-8059169","6C034J3","VIHA-CRPH-Campbell River Public Health-Main Building-2nd Floor","Campbell River","Tyee Plaza","109","2","VIHATRP20220613-025","12/31/2026","Operational","06/11/2026","","","General Rounding","Public Health","NTT-Deskside Services-CampbellRiver-Local","Laptop","Dell LATITUDE 7420 V3",""
"LD039382","HSS-8066634","4B4FLN3","VIHA-CRMC-Campbell River Marwalk Crescent-Main Building-1st Floor","Campbell River","Main Building","109","1","VIHATRP20220919-082","02/28/2027","Operational","03/25/2024","","","General Rounding"," ","NTT-Deskside Services-CampbellRiver-Local","Laptop","Dell LATITUDE 7420 V3",""
"LD037873","HSS-8066590","1G37NN3","VIHA-CRPH-Campbell River Public Health-Main Building-2nd Floor","Campbell River","Tyee Plaza","109","2","VIHATRP20220919-038","01/31/2027","Operational","06/11/2026","","","General Rounding","Public Health","NTT-Deskside Services-CampbellRiver-Local","Laptop","Dell LATITUDE 7420 V3",""
"PC040018","HSS-8079352","4JMVPR3","VIHA-CRMHAS-Campbell River Mental Health & Addiction Services-Main Building-2nd Floor","Campbell River","Main Building","11","2nd Floor","VIHATRP20230916-035","06/30/2027","Operational","07/24/2024","","","General Rounding","Campbell River Addictions","NTT-Deskside Services-CampbellRiver-Local","Desktop","Dell OPTIPLEX 7000 MICRO V1","LENOVO THINKCENTRE M910q i5-7500T 2.5GHZ"
"LD058231","HSS-8094717","BQ9Q774","VIHA-CRPH-Campbell River Public Health-Main Building-2nd Floor","Campbell River","Tyee Plaza","110","2nd Floor","ISLHTRP20250804-012","07/31/2029","Operational","06/11/2026","","","General Rounding","Public Health Nursing","NTT-Deskside Services-CampbellRiver-Local","Laptop","Dell LATITUDE 7450 V4",""
"LD037872","HSS-8066597","4P4FLN3","VIHA-CRPH-Campbell River Public Health-Main Building-2nd Floor","Campbell River","Tyee Plaza","110","2","VIHATRP20220919-045","01/31/2027","Operational","06/11/2026","","","General Rounding","Public Health","NTT-Deskside Services-CampbellRiver-Local","Laptop","Dell LATITUDE 7420 V3",""
"LD035566","HSS-8079381","5RKZFY3","VIHA-CRPH-Campbell River Public Health-Main Building-2nd Floor","Campbell River","Main Building","110","2nd Floor","VIHATRP20230916-061","11/30/2027","Operational","06/11/2026","","","General Rounding","Public Health Nursing-Re2","NTT-Deskside Services-CampbellRiver-Local","Laptop","DELL LATITUDE 7440 V2",""
"LD035597","HSS-8079378","HC2QDY3","VIHA-CRPH-Campbell River Public Health-Main Building-2nd Floor","Campbell River","Main Building","111","2nd Floor","VIHATRP20230916-058","11/30/2027","Operational","06/11/2026","","","General Rounding","Public Health Nursing-Re2","NTT-Deskside Services-CampbellRiver-Local","Laptop","DELL LATITUDE 7440 V2",""
"LD033198","HSS-8066583","FLX3NN3","VIHA-CRPH-Campbell River Public Health-Main Building-2nd Floor","Campbell River","Tyee Plaza","111","2","VIHATRP20220919-031","01/31/2027","Operational","06/11/2026","","","General Rounding","Public Health","NTT-Deskside Services-CampbellRiver-Local","Laptop","Dell LATITUDE 7420 V3",""
"LD034637","HSS-8066600","14HFLN3","VIHA-CRPH-Campbell River Public Health-Main Building-2nd Floor","Campbell River","Tyee Plaza","112","2","VIHATRP20220919-048","01/31/2027","Operational","08/21/2026","","","General Rounding","Public Health","NTT-Deskside Services-CampbellRiver-Local","Laptop","Dell LATITUDE 7420 V3",""
"LD034197","HSS-8066580","63W4NN3","VIHA-CRPH-Campbell River Public Health-Main Building-2nd Floor","Campbell River","Tyee Plaza","112","2","VIHATRP20220919-028","01/31/2027","Operational","08/21/2026","","","General Rounding","Public Health","NTT-Deskside Services-CampbellRiver-Local","Laptop","Dell LATITUDE 7420 V3","LENOVO THINKPAD T470s i5-7300U 2.6GHZ 3M"
"LD031238","HSS-8066587","2B1JLN3","VIHA-CRPH-Campbell River Public Health-Main Building-2nd Floor","Campbell River","Tyee Plaza","113","2","VIHATRP20220919-035","01/31/2027","Operational","06/11/2026","","","General Rounding","Public Health","NTT-Deskside Services-CampbellRiver-Local","Laptop","Dell LATITUDE 7420 V3",""
"LD038160","HSS-8066586","5J4FLN3","VIHA-CRPH-Campbell River Public Health-Main Building-2nd Floor","Campbell River","Tyee Plaza","113","2","VIHATRP20220919-034","01/31/2027","Operational","06/11/2026","","","General Rounding","Public Health","NTT-Deskside Services-CampbellRiver-Local","Laptop","Dell LATITUDE 7420 V3",""
"LD059253","HSS-8095456","3GYQ774","VIHA-CRPH-Campbell River Public Health-Main Building-2nd Floor","Campbell River","Tyee Plaza","114","2nd Floor","ISLHTRP20250908-025","09/30/2029","Operational","06/11/2026","","","General Rounding","Public Health","NTT-Deskside Services-CampbellRiver-Local","Laptop","Dell LATITUDE 7450 V4",""
"LD046349","HSS-8092268","87H4WH3","VIHA-CRPH-Campbell River Public Health-Main Building-2nd Floor","Campbell River","Tyee Plaza","114","2nd Floor","VIHATRP20250127-054","12/31/2028","Operational","06/11/2026","","","General Rounding","Public Health","NTT-Deskside Services-CampbellRiver-Local","Laptop","Dell LATITUDE 7450 V4",""
"LD030351","HSS-8066578","GKP4NN3","VIHA-CRPH-Campbell River Public Health-Main Building-2nd Floor","Campbell River","Tyee Plaza","114","2","VIHATRP20220919-026","01/31/2027","Operational","06/11/2026","","","General Rounding","Public Health","NTT-Deskside Services-CampbellRiver-Local","Laptop","Dell LATITUDE 7420 V3",""
"LD030200","HSS-8066599","44ZDLN3","VIHA-CRPH-Campbell River Public Health-Main Building-2nd Floor","Campbell River","Tyee Plaza","114","2","VIHATRP20220919-047","01/31/2027","Operational","05/09/2024","","","General Rounding","Public Health","NTT-Deskside Services-CampbellRiver-Local","Laptop","Dell LATITUDE 7420 V3",""
"LD034644","HSS-8091060","BVLJVW3","VIHA-CRPH-Campbell River Public Health-Main Building-2nd Floor","Campbell River","Main Building","114","2nd Floor","VIHATRP20241104-018","02/28/2029","Operational","06/11/2026","","","General Rounding","Home and Community Care CR","NTT-Deskside Services-CampbellRiver-Local","Laptop","Dell LATITUDE 7440 V7","LENOVO THNKPD T480s i5-8350 1.7GHZ 6MB 1"
"LD090451","HSS-1045370","J0N89W3","VIHA-CRG-Campbell River General Hospital-Corporate-Whitehouse-1st Floor","Campbell River","Whitehouse","116","1","REQ1222727-RITM1288124-SCTASK2065406","02/29/2028","Operational","03/17/2026","","","General Rounding","Whitehouse","NTT-Deskside Services-CampbellRiver-Staffed","Laptop","DELL LATITUDE 7440 V2",""
"LD041020","HSS-8091059","FQFJVW3","VIHA-CRPH-Campbell River Public Health-Main Building-2nd Floor","Campbell River","Tyee Plaza","116  Storage Room","2nd Floor","VIHATRP20241104-017","12/31/2028","Operational","06/11/2026","","","General Rounding","Public Health","NTT-Deskside Services-CampbellRiver-Local","Laptop","Dell LATITUDE 7440 V7",""
"LD046309","HSS-8092781","47JSFW3","VIHA-CRPH-Campbell River Public Health-Main Building-2nd Floor","Campbell River","Tyee Plaza","116  Storage Room","2nd Floor","VIHATRP20250331-016","03/31/2029","Operational","06/11/2026","","","General Rounding","Public Health","NTT-Deskside Services-CampbellRiver-Local","Laptop","Dell LATITUDE 7450 V4",""
"LD041014","HSS-8091062","67XHVW3","VIHA-CRPH-Campbell River Public Health-Main Building-2nd Floor","Campbell River","Tyee Plaza","116  Storage Room","2nd Floor","VIHATRP20241104-020","12/31/2028","Operational","06/11/2026","","","General Rounding","Public Health","NTT-Deskside Services-CampbellRiver-Local","Laptop","Dell LATITUDE 7440 V7",""
"LD030719","HSS-8096768","PF5X5L0Y","VIHA-CRPH-Campbell River Public Health-Main Building-2nd Floor","Campbell River","Tyee Plaza","116 Storage Room","2","ISLHTRP20251208-024","01/31/2030","Operational","06/11/2026","","","General Rounding","Sign our laptop","NTT-Deskside Services-CampbellRiver-Local","Laptop","LENOVO THINKPAD T14 GEN6",""
"LD046148","HSS-8091063","B3LHVW3","VIHA-CRPH-Campbell River Public Health-Main Building-2nd Floor","Campbell River","Tyee Plaza","116 Storage Room","2nd Floor","VIHATRP20241104-021","12/31/2028","Operational","06/11/2026","","","General Rounding","Public Health","NTT-Deskside Services-CampbellRiver-Local","Laptop","Dell LATITUDE 7440 V7",""
"LD090446","HSS-1045373","GK289W3","VIHA-CRG-Campbell River General Hospital-Corporate-Whitehouse-1st Floor","Campbell River","Whitehouse","117","1","REQ1222739-RITM1288136-SCTASK2065305","02/29/2028","Operational","03/17/2026","","","General Rounding","Whitehouse","NTT-Deskside Services-CampbellRiver-Staffed","Laptop","DELL LATITUDE 7440 V2",""
"LD090447","HSS-1045371","7BR79W3","VIHA-CRG-Campbell River General Hospital-Corporate-Whitehouse-1st Floor","Campbell River","Whitehouse","118","1","REQ1222744-RITM1288141-SCTASK2065323","02/29/2028","Operational","03/17/2026","","","General Rounding","Whitehouse","NTT-Deskside Services-CampbellRiver-Staffed","Laptop","DELL LATITUDE 7440 V2",""
"PC056451","HSS-8079379","9DJVPR3","VIHA-CRPH-Campbell River Public Health-Main Building-2nd Floor","Campbell River","Main Building","118","2nd Floor","VIHATRP20230916-059","06/30/2027","Operational","06/11/2026","","","General Rounding","Public Health Nursing-Re2","NTT-Deskside Services-CampbellRiver-Local","Desktop","Dell OPTIPLEX 7000 MICRO V1",""
"LD085813","HSS-1045367","CV1B9W3","VIHA-CRG-Campbell River General Hospital-Corporate-Whitehouse-1st Floor","Campbell River","Whitehouse","119","1","REQ1222745-RITM1288142-SCTASK2065212","02/29/2028","Operational","03/17/2026","","","General Rounding","Whitehouse","NTT-Deskside Services-CampbellRiver-Staffed","Laptop","DELL LATITUDE 7440 V5",""
"LD065648","HSS-8066601","1P2LLN3","VIHA-CRPH-Campbell River Public Health-Main Building-2nd Floor","Campbell River","Tyee Plaza","119 - Clinic Room 2","2","VIHATRP20220919-049","01/31/2027","Operational","06/11/2026","","","General Rounding","Public Health","NTT-Deskside Services-CampbellRiver-Local","Laptop","Dell LATITUDE 7420 V3",""
"LD065676","HSS-8066596","7FL3NN3","VIHA-CRPH-Campbell River Public Health-Main Building-2nd Floor","Campbell River","Tyee Plaza","120 - Clinic Room 3","2","VIHATRP20220919-044","01/31/2027","Operational","06/11/2026","","","General Rounding","Public Health","NTT-Deskside Services-CampbellRiver-Local","Laptop","Dell LATITUDE 7420 V3",""
"LD065603","HSS-8066581","HSVHLN3","VIHA-CRPH-Campbell River Public Health-Main Building-2nd Floor","Campbell River","Tyee Plaza","121 - Clinic Room 4","2","VIHATRP20220919-029","01/31/2027","Operational","06/11/2026","","","General Rounding","Public Health","NTT-Deskside Services-CampbellRiver-Local","Laptop","Dell LATITUDE 7420 V3",""
"PC044157","HSS-8016919","MJ07YJ2K","VIHA-CRMHAS-Campbell River Mental Health & Addiction Services-Main Building-2nd Floor","Campbell River","Main Building","13","2","","07/31/2022","Operational","07/24/2024","","","General Rounding","Mental Health and Addiction Services","NTT-Deskside Services-CampbellRiver-Local","Desktop","LENOVO THINKCENTRE M920Q V1",""
"LD030441","HSS-8065013","8CF4NN3","VIHA-CRMHAS-Campbell River Mental Health & Addiction Services-Main Building-2nd Floor","Campbell River","Main Building","13","2","VIHATRP20220718-050","12/31/2026","Operational","07/24/2024","","","General Rounding","Mental Health and Addiction Services","NTT-Deskside Services-CampbellRiver-Local","Laptop","Dell LATITUDE 7420 V3",""
"LD041024","HSS-8091061","1PFJVW3","VIHA-CRPH-Campbell River Public Health-Main Building-2nd Floor","Campbell River","Main Building","132","2nd Floor","VIHATRP20241104-019","12/31/2028","Operational","06/11/2026","","","General Rounding","COVID Public Health","NTT-Deskside Services-CampbellRiver-Local","Laptop","Dell LATITUDE 7440 V7","LENOVO THNKPD T480s i5-8350 1.7GHZ 6MB 1"
"LD067448","HSS-1045433","HP7B9W3","VIHA-CRPH-Campbell River Public Health-Main Building-2nd Floor","Campbell River","CRPH","134","2","REQ1227898-RITM1293670-SCTASK2072642","03/31/2028","Operational","06/11/2026","","","General Rounding","CRPH","NTT-Deskside Services-CampbellRiver-Local","Laptop","DELL LATITUDE 7440 V2",""
"LD065679","HSS-8066598","HJX3NN3","VIHA-CRPH-Campbell River Public Health-Main Building-2nd Floor","Campbell River","Tyee Plaza","134 - Resource Room","2","VIHATRP20220919-046","01/31/2027","Operational","05/09/2024","","","General Rounding","Public Health","NTT-Deskside Services-CampbellRiver-Local","Laptop","Dell LATITUDE 7420 V3",""
"LD100664","HSS-1044028","FBNGDY3","VIHA-CRPH-Campbell River Public Health-Main Building-2nd Floor","Campbell River","Main Building","134 - WFH Kimberley Toonders","2","REQ1089338-RITM1146576-SCTASK1835607","10/31/2027","Operational","05/09/2024","","","Excluded"," ","NTT-Deskside Services-CampbellRiver-Local","Laptop","DELL LATITUDE 7440 V2",""
"LD036152","HSS-8079373","FTZGDY3","VIHA-CRMC-Campbell River Marwalk Crescent-Main Building-1st Floor","Campbell River","Main Building","18","1st Floor","VIHATRP20230916-053","11/30/2027","Operational","03/25/2024","","","General Rounding","CI/NI-FMO Admin Support","NTT-Deskside Services-CampbellRiver-Local","Laptop","DELL LATITUDE 7440 V2","LENOVO THNKPD T480s i5-8350 1.7GHZ 6MB 1"
"LD030730","HSS-8065014","9KK5NN3","VIHA-CRMHAS-Campbell River Mental Health & Addiction Services-Main Building-2nd Floor","Campbell River","Main Building","18 - projector room","2","VIHATRP20220718-051","12/31/2026","Operational","07/24/2024","","","General Rounding","Mental Health and Addiction Services","NTT-Deskside Services-CampbellRiver-Local","Laptop","Dell LATITUDE 7420 V3",""
"LD066692","HSS-8091513","60HWVH3","VIHA-CRMHAS-Campbell River Mental Health & Addiction Services-Main Building-2nd Floor","Campbell River","Main Building","19","2nd Floor","VIHATRP20241202-037","01/31/2029","Operational","","","","General Rounding","Comox Valley/CR MHSU","NTT-Deskside Services-CampbellRiver-Local","Laptop","Dell LATITUDE 7450 V4","LENOVO THNKCNT M920q i5-8500 2.1GHz 8GB"
"PC040005","HSS-8072908","32L3GK3","VIHA-CRMHAS-Campbell River Mental Health & Addiction Services-Main Building-2nd Floor","Campbell River","Main Building","19","2","VIHATRP20230313-048","06/30/2027","Operational","07/24/2024","","","General Rounding","Mental Health and Addiction Services","NTT-Deskside Services-CampbellRiver-Local","Laptop","Dell LATITUDE 7430 V1",""
"LD035160","HSS-8079344","5HDZFY3","VIHA-CRSR_1307-Campbell River Shoppers Row (Unit 1307)-Main Building-1st Floor","Campbell River","Main Building","19","1","VIHATRP20230916-027","11/30/2027","Operational","07/24/2024","","","General Rounding","SUIT/HART","NTT-Deskside Services-CampbellRiver-Local","Laptop","DELL LATITUDE 7440 V2","LENOVO THNKPD T480s i5-8350 1.7GHZ 6MB 1"
"PC032541","HSS-8066643","74D5XP3","VIHA-YLRS-Yucalta Lodge-Main Building-1st Floor","Campbell River","Main Building","193 - Therapy Office","1","VIHATRP20220919-091","01/31/2027","Operational","05/21/2025","","","General Rounding","Yucalta","NTT-Deskside Services-CampbellRiver-Local","Desktop","Dell OPTIPLEX 7000 MICRO V1",""
"AO800005","HSS-8098141","C25318M199","VIHA-YLRS-Yucalta Lodge-Main Building-1st Floor","Campbell River","YLRS","193 Therapy Services - key lock","1","ISLHTRP20260323-046","01/31/2030","Operational","","","","Mobile Cart","YLRS","NTT-Deskside Services-CampbellRiver-Local","All-in-One","TANGENT MEDIX 22B V20",""
"LD060022","HSS-8098370","PF62GD89","VIHA-CRDS-Campbell River Dogwood Street-Main Building-1st Floor","Campbell River","Main Building","1st on Left - Nadine Armstrong","1","ISLHTRP20260413-027","05/31/2030","Operational","","","220 Dogwood","General Rounding","CR Dogwood","NTT-Deskside Services-CampbellRiver-Local","Laptop","LENOVO THINKPAD T14 GEN6 NT FPR 2x1",""
"LD064285","HSS-1044121","4F1ZFY3","VIHA-CRDS-Campbell River Dogwood Street-Main Building-1st Floor","Campbell River","Main Building","1st on right","1","REQ1099190-RITM1156952-SCTASK1857107","11/30/2027","Operational","02/09/2026","","","General Rounding","CR Dogwood","NTT-Deskside Services-CampbellRiver-Local","Laptop","DELL LATITUDE 7440 V2",""
"PC080006","HSS-8099207","MZ03EXJX","VIHA-CRDS-Campbell River Dogwood Street-Main Building-1st Floor","Campbell River","Main Building","1st on right","","ISLHTRP20260622-078","07/31/2030","Operational","","","","General Rounding","CR Dogwood","NTT-Deskside Services-CampbellRiver-Local","Desktop","LENOVO THINKCENTRE M90Q GEN6",""
"C002427","C002427","63CA8P9P5J2","VIHA-CRSR_1307-Campbell River Shoppers Row (Unit 1307)","Campbell River","mAIN","2","1","","","Operational","","Client Use / Comfort Room, data jack D54 configued for Partner vlan","","Excluded","","NTT-Deskside Services-CampbellRiver-Local","Thin Client","DELL 0H0C1T","Dell Wyse 5060 Thin Client Wireless"
"LD065453","HSS-8065021","G92KLN3","VIHA-CRSR_1307-Campbell River Shoppers Row (Unit 1307)-Main Building-1st Floor","Campbell River","Tyee Plaza","2","1","VIHATRP20220718-058","01/31/2027","Operational","07/24/2024","","","General Rounding","Mental Health and Addiction Services","NTT-Deskside Services-CampbellRiver-Local","Laptop","Dell LATITUDE 7420 V3",""
"LD065460","HSS-8099465","SD0061N0","VIHA-CRSR_1307-Campbell River Shoppers Row (Unit 1307)-Main Building-1st Floor","Campbell River","Main Building","20","2","ISLHTRP20260706-072","07/31/2030","Operational","","","","General Rounding","Mental Health and Addiction Services","NTT-Deskside Services-CampbellRiver-Local","Laptop","LENOVO THINKPAD T14 GEN6 NT FPR 2x1",""
"PC032545","HSS-8099483","MZ03FQ9K","VIHA-CRMC-Campbell River Marwalk Crescent-Main Building-1st Floor","Campbell River","Main Building","20","1st","ISLHTRP20260706-090","07/31/2030","Operational","","","","General Rounding","","NTT-Deskside Services-CampbellRiver-Local","Desktop","LENOVO THINKCENTRE M90Q GEN6",""
"LD065463","HSS-8065022","HJG7NN3","VIHA-CRMHAS-Campbell River Mental Health & Addiction Services-Main Building-2nd Floor","Campbell River","Main Building","20","2","VIHATRP20220718-059","01/31/2027","Operational","05/08/2025","","","General Rounding","Mental Health and Addiction Services","NTT-Deskside Services-CampbellRiver-Local","Laptop","Dell LATITUDE 7420 V3",""
"PC031213","HSS-8017973","MJ097GKA","VIHA-CRG-Campbell River General Hospital-Corporate-Whitehouse-2nd Floor","Campbell River","Main Building","200","2","","10/31/2022","Operational","03/17/2026","","","General Rounding","Staffing Services","NTT-Deskside Services-CampbellRiver-Staffed","Desktop","LENOVO THINKCENTRE M920Q V1","LENOVO THNKCNT M920q i5-8500 2.1GHz 8GB"
"LD062925","HSS-1042148","90J2GK3","VIHA-QIMC-Quadra Island Medical Clinic-Main Building-1st Floor","Quathiaski Cove","Main Building","204","2","REQ0896482-RITM0942403-SCTASK1497881","05/31/2027","Operational","06/06/2025","","","General Rounding","Public Health","NTT-Deskside Services-CampbellRiver-Local","Laptop","Dell LATITUDE 7430 V1",""
"LD046452","HSS-8093010","9WZHX64","VIHA-CRMHAS-Campbell River Mental Health & Addiction Services-Main Building-2nd Floor","Campbell River","Main Building","207","2nd Floor","ISLHTRP20250414-013","03/31/2029","Operational","","","","General Rounding","CRMHAS","NTT-Deskside Services-CampbellRiver-Local","Laptop","Dell LATITUDE 7450 V4",""
"LD071341","HSS-8098133","PF60CWJ0","VIHA-CRSR_1307-Campbell River Shoppers Row (Unit 1307)-Main Building-1st Floor","Campbell River","Main Building","21","1","ISLHTRP20260323-038","04/30/2030","Operational","","","1307-1297 Shoppers Row","General Rounding","CRSR","NTT-Deskside Services-CampbellRiver-Local","Laptop","LENOVO THINKPAD T14 GEN6 NT FPR 2x1",""
"LD066231","HSS-8079351","8YQZFY3","VIHA-CRMHAS-Campbell River Mental Health & Addiction Services-Main Building-2nd Floor","Campbell River","Main Building","21","2","VIHATRP20230916-034","11/30/2027","Operational","07/24/2024","","","General Rounding","CV/CR Admin Suppport","NTT-Deskside Services-CampbellRiver-Local","Laptop","DELL LATITUDE 7440 V2","LENOVO THINKCENTRE M910q i5-7500T 2.5GHZ"
"LD066696","HSS-8092392","2KD2WH3","VIHA-CRMHAS-Campbell River Mental Health & Addiction Services","Campbell River","Main Building","21","2nd Floor","VIHATRP20250303-013","12/31/2028","Operational","","","","General Rounding","Comox Valley/CR MHSU","NTT-Deskside Services-CampbellRiver-Local","Laptop","Dell LATITUDE 7450 V4",""
"LD041012","HSS-8087489","J91RCW3","VIHA-CRG-Campbell River General Hospital-Main Building-1st Floor","Campbell River","Main Building","210","1st Floor","VIHATRP20240610-051","07/31/2028","Operational","","","","General Rounding","Region 1 Scheduling CB River","NTT-Deskside Services-CampbellRiver-Staffed","Laptop","Dell LATITUDE 7440 V7",""
"LD041019","HSS-8085025","5NQWCW3","VIHA-CRG-Campbell River General Hospital-Corporate-Whitehouse-2nd Floor","Campbell River","Corporate","210","Whitehouse-1st Floor","VIHATRP20240101-023","04/30/2028","Operational","","","","Excluded","Whitehouse - 1st Floor","NTT-Deskside Services-CampbellRiver-Staffed","Laptop","Dell LATITUDE 7440 V7",""
"TD001768","HSS-8091862","4FVDB54","VIHA-CRED-Campbell River Eagle Drive-Main Building-2nd Floor","Campbell River","Main Building","210","2st Floor","VIHATRP20250113-038","01/31/2029","Operational","","","","General Rounding","Strathcona Indig Hlth Programs","NTT-Deskside Services-CampbellRiver-Local","Tablet","Dell LATITUDE 9450 2-in-1 V2",""
"LD090207","HSS-1040704","2SVB6J3","VIHA-CRG-Campbell River General Hospital-Corporate-Whitehouse-2nd Floor","Campbell River","Main Building","210 - WFH","2","REQ0818544-RITM0859977-SCTASK1361503","12/31/2026","Operational","02/08/2023","","Work from home bundle","Excluded","Staffing Services","NTT-Deskside Services-CampbellRiver-Staffed","Laptop","Dell LATITUDE 7420 V3",""
"LD066161","HSS-8080819","63T4SV3","VIHA-CRG-Campbell River General Hospital-Corporate-Whitehouse-2nd Floor","Campbell River","Whitehouse","214","2","VIHATRP20231127-074","12/31/2027","Operational","03/17/2026","","","General Rounding","Protection Services","NTT-Deskside Services-CampbellRiver-Staffed","Laptop","DELL LATITUDE 7440 V2",""
"LD020582","HSS-8064854","23Y6NN3","VIHA-CRDS-Campbell River Dogwood Street-Main Building-1st Floor","Campbell River","Main Building","220 Dogwood Street","1","VIHATRP20220711-055","11/30/2026","Operational","05/25/2026","","","General Rounding","CR Dogwood","NTT-Deskside Services-CampbellRiver-Local","Laptop","Dell LATITUDE 7420 V3",""
"LD065766","HSS-8072906","3H04FK3","VIHA-CRMHAS-Campbell River Mental Health & Addiction Services-Main Building-2nd Floor","Campbell River","CRMHAS","24","2","VIHATRP20230313-046","06/30/2027","Operational","07/24/2024","","","General Rounding","CRMHAS","NTT-Deskside Services-CampbellRiver-Local","Laptop","Dell LATITUDE 7430 V1",""
"PC030783","HSS-8099482","MZ03FQ9V","VIHA-CRMC-Campbell River Marwalk Crescent-Main Building-1st Floor","Campbell River","Main Building","24 B","","ISLHTRP20260706-089","07/31/2030","Operational","","","","General Rounding","FMO","NTT-Deskside Services-CampbellRiver-Local","Desktop","LENOVO THINKCENTRE M90Q GEN6",""
"LD065458","HSS-8065008","J626NN3","VIHA-CRMHAS-Campbell River Mental Health & Addiction Services-Main Building-2nd Floor","Campbell River","Main Building","26","2","VIHATRP20220718-045","12/31/2026","Operational","07/24/2024","","","General Rounding","Mental Health and Addiction Services","NTT-Deskside Services-CampbellRiver-Local","Laptop","Dell LATITUDE 7420 V3",""
"PC047845","HSS-8079345","8BD2QR3","VIHA-CRMHAS-Campbell River Mental Health & Addiction Services-Main Building-2nd Floor","Campbell River","Main Building","27","2nd Floor","VIHATRP20230916-028","06/30/2027","Operational","07/24/2024","","","General Rounding","Campbell River Rehab","NTT-Deskside Services-CampbellRiver-Local","Desktop","Dell OPTIPLEX 7000 MICRO V1",""
"PC031273","HSS-8099499","MZ03FQ7N","VIHA-CRMHAS-Campbell River Mental Health & Addiction Services-Main Building-2nd Floor","Campbell River","Main Building","27","2nd","ISLHTRP20260706-106","07/31/2030","Operational","","","","General Rounding","Mental Health and Addiction Services","NTT-Deskside Services-CampbellRiver-Local","Desktop","LENOVO THINKCENTRE M90Q GEN6",""
"PC048753","HSS-8079349","5BD2QR3","VIHA-CRMHAS-Campbell River Mental Health & Addiction Services-Main Building-2nd Floor","Campbell River","Main Building","27","2nd Floor","VIHATRP20230916-032","06/30/2027","Operational","07/24/2024","","","General Rounding","Campbell River Rehab","NTT-Deskside Services-CampbellRiver-Local","Desktop","Dell OPTIPLEX 7000 MICRO V1","LENOVO THNKCNT M920q i5-8500 2.1GHz 8GB"
"PC043284","HSS-8074777","4501KQ3","VIHA-YLRS-Yucalta Lodge-Main Building-1st Floor","Campbell River","Main Building","275 - key lock","1","VIHATRP20230529-068","06/30/2027","Operational","05/21/2025","","","General Rounding","LTC VIHA Admin","NTT-Deskside Services-CampbellRiver-Local","Desktop","Dell OPTIPLEX 7000 MICRO V1",""
"PC036372","HSS-8065011","FMV4XP3","VIHA-CRMHAS-Campbell River Mental Health & Addiction Services-Main Building-2nd Floor","Campbell River","Main Building","28","2","VIHATRP20220718-048","12/31/2026","Operational","07/24/2024","","","General Rounding","Mental Health and Addiction Services","NTT-Deskside Services-CampbellRiver-Local","Desktop","Dell OPTIPLEX 7000 MICRO V1",""
"LD066233","HSS-8079343","39DZFY3","VIHA-CRMHAS-Campbell River Mental Health & Addiction Services-Main Building-2nd Floor","Campbell River","Main Building","28","2nd Floor","VIHATRP20230916-026","11/30/2027","Operational","07/24/2024","","","General Rounding","CV/CR Admin Suppport","NTT-Deskside Services-CampbellRiver-Local","Laptop","DELL LATITUDE 7440 V2","DELL LATITUDE 7440 V2"
"LD065466","HSS-8065010","JJ15NN3","VIHA-CRMHAS-Campbell River Mental Health & Addiction Services-Main Building-2nd Floor","Campbell River","Main Building","28","2","VIHATRP20220718-047","12/31/2026","Operational","07/24/2024","","","General Rounding","Mental Health and Addiction Services","NTT-Deskside Services-CampbellRiver-Local","Laptop","Dell LATITUDE 7420 V3",""
"LD065468","HSS-8065012","6J15NN3","VIHA-CRMHAS-Campbell River Mental Health & Addiction Services-Main Building-2nd Floor","Campbell River","Main Building","28","2","VIHATRP20220718-049","12/31/2026","Operational","07/24/2024","","","General Rounding","Mental Health and Addiction Services","NTT-Deskside Services-CampbellRiver-Local","Laptop","Dell LATITUDE 7420 V3",""
"PC030790","HSS-8065023","HMV4XP3","VIHA-CRMHAS-Campbell River Mental Health & Addiction Services-Main Building-2nd Floor","Campbell River","Main Building","29","2","VIHATRP20220718-060","01/31/2027","Operational","07/24/2024","","","General Rounding"," ","NTT-Deskside Services-CampbellRiver-Local","Desktop","Dell OPTIPLEX 7000 MICRO V1",""
"LD033329","HSS-8079376","7MNGDY3","VIHA-CRMC-Campbell River Marwalk Crescent-Main Building-1st Floor","Campbell River","Main Building","2nd floor Directors Office","1st Floor","VIHATRP20230916-056","11/30/2027","Operational","03/25/2024","","","General Rounding","Plant Svcs Admin CR/N","NTT-Deskside Services-CampbellRiver-Local","Laptop","DELL LATITUDE 7440 V2","CUSTOMER OWNED LENOVO THINKPAD T470s i5-"
"LD065836","HSS-8072904","3K13GK3","VIHA-CRMHAS-Campbell River Mental Health & Addiction Services-Main Building-2nd Floor","Campbell River","Main Building","3","2","VIHATRP20230313-043","06/30/2027","Operational","07/24/2024","","","General Rounding","Mental Health and Addiction Services","NTT-Deskside Services-CampbellRiver-Local","Laptop","Dell LATITUDE 7430 V1",""
"LD065452","HSS-8065006","J5P4NN3","VIHA-CRSR_1307-Campbell River Shoppers Row (Unit 1307)-Main Building-1st Floor","Campbell River","Tyee Plaza","3","1","VIHATRP20220718-043","12/31/2026","Operational","07/24/2024","","","General Rounding","Mental Health and Addiction Services","NTT-Deskside Services-CampbellRiver-Local","Laptop","Dell LATITUDE 7420 V3",""
"LD035153","HSS-8018782","PC16BKL8","VIHA-CRMHAS-Campbell River Mental Health & Addiction Services-Main Building-2nd Floor","Campbell River","Main Building","3","1","","12/31/2022","Operational","","","","General Rounding","CRMHAS","NTT-Deskside Services-CampbellRiver-Local","Laptop","LENOVO THINKPAD T480S","LENOVO THNKPD T480s i5-8350 1.7GHZ 6MB 1"
"PC039522","HSS-8072907","4YP3KQ3","VIHA-CRMHAS-Campbell River Mental Health & Addiction Services-Main Building-2nd Floor","Campbell River","CRMHAS","30","2","VIHATRP20230313-047","05/31/2027","Operational","07/24/2024","","","General Rounding","CRMHAS","NTT-Deskside Services-CampbellRiver-Local","Desktop","Dell OPTIPLEX 7000 MICRO V1",""
"PC041023","HSS-8079348","18D2QR3","VIHA-CRMHAS-Campbell River Mental Health & Addiction Services-Main Building-2nd Floor","Campbell River","Main Building","30","2nd Floor","VIHATRP20230916-031","06/30/2027","Operational","07/24/2024","","","General Rounding","Campbell River Rehab","NTT-Deskside Services-CampbellRiver-Local","Desktop","Dell OPTIPLEX 7000 MICRO V1","LENOVO THINKCENTRE M910q i5-7500T 2.5GHZ"
"PC033366","HSS-8066627","CPB5XP3","VIHA-YLRS-Yucalta Lodge-Main Building-1st Floor","Campbell River","Main Building","3100","3","VIHATRP20220919-075","01/31/2027","Operational","05/21/2025","","","General Rounding","NICU","NTT-Deskside Services-CampbellRiver-Local","Desktop","Dell OPTIPLEX 7000 MICRO V1","VIGIL Remote (VIGIL-Yucalta)"
"LD065464","HSS-8065019","586JLN3","VIHA-CRMHAS-Campbell River Mental Health & Addiction Services-Main Building-2nd Floor","Campbell River","Main Building","32","2","VIHATRP20220718-056","12/31/2026","Operational","07/24/2024","","","General Rounding","Mental Health and Addiction Services","NTT-Deskside Services-CampbellRiver-Local","Laptop","Dell LATITUDE 7420 V3",""
"PC048738","HSS-8072905","GTL3KQ3","VIHA-CRMHAS-Campbell River Mental Health & Addiction Services-Main Building-2nd Floor","Campbell River","Main Building","34","2","VIHATRP20230313-044","05/31/2027","Operational","07/24/2024","","","General Rounding"," ","NTT-Deskside Services-CampbellRiver-Local","Desktop","Dell OPTIPLEX 7000 MICRO V1",""
"PC027748","HSS-8065003","2LR4XP3","VIHA-CRMHAS-Campbell River Mental Health & Addiction Services-Main Building-2nd Floor","Campbell River","Main Building","36","2","VIHATRP20220718-040","11/30/2026","Operational","07/24/2024","","","General Rounding","Mental Health and Addiction Services","NTT-Deskside Services-CampbellRiver-Local","Desktop","Dell OPTIPLEX 7000 MICRO V1",""
"LD065471","HSS-8065024","38CJLN3","VIHA-CRMHAS-Campbell River Mental Health & Addiction Services-Main Building-2nd Floor","Campbell River","Main Building","36 - Reception","2","VIHATRP20220718-061","01/31/2027","Operational","10/15/2025","","","General Rounding","Mental Health and Addiction Services","NTT-Deskside Services-CampbellRiver-Local","Laptop","Dell LATITUDE 7420 V3",""
"PC044155","HSS-8072916","H9H3KQ3","VIHA-YLRS-Yucalta Lodge-Main Building-1st Floor","Campbell River","YLRS","385 - key lock","1","VIHATRP20230313-061","05/31/2027","Operational","05/21/2025","","","General Rounding","YLRS","NTT-Deskside Services-CampbellRiver-Local","Desktop","Dell OPTIPLEX 7000 MICRO V1",""
"PC032540","HSS-8066640","GNV4XP3","VIHA-YLRS-Yucalta Lodge-Main Building-1st Floor","Campbell River","Main Building","387 Maintenance Shop - key lock","1","VIHATRP20220919-088","01/31/2027","Operational","05/21/2025","","","General Rounding","Yucalta","NTT-Deskside Services-CampbellRiver-Local","Desktop","Dell OPTIPLEX 7000 MICRO V1","VIGIL Remote (VIGIL-Yucalta)"
"LD090138","HSS-1039604","3HDFLN3","VIHA-YLRS-Yucalta Lodge-Main Building-1st Floor","Campbell River","Main Building","391 - key lock","1","REQ0775172-RITM0814407-SCTASK1284419","01/31/2027","Operational","05/21/2025","","Main kitchen","General Rounding","Yucalta","NTT-Deskside Services-CampbellRiver-Local","Laptop","Dell LATITUDE 7420 V3",""
"AO1000072","HSS-8096431","C25318M226","VIHA-CRG-Campbell River General Hospital-Main Building-3rd Floor","Campbell River","CRG","3C","3","ISLHTRP20251103-047","12/31/2029","Operational","","","","Mobile Cart","CRG 3C","NTT-Deskside Services-CampbellRiver-Staffed","All-in-One","TANGENT MEDIX 22B V20",""
"LD091440","HSS-1048199","H3W1WH3","VIHA-CRDS-Campbell River Dogwood Street-Main Building-1st Floor","Campbell River","Main Building","3rd room from the Left","1","REQ1495038-RITM1577373-SCTASK2540678","10/31/2028","Operational","02/09/2026","Deployed to CRDS - RITM1577373 - Oct.16th, 2024
Setup - RITM1638973 - Nov.22nd, 2024","","General Rounding","CR Dogwood","NTT-Deskside Services-CampbellRiver-Local","Laptop","Dell LATITUDE 7450 V4",""
"PC032592","HSS-8079363","JV9VPR3","VIHA-GRHC-Gold River Health Centre-Main Building-1st Floor","Gold River","Main Building","3rd room on the left past the Public Health Nurse","1","VIHATRP20230916-046","06/30/2027","Operational","06/30/2026","","","General Rounding","General Administration","NTT-Deskside Services-CampbellRiver-Remote","Desktop","Dell OPTIPLEX 7000 MICRO V1","LENOVO THINKCENTRE M910q i5-7500T 2.5GHZ"
"LD065457","HSS-8065025","42CJLN3","VIHA-CRMHAS-Campbell River Mental Health & Addiction Services-Main Building-2nd Floor","Campbell River","Main Building","4","2","VIHATRP20220718-062","01/31/2027","Operational","07/24/2024","","","General Rounding","Mental Health and Addiction Services","NTT-Deskside Services-CampbellRiver-Local","Laptop","Dell LATITUDE 7420 V3",""
"LD065773","HSS-8079350","C4VRDY3","VIHA-CRMHAS-Campbell River Mental Health & Addiction Services-Main Building-2nd Floor","Campbell River","Main Building","4","2","VIHATRP20230916-033","11/30/2027","Operational","07/24/2024","","","General Rounding","Mental Health and Addiction Services","NTT-Deskside Services-CampbellRiver-Local","Laptop","DELL LATITUDE 7440 V2",""
"LD100495","HSS-1043368","3P9Z4X3","VIHA-CRDS-Campbell River Dogwood Street-Main Building-1st Floor","Campbell River","Main Building","5","1","REQ1019858-RITM1072961-SCTASK1711180","08/31/2027","Operational","01/28/2026","","","General Rounding","CR Dogwood","NTT-Deskside Services-CampbellRiver-Local","Laptop","Dell LATITUDE 7430 V1",""
"LD065459","HSS-8065026","8XV4NN3","VIHA-CRMHAS-Campbell River Mental Health & Addiction Services-Main Building-2nd Floor","Campbell River","Main Building","5","2","VIHATRP20220718-063","01/31/2027","Operational","07/24/2024","","","General Rounding","Mental Health and Addiction Services","NTT-Deskside Services-CampbellRiver-Local","Laptop","Dell LATITUDE 7420 V3",""
"LD065469","HSS-8065007","BYQ3NN3","VIHA-CRMHAS-Campbell River Mental Health & Addiction Services-Main Building-2nd Floor","Campbell River","Main Building","6","2","VIHATRP20220718-044","12/31/2026","Operational","07/24/2024","","","General Rounding","Mental Health and Addiction Services","NTT-Deskside Services-CampbellRiver-Local","Laptop","Dell LATITUDE 7420 V3",""
"LD056108","HSS-8093762","9RHSFW3","VIHA-CRMHAS-Campbell River Mental Health & Addiction Services-Main Building-2nd Floor","Campbell River","Main Building","7","2nd Floor","ISLHTRP20250609-010","03/31/2029","Operational","","","","General Rounding","CV/CR Admin Suppport","NTT-Deskside Services-CampbellRiver-Local","Laptop","Dell LATITUDE 7450 V4",""
"LD027231","HSS-8091053","H9XHVW3","VIHA-CRHCC-Campbell River Home & Community Care-Main Building-2nd Floor","Campbell River","Main Building","7","2nd Floor","VIHATRP20241104-012","12/31/2028","Operational","","","","General Rounding","SI Admin Support","NTT-Deskside Services-CampbellRiver-Local","Laptop","Dell LATITUDE 7440 V7","LENOVO THINKPAD T470s i5-7300U 2.6GHZ 3M"
"LD060343","HSS-8098132","PF60F1LE","VIHA-CRSR_1307-Campbell River Shoppers Row (Unit 1307)-Main Building-1st Floor","Campbell River","Main Building","8","1","ISLHTRP20260323-037","04/30/2030","Operational","","","1307-1297 Shoppers Row","General Rounding","","NTT-Deskside Services-CampbellRiver-Local","Laptop","LENOVO THINKPAD T14 GEN6 NT FPR 2x1",""
"LD065461","HSS-8065018","F9CJLN3","VIHA-CRMHAS-Campbell River Mental Health & Addiction Services-Main Building-2nd Floor","Campbell River","Main Building","8","2","VIHATRP20220718-055","12/31/2026","Operational","07/24/2024","","","General Rounding","Mental Health and Addiction Services","NTT-Deskside Services-CampbellRiver-Local","Laptop","Dell LATITUDE 7420 V3",""
"LD038795","HSS-8014299","PC0UA97H","VIHA-CRMHAS-Campbell River Mental Health & Addiction Services-Main Building-2nd Floor","Campbell River","CRMHAS","8","1","","01/31/2022","Operational","","","","General Rounding","CRMHAS","NTT-Deskside Services-CampbellRiver-Local","Laptop","LENOVO THINKPAD T470S V2",""
"LD066694","HSS-8091514","8F0XVH3","VIHA-CRMHAS-Campbell River Mental Health & Addiction Services-Main Building-2nd Floor","Campbell River","Main Building","9","2nd Floor","VIHATRP20241202-038","01/31/2029","Operational","01/24/2025","","","General Rounding","Comox Valley/CR MHSU","NTT-Deskside Services-CampbellRiver-Local","Laptop","Dell LATITUDE 7450 V4",""
"LD032707","HSS-8099845","SD00NLRF","VIHA-CRHCC-Campbell River Home & Community Care-Main Building-1st Floor","Campbell River","Main Building","Admin - Nicole P","1","ISLHTRP20260803-009","06/30/2030","Operational","","","","General Rounding","CRHCC","NTT-Deskside Services-CampbellRiver-Local","Laptop","LENOVO THINKPAD T14 GEN6 NT FPR 2x1",""
"LD041045","HSS-8087517","DHDVCW3","VIHA-YLRS-Yucalta Lodge-Main Building-1st Floor","Campbell River","Main Building","Business Office - key lock","1st Floor","VIHATRP20240610-079","08/31/2028","Operational","05/21/2025","","","General Rounding","LTC VIHA Admin - NI","NTT-Deskside Services-CampbellRiver-Local","Laptop","Dell LATITUDE 7440 V7",""
"PC043255","HSS-8091066","BBFQK44","VIHA-YLRS-Yucalta Lodge-Main Building-1st Floor","Campbell River","Main Building","Business Office - key lock","1st Floor","VIHATRP20241104-024","12/31/2028","Operational","05/21/2025","","","General Rounding","LTC VIHA Admin - NI","NTT-Deskside Services-CampbellRiver-Local","Desktop","Dell OptiPlex Micro Plus 7020 V1",""
"PC043283","HSS-8087514","H4S0724","VIHA-YLRS-Yucalta Lodge-Main Building-1st Floor","Campbell River","Main Building","Business Office Rm 274","1st Floor","VIHATRP20240610-076","08/31/2028","Operational","05/21/2025","","","General Rounding","LTC VIHA Admin - NI","NTT-Deskside Services-CampbellRiver-Local","Desktop","Dell OptiPlex Micro Plus 7010 V2",""
"LD027166","HSS-8084561","G0S69W3","VIHA-CRHCC-Campbell River Home & Community Care-Main Building-1st Floor","Campbell River","Main Building","Campbell River Home & Community Care","1st Floor","VIHATRP20240318-029","04/30/2028","Operational","07/26/2024","","","General Rounding","Hlth Svcs For Comm Liv","NTT-Deskside Services-CampbellRiver-Local","Laptop","DELL LATITUDE 7440 V2","LENOVO THINKPAD T470s i5-7300U 2.6GHZ 3M"
"LD027169","HSS-8084564","5Z379W3","VIHA-CRHCC-Campbell River Home & Community Care-Main Building-1st Floor","Campbell River","Main Building","Campbell River Home & Community Care","1st Floor","VIHATRP20240318-032","04/30/2028","Operational","12/23/2024","","","General Rounding","Home Support Admin","NTT-Deskside Services-CampbellRiver-Local","Laptop","DELL LATITUDE 7440 V2","LENOVO THINKPAD T470s i5-7300U 2.6GHZ 3M"
"LD031232","HSS-8099851","SD00PFZ3","VIHA-CRHCC-Campbell River Home & Community Care-Main Building-1st Floor","Campbell River","CRHCC","Candace","1","ISLHTRP20260803-015","06/30/2030","Operational","","","","General Rounding","CRHCC","NTT-Deskside Services-CampbellRiver-Local","Laptop","LENOVO THINKPAD T14 GEN6 NT FPR 2x1",""
"AO800114","HSS-8098143","C25820M035","VIHA-YLRS-Yucalta Lodge-Main Building-1st Floor","Campbell River","Main Building","CareAid Room - Homestead South","1","ISLHTRP20260323-048","01/31/2030","Operational","","","","Mobile Cart","YLRS","NTT-Deskside Services-CampbellRiver-Local","All-in-One","TANGENT MEDIX 22B V19",""
"LD066140","HSS-8084563","D59KVH3","VIHA-CRHCC-Campbell River Home & Community Care-Main Building-1st Floor","Campbell River","Main Building","Central GEO","1","VIHATRP20240318-031","04/30/2028","Operational","03/13/2026","","","General Rounding","CCD Admin Support-CR","NTT-Deskside Services-CampbellRiver-Local","Laptop","DELL LATITUDE 7440 V2","LENOVO X380 YOGA i7-8650U 1.9GHz 8MB 13."
"LD032574","HSS-8096766","PF5XAHFP","VIHA-CRHCC-Campbell River Home & Community Care-Main Building-1st Floor","Campbell River","Main Building","Central GEO - Kathleen","1","ISLHTRP20251208-036","01/31/2030","Operational","03/13/2026","","","General Rounding","CRHCC","NTT-Deskside Services-CampbellRiver-Local","Laptop","LENOVO THINKPAD T14 GEN6",""
"LD100208","HSS-1040475","HTS1NN3","VIHA-CRHCC-Campbell River Home & Community Care-Main Building-1st Floor","Campbell River","Main Building","Central Geo - LPN Desk.","1","REQ0811539-RITM0852635-SCTASK1347533","02/28/2027","Operational","03/13/2026","","","General Rounding","CRHCC","NTT-Deskside Services-CampbellRiver-Local","Laptop","Dell LATITUDE 7420 V3",""
"LD040796","HSS-8084569","F6Z49W3","VIHA-CRHCC-Campbell River Home & Community Care-Main Building-1st Floor","Campbell River","Main Building","Central GEO Jerin","1","VIHATRP20240318-037","04/30/2028","Operational","03/13/2026","","","General Rounding","CCD Admin Support-CR","NTT-Deskside Services-CampbellRiver-Local","Laptop","DELL LATITUDE 7440 V2","LENOVO THNKPD T480s i5-8350 1.7GHZ 6MB 1"
"LD066109","HSS-8084547","BLT89W3","VIHA-CRHCC-Campbell River Home & Community Care-Main Building-1st Floor","Campbell River","Main Building","Central HCN","1st Floor","VIHATRP20240318-015","04/30/2028","Operational","07/26/2024","","","General Rounding","CCD Admin Support-CR","NTT-Deskside Services-CampbellRiver-Local","Laptop","DELL LATITUDE 7440 V2",""
"LD032717","HSS-8093214","88H4WH3","VIHA-CRMHAS-Campbell River Mental Health & Addiction Services-Main Building-2nd Floor","Campbell River","Main Building","Central Room","2nd Floor","ISLHTRP20250428-058","12/31/2028","Operational","","","","General Rounding","Comox Valley/CR MHSU","NTT-Deskside Services-CampbellRiver-Local","Laptop","Dell LATITUDE 7450 V4",""
"LD030707","HSS-8084562","8QY69W3","VIHA-CRHCC-Campbell River Home & Community Care-Main Building-1st Floor","Campbell River","Main Building","Central Team","1st Floor","VIHATRP20240318-030","04/30/2028","Operational","07/26/2024","","","General Rounding","Home Care Nursing-CR","NTT-Deskside Services-CampbellRiver-Local","Laptop","DELL LATITUDE 7440 V2",""
"LD065920","HSS-8079357","8RFRDY3","VIHA-CRHCC-Campbell River Home & Community Care-Main Building-1st Floor","Campbell River","Main Building","Chart room","1","VIHATRP20230916-040","11/30/2027","Operational","03/13/2026","","","General Rounding","CCD Admin Support-CR","NTT-Deskside Services-CampbellRiver-Local","Laptop","DELL LATITUDE 7440 V2","LENOVO X380 YOGA i7-8650U 1.9GHz 8MB 13."
"PC027213","HSS-8099837","MZ03FQ3A","VIHA-CRHCC-Campbell River Home & Community Care-Main Building-1st Floor","Campbell River","Main Building","Chart Room. 2","1st","ISLHTRP20260803-001","07/31/2030","Operational","","","","General Rounding","CRHCC","NTT-Deskside Services-CampbellRiver-Local","Desktop","LENOVO THINKCENTRE M90Q GEN6",""
"LD065472","HSS-8065016","91F6NN3","VIHA-CRMHAS-Campbell River Mental Health & Addiction Services-Main Building-2nd Floor","Campbell River","Main Building","Christina's office","2","VIHATRP20220718-053","12/31/2026","Operational","07/24/2024","","","General Rounding","Mental Health and Addiction Services","NTT-Deskside Services-CampbellRiver-Local","Laptop","Dell LATITUDE 7420 V3",""
"PC024033","HSS-8084589","B664X04","VIHA-CRHCC-Campbell River Home & Community Care-Main Building-1st Floor","Campbell River","Main Building","Clinic A","1st Floor","VIHATRP20240318-059","04/30/2028","Operational","12/23/2024","","","General Rounding","CCD Admin Support-CR","NTT-Deskside Services-CampbellRiver-Local","Desktop","Dell OptiPlex Micro Plus 7010 V2",""
"LD030704","HSS-8099863","SD00PFZC","VIHA-CRHCC-Campbell River Home & Community Care-Main Building-1st Floor","Campbell River","Main Building","Clinic B","1","ISLHTRP20260803-027","06/30/2030","Operational","","","","General Rounding","CRHCC","NTT-Deskside Services-CampbellRiver-Local","Laptop","LENOVO THINKPAD T14 GEN6 NT FPR 2x1",""
"LD030434","HSS-8096764","PF5X5PEY","VIHA-CRHCC-Campbell River Home & Community Care-Main Building-1st Floor","Campbell River","Main Building","Clinic Nurse","1","ISLHTRP20251208-034","01/31/2030","Operational","03/13/2026","","","General Rounding","CRHCC","NTT-Deskside Services-CampbellRiver-Local","Laptop","LENOVO THINKPAD T14 GEN6",""
"LD058217","HSS-8093761","2MSTFW3","VIHA-CRHCC-Campbell River Home & Community Care-Main Building-1st Floor","Campbell River","Main Building","Clinic Nurse","1","ISLHTRP20250609-009","03/31/2029","Operational","04/07/2026","","","General Rounding","CR","NTT-Deskside Services-CampbellRiver-Local","Laptop","Dell LATITUDE 7450 V4",""
"PC028831","HSS-8084590","BD94X04","VIHA-CRHCC-Campbell River Home & Community Care-Main Building-1st Floor","Campbell River","Main Building","Clinic Room B","1","VIHATRP20240318-060","04/30/2028","Operational","02/09/2026","","","General Rounding","CCD Admin Support-CR","NTT-Deskside Services-CampbellRiver-Local","Desktop","Dell OptiPlex Micro Plus 7010 V2",""
"LD056266","HSS-8095447","51PSFW3","VIHA-YLRS-Yucalta Lodge-Main Building-1st Floor","Campbell River","Main Building","Clinical Nurse Educator Room","1st Floor","ISLHTRP20250908-014","03/31/2029","Operational","","","RITM0481942  - Moved from NRGH Dec 2021 to Yucalta
Final resting place unknown.","General Rounding","IPC - NRG/CRH","NTT-Deskside Services-CampbellRiver-Local","Laptop","Dell LATITUDE 7450 V4",""
"LD065829","HSS-8072538","B2L3NN3","VIHA-YLRS-Yucalta Lodge-Main Building-1st Floor","Campbell River","YLRS","Clinical Nurse Educator room - key lock","1","VIHATRP20230227-031","05/31/2027","Operational","05/21/2025","","","General Rounding","YLRS","NTT-Deskside Services-CampbellRiver-Local","Laptop","Dell LATITUDE 7420 V3",""
"LD030701","HSS-8099843","SD00PK2G","VIHA-CRHCC-Campbell River Home & Community Care-Main Building-1st Floor","Campbell River","Main Building","CM Anna","1","ISLHTRP20260803-007","06/30/2030","Operational","","","","General Rounding","CRHCC","NTT-Deskside Services-CampbellRiver-Local","Laptop","LENOVO THINKPAD T14 GEN6 NT FPR 2x1",""
"LD031699","HSS-8072536","J7D2NN3","VIHA-YLRS-Yucalta Lodge-Main Building-1st Floor","Campbell River","YLRS","CNE office - key lock","1","VIHATRP20230227-029","05/31/2027","Operational","05/21/2025","","","General Rounding","YLRS","NTT-Deskside Services-CampbellRiver-Local","Laptop","Dell LATITUDE 7420 V3",""
"PC033365","HSS-8066639","2KY4XP3","VIHA-YLRS-Yucalta Lodge-Main Building-1st Floor","Campbell River","Main Building","Coastal West","1","VIHATRP20220919-087","01/31/2027","Operational","05/21/2025","","","General Rounding","Yucalta","NTT-Deskside Services-CampbellRiver-Local","Desktop","Dell OPTIPLEX 7000 MICRO V1","VIGIL Remote (VIGIL-Yucalta)"
"AO800001","HSS-8098376","C25929M042","VIHA-YLRS-Yucalta Lodge-Main Building-1st Floor","Campbell River","Main Building","Coastal West","1","ISLHTRP20260413-033","03/31/2030","Operational","","","","Mobile Cart","YLRS","NTT-Deskside Services-CampbellRiver-Local","All-in-One","TANGENT MEDIX 22B V19",""
"LD068778","HSS-1049339","DB83WH3","VIHA-YLRS-Yucalta Lodge-Main Building-1st Floor","Campbell River","Main Building","Coastal West Care Aid Station","1","REQ1591229-RITM1678967-SCTASK2704952","12/31/2028","Operational","05/21/2025","Deployed on Feb.6, 2025 - RITM1678967","","General Rounding","YLRS","NTT-Deskside Services-CampbellRiver-Local","Laptop","Dell LATITUDE 7450 V4",""
"PC030791","HSS-8099867","MZ03FQ6H","VIHA-CRHCC-Campbell River Home & Community Care-Main Building-1st Floor","Campbell River","Main Building","Community Health Workers rm","","ISLHTRP20260803-031","07/31/2030","Operational","","","","General Rounding","CRHCC","NTT-Deskside Services-CampbellRiver-Local","Desktop","LENOVO THINKCENTRE M90Q GEN6",""
"LD030702","HSS-8064991","1RM7NN3","VIHA-CRHCC-Campbell River Home & Community Care-Main Building-1st Floor","Campbell River","Main Building","Conference Room","1","VIHATRP20220718-028","11/30/2026","Operational","07/26/2024","","","General Rounding"," ","NTT-Deskside Services-CampbellRiver-Local","Laptop","Dell LATITUDE 7420 V3",""
"PC026332","HSS-8100315","MZ03FPXM","VIHA-CRG-Campbell River General Hospital-Main Building-2nd Floor","Campbell River","Main Building","CR 2143- 2M7","2nd","ISLHTRP20260824-094","","Operational","","","","General Rounding","Maternity","NTT-Deskside Services-CampbellRiver-Staffed","Desktop","LENOVO THINKCENTRE M90Q GEN6",""
"PC085263","HSS-1036615","1QQ5XP3","VIHA-CRDS-Campbell River Dogwood Street","Campbell River","CR Dogwood","CR Dogwood","1","REQ1225412-RITM1291035-SCTASK2073844","11/30/2026","Operational","01/28/2026","","","General Rounding","CR Dogwood","NTT-Deskside Services-CampbellRiver-Local","Desktop","Dell OPTIPLEX 7000 MICRO V1",""
"PC025535","HSS-8089277","73L6D14","VIHA-CRG-Campbell River General Hospital-Main Building-Basement 1","Campbell River","Main Building","CR0102 - Kitchen","B1","VIHATRP20240819-023","09/30/2028","Operational","04/01/2026","","","General Rounding","CI/NI Food Services Admin","NTT-Deskside Services-CampbellRiver-Staffed","Desktop","Dell OptiPlex Micro Plus 7010 V2",""
"PC025538","HSS-8089291","G4L6D14","VIHA-CRG-Campbell River General Hospital-Main Building-Basement 1","Campbell River","Main Building","CR0122 - Kitchen","B1","VIHATRP20240819-037","09/30/2028","Operational","04/01/2026","","","General Rounding","Food Services North/West","NTT-Deskside Services-CampbellRiver-Staffed","Desktop","Dell OptiPlex Micro Plus 7010 V2",""
"PC025537","HSS-8089269","FL67D14","VIHA-CRG-Campbell River General Hospital-Main Building-Basement 1","Campbell River","Main Building","CR0122 - Kitchen","B1","VIHATRP20240819-015","09/30/2028","Operational","03/24/2026","","","General Rounding","CI/NI Food Services Admin","NTT-Deskside Services-CampbellRiver-Staffed","Desktop","Dell OptiPlex Micro Plus 7010 V2",""
"PC025536","HSS-8064801","1NR4XP3","VIHA-CRG-Campbell River General Hospital-Main Building-Basement 1","Campbell River","Main Building","CR0122 - Kitchen","B1","VIHATRP20220711-002","01/31/2027","Operational","03/24/2026","","","General Rounding","Food Services","NTT-Deskside Services-CampbellRiver-Staffed","Desktop","Dell OPTIPLEX 7000 MICRO V1",""
"PC025539","HSS-8089267","5Q97D14","VIHA-CRG-Campbell River General Hospital-Main Building-Basement 1","Campbell River","Main Building","CR0122 - Kitchen","B1","VIHATRP20240819-013","09/30/2028","Operational","04/01/2026","","","General Rounding","CI/NI Food Services Admin","NTT-Deskside Services-CampbellRiver-Staffed","Desktop","Dell OptiPlex Micro Plus 7010 V2",""
"LD033195","HSS-8097853","PF5WWWF9","VIHA-CRG-Campbell River General Hospital-Main Building-Basement 1","Campbell River","CRG","CR01xx","0","ISLHTRP20260302-039","04/30/2030","Operational","","","","General Rounding","Food Services","NTT-Deskside Services-CampbellRiver-Staffed","Laptop","LENOVO THINKPAD T14 GEN6",""
"LD093102","HSS-1048892","FY9WVH3","VIHA-CRG-Campbell River General Hospital-Main Building-Basement 1","Campbell River","Campbell River Hospital","CR0221  WFH","0","REQ1559428-RITM1645380-SCTASK2651264","01/31/2029","Operational","01/07/2025","","CRG Pharmacy 
Tyler Hanson's WFH device","Excluded","Pharmacy","NTT-Deskside Services-CampbellRiver-Staffed","Laptop","Dell LATITUDE 7450 V4"," LATITUDE 7450 V4
Asset: HSS-1048892"
"LD104573","HSS-1110017","4X33WH3","VIHA-CRG-Campbell River General Hospital-Main Building-Basement 1","Campbell River","CRG","CR0221  WFH","0","REQ1647214-RITM1738419-SCTASK2787876","12/31/2028","Operational","","","WFH","Excluded","Pharmacy WFH","NTT-Deskside Services-CampbellRiver-Staffed","Laptop","Dell LATITUDE 7450 V4",""
"LD041039","HSS-8089289","G6RRCW3","VIHA-CRG-Campbell River General Hospital-Main Building-Basement 1","Campbell River","Main Building","CR0221- Pharmacy","Basement 1","VIHATRP20240819-035","09/30/2028","Operational","","","","Excluded","Geog 1/2 Pharmacy & Pharm LTC","NTT-Deskside Services-CampbellRiver-Staffed","Laptop","Dell LATITUDE 7440 V7",""
"LD081351","HSS-1049959","3QS3WH3","VIHA-CRG-Campbell River General Hospital-Main Building-Basement 1","Campbell River","Main Building","CR0222 - Consulting","B1","REQ1633333-RITM1723610-SCTASK2774818","12/31/2028","Operational","08/27/2026","","","General Rounding","Pharmacy","NTT-Deskside Services-CampbellRiver-Staffed","Laptop","Dell LATITUDE 7450 V4",""
"LD093104","HSS-1048894","J3HWVH3","VIHA-CRG-Campbell River General Hospital-Main Building-Basement 1","Campbell River","Main Building","CR0222 - Not in Consulting","B1","REQ1559416-RITM1645368-SCTASK2651562","01/31/2029","Operational","06/01/2026","Deployed to Renee Stone on Jan.6, 2025 - RITM1645368","This is Renee Stone's WFH device. 
Her office is CR0221(Pharmacy) at CRG.","General Rounding","Pharmacy","NTT-Deskside Services-CampbellRiver-Staffed","Laptop","Dell LATITUDE 7450 V4",""
"PC024228","HSS-8089276","DZG6D14","VIHA-CRG-Campbell River General Hospital-Main Building-Basement 1","Campbell River","Main Building","CR0223","B1","VIHATRP20240819-022","09/30/2028","Operational","08/27/2026","","","General Rounding","Pharmacy","NTT-Deskside Services-CampbellRiver-Staffed","Desktop","Dell OptiPlex Micro Plus 7010 V2",""
"PC025542","HSS-8074728","8201KQ3","VIHA-CRG-Campbell River General Hospital-Main Building-Basement 1","Campbell River","Main Building","CR0223","B1","VIHATRP20230529-018","06/30/2027","Operational","08/27/2026","Moved from CRG Pharmacy night cupboard room to CR0223 at Pharmacy - RITM1776324 - Mar.13, 2025","","General Rounding","Pharmacy","NTT-Deskside Services-CampbellRiver-Staffed","Desktop","Dell OPTIPLEX 7000 MICRO V1",""
"LD024236","HSS-8096002","F3VZFW3","VIHA-CRG-Campbell River General Hospital-Main Building-Basement 1","Campbell River","Main Building","CR0223","B1","ISLHTRP20250929-032","03/31/2029","Operational","08/27/2026","","","General Rounding","Pharmacy","NTT-Deskside Services-CampbellRiver-Staffed","Laptop","Dell LATITUDE 7450 V4",""
"LD024238","HSS-8068911","DWF1NN3","VIHA-CRG-Campbell River General Hospital-Main Building-Basement 1","Campbell River","Main Building","CR0223 - Pharmacy","B1","VIHATRP20221121-038","01/31/2027","Operational","08/27/2026","","","General Rounding","Pharmacy","NTT-Deskside Services-CampbellRiver-Staffed","Laptop","Dell LATITUDE 7420 V3",""
"PC025541","HSS-8084582","DF94X04","VIHA-CRG-Campbell River General Hospital-Main Building-Basement 1","Campbell River","Main Building","CR0224","B1","VIHATRP20240318-052","04/30/2028","Operational","08/27/2026","","","General Rounding","Pharmacy","NTT-Deskside Services-CampbellRiver-Staffed","Desktop","Dell OptiPlex Micro Plus 7010 V2",""
"LD024482","HSS-8093758","82VZFW3","VIHA-CRG-Campbell River General Hospital-Main Building-Basement 1","Campbell River","Main Building","CR0225 - Lisa - Key Lock","B1","ISLHTRP20250609-006","03/31/2029","Operational","08/27/2026","","","General Rounding","Pharmacy","NTT-Deskside Services-CampbellRiver-Staffed","Laptop","Dell LATITUDE 7450 V4",""
"PC024019","HSS-8089271","C3L6D14","VIHA-CRG-Campbell River General Hospital-Main Building-Basement 1","Campbell River","Main Building","CR0228","B1","VIHATRP20240819-017","09/30/2028","Operational","08/27/2026","","","General Rounding","Pharmacy","NTT-Deskside Services-CampbellRiver-Staffed","Desktop","Dell OptiPlex Micro Plus 7010 V2",""
"PC025546","HSS-8085563","HC94X04","VIHA-CRG-Campbell River General Hospital-Main Building-Basement 1","Campbell River","Main Building","CR0228","B1","VIHATRP20240415-024","05/31/2028","Operational","08/27/2026","Please NOTE that the following software applications are incompatible with the Cerner 724 Downtime application:
-Downtime Patient Index (DTPI)
-Dragon Medical One Extensions (DMO)
-Imprivata OneSign Software/Card Reader (Tap In/Out)
-Inteleviewer (Medical Imaging)

If the software is requested to be installed, the Incident or Request should be assigned to the ""VIHA-Client Experience"" assignment group so the request can be evaluated.","","Critical Clinical","Pharmacy","NTT-Deskside Services-CampbellRiver-Staffed","Desktop","Dell OptiPlex Micro Plus 7010 V2",""
"PC025547","HSS-8084576","H764X04","VIHA-CRG-Campbell River General Hospital-Main Building-Basement 1","Campbell River","Main Building","CR0228","B1","VIHATRP20240318-045","04/30/2028","Operational","08/27/2026","","","General Rounding","Pharmacy","NTT-Deskside Services-CampbellRiver-Staffed","Desktop","Dell OptiPlex Micro Plus 7010 V2",""
"PC025543","HSS-8084577","G894X04","VIHA-CRG-Campbell River General Hospital-Main Building-Basement 1","Campbell River","Main Building","CR0228","B1","VIHATRP20240318-046","04/30/2028","Operational","08/27/2026","","","General Rounding","Pharmacy","NTT-Deskside Services-CampbellRiver-Staffed","Desktop","Dell OptiPlex Micro Plus 7010 V2",""
"LD066515","HSS-8087508","6C1RCW3","VIHA-CRG-Campbell River General Hospital-Main Building-Basement 1","Campbell River","Main Building","CR0228","B1","VIHATRP20240610-070","07/31/2028","Operational","08/27/2026","","","General Rounding","Pharmacy","NTT-Deskside Services-CampbellRiver-Staffed","Laptop","Dell LATITUDE 7440 V7",""
"LD024241","HSS-8093764","7X2TFW3","VIHA-CRG-Campbell River General Hospital-Main Building-Basement 1","Campbell River","Main Building","CR0228","B1","ISLHTRP20250609-013","03/31/2029","Operational","08/27/2026","","","General Rounding","Pharmacy","NTT-Deskside Services-CampbellRiver-Staffed","Laptop","Dell LATITUDE 7450 V4",""
"PC024017","HSS-8087511","94S0724","VIHA-CRG-Campbell River General Hospital-Main Building-Basement 1","Campbell River","Main Building","CR0228","B1","VIHATRP20240610-073","07/31/2028","Operational","08/27/2026","","","General Rounding","Pharmacy","NTT-Deskside Services-CampbellRiver-Staffed","Desktop","Dell OptiPlex Micro Plus 7010 V2",""
"PC024016","HSS-8084581","1C94X04","VIHA-CRG-Campbell River General Hospital-Main Building-Basement 1","Campbell River","Main Building","CR0228","B1","VIHATRP20240318-051","04/30/2028","Operational","08/27/2026","","","General Rounding","Pharmacy","NTT-Deskside Services-CampbellRiver-Staffed","Desktop","Dell OptiPlex Micro Plus 7010 V2",""
"PC025544","HSS-8084584","BB94X04","VIHA-CRG-Campbell River General Hospital-Main Building-Basement 1","Campbell River","Main Building","CR0228","B1","VIHATRP20240318-054","04/30/2028","Operational","08/27/2026","","","General Rounding","Pharmacy","NTT-Deskside Services-CampbellRiver-Staffed","Desktop","Dell OptiPlex Micro Plus 7010 V2",""
"PC025545","HSS-8064802","29W2XP3","VIHA-CRG-Campbell River General Hospital-Main Building-Basement 1","Campbell River","Main Building","CR0228  CRG_PHARM CRG724  CRG_CRITICAL","B1","VIHATRP20220711-003","01/31/2027","Operational","08/27/2026","Please NOTE that the following software applications are incompatible with the Cerner 724 Downtime application:
-Downtime Patient Index (DTPI)
-Dragon Medical One Extensions (DMO)
-Imprivata OneSign Software/Card Reader (Tap In/Out)
-Inteleviewer (Medical Imaging)

If the software is requested to be installed, the Incident or Request should be assigned to the ""VIHA-Client Experience"" assignment group so the request can be evaluated.","","Critical Clinical","Pharmacy","NTT-Deskside Services-CampbellRiver-Staffed","Desktop","Dell OPTIPLEX 7000 MICRO V1",""
"TD030332","HSS-8079340","6GSB9Y3","VIHA-CRG-Campbell River General Hospital-Main Building-Basement 1","Campbell River","Main Building","CR0240 - Michelle","B1","VIHATRP20230916-023","11/30/2027","Operational","08/27/2026","","","General Rounding","Pharmacy","NTT-Deskside Services-CampbellRiver-Staffed","Tablet","DELL LATITUDE 9440 2-in-1 V1",""
"AO800019","C002596","C17613M063","VIHA-CRG-Campbell River General Hospital-Main Building-Basement 1","Campbell River","Main Building","CR0244 - Chemo Staging - Restricted Area","B1","Lease Information Extract - HPFS Tangent","09/30/2021","Operational","08/27/2026","","","Mobile Cart","Pharmacy","NTT-Deskside Services-CampbellRiver-Staffed","All-in-One","Tangent MEDIX M24","Tangent Medix M24 AIO"
"AO1000090","HSS-8097294","T24A23M024","VIHA-CRG-Campbell River General Hospital-Main Building-Basement 1","Campbell River","Main Building","CR0244 Chemo Room - Restricted Access","B1","ISLHTRP20260126-097","04/30/2030","Operational","08/27/2026","","","Mobile Cart","Pharmacy","NTT-Deskside Services-CampbellRiver-Staffed","All-in-One","TANGENT MEDIX 24v2 32GB","Tangent Medix M24 AIO"
"LD024239","HSS-8094548","BW5MR54","VIHA-CRG-Campbell River General Hospital-Main Building-Basement 1","Campbell River","Main Building","CR0248","B1","ISLHTRP20250721-060","03/31/2029","Operational","08/27/2026","","","General Rounding","Pharmacy","NTT-Deskside Services-CampbellRiver-Staffed","Laptop","Dell LATITUDE 7450 V4",""
"PC024252","HSS-8089278","7937D14","VIHA-CRG-Campbell River General Hospital-Main Building-Basement 1","Campbell River","Main Building","CR0248","B1","VIHATRP20240819-024","09/30/2028","Operational","08/27/2026","","","General Rounding","Pharmacy","NTT-Deskside Services-CampbellRiver-Staffed","Desktop","Dell OptiPlex Micro Plus 7010 V2",""
"PC024020","HSS-8089288","CWG6D14","VIHA-CRG-Campbell River General Hospital-Main Building-Basement 1","Campbell River","Main Building","CR0248","B1","VIHATRP20240819-034","09/30/2028","Operational","08/27/2026","","","General Rounding","Pharmacy","NTT-Deskside Services-CampbellRiver-Staffed","Desktop","Dell OptiPlex Micro Plus 7010 V2",""
"PC085183","HSS-1043319","GXLKDF3","VIHA-CRG-Campbell River General Hospital-Main Building-Basement 1","Campbell River","Main Building","CR0248","B1","REQ1004960-RITM1057175-SCTASK1707114","08/31/2026","Operational","08/27/2026","","","General Rounding","Pharmacy","NTT-Deskside Services-CampbellRiver-Staffed","Desktop","Dell OPTIPLEX 7080 MICRO V3",""
"LD066047","HSS-8098129","PF60CWK1","VIHA-CRG-Campbell River General Hospital-Main Building-Basement 1","Campbell River","Main Building","CR02xx","B1","ISLHTRP20260323-034","04/30/2030","Operational","06/01/2026","","","General Rounding","Pharmacy","NTT-Deskside Services-CampbellRiver-Staffed","Laptop","LENOVO THINKPAD T14 GEN6 NT FPR 2x1",""
"LD041048","HSS-8084580","4BM89W3","VIHA-CRG-Campbell River General Hospital-Main Building-Basement 1","Campbell River","CRG","CR02xx","0","VIHATRP20240318-049","05/31/2028","Operational","05/04/2026","","WFH","Excluded","Pharmacy","NTT-Deskside Services-CampbellRiver-Staffed","Laptop","DELL LATITUDE 7440 V2",""
"PC024021","HSS-8074897","4101KQ3","VIHA-CRG-Campbell River General Hospital-Main Building-Basement 1","Campbell River","Main Building","CR0302 - Meeting Rm","B1","VIHATRP20230605-030","06/30/2027","Operational","08/18/2026","","","General Rounding","Administration","NTT-Deskside Services-CampbellRiver-Staffed","Desktop","Dell OPTIPLEX 7000 MICRO V1",""
"LD055892","HSS-8092388","9K93WH3","VIHA-CRG-Campbell River General Hospital-Main Building-Basement 1","Campbell River","Main Building","CR0304 - Office 1 - key lock","B1","VIHATRP20250303-009","12/31/2028","Operational","08/18/2026","","Workstation #9","General Rounding","Administration","NTT-Deskside Services-CampbellRiver-Staffed","Laptop","Dell LATITUDE 7450 V4",""
"LD024246","HSS-8025737","1HB37G3","VIHA-CRG-Campbell River General Hospital-Main Building-Basement 1","Campbell River","Main Building","CR0305 - Not in Office 2 cabinet","B1","VIHATRP20211206-017","03/31/2026","Operational","04/20/2026","","","General Rounding","Administration","NTT-Deskside Services-CampbellRiver-Staffed","Laptop","Dell LATITUDE 7420 V3",""
"LD080399","HSS-1040589","914BLN3","VIHA-CRG-Campbell River General Hospital-Main Building-Basement 1","Campbell River","Main Building","CR0305 - Not in Office 2 cabinet","B1","REQ0812808-RITM0853970-SCTASK1358057","02/28/2027","Operational","08/05/2026","","","General Rounding","Administration","NTT-Deskside Services-CampbellRiver-Staffed","Laptop","Dell LATITUDE 7420 V3",""
"PC025555","HSS-8089286","GZG6D14","VIHA-CRG-Campbell River General Hospital-Main Building-Basement 1","Campbell River","Main Building","CR0305 - Office 2","B1","VIHATRP20240819-032","09/30/2028","Operational","08/18/2026","","","General Rounding","Administration","NTT-Deskside Services-CampbellRiver-Staffed","Desktop","Dell OptiPlex Micro Plus 7010 V2",""
"LD021493","HSS-8064804","7Q3STQ3","VIHA-CRG-Campbell River General Hospital-Main Building-Basement 1","Campbell River","Main Building","CR0305 - Office2 - key lock","B1","VIHATRP20220711-005","12/31/2026","Operational","08/18/2026","","","General Rounding","Administration","NTT-Deskside Services-CampbellRiver-Staffed","Tablet","DELL LATITUDE 9420",""
"LD090243","HSS-1040959","8SQ3NN3","VIHA-CRG-Campbell River General Hospital-Main Building-Basement 1","Campbell River","Main Building","CR0307 - Office 4 - key lock","B1","REQ0828326-RITM0870282-SCTASK1379796","05/31/2027","Operational","08/18/2026","","","General Rounding","Administration","NTT-Deskside Services-CampbellRiver-Staffed","Laptop","Dell LATITUDE 7420 V3",""
"PC025549","HSS-8084573","HF94X04","VIHA-CRG-Campbell River General Hospital-Main Building-Basement 1","Campbell River","Main Building","CR0308 - Office 5 - key lock","B1","VIHATRP20240318-042","04/30/2028","Operational","08/18/2026","","","General Rounding","Administration","NTT-Deskside Services-CampbellRiver-Staffed","Desktop","Dell OptiPlex Micro Plus 7010 V2",""
"LD066639","HSS-8089290","JP6SCW3","VIHA-CRG-Campbell River General Hospital-Main Building-Basement 1","Campbell River","Main Building","CR0309 - Office 6 - key lock - Not Found in AD","B1","VIHATRP20240819-036","09/30/2028","Operational","07/30/2026","","","General Rounding","Administration","NTT-Deskside Services-CampbellRiver-Staffed","Laptop","Dell LATITUDE 7440 V7",""
"PC025551","HSS-8026294","5HB1FF3","VIHA-CRG-Campbell River General Hospital-Main Building-Basement 1","Campbell River","Main Building","CR0310 - Office7 - key lock","B1","VIHATRP20220124-018","05/31/2026","Operational","08/18/2026","","","General Rounding","Administration","NTT-Deskside Services-CampbellRiver-Staffed","Desktop","Dell OPTIPLEX 7080 MICRO V3",""
"LD066445","HSS-8084579","GZS89W3","VIHA-CRG-Campbell River General Hospital-Main Building-Basement 1","Campbell River","Main Building","CR0311 - Office 8 - key lock","B1","VIHATRP20240318-048","04/30/2028","Operational","08/18/2026","","","General Rounding","Med Staff Support Serv Adm","NTT-Deskside Services-CampbellRiver-Staffed","Laptop","DELL LATITUDE 7440 V2",""
"LD038291","HSS-8090208","951TQW3","VIHA-CRG-Campbell River General Hospital-Main Building-Basement 1","Campbell River","Main Building","CR0313 - Immunization office","B1","VIHATRP20240930-043","11/30/2028","Operational","08/18/2026","","","General Rounding","Hlth Wellness & Safety","NTT-Deskside Services-CampbellRiver-Staffed","Laptop","Dell LATITUDE 7440 V7",""
"LD032454","HSS-8082044","7PT0FY3","VIHA-CRG-Campbell River General Hospital-Main Building-Basement 1","Campbell River","WFH","CR0313 - WFH - Robert.Fontaine@islandhealth.ca","0","VIHATRP20240108-081","02/29/2028","Operational","03/22/2024","","","Excluded","WFH - Administration","NTT-Deskside Services-CampbellRiver-Staffed","Laptop","DELL LATITUDE 7440 V2",""
"LD041032","HSS-8089266","DGRVCW3","VIHA-CRG-Campbell River General Hospital-Main Building-Basement 1","Campbell River","Main Building","CR0313-Immunization office off of Administration -","B1","VIHATRP20240819-012","09/30/2028","Operational","08/05/2026","","CR0313 - Room off of Administration.","General Rounding","Hlth Wellness & Compliance","NTT-Deskside Services-CampbellRiver-Staffed","Laptop","Dell LATITUDE 7440 V7",""
"LD031234","HSS-8072940","6PQ3NN3","VIHA-CRG-Campbell River General Hospital-Main Building-Basement 1","Campbell River","Main Building","CR0314 - Immunization office","B1","VIHATRP20230313-094","05/31/2027","Operational","08/05/2026","","","General Rounding","Immunization office","NTT-Deskside Services-CampbellRiver-Staffed","Laptop","Dell LATITUDE 7420 V3",""
"LD048276","HSS-8093923","5YTZFW3","VIHA-CRG-Campbell River General Hospital-Main Building-Basement 1","Campbell River","Main Building","CR0320 - WFH","0 WFH","ISLHTRP20250721-056","03/31/2029","Operational","","","","Excluded","WFH Administration","NTT-Deskside Services-CampbellRiver-Staffed","Laptop","Dell LATITUDE 7450 V4",""
"LD063857","HSS-1043206","6GWX4X3","VIHA-CRG-Campbell River General Hospital-Main Building-Basement 1","Campbell River","Main Building","CR0323 - Lisa","B1","REQ0984431-RITM1035586-SCTASK1697007","08/31/2027","Operational","08/18/2026","","Andrea John has LD024243 for WFH and left LD063857 at CRG Administration office.","General Rounding","Administration","NTT-Deskside Services-CampbellRiver-Staffed","Laptop","Dell LATITUDE 7430 V1",""
"LD024242","HSS-8093760","70VZFW3","VIHA-CRG-Campbell River General Hospital-Main Building-Basement 1","Campbell River","Main Building","CR0323 - Workstation 9","Basement 1","ISLHTRP20250609-008","03/31/2029","Operational","07/30/2026","","","'-- None --","Administration","NTT-Deskside Services-CampbellRiver-Staffed","Laptop","Dell LATITUDE 7450 V4",""
"LD101277","HSS-8093212","DCYHX64","VIHA-CRG-Campbell River General Hospital-Main Building-Basement 1","Campbell River","Main Building","CR0324","B1","ISLHTRP20250428-056","03/31/2029","Operational","08/05/2026","","","General Rounding","Administration","NTT-Deskside Services-CampbellRiver-Staffed","Laptop","Dell LATITUDE 7450 V4",""
"PC025559","HSS-1953618","MJ058B8Z","VIHA-CRG-Campbell River General Hospital-Main Building-Basement 1","Campbell River","Main Building","CR0324 - Not in CR0324","B1","","07/31/2020","Operational","01/30/2024","","","Excluded","Administration","NTT-Deskside Services-CampbellRiver-Staffed","Desktop","LENOVO THINKCENTRE M900",""
"LD024247","HSS-8095449","7LZN774","VIHA-CRG-Campbell River General Hospital-Main Building-Basement 1","Campbell River","Main Building","CR0324 - Work Station 1","B1","ISLHTRP20250908-017","09/30/2029","Operational","08/18/2026","","","General Rounding","Administration","NTT-Deskside Services-CampbellRiver-Staffed","Laptop","Dell LATITUDE 7450 V4",""
"PC025558","HSS-8085625","6764X04","VIHA-CRG-Campbell River General Hospital-Main Building-Basement 1","Campbell River","Main Building","CR0324 - Work Station 10","B1","VIHATRP20240415-088","05/31/2028","Operational","08/18/2026","","","General Rounding","Administration","NTT-Deskside Services-CampbellRiver-Staffed","Desktop","Dell OptiPlex Micro Plus 7010 V2",""
"PC025728","HSS-8087510","26Z0724","VIHA-CRG-Campbell River General Hospital-Main Building-Basement 1","Campbell River","Main Building","CR0324 - Work Station 11","B1","VIHATRP20240610-072","07/31/2028","Operational","08/18/2026","","","General Rounding","Administration","NTT-Deskside Services-CampbellRiver-Staffed","Desktop","Dell OptiPlex Micro Plus 7010 V2",""
"LD022375","HSS-8079342","G48SDY3","VIHA-CRG-Campbell River General Hospital-Main Building-Basement 1","Campbell River","Main Building","CR0324 - Work Station 12","B1","VIHATRP20230916-025","11/30/2027","Operational","08/18/2026","","","General Rounding","Administration","NTT-Deskside Services-CampbellRiver-Staffed","Laptop","DELL LATITUDE 7440 V2","CUSTOMER OWNED LENOVO THINKPAD T470s i5-"
"LD024249","HSS-8092390","GGR2WH3","VIHA-CRG-Campbell River General Hospital-Main Building-Basement 1","Campbell River","Main Building","CR0324 - Work Station 13","B1","VIHATRP20250303-011","12/31/2028","Operational","08/18/2026","","","General Rounding","Administration","NTT-Deskside Services-CampbellRiver-Staffed","Laptop","Dell LATITUDE 7450 V4",""
"LD024248","HSS-8095450","DS4P774","VIHA-CRG-Campbell River General Hospital-Main Building-Basement 1","Campbell River","Main Building","CR0324 - Work Station 2","B1","ISLHTRP20250908-018","09/30/2029","Operational","08/18/2026","","","General Rounding","Administration","NTT-Deskside Services-CampbellRiver-Staffed","Laptop","Dell LATITUDE 7450 V4",""
"PC025553","HSS-8096979","MZ02VW1G","VIHA-CRG-Campbell River General Hospital-Main Building-Basement 1","Campbell River","Main Building","CR0324 - Work Station 3","B1","ISLHTRP20260105-046","02/28/2030","Operational","08/18/2026","","","General Rounding","Administration","NTT-Deskside Services-CampbellRiver-Staffed","Desktop","LENOVO 12TJS02W00",""
"LD1000386","HSS-8096969","PF5GYF0C","VIHA-CRG-Campbell River General Hospital-Main Building-Basement 1","Campbell River","Main Building","CR0324 - Work Station 5","B1","ISLHTRP20260105-024","09/30/2029","Operational","08/18/2026","","","General Rounding","Administration","NTT-Deskside Services-CampbellRiver-Staffed","Laptop","LENOVO THINKPAD T14",""
"PC025557","HSS-8026283","5HTZDF3","VIHA-CRG-Campbell River General Hospital-Main Building-Basement 1","Campbell River","Main Building","CR0324 - Work Station 7","B1","VIHATRP20220124-007","05/31/2026","Operational","08/18/2026","","Administration","General Rounding","Administration","NTT-Deskside Services-CampbellRiver-Staffed","Desktop","Dell OPTIPLEX 7080 MICRO V3",""
"LD055891","HSS-8093009","G50JX64","VIHA-CRG-Campbell River General Hospital-Main Building-Basement 1","Campbell River","Main Building","CR0324 - Work Station 8","B1","ISLHTRP20250414-012","03/31/2029","Operational","08/18/2026","","","General Rounding","Administration","NTT-Deskside Services-CampbellRiver-Staffed","Laptop","Dell LATITUDE 7450 V4",""
"PC107470","HSS-1985054","1FT4VH3","VIHA-CRG-Campbell River General Hospital-Main Building-Basement 1","Campbell River","Main Building","CR0324 - Workstation 14","B1","REQ2030866-RITM2144923-SCTASK3432452","10/31/2026","Operational","08/18/2026","","Workstation 14","General Rounding","Administration","NTT-Deskside Services-CampbellRiver-Staffed","Desktop","Dell OPTIPLEX 7090 MICRO V1","Deployed 13Feb2026 via RITM2144923

Desktop: PC107470 HSS-1985054 1FT4VH3
LCD: HSS-8083967 CQH3VZ3
LCD: HSS-8085448 H5Z5VZ3"
"LD1000295","HSS-8096501","PF5GY5YB","VIHA-CRG-Campbell River General Hospital-Main Building-Basement 1","Campbell River","Main Building","CR0324 - Workstation 4","B1","ISLHTRP20251117-037","09/30/2029","Operational","08/18/2026","","","General Rounding","Administration","NTT-Deskside Services-CampbellRiver-Staffed","Laptop","LENOVO THINKPAD T14",""
"LD024252","HSS-8095994","16SMR54","VIHA-CRG-Campbell River General Hospital-Main Building-Basement 1","Campbell River","Main Building","CR0324 - Workstation 6","B1","ISLHTRP20250929-024","03/31/2029","Operational","08/18/2026","","","General Rounding","Administration","NTT-Deskside Services-CampbellRiver-Staffed","Laptop","Dell LATITUDE 7450 V4",""
"PC024025","HSS-8084585","8B94X04","VIHA-CRG-Campbell River General Hospital-Main Building-Basement 1","Campbell River","Main Building","CR0335 - Health Records","B1","VIHATRP20240318-055","04/30/2028","Operational","08/18/2026","","","General Rounding","Health Record","NTT-Deskside Services-CampbellRiver-Staffed","Desktop","Dell OptiPlex Micro Plus 7010 V2",""
"AO800039","HSS-8096423","C25207M205","VIHA-CRG-Campbell River General Hospital-Main Building-Basement 1","Campbell River","Main Building","CR0336 - Annex","B1","ISLHTRP20251103-039","09/30/2029","Operational","08/18/2026","Located in the Annex. Access available through Health Records staff assistance.","","Mobile Cart","Health Records","NTT-Deskside Services-CampbellRiver-Staffed","All-in-One","TANGENT MEDIX 22B V20",""
"PC024024","HSS-8084578","6G94X04","VIHA-CRG-Campbell River General Hospital-Main Building-Basement 1","Campbell River","Main Building","CR0336 - Health Records","B1","VIHATRP20240318-047","04/30/2028","Operational","08/18/2026","","","General Rounding","Health Records","NTT-Deskside Services-CampbellRiver-Staffed","Desktop","Dell OptiPlex Micro Plus 7010 V2",""
"PC024027","HSS-8084572","9D94X04","VIHA-CRG-Campbell River General Hospital-Main Building-Basement 1","Campbell River","Main Building","CR0336 - Health Records","B1","VIHATRP20240318-041","04/30/2028","Operational","08/18/2026","","","General Rounding","Health Records","NTT-Deskside Services-CampbellRiver-Staffed","Desktop","Dell OptiPlex Micro Plus 7010 V2",""
"PC024026","HSS-8085627","7764X04","VIHA-CRG-Campbell River General Hospital-Main Building-Basement 1","Campbell River","Main Building","CR0336 - Health Records","B1","VIHATRP20240415-090","05/31/2028","Operational","08/18/2026","","","General Rounding","Health Records","NTT-Deskside Services-CampbellRiver-Staffed","Desktop","Dell OptiPlex Micro Plus 7010 V2",""
"PC026306","HSS-8085626","FC94X04","VIHA-CRG-Campbell River General Hospital-Main Building-Basement 1","Campbell River","Main Building","CR0337 - Health Records","B1","VIHATRP20240415-089","05/31/2028","Operational","08/18/2026","","","General Rounding","Health Records","NTT-Deskside Services-CampbellRiver-Staffed","Desktop","Dell OptiPlex Micro Plus 7010 V2",""
"LD037574","HSS-8066604","BM2LLN3","VIHA-CRG-Campbell River General Hospital-Main Building-Basement 1","Campbell River","Main Building","CR0402 Stores","B1","VIHATRP20220919-052","01/31/2027","Operational","07/21/2026","","","General Rounding","Stores","NTT-Deskside Services-CampbellRiver-Staffed","Laptop","Dell LATITUDE 7420 V3",""
"LD035620","HSS-8092389","1CS2WH3","VIHA-CRG-Campbell River General Hospital-Main Building-Basement 1","Campbell River","Main Building","CR0403  Stores","Basement 1","VIHATRP20250303-010","12/31/2028","Operational","07/21/2026","","","General Rounding","Patient & Material Logistics","NTT-Deskside Services-CampbellRiver-Staffed","Laptop","Dell LATITUDE 7450 V4",""
"PC024031","HSS-8087509","3QL5724","VIHA-CRG-Campbell River General Hospital-Main Building-Basement 1","Campbell River","Main Building","CR0403  Stores","B1","VIHATRP20240610-071","07/31/2028","Operational","07/21/2026","","","General Rounding","Stores","NTT-Deskside Services-CampbellRiver-Staffed","Desktop","Dell OptiPlex Micro Plus 7010 V2",""
"LD024056","HSS-8089287","GP9SCW3","VIHA-CRG-Campbell River General Hospital-Main Building-Basement 1","Campbell River","Main Building","CR0403 Stores","B1","VIHATRP20240819-033","09/30/2028","Operational","07/21/2026","","","General Rounding","Stores","NTT-Deskside Services-CampbellRiver-Staffed","Laptop","Dell LATITUDE 7440 V7","LENOVO THNKPD T480s i5-8350 1.7GHZ 6MB 1"
"PC024030","HSS-8089272","DHN8D14","VIHA-CRG-Campbell River General Hospital-Main Building-Basement 1","Campbell River","Main Building","CR0404  Stores","B1","VIHATRP20240819-018","09/30/2028","Operational","07/21/2026","","","General Rounding","Stores","NTT-Deskside Services-CampbellRiver-Staffed","Desktop","Dell OptiPlex Micro Plus 7010 V2",""
"PC024028","HSS-8085623","FB94X04","VIHA-CRG-Campbell River General Hospital-Main Building-Basement 1","Campbell River","Main Building","CR0404  Stores","B1","VIHATRP20240415-086","05/31/2028","Operational","07/21/2026","","","General Rounding","Stores","NTT-Deskside Services-CampbellRiver-Staffed","Desktop","Dell OptiPlex Micro Plus 7010 V2",""
"PC024032","HSS-8090203","4LX4L44","VIHA-CRG-Campbell River General Hospital-Main Building-Basement 1","Campbell River","Main Building","CR0421 Mail Room","Basement 1","VIHATRP20240930-038","11/30/2028","Operational","07/21/2026","","","General Rounding","Clinical Logistics Admin","NTT-Deskside Services-CampbellRiver-Staffed","Desktop","Dell OptiPlex Micro Plus 7020 V1",""
"PC024034","HSS-8089270","6L67D14","VIHA-CRG-Campbell River General Hospital-Main Building-Basement 1","Campbell River","Main Building","CR0446  Morgue  Restricted Access","B1","VIHATRP20240819-016","09/30/2028","Operational","07/21/2026","","","General Rounding","CRG Clinical Site Operations","NTT-Deskside Services-CampbellRiver-Staffed","Desktop","Dell OptiPlex Micro Plus 7010 V2",""
"PC024035","HSS-8064805","CGY4XP3","VIHA-CRG-Campbell River General Hospital-Main Building-Basement 1","Campbell River","Main Building","CR0447 - Morgue  - Restricted Access","B1","VIHATRP20220711-006","01/31/2027","Operational","07/21/2026","","","General Rounding","Morgue and Autopsy","NTT-Deskside Services-CampbellRiver-Staffed","Desktop","Dell OPTIPLEX 7000 MICRO V1",""
"LD021718","HSS-8085624","1QQWCW3","VIHA-CRG-Campbell River General Hospital-Main Building-Basement 1","Campbell River","CRG","CR0519","0","VIHATRP20240415-087","05/31/2028","Operational","07/16/2026","","","General Rounding","Housekeeping","NTT-Deskside Services-CampbellRiver-Staffed","Laptop","Dell LATITUDE 7440 V7",""
"LD104291","HSS-1049422","5GX2WH3","VIHA-CRG-Campbell River General Hospital-Main Building-Basement 1","Campbell River","CRG","CR0519","0","REQ1580937-RITM1668066-SCTASK2719425","12/31/2028","Operational","07/16/2026","","","General Rounding","Housekeeping","NTT-Deskside Services-CampbellRiver-Staffed","Laptop","Dell LATITUDE 7450 V4",""
"LD080035","HSS-8099203","SD00NPLG","VIHA-CRG-Campbell River General Hospital-Main Building-Basement 1","Campbell River","Main Building","CR0519","B1","ISLHTRP20260622-074","07/31/2030","Operational","","","House keeping Office","General Rounding","","NTT-Deskside Services-CampbellRiver-Staffed","Laptop","LENOVO THINKPAD T14 GEN6 NT FPR 2x1",""
"PC026456","HSS-8094952","FCJJZ44","VIHA-CRG-Campbell River General Hospital-Main Building-Basement 1","Campbell River","CRG","CR0519","0","ISLHTRP20250818-020","03/31/2029","Operational","07/16/2026","","","General Rounding","Housekeeping","NTT-Deskside Services-CampbellRiver-Staffed","Desktop","Dell OptiPlex Micro Plus 7020 V1",""
"AO800011","C002590","C17613M050","VIHA-CRG-Campbell River General Hospital-Main Building-Basement 1","Campbell River","Main Building","CR0600  - Moved from 0701 pending repair  INC1634787","B1","Lease Information Extract - HPFS Tangent","09/30/2021","Operational","10/12/2023","","","Mobile Cart"," Medical Device Reprocessing","NTT-Deskside Services-CampbellRiver-Staffed","All-in-One","Tangent MEDIX M24","Tangent Medix M24 AIO"
"LD021237","HSS-8097466","PF5WM7C6","VIHA-CRG-Campbell River General Hospital-Main Building-Basement 1","Campbell River","Main Building","CR0601","B1","ISLHTRP20260202-046","03/31/2030","Operational","","","","General Rounding","IM/IT","NTT-Deskside Services-CampbellRiver-Staffed","Laptop","LENOVO THINKPAD T14 GEN6",""
"AO1000103","HSS-8097510","C25318M230","VIHA-CRG-Campbell River General Hospital-Main Building-Basement 1","Campbell River","Main Building","CR0601","B1","ISLHTRP20260202-132","01/31/2030","Operational","","","","Mobile Cart","IM/IT","NTT-Deskside Services-CampbellRiver-Staffed","All-in-One","TANGENT MEDIX 22B V20",""
"PC024036","HSS-8089268","HWG6D14","VIHA-CRG-Campbell River General Hospital-Main Building-Basement 1","Campbell River","CRG","CR0601","Basement 1","VIHATRP20240819-014","09/30/2028","Operational","02/06/2026","","","General Rounding","Device Acquisition","NTT-Deskside Services-CampbellRiver-Staffed","Desktop","Dell OptiPlex Micro Plus 7010 V2",""
"AO800098","HSS-8095989","C24223M038","VIHA-CRG-Campbell River General Hospital-Main Building-Basement 1","Campbell River","Main Building","CR0601","B1","ISLHTRP20250929-019","11/30/2029","Operational","05/07/2026","","","Mobile Cart","IM/IT","NTT-Deskside Services-CampbellRiver-Staffed","All-in-One","TANGENT MEDIX 22B V9","DUP Hostname Record."
"LD034635","HSS-8097292","PF5WXDYP","VIHA-CRG-Campbell River General Hospital-Main Building-Basement 1","Campbell River","Main Building","CR0601","B1","ISLHTRP20260126-095","02/28/2030","Operational","","","","General Rounding","Device Integration","NTT-Deskside Services-CampbellRiver-Staffed","Laptop","LENOVO THINKPAD T14 GEN6",""
"PC026766","HSS-8085022","GVH4X04","VIHA-CRG-Campbell River General Hospital-Main Building-1st Floor","Campbell River","CRG","CR0601","B1","VIHATRP20240101-020","04/30/2028","Operational","","Lent by: Martin Dean
Lent to:  PMH Lab 
INC#:  INC5009680 PC031990
Date: July 27, 2026

Sitting on top of PC031990 as quick hotswap if required.  Noted issue with PC031990 was resolved by replacing power brick. Left hotswap in case urgently required so staff could quickly connect as this is rem ote site from tech coverage CRG while PHH tech Steve H. away.","*DO NOT SET AS OPERATIONAL OR STOCKROOM WILL BE REMOVED - IN-STOCK OR IN-STOCK RESERVED!*","Excluded","IM/IT","NTT-Deskside Services-CampbellRiver-Staffed","Desktop","Dell OptiPlex Micro Plus 7010 V2","NTT DESKSIDE HOT SPARE"
"PC023755","HSS-8097457","MZ034L7P","VIHA-CRG-Campbell River General Hospital-Main Building-Basement 1","Campbell River","Main Building","CR0601","B","ISLHTRP20260202-037","03/31/2030","Operational","","","","General Rounding","IM/IT","NTT-Deskside Services-CampbellRiver-Staffed","Desktop","LENOVO M90q Gen 5 Desktop 512HD",""
"AO005165","HSS-8097468","C25318M244","VIHA-CRG-Campbell River General Hospital-Main Building-Basement 1","Campbell River","Main Building","CR0601","B1","ISLHTRP20260202-048","01/31/2030","Operational","","","","Mobile Cart","IM/IT","NTT-Deskside Services-CampbellRiver-Staffed","All-in-One","TANGENT MEDIX 22B V20",""
"AO1000104","HSS-8097511","C25318M238","VIHA-CRG-Campbell River General Hospital-Main Building-Basement 1","Campbell River","Main Building","CR0601","B1","ISLHTRP20260202-133","01/31/2030","Operational","","","","Mobile Cart","IM/IT","NTT-Deskside Services-CampbellRiver-Staffed","All-in-One","TANGENT MEDIX 22B V20",""
"PC034399","HSS-8089274","CJN8D14","VIHA-CRG-Campbell River General Hospital-Main Building-Basement 1","Campbell River","Main Building","CR0601 - Loaner","Basement 1","VIHATRP20240819-020","09/30/2028","Operational","","","","General Rounding","Medical Staff Support Services","NTT-Deskside Services-CampbellRiver-Staffed","Desktop","Dell OptiPlex Micro Plus 7010 V2","LENOVO THNKCNT M920q i5-8500 2.1GHz 8GB"
"LD080168","HSS-1037822","7GDGLN3","VIHA-CRG-Campbell River General Hospital-Main Building-Basement 1","Campbell River","CRG","CR0602","0","REQ0697998-RITM0733252-SCTASK1158221","12/31/2026","Operational","04/26/2023","Fixed IP: 10.214.192.10
 Gateway: 10.214.192.1
Mask:  255.255.254.0","","Excluded","IMIT","NTT-Deskside Services-CampbellRiver-Staffed","Laptop","Dell LATITUDE 7420 V3","Teleheath device"
"PC024472","HSS-8064807","1LV4XP3","VIHA-CRG-Campbell River General Hospital-Main Building-Basement 1","Campbell River","Main Building","CR0604","B1","VIHATRP20220711-008","01/31/2027","Operational","04/01/2026","","","General Rounding","IM/IT","NTT-Deskside Services-CampbellRiver-Staffed","Desktop","Dell OPTIPLEX 7000 MICRO V1",""
"AO1000058","HSS-8096505","T24A23M059","VIHA-CRG-Campbell River General Hospital-Main Building-Basement 1","Campbell River","Main Building","CR0700","0","ISLHTRP20251117-041","01/31/2030","Operational","01/28/2026","","","Mobile Cart","MDRD","NTT-Deskside Services-CampbellRiver-Staffed","All-in-One","TANGENT MEDIX 24v2 32GB","Tangent Medix M24 AIO"
"AO1000053","HSS-8096503","T25416M038","VIHA-CRG-Campbell River General Hospital-Main Building-Basement 1","Campbell River","Main Building","CR0701","0","ISLHTRP20251117-039","01/31/2030","Operational","01/28/2026","","","Mobile Cart","MDRD","NTT-Deskside Services-CampbellRiver-Staffed","All-in-One","TANGENT MEDIX 24v2 32GB","Tangent Medix M24 AIO"
"AO1000059","HSS-8096504","T24A23M245","VIHA-CRG-Campbell River General Hospital-Main Building-Basement 1","Campbell River","Main Building","CR0701","0","ISLHTRP20251117-040","01/31/2030","Operational","01/28/2026","","","Mobile Cart","MDRD","NTT-Deskside Services-CampbellRiver-Staffed","All-in-One","TANGENT MEDIX 24v2 32GB",""
"AO1000054","HSS-8096506","T24A23M250","VIHA-CRG-Campbell River General Hospital-Main Building-Basement 1","Campbell River","Main Building","CR0701","0","ISLHTRP20251117-042","01/31/2030","Operational","01/28/2026","","","Mobile Cart","MDRD","NTT-Deskside Services-CampbellRiver-Staffed","All-in-One","TANGENT MEDIX 24v2 32GB","Tangent Medix M24 AIO"
"AO000867","HSS-8096494","T25923M081","VIHA-CRG-Campbell River General Hospital-Main Building-Basement 1","Campbell River","Main Building","CR0701","0","ISLHTRP20251117-022","01/31/2030","Operational","01/28/2026","","","Mobile Cart","MDRD","NTT-Deskside Services-CampbellRiver-Staffed","All-in-One","TANGENT MEDIX 24v2 32GB",""
"AO1000057","HSS-8096490","T24A23M064","VIHA-CRG-Campbell River General Hospital-Main Building-Basement 1","Campbell River","Main Building","CR0701","0","ISLHTRP20251117-018","01/31/2030","Operational","01/28/2026","","","Mobile Cart","MDRD","NTT-Deskside Services-CampbellRiver-Staffed","All-in-One","TANGENT MEDIX 24v2 32GB","Tangent Medix M24 AIO"
"AO1000055","HSS-8098454","T25903M168","VIHA-CRG-Campbell River General Hospital-Main Building-Basement 1","Campbell River","Main Building","CR0701","2","ISLHTRP20260420-090","03/31/2030","Operational","","","","Mobile Cart","MDRD","NTT-Deskside Services-CampbellRiver-Staffed","All-in-One","TANGENT MEDIX M24 V2","Tangent Medix M24 AIO"
"AO1000056","HSS-8097266","T25903M032","VIHA-CRG-Campbell River General Hospital-Main Building-Basement 1","Campbell River","CRG","CR0701","B1","ISLHTRP20260126-042","04/30/2030","Operational","03/26/2026","","","General Rounding","MDRD","NTT-Deskside Services-CampbellRiver-Staffed","All-in-One","TANGENT MEDIX M24 V2","Tangent Medix M24 AIO"
"LD024058","HSS-8092391","2D44WH3","VIHA-CRG-Campbell River General Hospital-Main Building-Basement 1","Campbell River","Main Building","CR0703","Basement 1","VIHATRP20250303-012","12/31/2028","Operational","01/28/2026","","","General Rounding","CRG Perioperative Intervention","NTT-Deskside Services-CampbellRiver-Staffed","Laptop","Dell LATITUDE 7450 V4",""
"AO1000051","HSS-8096492","T25416M091","VIHA-CRG-Campbell River General Hospital-Main Building-Basement 1","Campbell River","Main Building","CR0720","0","ISLHTRP20251117-020","01/31/2030","Operational","01/28/2026","","","Mobile Cart","MDRD","NTT-Deskside Services-CampbellRiver-Staffed","All-in-One","TANGENT MEDIX 24v2 32GB","Tangent Medix M24 AIO"
"AO1000050","HSS-8097265","T25903M024","VIHA-CRG-Campbell River General Hospital-Main Building-Basement 1","Campbell River","Main Building","CR07xx","B1","ISLHTRP20260126-041","04/30/2030","Operational","","","","Mobile Cart","MDRD","NTT-Deskside Services-CampbellRiver-Staffed","All-in-One","TANGENT MEDIX M24 V2",""
"AO1000049","HSS-8097268","T25903M112","VIHA-CRG-Campbell River General Hospital-Main Building-Basement 1","Campbell River","Main Building","CR07xx","B1","ISLHTRP20260126-044","04/30/2030","Operational","","","","Mobile Cart","MDRD","NTT-Deskside Services-CampbellRiver-Staffed","All-in-One","TANGENT MEDIX M24 V2","Tangent Medix M24 AIO"
"AO1000052","HSS-8097264","T25903M005","VIHA-CRG-Campbell River General Hospital-Main Building-Basement 1","Campbell River","Main Building","CR07xx","B1","ISLHTRP20260126-040","04/30/2030","Operational","","","","Mobile Cart","MDRD","NTT-Deskside Services-CampbellRiver-Staffed","All-in-One","TANGENT MEDIX M24 V2","Tangent Medix M24 AIO"
"LD024286","HSS-8098135","PF60CWD6","VIHA-CRG-Campbell River General Hospital-Main Building-2nd Floor","Campbell River","Main Building","CR07xx","2","ISLHTRP20260323-040","04/30/2030","Operational","","","","General Rounding","Operating Room","NTT-Deskside Services-CampbellRiver-Staffed","Laptop","LENOVO THINKPAD T14 GEN6 NT FPR 2x1",""
"AO800108","HSS-8098128","C25820M052","VIHA-CRG-Campbell River General Hospital-Main Building-Basement 1","Campbell River","Main Building","CR07xx","B1","ISLHTRP20260323-033","01/31/2030","Operational","","","","Mobile Cart","Medical Device Reprocessing","NTT-Deskside Services-CampbellRiver-Staffed","All-in-One","TANGENT MEDIX 22B V19",""
"LD024059","HSS-8064808","DKK5NN3","VIHA-CRG-Campbell River General Hospital-Main Building-Basement 1","Campbell River","Main Building","CR0801","B1","VIHATRP20220711-009","12/31/2026","Operational","07/17/2026","","","General Rounding","FMO","NTT-Deskside Services-CampbellRiver-Staffed","Laptop","Dell LATITUDE 7420 V3",""
"PC024049","HSS-8089275","B3L6D14","VIHA-CRG-Campbell River General Hospital-Main Building-Basement 1","Campbell River","Main Building","CR0802","B1","VIHATRP20240819-021","09/30/2028","Operational","07/17/2026","","","General Rounding","FMO","NTT-Deskside Services-CampbellRiver-Staffed","Desktop","Dell OptiPlex Micro Plus 7010 V2",""
"PC024053","HSS-8089273","8HN8D14","VIHA-CRG-Campbell River General Hospital-Main Building-Basement 1","Campbell River","Main Building","CR0803","B1","VIHATRP20240819-019","09/30/2028","Operational","07/17/2026","","","General Rounding","FMO","NTT-Deskside Services-CampbellRiver-Staffed","Desktop","Dell OptiPlex Micro Plus 7010 V2",""
"PC024054","HSS-8097460","MZ034L1W","VIHA-CRG-Campbell River General Hospital-Main Building-Basement 1","Campbell River","Main Building","CR0803","B1","ISLHTRP20260202-040","03/31/2030","Operational","07/17/2026","","","General Rounding","FMO","NTT-Deskside Services-CampbellRiver-Staffed","Desktop","LENOVO M90q Gen 5 Desktop 512HD",""
"PC024052","HSS-8084571","HD94X04","VIHA-CRG-Campbell River General Hospital-Main Building-Basement 1","Campbell River","Main Building","CR0803","B1","VIHATRP20240318-039","04/30/2028","Operational","07/17/2026","","","General Rounding","FMO","NTT-Deskside Services-CampbellRiver-Staffed","Desktop","Dell OptiPlex Micro Plus 7010 V2",""
"LD065080","HSS-8095451","CSMHX64","VIHA-CRG-Campbell River General Hospital-Main Building-Basement 1","Campbell River","Main Building","CR0807 - Supervisors Office","Basement 1","ISLHTRP20250908-019","03/31/2029","Operational","","","","General Rounding","Porter Services","NTT-Deskside Services-CampbellRiver-Staffed","Laptop","Dell LATITUDE 7450 V4",""
"LD065105","HSS-8097467","PF5WNYEZ","VIHA-CRG-Campbell River General Hospital-Main Building-Basement 1","Campbell River","Main Building","CR0808","B1","ISLHTRP20260202-047","03/31/2030","Operational","02/05/2026","","","General Rounding","Porter Services","NTT-Deskside Services-CampbellRiver-Staffed","Laptop","LENOVO THINKPAD T14 GEN6",""
"WT_63CAGZPF5J2  C003139","C003139","GZPF5J2","VIHA-CRG-Campbell River General Hospital-Main Building-Basement 1","Campbell River","Main Building","CR0808","B1","","","Operational","02/05/2026","847BEBEDA577 - CREQCCM","","General Rounding","Porter Services","NTT-Deskside Services-CampbellRiver-Staffed","Thin Client","DELL WYSE 5060 THIN CLIENT","Dell Wyse 5060 Thin Client Wireless"
"LD048249","HSS-8095982","32VZFW3","VIHA-CRG-Campbell River General Hospital-Main Building-1st Floor","Campbell River","Main Building","CR1100","1st Floor","ISLHTRP20250929-012","03/31/2029","Operational","","","","Excluded","Admin","NTT-Deskside Services-CampbellRiver-Staffed","Laptop","Dell LATITUDE 7450 V4",""
"PC024059","HSS-8090175","CPX4L44","VIHA-CRG-Campbell River General Hospital-Main Building-1st Floor","Campbell River","Main Building","CR1101  inside video cabinet.","1st Floor","VIHATRP20240930-007","11/30/2028","Operational","07/08/2026","","","General Rounding","Central Education and Conference Facilities","NTT-Deskside Services-CampbellRiver-Staffed","Desktop","Dell OptiPlex Micro Plus 7020 V1","Deployed 18Oct2024 RITM1580647"
"PC067018","HSS-8068902","GL72RN3","VIHA-CRG-Campbell River General Hospital-Main Building-1st Floor","Campbell River","Main Building","CR1103/CR1123 Disaster Communication - Key and Card Lock","1","VIHATRP20221121-029","01/31/2027","Operational","04/30/2026","","","General Rounding","Health Emergency Management","NTT-Deskside Services-CampbellRiver-Staffed","Desktop","Dell OPTIPLEX 7000 MICRO V1",""
"PC024060","HSS-8090193","8LX4L44","VIHA-CRG-Campbell River General Hospital-Main Building-1st Floor","Campbell River","Main Building","CR1104 - Meeting Room 4","1st Floor","VIHATRP20240930-028","11/30/2028","Operational","07/08/2026","","","General Rounding","Medical Affairs","NTT-Deskside Services-CampbellRiver-Staffed","Desktop","Dell OptiPlex Micro Plus 7020 V1",""
"PC024061","HSS-8085576","BMD4X04","VIHA-CRG-Campbell River General Hospital-Main Building-1st Floor","Campbell River","Main Building","CR1105  Meeting Room 5","1st Floor","VIHATRP20240415-028","05/31/2028","Operational","07/08/2026","","","General Rounding","Endoscopy","NTT-Deskside Services-CampbellRiver-Staffed","Desktop","Dell OptiPlex Micro Plus 7010 V2",""
"PC026335","HSS-8091056","8SS4144","VIHA-CRG-Campbell River General Hospital-Main Building-1st Floor","Campbell River","Main Building","CR1106 - Meeting Room 6  - under table","1st Floor","VIHATRP20241104-063","12/31/2028","Operational","07/08/2026","","","General Rounding","Network & Solutions Admin","NTT-Deskside Services-CampbellRiver-Staffed","Desktop","Dell OptiPlex Micro Plus 7020 V1","10June2022 LCDs HSS-8023123 and HSS-8023124 sent to RTS via INC1519671  Purolator 333571443873 Shiplink 1068853"
"AO800090","HSS-8097834","C25318M241","VIHA-CRG-Campbell River General Hospital-Main Building-1st Floor","Campbell River","CRG","CR1107","1","ISLHTRP20260302-020","01/31/2030","Operational","07/08/2026","","","Mobile Cart","Meeting Rooms","NTT-Deskside Services-CampbellRiver-Staffed","All-in-One","TANGENT MEDIX 22B V20",""
"AO800081","HSS-8097285","C25318M156","VIHA-CRG-Campbell River General Hospital-Main Building-1st Floor","Campbell River","Main Building","CR1107  Meeting Rooms","1","ISLHTRP20260126-074","01/31/2030","Operational","05/21/2026","","","Mobile Cart","Education and conference facilities.","NTT-Deskside Services-CampbellRiver-Staffed","All-in-One","TANGENT MEDIX 22B V20",""
"PC025572","HSS-8074885","1401KQ3","VIHA-CRG-Campbell River General Hospital-Main Building-1st Floor","Campbell River","Main Building","CR1107 - Meeting Room 7 locked in Video Cabinet","1","VIHATRP20230605-018","06/30/2027","Operational","07/08/2026","","","General Rounding","Central Education and Conference Facilities","NTT-Deskside Services-CampbellRiver-Staffed","Desktop","Dell OPTIPLEX 7000 MICRO V1",""
"AO1000088","HSS-8097835","C25207M227","VIHA-CRG-Campbell River General Hospital-Main Building-1st Floor","Campbell River","Main Building","CR110x","1","ISLHTRP20260302-021","09/30/2029","Operational","07/08/2026","","","Mobile Cart","Central Education and Conference Facilities","NTT-Deskside Services-CampbellRiver-Staffed","All-in-One","TANGENT MEDIX 22B V20",""
"AO800126","HSS-8097271","C25318M162","VIHA-CRG-Campbell River General Hospital-Main Building-1st Floor","Campbell River","Main Building","CR110x  Meeting Rooms","1","ISLHTRP20260126-047","01/31/2030","Operational","07/08/2026","","","Mobile Cart","Education and conference facilities.","NTT-Deskside Services-CampbellRiver-Staffed","All-in-One","TANGENT MEDIX 22B V20",""
"PC025562","HSS-8091049","5TS4144","VIHA-CRG-Campbell River General Hospital-Main Building-1st Floor","Campbell River","CRG","CR110x Meeting Rooms","1","VIHATRP20241104-008","12/31/2028","Operational","07/08/2026","","","General Rounding","Meeting Rooms","NTT-Deskside Services-CampbellRiver-Staffed","Desktop","Dell OptiPlex Micro Plus 7020 V1",""
"PC024065","HSS-8025745","54DTDF3","VIHA-CRG-Campbell River General Hospital-Main Building-1st Floor","Campbell River","Main Building","CR1124 Disaster Supplies -  Key and Card Lock","1","VIHATRP20211206-025","03/31/2026","Operational","04/30/2026","","","General Rounding","Health Emergency Management","NTT-Deskside Services-CampbellRiver-Staffed","Desktop","Dell OPTIPLEX 7080 MICRO V3",""
"PC024064LEG","HSS-8025742","543ZDF3","VIHA-CRG-Campbell River General Hospital-Main Building-1st Floor","Campbell River","Main Building","CR1124 Disaster Supplies - Key and Card Lock","1","VIHATRP20211206-022","03/31/2026","Operational","04/30/2026","","","General Rounding","Health Emergency Management","NTT-Deskside Services-CampbellRiver-Staffed","Desktop","Dell OPTIPLEX 7080 MICRO V3",""
"PC078324","HSS-1042595","J831KQ3","VIHA-CRG-Campbell River General Hospital-Main Building-1st Floor","Campbell River","Main Building","CR1142","1","REQ0879101-RITM0923945-SCTASK1569761","06/30/2027","Operational","08/26/2026","","","General Rounding","Rehabilatation/Therapy","NTT-Deskside Services-CampbellRiver-Staffed","Desktop","Dell OPTIPLEX 7000 MICRO V1",""
"LD105175","HSS-1111137","J1JSFW3","VIHA-CRG-Campbell River General Hospital-Main Building-1st Floor","Campbell River","CRG","CR1142","1","REQ1748604-RITM1845312-SCTASK2960068","03/31/2029","Operational","03/25/2026","Installed 28May2025 RITM1845312
Laptop: LD105175, HSS-1111137, JJSFW3
LCD: 94W4W14 HSS-111153
LCD: 95R4W14 HSS-1111152
Dock: Lenovo ZDVJ3L8C","","General Rounding","Physical Therapy","NTT-Deskside Services-CampbellRiver-Staffed","Laptop","Dell LATITUDE 7450 V4",""
"AO800025","HSS-8095986","C24223M114","VIHA-CRG-Campbell River General Hospital-Main Building-1st Floor","Campbell River","Main Building","CR1143","1st Floor","ISLHTRP20250929-016","11/30/2029","Operational","06/24/2026","","","Mobile Cart","Critical Care and Emergency","NTT-Deskside Services-CampbellRiver-Staffed","All-in-One","TANGENT MEDIX 22B V9",""
"LD024261","HSS-8092776","CGPSFW3","VIHA-CRG-Campbell River General Hospital-Main Building-1st Floor","Campbell River","CRG","CR1143","1","VIHATRP20250331-009","03/31/2029","Operational","06/24/2026","","","General Rounding","Rehabilitation Therapy","NTT-Deskside Services-CampbellRiver-Staffed","Laptop","Dell LATITUDE 7450 V4",""
"AO800106","HSS-8096135","C25207M239","VIHA-CRG-Campbell River General Hospital-Main Building-1st Floor","Campbell River","Main Building","CR1143","1","ISLHTRP100625-013","09/30/2029","Operational","08/26/2026","","","Mobile Cart","Rehabilitation Therapy","NTT-Deskside Services-CampbellRiver-Staffed","All-in-One","TANGENT MEDIX 22B V20",""
"LD086051","HSS-1046506","HXVHVW3","VIHA-CRG-Campbell River General Hospital-Main Building-1st Floor","Campbell River","Main Building","CR1147","1","REQ1292182-RITM1362610-SCTASK2185922","05/31/2028","Operational","08/26/2026","","Deployed 06May2024 RITM1362610","General Rounding","PhysioTherapy","NTT-Deskside Services-CampbellRiver-Staffed","Laptop","Dell LATITUDE 7440 V7",""
"LD091971","HSS-8067951","D203NN3","VIHA-CRG-Campbell River General Hospital-Main Building-1st Floor","Campbell River","Main Building","CR1147","1","REQ1872207-RITM1976061-SCTASK3171078","01/31/2027","Operational","08/26/2026","Deployed - RITM1976061 - Sep.5, 2025","","General Rounding","Rehab","NTT-Deskside Services-CampbellRiver-Staffed","Laptop","Dell LATITUDE 7420 V3",""
"PC027889","HSS-8074878","F91T1V3","VIHA-CRG-Campbell River General Hospital-Main Building-1st Floor","Campbell River","Main Building","CR1147 - Rehabilitation","1","VIHATRP20230605-011","07/31/2027","Operational","08/26/2026","PC027889","","General Rounding","Speech Therapy","NTT-Deskside Services-CampbellRiver-Staffed","Desktop","Dell OPTIPLEX 7000 TOWER V1",""
"PC024066","HSS-8099480","MZ03FQ9J","VIHA-CRG-Campbell River General Hospital-Main Building-1st Floor","Campbell River","Main Building","CR1148","1","ISLHTRP20260706-087","07/31/2030","Operational","08/26/2026","","CR1148 - Reception, Central/Shared Administrative Area - Workstation, Clerical, Registration","Critical Clinical","Rehabilitation Therapy","NTT-Deskside Services-CampbellRiver-Staffed","Desktop","LENOVO THINKCENTRE M90Q GEN6",""
"PC025564","HSS-8090198","FJX4L44","VIHA-CRG-Campbell River General Hospital-Main Building-1st Floor","Campbell River","Main Building","CR1148 - Rehabilitation","1","VIHATRP20240930-033","11/30/2028","Operational","08/26/2026","","","General Rounding","Rehabilitation Therapy","NTT-Deskside Services-CampbellRiver-Staffed","Desktop","Dell OptiPlex Micro Plus 7020 V1",""
"PC025566","HSS-8085601","HSH4X04","VIHA-CRG-Campbell River General Hospital-Main Building-1st Floor","Campbell River","Main Building","CR1162","1st Floor","VIHATRP20240415-065","05/31/2028","Operational","06/24/2026","","","General Rounding","Hand Clinic","NTT-Deskside Services-CampbellRiver-Staffed","Desktop","Dell OptiPlex Micro Plus 7010 V2",""
"AO800038","HSS-8096133","C25207M242","VIHA-CRG-Campbell River General Hospital-Main Building-1st Floor","Campbell River","Main Building","CR1163","1st Floor","ISLHTRP100625-011","09/30/2029","Operational","08/26/2026","","","Mobile Cart","Occupational Therapy","NTT-Deskside Services-CampbellRiver-Staffed","All-in-One","TANGENT MEDIX 22B V20",""
"LD066385","HSS-8085560","5Y81DW3","VIHA-CRG-Campbell River General Hospital-Main Building-1st Floor","Campbell River","Main Building","CR1171  - key lock","1st Floor","VIHATRP20240415-023","05/31/2028","Operational","08/26/2026","","","General Rounding","Physio Therapy","NTT-Deskside Services-CampbellRiver-Staffed","Laptop","Dell LATITUDE 7440 V7",""
"LD066553","HSS-8085596","24FXCW3","VIHA-CRG-Campbell River General Hospital-Main Building-1st Floor","Campbell River","Main Building","CR1172","1st Floor","VIHATRP20240415-060","05/31/2028","Operational","08/26/2026","","","General Rounding","Physiotherapy","NTT-Deskside Services-CampbellRiver-Staffed","Laptop","Dell LATITUDE 7440 V7",""
"LD086136","HSS-1046841","65HSCW3","VIHA-CRG-Campbell River General Hospital-Main Building-1st Floor","Campbell River","Main Building","CR1173","1","REQ1333935-RITM1406790-SCTASK2254332","06/30/2028","Operational","08/26/2026","","","General Rounding","Rehabilitation Therapy","NTT-Deskside Services-CampbellRiver-Staffed","Laptop","Dell LATITUDE 7440 V7",""
"LD106055","HSS-8098641","PF624531","VIHA-CRG-Campbell River General Hospital-Main Building-1st Floor","Campbell River","Main Building","CR1173","1","ISLHTRP20260518-058","06/30/2030","Operational","08/26/2026","","","General Rounding","Rehabilitation Therapy","NTT-Deskside Services-CampbellRiver-Staffed","Laptop","LENOVO THINKPAD T14 GEN6 NT FPR 2x1","Redeployed as Net New 13Nov2025 RITM2035372"
"LD024260","HSS-8094251","3CDJX64","VIHA-CRG-Campbell River General Hospital-Main Building-1st Floor","Campbell River","Main Building","CR1173","1st Floor","ISLHTRP20250707-145","03/31/2029","Operational","08/26/2026","","","General Rounding","Physiotherapy","NTT-Deskside Services-CampbellRiver-Staffed","Laptop","Dell LATITUDE 7450 V4",""
"LD024263","HSS-8093207","JZZHX64","VIHA-CRG-Campbell River General Hospital-Main Building-1st Floor","Campbell River","Main Building","CR1173","1st Floor","ISLHTRP20250428-051","03/31/2029","Operational","08/26/2026","","","General Rounding","CRG Transitions and Support","NTT-Deskside Services-CampbellRiver-Staffed","Laptop","Dell LATITUDE 7450 V4",""
"LD024262","HSS-8099476","SD005MT0","VIHA-CRG-Campbell River General Hospital-Main Building-1st Floor","Campbell River","Main Building","CR1173","1","ISLHTRP20260706-083","07/31/2030","Operational","08/26/2026","","","General Rounding","Rehabilitation Therapy","NTT-Deskside Services-CampbellRiver-Staffed","Laptop","LENOVO THINKPAD T14 GEN6 NT FPR 2x1",""
"LD024266","HSS-8064810","G715NN3","VIHA-CRG-Campbell River General Hospital-Main Building-1st Floor","Campbell River","Main Building","CR1173","1","VIHATRP20220711-011","11/30/2026","Operational","08/26/2026","","","General Rounding","Rehabilitation Therapy","NTT-Deskside Services-CampbellRiver-Staffed","Laptop","Dell LATITUDE 7420 V3",""
"LD024259","HSS-8094249","HTQHX64","VIHA-CRG-Campbell River General Hospital-Main Building-1st Floor","Campbell River","Main Building","CR1173","1st Floor","ISLHTRP20250707-143","03/31/2029","Operational","08/26/2026","","","General Rounding","Physiotherapy","NTT-Deskside Services-CampbellRiver-Staffed","Laptop","Dell LATITUDE 7450 V4",""
"LD066638","HSS-8090182","5M6TQW3","VIHA-CRG-Campbell River General Hospital-Main Building-1st Floor","Campbell River","Main Building","CR1173","1st Floor","VIHATRP20240930-017","11/30/2028","Operational","08/26/2026","","","General Rounding","CRG Transitions and Support","NTT-Deskside Services-CampbellRiver-Staffed","Laptop","Dell LATITUDE 7440 V7",""
"LD059914","HSS-8097477","PF5WKD4V","VIHA-CRG-Campbell River General Hospital-Main Building-1st Floor","Campbell River","CRG","CR1173","1","ISLHTRP20260202-057","03/31/2030","Operational","08/26/2026","","Asset transfer (laptop) for Cathryn Hurd - Physiotherapy Practice Support person at Campbell River Hospital - RITM1485052.","General Rounding","Rehab","NTT-Deskside Services-CampbellRiver-Staffed","Laptop","LENOVO THINKPAD T14 GEN6",""
"LD081256","HSS-1049048","D7SWVH3","VIHA-CRG-Campbell River General Hospital-Main Building-1st Floor","Campbell River","Main Hospital","CR1173","1","REQ1576501-RITM1663391-SCTASK2673848","12/31/2028","Operational","06/24/2026","Deployed 08Jan2025 RITM1663391","","General Rounding","Physio Therapy","NTT-Deskside Services-CampbellRiver-Staffed","Laptop","Dell LATITUDE 7450 V4",""
"LD066615","HSS-8085568","BZRXCW3","VIHA-CRG-Campbell River General Hospital-Main Building-1st Floor","Campbell River","Main Building","CR1173","1","VIHATRP20240415-032","05/31/2028","Operational","08/26/2026","","","General Rounding","Rehabilitation Therapy","NTT-Deskside Services-CampbellRiver-Staffed","Laptop","Dell LATITUDE 7440 V7",""
"AO800083","HSS-8095983","C24223M118","VIHA-CRG-Campbell River General Hospital-Main Building-1st Floor","Campbell River","Main Building","CR1173 - Rehab","1","ISLHTRP20250929-013","11/30/2029","Operational","08/26/2026","","","Mobile Cart","Occupational Therapy","NTT-Deskside Services-CampbellRiver-Staffed","All-in-One","TANGENT MEDIX 22B V9",""
"LD066616","HSS-8085577","DZDXCW3","VIHA-CRG-Campbell River General Hospital-Main Building-1st Floor","Campbell River","Main Building","CR1173 Rehab","1st Floor","VIHATRP20240415-026","05/31/2028","Operational","08/26/2026","","","General Rounding","Physiotherapy","NTT-Deskside Services-CampbellRiver-Staffed","Laptop","Dell LATITUDE 7440 V7",""
"PC025563","HSS-8085561","F994X04","VIHA-CRG-Campbell River General Hospital-Main Building-1st Floor","Campbell River","Main Building","CR1175","1","VIHATRP20240415-027","05/31/2028","Operational","08/26/2026","","","General Rounding","Rehabilitation Therapy","NTT-Deskside Services-CampbellRiver-Staffed","Desktop","Dell OptiPlex Micro Plus 7010 V2",""
"PC024174","HSS-8085562","2B94X04","VIHA-CRG-Campbell River General Hospital-Main Building-1st Floor","Campbell River","Main Building","CR1175","1","VIHATRP20240415-031","05/31/2028","Operational","08/26/2026","","","General Rounding","Diabetes Education Program","NTT-Deskside Services-CampbellRiver-Staffed","Desktop","Dell OptiPlex Micro Plus 7010 V2",""
"AO800056","HSS-8096433","C25318M264","VIHA-CRG-Campbell River General Hospital-Main Building-1st Floor","Campbell River","Main Building","CR1180","1","ISLHTRP20251103-049","12/31/2029","Operational","06/24/2026","","","Mobile Cart","Occupational Therapy","NTT-Deskside Services-CampbellRiver-Staffed","All-in-One","TANGENT MEDIX 22B V20",""
"LD065531","HSS-8061429","JDWZLN3","VIHA-CRG-Campbell River General Hospital-Main Building-1st Floor","Campbell River","Main Building","CR11xx","1","VIHATRP20220815-025","11/30/2026","Operational","06/24/2026","","","General Rounding","Physiotherapy services","NTT-Deskside Services-CampbellRiver-Staffed","Laptop","Dell LATITUDE 7420 V3",""
"AO1000085","HSS-8097288","C25318M152","VIHA-CRG-Campbell River General Hospital-Main Building-1st Floor","Campbell River","CRG","CR11xx","1","ISLHTRP20260126-077","01/31/2030","Operational","06/24/2026","","","Mobile Cart","Rehabilitation Therapy","NTT-Deskside Services-CampbellRiver-Staffed","All-in-One","TANGENT MEDIX 22B V20",""
"PC025570","HSS-8099460","MZ03FQ9A","VIHA-CRG-Campbell River General Hospital-Main Building-1st Floor","Campbell River","Main Building","CR1201 - Cafeteria - Card Swipe","1st","ISLHTRP20260706-067","07/31/2030","Operational","07/30/2026","","","General Rounding","Food Services","NTT-Deskside Services-CampbellRiver-Staffed","Desktop","LENOVO THINKCENTRE M90Q GEN6",""
"PC067109","HSS-8074877","99JM0M3","VIHA-CRG-Campbell River General Hospital-Main Building-1st Floor","Campbell River","Main Building","CR1204 - Card Swipe","1","VIHATRP20230605-086","05/31/2027","Operational","07/30/2026","","","General Rounding","Security Systems","NTT-Deskside Services-CampbellRiver-Staffed","Desktop","Dell PRECISION 5820 TOWER V2",""
"PC024067","HSS-8091365","FQJQK44","VIHA-CRG-Campbell River General Hospital-Main Building-1st Floor","Campbell River","Main Building","CR1204 - Card Swipe","1","VIHATRP20241125-019","01/31/2029","Operational","07/30/2026","","","General Rounding","Patient & Material Logistics","NTT-Deskside Services-CampbellRiver-Staffed","Desktop","Dell OptiPlex Micro Plus 7020 V1",""
"AO800131","HSS-8097842","C25318M191","VIHA-CRG-Campbell River General Hospital-Main Building-1st Floor","Campbell River","Main Building","CR13 CR16 CR19","1","ISLHTRP20260302-028","01/31/2030","Operational","08/25/2026","","","Mobile Cart","Emergency","NTT-Deskside Services-CampbellRiver-Staffed","All-in-One","TANGENT MEDIX 22B V20",""
"AO800123","HSS-8098646","C25929M040","VIHA-CRG-Campbell River General Hospital-Main Building-1st Floor","Campbell River","Main Building","CR13 CR16 CR19","1","ISLHTRP20260518-063","03/31/2030","Operational","08/07/2026","","","Mobile Cart","Emergency Services","NTT-Deskside Services-CampbellRiver-Staffed","All-in-One","TANGENT MEDIX 22B V19",""
"AO800042","HSS-8097281","C25318M165","VIHA-CRG-Campbell River General Hospital-Main Building-1st Floor","Campbell River","Main Building","CR13 CR16 CR19","1","ISLHTRP20260126-070","01/31/2030","Operational","08/25/2026","","","Mobile Cart","Emergency Services","NTT-Deskside Services-CampbellRiver-Staffed","All-in-One","TANGENT MEDIX 22B V20",""
"AO800045","HSS-8096386","C25123M183","VIHA-CRG-Campbell River General Hospital-Main Building-1st Floor","Campbell River","Main Building","CR13 CR16 CR19","1","ISLHTRP20251103-002","09/30/2029","Operational","07/28/2026","","","Mobile Cart","Emergency Services","NTT-Deskside Services-CampbellRiver-Staffed","All-in-One","TANGENT MEDIX 22B V20",""
"PC024072","HSS-8091367","DQJQK44","VIHA-CRG-Campbell River General Hospital-Main Building-1st Floor","Campbell River","Main Building","CR1300  CRG_Triage CRG_CRITICAL","1st Floor","VIHATRP20241125-021","01/31/2029","Operational","08/17/2026","","","Critical Clinical","Emergency Services","NTT-Deskside Services-CampbellRiver-Staffed","Desktop","Dell OptiPlex Micro Plus 7020 V1",""
"AO800029","HSS-8095995","C25122M016","VIHA-CRG-Campbell River General Hospital-Main Building-1st Floor","Campbell River","Main Building","CR1300 CR1630 CR1900","1st Floor","ISLHTRP20250929-025","05/31/2029","Operational","07/28/2026","","","Mobile Cart","Emergency Services","NTT-Deskside Services-CampbellRiver-Staffed","All-in-One","TANGENT MEDIX 22B V20",""
"PC024071","HSS-8099479","MZ03FQ8B","VIHA-CRG-Campbell River General Hospital-Main Building-1st Floor","Campbell River","Main Building","CR1300 CRG_TRIAGE CRG724 CRG_CRITICAL","1","ISLHTRP20260706-086","07/31/2030","Operational","08/17/2026","","Emergency Hold CRG, Emergency CRG","Critical Clinical","Emergency Services","NTT-Deskside Services-CampbellRiver-Staffed","Desktop","LENOVO THINKCENTRE M90Q GEN6",""
"PC024070","HSS-8099481","MZ03FQ8G","VIHA-CRG-Campbell River General Hospital-Main Building-1st Floor","Campbell River","Main Building","CR1300 CRG_TRIAGE CRG_CRITICAL","1","ISLHTRP20260706-088","07/31/2030","Operational","08/17/2026","","","Critical Clinical","Emergency Services","NTT-Deskside Services-CampbellRiver-Staffed","Desktop","LENOVO THINKCENTRE M90Q GEN6",""
"PC024073","HSS-8027744","FBT4VH3","VIHA-CRG-Campbell River General Hospital-Main Building-1st Floor","Campbell River","Main Building","CR1300 Triage","1","VIHATRP20220328-069","06/30/2026","Operational","08/17/2026","","","Critical Clinical","Emergency Services","NTT-Deskside Services-CampbellRiver-Staffed","Desktop","Dell OPTIPLEX 7090 MICRO V1",""
"PC027393","HSS-8074876","CZVGNW3","VIHA-CRG-Campbell River General Hospital-Main Building-1st Floor","Campbell River","Main Building","CR1315  - Protection Service - Card Lock","1","VIHATRP20230605-010","07/31/2027","Operational","07/30/2026","","","General Rounding","Protection Services","NTT-Deskside Services-CampbellRiver-Staffed","Desktop","Dell OPTIPLEX 7000 TOWER V1",""
"PC027394","HSS-8092080","55J2L44","VIHA-CRG-Campbell River General Hospital-Main Building-1st Floor","Campbell River","Main Building","CR1315 - Protect Serv","1st Floor","VIHATRP20250127-051","01/31/2029","Operational","07/30/2026","","","General Rounding","Protection Svcs Admin","NTT-Deskside Services-CampbellRiver-Staffed","Desktop","Dell OptiPlex Tower Plus 7020 V1",""
"PC025720","HSS-8099199","MZ03FQ5G","VIHA-CRG-Campbell River General Hospital-Main Building-1st Floor","Campbell River","Main Building","CR1315 Protection Services - Connected to Wall Mou","1","ISLHTRP20260622-070","07/31/2030","Operational","07/30/2026","","","General Rounding","Protection Services","NTT-Deskside Services-CampbellRiver-Staffed","Desktop","LENOVO THINKCENTRE M90Q GEN6","RTS 25JUly2022 INC1622369 Purolator 333648204290 Shiplink 1071444"
"AO800136","HSS-8097837","C25318M236","VIHA-CRG-Campbell River General Hospital-Main Building-1st Floor","Campbell River","CRG","CR13xx","1","ISLHTRP20260302-023","01/31/2030","Operational","06/25/2026","","","Mobile Cart","Emergency Services","NTT-Deskside Services-CampbellRiver-Staffed","All-in-One","TANGENT MEDIX 22B V20",""
"PC024076","HSS-8074727","2101KQ3","VIHA-CRG-Campbell River General Hospital-Main Building-1st Floor","Campbell River","Main Building","CR1403 - Ambassador Desk - Main Reception","1","VIHATRP20230529-017","06/30/2027","Operational","08/04/2026","","","General Rounding","COVID19 Ambassadors","NTT-Deskside Services-CampbellRiver-Staffed","Desktop","Dell OPTIPLEX 7000 MICRO V1",""
"PC090448","HSS-1048521","HMJQK44","VIHA-CRG-Campbell River General Hospital-Main Building-1st Floor","Campbell River","Main","CR1403 - Main Entrance Ambassador Desk","1","REQ1534024-RITM1618370-SCTASK2602992","12/31/2028","Operational","08/04/2026","","","General Rounding","CRG Perioperative Intervention","NTT-Deskside Services-CampbellRiver-Staffed","Desktop","Dell OptiPlex Micro Plus 7020 V1","installled  22Nov2024 RITM1618370"
"PC024191","HSS-8085587","GWH4X04","VIHA-CRG-Campbell River General Hospital-Main Building-1st Floor","Campbell River","Main Building","CR1404 - Front Lab Reception","1st Floor","VIHATRP20240415-051","05/31/2028","Operational","08/07/2026","","","Critical Clinical","Lab Pre-Analytics","NTT-Deskside Services-CampbellRiver-Staffed","Desktop","Dell OptiPlex Micro Plus 7010 V2",""
"C003173","C003173","63CAGYXF5J2","VIHA-CRG-Campbell River General Hospital-Main Building-1st Floor","Campbell River","Main Building","CR1405 LAB Outpatient Waiting Area Whiteboard - No","1","","","Operational","05/14/2026","847BEBEDA557 - swapped out on spec from","CR1405 LAB RECEPTION Whiteboard","General Rounding","Laboratory Reception","NTT-Deskside Services-CampbellRiver-Staffed","Thin Client","DELL 0H0C1T","Dell Wyse 5060 Thin Client Wireless"
"PC024078","HSS-8074766","G201KQ3","VIHA-CRG-Campbell River General Hospital-Main Building-1st Floor","Campbell River","Main Building","CR1410  Volunteer Resources Office - Key Lock","1","VIHATRP20230529-057","06/30/2027","Operational","05/14/2026","","","General Rounding","Volunteer Resources Office","NTT-Deskside Services-CampbellRiver-Staffed","Desktop","Dell OPTIPLEX 7000 MICRO V1",""
"WT860DNA01837","C005221","860DNA01837","VIHA-CRG-Campbell River General Hospital-Main Building-1st Floor","Campbell River","Main Building","CR1410 Volunteer Resources Office - Key Lock","1","","","Operational","05/14/2026","Deployed to CRG Volunteer services manag","","General Rounding","Voluntary Services","NTT-Deskside Services-CampbellRiver-Staffed","Thin Client","Dell WYSE 5010 THIN CLIENT","WYSE D10D"
"PC025573","HSS-8097458","MZ034L7M","VIHA-CRG-Campbell River General Hospital-Main Building-Basement 1","Campbell River","Main Building","CR1411","1","ISLHTRP20260202-038","03/31/2030","Operational","07/10/2026","","","General Rounding","Foundation Office","NTT-Deskside Services-CampbellRiver-Staffed","Desktop","LENOVO M90q Gen 5 Desktop 512HD",""
"PC034905","HSS-8091051","1BFQK44","VIHA-CRG-Campbell River General Hospital-Main Building-1st Floor","Campbell River","Main Building","CR1411","1st Floor","VIHATRP20241104-010","12/31/2028","Operational","07/10/2026","","","General Rounding","Hospital Foundation","NTT-Deskside Services-CampbellRiver-Staffed","Desktop","Dell OptiPlex Micro Plus 7020 V1","LENOVO THINKCENTRE M910q i5-7500T 2.5GHZ"
"PC044209","HSS-8074768","5301KQ3","VIHA-CRG-Campbell River General Hospital-Main Building-1st Floor","Campbell River","Main Building","CR1411  Hospital Foundation - Key Lock","1","VIHATRP20230529-059","06/30/2027","Operational","07/10/2026","","Foundation Office","General Rounding","Lab Pre-Analytics","NTT-Deskside Services-CampbellRiver-Staffed","Desktop","Dell OPTIPLEX 7000 MICRO V1","LENOVO THNKCNT M920q i5-8500 2.1GHz 8GB"
"PC034904","HSS-8085573","HB94X04","VIHA-CRG-Campbell River General Hospital-Main Building-1st Floor","Campbell River","Main Building","CR1411/CR1412 ?Hospital Foundation","1st Floor","VIHATRP20240415-035","05/31/2028","Operational","07/10/2026","","","General Rounding","Hospital Foundation","NTT-Deskside Services-CampbellRiver-Staffed","Desktop","Dell OptiPlex Micro Plus 7010 V2","LENOVO THINKCENTRE M910q i5-7500T 2.5GHZ"
"LD024267","HSS-8096983","PF5S1SYZ","VIHA-CRG-Campbell River General Hospital-Main Building-1st Floor","Campbell River","CRG","CR1412","1","ISLHTRP20260105-050","01/31/2030","Operational","07/10/2026","","","General Rounding","Foundation Office","NTT-Deskside Services-CampbellRiver-Staffed","Laptop","LENOVO THINKPAD T14",""
"PC024084","HSS-8068900","8ZFQQN3","VIHA-CRG-Campbell River General Hospital-Main Building-1st Floor","Campbell River","Main Building","CR1430","1","VIHATRP20221121-024","01/31/2027","Operational","08/07/2026","","","Critical Clinical","Admitting","NTT-Deskside Services-CampbellRiver-Staffed","Desktop","Dell OPTIPLEX 7000 MICRO V1",""
"PC024081","HSS-8099466","MZ03FQ8T","VIHA-CRG-Campbell River General Hospital-Main Building-1st Floor","Campbell River","Main Building","CR1430","1st","ISLHTRP20260706-073","","Operational","08/07/2026","","","Critical Clinical","Registration - Main Admitting","NTT-Deskside Services-CampbellRiver-Staffed","Desktop","LENOVO THINKCENTRE M90Q GEN6","DTPI"
"PC025620","HSS-8085595","4F94X04","VIHA-CRG-Campbell River General Hospital-Main Building-1st Floor","Campbell River","Main Building","CR1430  CRG_REG CRG_CRITICAL","1","VIHATRP20240415-059","05/31/2028","Operational","08/07/2026","","","Critical Clinical","Medical Imag Clerical Adm","NTT-Deskside Services-CampbellRiver-Staffed","Desktop","Dell OptiPlex Micro Plus 7010 V2",""
"PC024083","HSS-8064817","H4S2XP3","VIHA-CRG-Campbell River General Hospital-Main Building-1st Floor","Campbell River","Main Building","CR1430 CRG724 CRG_CRITICAL","1","VIHATRP20220711-018","11/30/2026","Operational","08/07/2026","","","Critical Clinical","Medical Imag Clerical Adm","NTT-Deskside Services-CampbellRiver-Staffed","Desktop","Dell OPTIPLEX 7000 MICRO V1",""
"PC024079","HSS-8072899","8DH3KQ3","VIHA-CRG-Campbell River General Hospital-Main Building-1st Floor","Campbell River","Main Building","CR1430 CRG_REG CRG724 ?CRG_CRITICAL","1","VIHATRP20230313-037","05/31/2027","Operational","08/07/2026","Please NOTE that the following software applications are incompatible with the Cerner 724 Downtime application:
-Downtime Patient Index (DTPI)
-Dragon Medical One Extensions (DMO)
-Imprivata OneSign Software/Card Reader (Tap In/Out)
-Inteleviewer (Medical Imaging)

If the software is requested to be installed, the Incident or Request should be assigned to the ""VIHA-Client Experience"" assignment group so the request can be evaluated.","","Critical Clinical","Admitting","NTT-Deskside Services-CampbellRiver-Staffed","Desktop","Dell OPTIPLEX 7000 MICRO V1",""
"PC024039","HSS-8087482","C3S0724","VIHA-CRG-Campbell River General Hospital-Main Building-1st Floor","Campbell River","Main Building","CR1430 CRG_REG CRG_CRITICAL","1st Floor","VIHATRP20240610-044","07/31/2028","Operational","08/07/2026","","","Critical Clinical","CRG Perioperative Intervention","NTT-Deskside Services-CampbellRiver-Staffed","Desktop","Dell OptiPlex Micro Plus 7010 V2",""
"PC024088","HSS-8091047","JSS4144","VIHA-CRG-Campbell River General Hospital-Main Building-1st Floor","Campbell River","Main Building","CR1431  CRG_REG  CRG_CRITICAL","1","VIHATRP20241104-006","12/31/2028","Operational","08/07/2026","","","Critical Clinical","North Island Laboratory-CRG","NTT-Deskside Services-CampbellRiver-Staffed","Desktop","Dell OptiPlex Micro Plus 7020 V1",""
"PC024086","HSS-8090179","8JX4L44","VIHA-CRG-Campbell River General Hospital-Main Building-1st Floor","Campbell River","Main Building","CR1431  CRG_REG  CRG_CRITICAL","1st Floor","VIHATRP20240930-014","11/30/2028","Operational","08/07/2026","","","Critical Clinical","North Island Laboratory-CRG","NTT-Deskside Services-CampbellRiver-Staffed","Desktop","Dell OptiPlex Micro Plus 7020 V1",""
"PC024087","HSS-8090186","8NX4L44","VIHA-CRG-Campbell River General Hospital-Main Building-1st Floor","Campbell River","Main Building","CR1431 CRG_REG  CRG_CRITICAL","1st Floor","VIHATRP20240930-021","11/30/2028","Operational","08/07/2026","","","Critical Clinical","North Island Laboratory-CRG","NTT-Deskside Services-CampbellRiver-Staffed","Desktop","Dell OptiPlex Micro Plus 7020 V1",""
"LD024487","HSS-8093772","33VZFW3","VIHA-CRG-Campbell River General Hospital-Main Building-1st Floor","Campbell River","Main Building","CR1432","1st Floor","ISLHTRP20250609-021","03/31/2029","Operational","05/14/2026","","","General Rounding","Respiratory Therapy Servic","NTT-Deskside Services-CampbellRiver-Staffed","Laptop","Dell LATITUDE 7450 V4",""
"LD056000","HSS-8092777","F7JSFW3","VIHA-CRG-Campbell River General Hospital-Main Building-1st Floor","Campbell River","CRG","CR1433","1","VIHATRP20250331-011","03/31/2029","Operational","05/14/2026","","","General Rounding","Health Records","NTT-Deskside Services-CampbellRiver-Staffed","Laptop","Dell LATITUDE 7450 V4",""
"LD056002","HSS-8092151","D1B4WH3","VIHA-CRG-Campbell River General Hospital-Main Building-1st Floor","Campbell River","Main Building","CR1433","1","VIHATRP20250127-058","12/31/2028","Operational","05/14/2026","","","General Rounding","Clinical Information Svrc","NTT-Deskside Services-CampbellRiver-Staffed","Laptop","Dell LATITUDE 7450 V4",""
"LD056001","HSS-8092491","B1W1WH3","VIHA-CRG-Campbell River General Hospital-Main Building-1st Floor","Campbell River","CRG","CR1433","1","VIHATRP20250310-042","12/31/2028","Operational","05/14/2026","","This is Michele Leard's work from home bundle.
Her office is CR1433 at CRG.","General Rounding","Health Record behind Patient Registration","NTT-Deskside Services-CampbellRiver-Staffed","Laptop","Dell LATITUDE 7450 V4",""
"C003140","C003140","63CAGYYG5J2","VIHA-CRG-Campbell River General Hospital-Main Building-1st Floor","Campbell River","Main Building","CR1433  - Whiteboard","1","","","Operational","05/14/2026","847BEBEDA5D6 - CRREGCCM","","General Rounding","Health Records","NTT-Deskside Services-CampbellRiver-Staffed","Thin Client","DELL 0H0C1T","Dell Wyse 5060 Thin Client Wireless"
"LD066710","HSS-8093008","4WZHX64","VIHA-CRG-Campbell River General Hospital-Main Building-1st Floor","Campbell River","Main Building","CR1433 - health records","1st Floor","ISLHTRP20250414-011","03/31/2029","Operational","05/14/2026","","","General Rounding","Clinical Information Svrc","NTT-Deskside Services-CampbellRiver-Staffed","Laptop","Dell LATITUDE 7450 V4",""
"PC025579","HSS-8023049","MJ0BZBAQ","VIHA-CRG-Campbell River General Hospital-Main Building-1st Floor","Campbell River","Main Building","CR1441 - not found; not online.","1","VIHATRP20210719-013","01/31/2024","Operational","05/14/2026","","","General Rounding","Admitting","NTT-Deskside Services-CampbellRiver-Staffed","Desktop","LENOVO THINKCENTRE M920Q V1",""
"PC025580","HSS-8064818","7FY4XP3","VIHA-CRG-Campbell River General Hospital-Main Building-1st Floor","Campbell River","Main Building","CR1443","1","VIHATRP20220711-019","11/30/2026","Operational","01/14/2026","","","General Rounding","Lab Pre-Analytics","NTT-Deskside Services-CampbellRiver-Staffed","Desktop","Dell OPTIPLEX 7000 MICRO V1",""
"PC025581","HSS-8090196","3VT2L44","VIHA-CRG-Campbell River General Hospital-Main Building-1st Floor","Campbell River","Main Building","CR1447","1st Floor","VIHATRP20240930-031","11/30/2028","Operational","05/14/2026","","","General Rounding","North Island Laboratory-CRG","NTT-Deskside Services-CampbellRiver-Staffed","Desktop","Dell OptiPlex Micro Plus 7020 V1",""
"PC025582","HSS-8090199","BJX4L44","VIHA-CRG-Campbell River General Hospital-Main Building-1st Floor","Campbell River","Main Building","CR1463","1st Floor","VIHATRP20240930-034","11/30/2028","Operational","01/14/2026","","","General Rounding","North Island Laboratory-CRG","NTT-Deskside Services-CampbellRiver-Staffed","Desktop","Dell OptiPlex Micro Plus 7020 V1",""
"PC024089","HSS-8099488","MZ03FQ4R","VIHA-CRG-Campbell River General Hospital-Main Building-1st Floor","Campbell River","Main Building","CR1465","","ISLHTRP20260706-095","07/31/2030","Operational","","","","General Rounding","Outpatient Lab","NTT-Deskside Services-CampbellRiver-Staffed","Desktop","LENOVO THINKCENTRE M90Q GEN6",""
"PC025583","HSS-8090185","1LX4L44","VIHA-CRG-Campbell River General Hospital-Main Building-1st Floor","Campbell River","Main Building","CR1466","1st Floor","VIHATRP20240930-020","11/30/2028","Operational","05/14/2026","","","General Rounding","North Island Laboratory-CRG","NTT-Deskside Services-CampbellRiver-Staffed","Desktop","Dell OptiPlex Micro Plus 7020 V1",""
"PC067173","HSS-8085599","2464X04","VIHA-CRG-Campbell River General Hospital-Main Building-1st Floor","Campbell River","Main Building","CR1472","1st Floor","VIHATRP20240415-063","05/31/2028","Operational","05/21/2026","","","General Rounding","Admitting","NTT-Deskside Services-CampbellRiver-Staffed","Desktop","Dell OptiPlex Micro Plus 7010 V2",""
"LD048259","HSS-8092385","9GH4WH3","VIHA-CRG-Campbell River General Hospital-Main Building-1st Floor","Campbell River","Main Building","CR1472","1st Floor","VIHATRP20250303-006","12/31/2028","Operational","05/21/2026","","","General Rounding","HIM Registration","NTT-Deskside Services-CampbellRiver-Staffed","Laptop","Dell LATITUDE 7450 V4",""
"LD066658","HSS-8090176","CG6TQW3","VIHA-CRG-Campbell River General Hospital-Main Building-1st Floor","Campbell River","Main Building","CR1473 - key lock","1","VIHATRP20240930-008","11/30/2028","Operational","05/14/2026","","","General Rounding","HIM Registration","NTT-Deskside Services-CampbellRiver-Staffed","Laptop","Dell LATITUDE 7440 V7",""
"LD024258","HSS-8097461","PF5X6JCW","VIHA-CRG-Campbell River General Hospital-Main Building-1st Floor","Campbell River","CRG","CR1481 - key lock","1","ISLHTRP20260202-041","03/31/2030","Operational","05/11/2026","","","General Rounding","Social Worker","NTT-Deskside Services-CampbellRiver-Staffed","Laptop","LENOVO THINKPAD T14 GEN6",""
"LD030717","HSS-8099477","SD0061N3","VIHA-CRG-Campbell River General Hospital-Main Building-1st Floor","Campbell River","Main Building","CR1481 - Key Lock","1","ISLHTRP20260706-084","07/31/2030","Operational","","","","General Rounding","Social Work","NTT-Deskside Services-CampbellRiver-Staffed","Laptop","LENOVO THINKPAD T14 GEN6 NT FPR 2x1",""
"LD065157","HSS-8097465","PF5WXDZ5","VIHA-CRG-Campbell River General Hospital-Main Building-1st Floor","Campbell River","Main Building","CR1481 - key lock","1","ISLHTRP20260202-045","03/31/2030","Operational","05/11/2026","","","General Rounding","Social Work","NTT-Deskside Services-CampbellRiver-Staffed","Laptop","LENOVO THINKPAD T14 GEN6",""
"PC024090","HSS-8090187","6MX4L44","VIHA-CRG-Campbell River General Hospital-Main Building-1st Floor","Campbell River","Main Building","CR1500  CRG724  CRG_CRITICAL","1st Floor","VIHATRP20240930-022","11/30/2028","Operational","08/07/2026","","","Critical Clinical","HIM Registration","NTT-Deskside Services-CampbellRiver-Staffed","Desktop","Dell OptiPlex Micro Plus 7020 V1",""
"PC024091","HSS-8085567","D264X04","VIHA-CRG-Campbell River General Hospital-Main Building-1st Floor","Campbell River","Main Building","CR1500  CRG724  CRG_CRITICAL","1st Floor","VIHATRP20240415-028","05/31/2028","Operational","08/07/2026","Please NOTE that the following software applications are incompatible with the Cerner 724 Downtime application:
-Downtime Patient Index (DTPI)
-Dragon Medical One Extensions (DMO)
-Imprivata OneSign Software/Card Reader (Tap In/Out)
-Inteleviewer (Medical Imaging)

If the software is requested to be installed, the Incident or Request should be assigned to the ""VIHA-Client Experience"" assignment group so the request can be evaluated.","","Critical Clinical","Wellness Reg Desk","NTT-Deskside Services-CampbellRiver-Staffed","Desktop","Dell OptiPlex Micro Plus 7010 V2",""
"PC025586","HSS-8085572","2C94X04","VIHA-CRG-Campbell River General Hospital-Main Building-1st Floor","Campbell River","Main Building","CR1500  CRG_CRITICAL","1st Floor","VIHATRP20240415-022","05/31/2028","Operational","08/07/2026","","","Critical Clinical","Wellness Reg Desk","NTT-Deskside Services-CampbellRiver-Staffed","Desktop","Dell OptiPlex Micro Plus 7010 V2",""
"AO800139","HSS-8096130","C25123M172","VIHA-CRG-Campbell River General Hospital-Main Building-1st Floor","Campbell River","Main Building","CR1502 - Group Room1","1st Floor","ISLHTRP100625-008","09/30/2029","Operational","05/07/2026","","","Mobile Cart","Aboriginal Health","NTT-Deskside Services-CampbellRiver-Staffed","All-in-One","TANGENT MEDIX 22B V20",""
"LD108274","HSS-8083298","76HQDY3","VIHA-CRG-Campbell River General Hospital-Main Building-1st Floor","Campbell River","Main Building","CR1504","1","REQ2247920-RITM2375295-SCTASK3815393","03/31/2028","Operational","","Deployed at CR1504 - RITM2375295 - Aug.24, 2026","","General Rounding","Aboriginal Health","NTT-Deskside Services-CampbellRiver-Staffed","Laptop","DELL LATITUDE 7440 V5",""
"LD068445","HSS-1047808","CBXHVW3","VIHA-CRG-Campbell River General Hospital-Main Building-1st Floor","Campbell River","Main Building","CR1504  Key Lock","1","REQ1446780-RITM1526214-SCTASK2456266","10/31/2028","Operational","05/07/2026","","","General Rounding","Aboriginal Health","NTT-Deskside Services-CampbellRiver-Staffed","Laptop","Dell LATITUDE 7440 V7",""
"LD059726","HSS-1030935","J80M5G3","VIHA-CRG-Campbell River General Hospital-Main Building-1st Floor","Campbell River","Main Building","CR1504 - key lock","1","REQ0419695-RITM0440106-SCTASK0682035","02/28/2026","Operational","05/07/2026","","","General Rounding","Aboriginal Health","NTT-Deskside Services-CampbellRiver-Staffed","Laptop","Dell LATITUDE 7420 V3",""
"LD024271","HSS-8093208","75VHX64","VIHA-CRG-Campbell River General Hospital-Main Building-1st Floor","Campbell River","Main Building","CR1505 CR1506 - Key Lock","1st Floor","ISLHTRP20250428-052","03/31/2029","Operational","05/07/2026","","","General Rounding","Strathcona Indig Hlth Programs","NTT-Deskside Services-CampbellRiver-Staffed","Laptop","Dell LATITUDE 7450 V4",""
"LD068444","HSS-1047807","C38JVW3","VIHA-CRG-Campbell River General Hospital-Main Building-1st Floor","Campbell River","Main Building","CR1506  Key Lock","1","REQ1446690-RITM1526123-SCTASK2456254","10/31/2028","Operational","05/07/2026","","","General Rounding","Aboriginal Health","NTT-Deskside Services-CampbellRiver-Staffed","Laptop","Dell LATITUDE 7440 V7",""
"LD064317","HSS-1044165","B201GY3","VIHA-CRG-Campbell River General Hospital-Main Building-1st Floor","Campbell River","Main Building","CR1506 - key lock","1","REQ1103679-RITM1161571-SCTASK1859879","11/30/2027","Operational","05/07/2026","","","General Rounding","Indigenous Health","NTT-Deskside Services-CampbellRiver-Staffed","Laptop","DELL LATITUDE 7440 V2",""
"LD064319","HSS-1044166","4LMLBZ3","VIHA-CRG-Campbell River General Hospital-Main Building-1st Floor","Campbell River","Main Building","CR1506 - key lock","1","REQ1103674-RITM1161566-SCTASK1859882","11/30/2027","Operational","05/07/2026","","","General Rounding","Indigenous Health","NTT-Deskside Services-CampbellRiver-Staffed","Laptop","DELL LATITUDE 7440 V2",""
"PC025587","HSS-8074737","BXW0KQ3","VIHA-CRG-Campbell River General Hospital-Main Building-1st Floor","Campbell River","Main Building","CR1506 - Key Lock - NOT FOUND","1","VIHATRP20230529-027","06/30/2027","Operational","07/24/2026","RITM1954449 Network has been scanned and this device has not been online for more than 180 days and is now considered lost and should be deactivated. 

Note: Found in room CRG CR1507 24July2026
","","General Rounding","Spiritual Health Prog","NTT-Deskside Services-CampbellRiver-Staffed","Desktop","Dell OPTIPLEX 7000 MICRO V1",""
"LD024273","HSS-8099487","SD006BJF","VIHA-CRG-Campbell River General Hospital-Main Building-1st Floor","Campbell River","Main Building","CR1508 - key lock","1","ISLHTRP20260706-094","07/31/2030","Operational","","","","General Rounding","Stroke Prevention Clinic","NTT-Deskside Services-CampbellRiver-Staffed","Laptop","LENOVO THINKPAD T14 GEN6 NT FPR 2x1",""
"LD101199","HSS-1044841","CFR1SV3","VIHA-CRG-Campbell River General Hospital-Main Building-1st Floor","Campbell River","Main Building","CR1511","1","REQ1156350-RITM1217519-SCTASK1959315","01/31/2028","Operational","","","LD101199 is not in CRG.
It is located in Cedar Street Medical Clinic - 1210 Cedar st. Campbell River.
Suggest CR Dogwood WFH","Excluded","NA","NTT-Deskside Services-CampbellRiver-Staffed","Laptop","DELL LATITUDE 7440 V2",""
"PC026316","HSS-8085589","1RH4X04","VIHA-CRG-Campbell River General Hospital-Main Building-1st Floor","Campbell River","Main Building","CR1511 - key lock","1st Floor","VIHATRP20240415-053","05/31/2028","Operational","05/07/2026","","","General Rounding","Cancer Clinic","NTT-Deskside Services-CampbellRiver-Staffed","Desktop","Dell OptiPlex Micro Plus 7010 V2",""
"LD024274","HSS-8096486","PF5SCJ3V","VIHA-CRG-Campbell River General Hospital-Main Building-1st Floor","Campbell River","Main Building","CR1511 - key lock","1st Floor","ISLHTRP20251117-014","01/31/2030","Operational","05/07/2026","","","General Rounding","Wellness Centre","NTT-Deskside Services-CampbellRiver-Staffed","Laptop","LENOVO THINKPAD T14",""
"PC029011","HSS-8085579","2G94X04","VIHA-CRG-Campbell River General Hospital-Main Building-1st Floor","Campbell River","Main Building","CR1512 - keyloack","1","VIHATRP20240415-042","05/31/2028","Operational","05/07/2026","","","General Rounding","Kidney Care Clinic","NTT-Deskside Services-CampbellRiver-Staffed","Desktop","Dell OptiPlex Micro Plus 7010 V2",""
"PC057608","HSS-8085585","6564X04","VIHA-CRG-Campbell River General Hospital-Main Building-1st Floor","Campbell River","Main Building","CR1513 - Key Lock","1st Floor","VIHATRP20240415-049","05/31/2028","Operational","05/07/2026","","","General Rounding","Kidney Care Clinic","NTT-Deskside Services-CampbellRiver-Staffed","Desktop","Dell OptiPlex Micro Plus 7010 V2","LENOVO THINKCENTRE M910q i5-7500T 2.5GHZ
RTS 24Apr2024 RITM1369112"
"LD044035","HSS-8090177","HVVSQW3","VIHA-CRG-Campbell River General Hospital-Main Building-1st Floor","Campbell River","Main Building","CR1513 - WFH","1st Floor","VIHATRP20240930-009","11/30/2028","Operational","","","","Excluded","Pharmacy Clinical Services","NTT-Deskside Services-CampbellRiver-Staffed","Laptop","Dell LATITUDE 7440 V7",""
"PC025552","HSS-8085569","9PD4X04","VIHA-CRG-Campbell River General Hospital-Main Building-1st Floor","Campbell River","Main Building","CR1514  Key Lock","1st Floor","VIHATRP20240415-027","05/31/2028","Operational","05/07/2026","","","General Rounding","Hip & Knee Centre","NTT-Deskside Services-CampbellRiver-Staffed","Desktop","Dell OptiPlex Micro Plus 7010 V2",""
"AO800043","HSS-8096134","C25207M216","VIHA-CRG-Campbell River General Hospital-Main Building-1st Floor","Campbell River","Main Building","CR1515 - key lock","1st Floor","ISLHTRP100625-012","09/30/2029","Operational","05/07/2026","","","Mobile Cart","Diabetes/Nutrition Admin","NTT-Deskside Services-CampbellRiver-Staffed","All-in-One","TANGENT MEDIX 22B V20",""
"AO1000087","HSS-8097291","C25318M112","VIHA-CRG-Campbell River General Hospital-Main Building-1st Floor","Campbell River","Main Building","CR1516","1","ISLHTRP20260126-080","01/31/2030","Operational","08/24/2026","","","Mobile Cart","Wellness center","NTT-Deskside Services-CampbellRiver-Staffed","All-in-One","TANGENT MEDIX 22B V20",""
"AO400574","HSS-8095991","C25122M019","VIHA-CRG-Campbell River General Hospital-Main Building-1st Floor","Campbell River","Main Building","CR1517 - Key Lock","1","ISLHTRP20250929-021","05/31/2029","Operational","08/24/2026","","","Mobile Cart","Wellness Centre","NTT-Deskside Services-CampbellRiver-Staffed","All-in-One","TANGENT MEDIX 22B V20",""
"PC025588","HSS-8087485","97Z0724","VIHA-CRG-Campbell River General Hospital-Main Building-1st Floor","Campbell River","Main Building","CR1518  Key Lock","1st Floor","VIHATRP20240610-047","07/31/2028","Operational","05/07/2026","","","General Rounding","Home and Community Care CR","NTT-Deskside Services-CampbellRiver-Staffed","Desktop","Dell OptiPlex Micro Plus 7010 V2",""
"AO800092","HSS-8096131","C25123M161","VIHA-CRG-Campbell River General Hospital-Main Building-1st Floor","Campbell River","Main Building","CR1519 - Key Lock","1","ISLHTRP100625-009","09/30/2029","Operational","08/24/2026","","","Mobile Cart","Wellness Centre","NTT-Deskside Services-CampbellRiver-Staffed","All-in-One","TANGENT MEDIX 22B V20",""
"LD066446","HSS-8085586","BT81DW3","VIHA-CRG-Campbell River General Hospital-Main Building-1st Floor","Campbell River","Main Building","CR1519 - Key Lock","1","VIHATRP20240415-050","05/31/2028","Operational","08/24/2026","","","General Rounding","NI Kidney Care Clinic","NTT-Deskside Services-CampbellRiver-Staffed","Laptop","Dell LATITUDE 7440 V7",""
"PC024022","HSS-8085570","H994X04","VIHA-CRG-Campbell River General Hospital-Main Building-1st Floor","Campbell River","Main Building","CR1520","1st Floor","VIHATRP20240415-029","05/31/2028","Operational","05/07/2026","","","General Rounding","Admitting","NTT-Deskside Services-CampbellRiver-Staffed","Desktop","Dell OptiPlex Micro Plus 7010 V2",""
"LD081073","HSS-1048048","J48JVW3","VIHA-CRG-Campbell River General Hospital-Main Building-1st Floor","Campbell River","main building","CR1522","1","REQ1458746-RITM1538921-SCTASK2486032","10/31/2028","Operational","08/24/2026","","","General Rounding","Wellness Centre","NTT-Deskside Services-CampbellRiver-Staffed","Laptop","Dell LATITUDE 7440 V7","Deployed 20Sept2024 RITM1538921 "
"LD024493","HSS-8096771","PF5XAHLE","VIHA-CRG-Campbell River General Hospital-Main Building-1st Floor","Campbell River","Main Building","CR1522","1","ISLHTRP20251208-040","01/31/2030","Operational","08/24/2026","","","General Rounding","Wellness Centre","NTT-Deskside Services-CampbellRiver-Staffed","Laptop","LENOVO THINKPAD T14 GEN6",""
"LD024494","HSS-8093925","FJSTFW3","VIHA-CRG-Campbell River General Hospital-Main Building-1st Floor","Campbell River","Main Building","CR1522","1","ISLHTRP20250616-063","03/31/2029","Operational","08/24/2026","","","General Rounding","Wellness Centre","NTT-Deskside Services-CampbellRiver-Staffed","Laptop","Dell LATITUDE 7450 V4",""
"LD024492","HSS-8098639","PF620L9S","VIHA-CRG-Campbell River General Hospital-Main Building-1st Floor","Campbell River","Main Building","CR1522","1","ISLHTRP20260518-056","06/30/2030","Operational","08/24/2026","","","General Rounding","Wellness Centre","NTT-Deskside Services-CampbellRiver-Staffed","Laptop","LENOVO THINKPAD T14 GEN6 NT FPR 2x1",""
"PC025590","HSS-8091376","H6BQK44","VIHA-CRG-Campbell River General Hospital-Main Building-1st Floor","Campbell River","Main Building","CR1523 - Med Rm - Card Swipe","1st Floor","VIHATRP20241125-030","01/31/2029","Operational","08/24/2026","","","General Rounding","Comox Valley/CR MHSU","NTT-Deskside Services-CampbellRiver-Staffed","Desktop","Dell OptiPlex Micro Plus 7020 V1",""
"PC024023","HSS-8066624","17D5XP3","VIHA-CRG-Campbell River General Hospital-Main Building-1st Floor","Campbell River","Main Building","CR1531 - key lock","1","VIHATRP20220919-072","01/31/2027","Operational","05/07/2026","","","General Rounding","Wellness Centre","NTT-Deskside Services-CampbellRiver-Staffed","Desktop","Dell OPTIPLEX 7000 MICRO V1",""
"PC024172","HSS-8064821","FHV4XP3","VIHA-CRG-Campbell River General Hospital-Main Building-1st Floor","Campbell River","Main Building","CR1532 - keylock","1","VIHATRP20220711-022","11/30/2026","Operational","05/07/2026","","","General Rounding","Wellness Centre","NTT-Deskside Services-CampbellRiver-Staffed","Desktop","Dell OPTIPLEX 7000 MICRO V1",""
"LD024278","HSS-8096484","PF5SSLD9","VIHA-CRG-Campbell River General Hospital-Main Building-1st Floor","Campbell River","Main Building","CR1534 - key lock","1st Floor","ISLHTRP20251117-012","01/31/2030","Operational","05/07/2026","","","General Rounding","CYF Hlth Admin","NTT-Deskside Services-CampbellRiver-Staffed","Laptop","LENOVO THINKPAD T14",""
"AO800118","HSS-8096436","C25318M224","VIHA-CRG-Campbell River General Hospital-Main Building-1st Floor","Campbell River","Main Building","CR1535 - key lock","1","ISLHTRP20251103-052","12/31/2029","Operational","05/07/2026","","","Mobile Cart","Wellness Centre","NTT-Deskside Services-CampbellRiver-Staffed","All-in-One","TANGENT MEDIX 22B V20",""
"PC024166","HSS-8091863","CNJQK44","VIHA-CRG-Campbell River General Hospital-Main Building-1st Floor","Campbell River","Main Building","CR1536 - key lock","1st Floor","VIHATRP20250113-039","01/31/2029","Operational","05/07/2026","","","General Rounding","Comox Valley/CR MHSU","NTT-Deskside Services-CampbellRiver-Staffed","Desktop","Dell OptiPlex Micro Plus 7020 V1",""
"PC1000224","HSS-8097836","MZ034L7F","VIHA-CRG-Campbell River General Hospital-Main Building-1st Floor","Campbell River","CRG","CR1542","1","ISLHTRP20260302-022","04/30/2030","Operational","05/07/2026","","","General Rounding","Heart Function Clinic (Wellness centre)","NTT-Deskside Services-CampbellRiver-Staffed","Desktop","LENOVO M90q Gen 5 Desktop 512HD",""
"LD024275","HSS-8097483","PF5WPHHX","VIHA-CRG-Campbell River General Hospital-Main Building-1st Floor","Campbell River","Main Building","CR1542","1","ISLHTRP20260202-078","03/31/2030","Operational","05/07/2026","","","General Rounding","Wellness Centre","NTT-Deskside Services-CampbellRiver-Staffed","Laptop","LENOVO THINKPAD T14 GEN6",""
"LD024499","HSS-8094713","BMYQ774","VIHA-CRG-Campbell River General Hospital-Main Building-1st Floor","Campbell River","Main Building","CR1542 - Admin Support Collab Centre - Primary use","10th Floor","ISLHTRP20250804-011","07/31/2029","Operational","05/07/2026","","","General Rounding","Lab Administration","NTT-Deskside Services-CampbellRiver-Staffed","Laptop","Dell LATITUDE 7450 V4",""
"LD024497","HSS-8094546","4W5MR54","VIHA-CRG-Campbell River General Hospital-Main Building-1st Floor","Campbell River","Main Building","CR1542 - Admin Support Collaboration Centre","1st Floor","ISLHTRP20250721-058","03/31/2029","Operational","05/07/2026","","","General Rounding","CR Health and Wellness","NTT-Deskside Services-CampbellRiver-Staffed","Laptop","Dell LATITUDE 7450 V4",""
"PC025585","HSS-8085565","1G94X04","VIHA-CRG-Campbell River General Hospital-Main Building-1st Floor","Campbell River","Main Building","CR1542 - Admin Support Collaboration Centre","1st Floor","VIHATRP20240415-034","05/31/2028","Operational","05/07/2026","","","General Rounding","Diabetes Education Program","NTT-Deskside Services-CampbellRiver-Staffed","Desktop","Dell OptiPlex Micro Plus 7010 V2",""
"LD024501","HSS-8096485","PF5SV1E0","VIHA-CRG-Campbell River General Hospital-Main Building-1st Floor","Campbell River","Main Building","CR1542 - Admin Support Collaboration Centre","1st Floor","ISLHTRP20251117-013","01/31/2030","Operational","05/07/2026","","","General Rounding","Patient Care Quality Off","NTT-Deskside Services-CampbellRiver-Staffed","Laptop","LENOVO THINKPAD T14",""
"PC024215","HSS-8090191","4WT2L44","VIHA-CRG-Campbell River General Hospital-Main Building-1st Floor","Campbell River","Main Building","CR1551  Key Lock","1st Floor","VIHATRP20240930-026","11/30/2028","Operational","05/07/2026","","","General Rounding","Virtual Care","NTT-Deskside Services-CampbellRiver-Staffed","Desktop","Dell OptiPlex Micro Plus 7020 V1",""
"PC025691","HSS-8085588","1ZL4X04","VIHA-CRG-Campbell River General Hospital-Main Building-1st Floor","Campbell River","Main Building","CR1552 - key lock","1","VIHATRP20240415-052","05/31/2028","Operational","05/07/2026","","","General Rounding","Heart Function","NTT-Deskside Services-CampbellRiver-Staffed","Desktop","Dell OptiPlex Micro Plus 7010 V2",""
"AO800052","HSS-8098649","C25929M041","VIHA-CRG-Campbell River General Hospital-Main Building-1st Floor","Campbell River","Main Building","CR1553 - Exam Room 17 - Key Lock","1","ISLHTRP20260518-066","03/31/2030","Operational","","","","Mobile Cart","Wellness Centre","NTT-Deskside Services-CampbellRiver-Staffed","All-in-One","TANGENT MEDIX 22B V19",""
"PC085219","HSS-1044789","JBTLPR3","VIHA-CRG-Campbell River General Hospital-Main Building-1st Floor","Campbell River","Main Building","CR1555 - key lock","1","REQ1155261-RITM1216362-SCTASK1950222","05/31/2027","Operational","05/07/2026","","","General Rounding","Wellness Centre","NTT-Deskside Services-CampbellRiver-Staffed","Desktop","Dell OPTIPLEX 7000 MICRO V1",""
"LD065440","HSS-8064822","DC15NN3","VIHA-CRG-Campbell River General Hospital-Main Building-1st Floor","Campbell River","Main Building","CR1556 - key lock","1","VIHATRP20220711-023","11/30/2026","Operational","05/07/2026","","","General Rounding","Wellness Centre","NTT-Deskside Services-CampbellRiver-Staffed","Laptop","Dell LATITUDE 7420 V3",""
"AO800138","HSS-8096434","C25318M228","VIHA-CRG-Campbell River General Hospital-Main Building-1st Floor","Campbell River","Main Building","CR1557 CR1500","1","ISLHTRP20251103-050","12/31/2029","Operational","07/06/2026","","","Mobile Cart","Clinical Nutrition","NTT-Deskside Services-CampbellRiver-Staffed","All-in-One","TANGENT MEDIX 22B V20",""
"PC026317","HSS-8085592","DD94X04","VIHA-CRG-Campbell River General Hospital-Main Building-1st Floor","Campbell River","Main Building","CR1557- key lock","1st Floor","VIHATRP20240415-056","05/31/2028","Operational","05/07/2026","","","General Rounding","Hip & Knee Centre","NTT-Deskside Services-CampbellRiver-Staffed","Desktop","Dell OptiPlex Micro Plus 7010 V2",""
"AO800021","HSS-8095985","C24223M107","VIHA-CRG-Campbell River General Hospital-Main Building-1st Floor","Campbell River","Main Building","CR1558 - key lock","1st Floor","ISLHTRP20250929-015","11/30/2029","Operational","05/07/2026","","","Mobile Cart","Wellness","NTT-Deskside Services-CampbellRiver-Staffed","All-in-One","TANGENT MEDIX 22B V9",""
"LD086207","HSS-1047132","FQ6VCW3","VIHA-CRG-Campbell River General Hospital-Main Building-1st Floor","Campbell River","Main Building","CR1559  - Key Lock","1","REQ1361620-RITM1436202-SCTASK2305249","07/31/2028","Operational","05/07/2026","","","General Rounding","Wellness Centre","NTT-Deskside Services-CampbellRiver-Staffed","Laptop","Dell LATITUDE 7440 V7",""
"LD058922","HSS-8093776","JRHZFW3","VIHA-CRG-Campbell River General Hospital-Main Building-1st Floor","Campbell River","Main Building","CR1559 - key lock","1st Floor","ISLHTRP20250609-025","03/31/2029","Operational","05/07/2026","","","General Rounding","Heart Function","NTT-Deskside Services-CampbellRiver-Staffed","Laptop","Dell LATITUDE 7450 V4",""
"PC026318","HSS-8085597","G464X04","VIHA-CRG-Campbell River General Hospital-Main Building-1st Floor","Campbell River","Main Building","CR1559 - key lock","1","VIHATRP20240415-061","05/31/2028","Operational","05/07/2026","","","General Rounding","Heart Function","NTT-Deskside Services-CampbellRiver-Staffed","Desktop","Dell OptiPlex Micro Plus 7010 V2",""
"LD081320","HSS-1049611","22B4WH3","VIHA-CRG-Campbell River General Hospital-Main Building-1st Floor","Campbell River","Wellness Centre","CR1559 - key lock","1","REQ1621299-RITM1710765-SCTASK2746953","12/31/2028","Operational","05/07/2026","","","General Rounding","Heart Function","NTT-Deskside Services-CampbellRiver-Staffed","Laptop","Dell LATITUDE 7450 V4",""
"PC026319","HSS-8085557","7264X04","VIHA-CRG-Campbell River General Hospital-Main Building-1st Floor","Campbell River","Main Building","CR1561  - Bone and Joint Clinic - key lock","1st Floor","VIHATRP20240415-033","05/31/2028","Operational","05/07/2026","","","General Rounding","CR HART Team","NTT-Deskside Services-CampbellRiver-Staffed","Desktop","Dell OptiPlex Micro Plus 7010 V2",""
"PC025591","HSS-8091366","JPJQK44","VIHA-CRG-Campbell River General Hospital-Main Building-1st Floor","Campbell River","Main Building","CR1562 - key lock","1st Floor","VIHATRP20241125-020","01/31/2029","Operational","05/07/2026","","","General Rounding","CRG Transitions and Support","NTT-Deskside Services-CampbellRiver-Staffed","Desktop","Dell OptiPlex Micro Plus 7020 V1",""
"PC085049","HSS-1039689","1T97VH3","VIHA-CRG-Campbell River General Hospital-Main Building-1st Floor","Campbell River","Main Building","CR1562 CR1562 - Bone Clinic - Key Lock","1","REQ0775548-RITM0814799-SCTASK1283406","12/31/2026","Operational","05/07/2026","","","General Rounding","Bone and Joint","NTT-Deskside Services-CampbellRiver-Staffed","Desktop","Dell OPTIPLEX 7090 MICRO V1",""
"PC024095","HSS-8099459","MZ03FQ8L","VIHA-CRG-Campbell River General Hospital-Main Building-1st Floor","Campbell River","Main Building","CR1562 CRG724 CRG_CRITICAL - Bone Clinic - - k","1st","ISLHTRP20260706-066","07/31/2030","Operational","","","","Critical Clinical","Wellness Centre","NTT-Deskside Services-CampbellRiver-Staffed","Desktop","LENOVO THINKCENTRE M90Q GEN6",""
"PC024097","HSS-8066617","DKY4XP3","VIHA-CRG-Campbell River General Hospital-Main Building-1st Floor","Campbell River","Main Building","CR1563 - key lock","1","VIHATRP20220919-065","01/31/2027","Operational","05/07/2026","","","General Rounding","Bone and Joint Clinic","NTT-Deskside Services-CampbellRiver-Staffed","Desktop","Dell OPTIPLEX 7000 MICRO V1",""
"PC025592","HSS-8091368","GPJQK44","VIHA-CRG-Campbell River General Hospital-Main Building-1st Floor","Campbell River","Main Building","CR1564 - key lock","1st Floor","VIHATRP20241125-022","01/31/2029","Operational","05/07/2026","","","General Rounding","CRG Transitions and Support","NTT-Deskside Services-CampbellRiver-Staffed","Desktop","Dell OptiPlex Micro Plus 7020 V1",""
"LD024500","HSS-8094248","66JHX64","VIHA-CRG-Campbell River General Hospital-Main Building-1st Floor","Campbell River","Main Building","CR1568 - Key Lock","1st Floor","ISLHTRP20250707-142","03/31/2029","Operational","05/07/2026","","","General Rounding","Clinical Nutrition","NTT-Deskside Services-CampbellRiver-Staffed","Laptop","Dell LATITUDE 7450 V4",""
"PC026322","HSS-8085604","2D94X04","VIHA-CRG-Campbell River General Hospital-Main Building-1st Floor","Campbell River","Main Building","CR1568 - Key Lock","1st Floor","VIHATRP20240415-068","05/31/2028","Operational","05/07/2026","","","General Rounding","Clinical Nutrition","NTT-Deskside Services-CampbellRiver-Staffed","Desktop","Dell OptiPlex Micro Plus 7010 V2",""
"AO800041","HSS-8096132","C25123M157","VIHA-CRG-Campbell River General Hospital-Main Building-1st Floor","Campbell River","Main Building","CR1569 - key lock","1st Floor","ISLHTRP100625-010","09/30/2029","Operational","05/07/2026","","","Mobile Cart","Heart Function","NTT-Deskside Services-CampbellRiver-Staffed","All-in-One","TANGENT MEDIX 22B V20",""
"PC025593","HSS-8100304","MZ03FPY1","VIHA-CRG-Campbell River General Hospital-Main Building-1st Floor","Campbell River","Main Building","CR1582","","ISLHTRP20260824-083","","Operational","","","","General Rounding","Cancer Care Clinic","NTT-Deskside Services-CampbellRiver-Staffed","Desktop","LENOVO THINKCENTRE M90Q GEN6",""
"PC025594","HSS-8026129","5GH1FF3","VIHA-CRG-Campbell River General Hospital-Main Building-1st Floor","Campbell River","Main Building","CR1584","1","VIHATRP20220110-007","05/31/2026","Operational","07/16/2026","","","General Rounding","Cancer Care","NTT-Deskside Services-CampbellRiver-Staffed","Desktop","Dell OPTIPLEX 7080 MICRO V3",""
"AO800105","HSS-8095993","C25122M023","VIHA-CRG-Campbell River General Hospital-Main Building-1st Floor","Campbell River","Main Building","CR1584","1","ISLHTRP20250929-023","05/31/2029","Operational","07/16/2026","","","Mobile Cart","Occupational Therapy","NTT-Deskside Services-CampbellRiver-Staffed","All-in-One","TANGENT MEDIX 22B V20",""
"LD065141","HSS-8096769","PF5XAHG3","VIHA-CRG-Campbell River General Hospital-Main Building-1st Floor","Campbell River","Main Building","CR1584","1","ISLHTRP20251208-038","01/31/2030","Operational","07/16/2026","","","General Rounding","Cancer Care Clinic","NTT-Deskside Services-CampbellRiver-Staffed","Laptop","LENOVO THINKPAD T14 GEN6","Cerner724"
"PC085424","HSS-1048630","8GFQK44","VIHA-CRG-Campbell River General Hospital-Main Building-1st Floor","Campbell River","CRG","CR1584 - cancer care","1","REQ1539440-RITM1624138-SCTASK2618325","12/31/2028","Operational","07/16/2026","","","General Rounding","Cancer Clinic","NTT-Deskside Services-CampbellRiver-Staffed","Desktop","Dell OptiPlex Micro Plus 7020 V1",""
"PC093059","HSS-1049139","CQJQK44","VIHA-CRG-Campbell River General Hospital-Main Building-1st Floor","Campbell River","Main Building","CR1584 - cancer care","1","REQ1583162-RITM1670436-SCTASK2680207","12/31/2028","Operational","07/16/2026","Set up at CR1582 - RITM1774736 - Mar. 14, 2025","Chemotherapy pharmacist in Cancer Care","General Rounding","Cancer Care","NTT-Deskside Services-CampbellRiver-Staffed","Desktop","Dell OptiPlex Micro Plus 7020 V1",""
"PC025593LEG","HSS-8064826","6LR4XP3","VIHA-CRG-Campbell River General Hospital-Main Building-1st Floor","Campbell River","Main Building","CR1584 - cancer care","1","VIHATRP20220711-027","11/30/2026","Operational","07/16/2026","","","General Rounding","Cancer Care","NTT-Deskside Services-CampbellRiver-Staffed","Desktop","Dell OPTIPLEX 7000 MICRO V1",""
"AO400598","HSS-8096441","C25318M225","VIHA-CRG-Campbell River General Hospital-Main Building-1st Floor","Campbell River","Main Building","CR1584 - cancer care","1","ISLHTRP20251103-057","12/31/2029","Operational","07/16/2026","","","Mobile Cart","Cancer Care","NTT-Deskside Services-CampbellRiver-Staffed","All-in-One","TANGENT MEDIX 22B V20",""
"AO800128","HSS-8097269","C25318M153","VIHA-CRG-Campbell River General Hospital-Main Building-1st Floor","Campbell River","Main Building","CR1584 - cancer care","1","ISLHTRP20260126-045","01/31/2030","Operational","07/16/2026","","","Mobile Cart","Cancer Care","NTT-Deskside Services-CampbellRiver-Staffed","All-in-One","TANGENT MEDIX 22B V20",""
"AO800103","HSS-8096976","C25207M246","VIHA-CRG-Campbell River General Hospital-Main Building-1st Floor","Campbell River","CRG","CR1585","1","ISLHTRP20260105-031","01/31/2030","Operational","07/22/2026","","","Mobile Cart","Medical Daycare","NTT-Deskside Services-CampbellRiver-Staffed","All-in-One","TANGENT MEDIX 22B V20",""
"PC025595","HSS-8085559","2ND4X04","VIHA-CRG-Campbell River General Hospital-Main Building-1st Floor","Campbell River","Main Building","CR1585","1st Floor","VIHATRP20240415-044","05/31/2028","Operational","07/22/2026","","","General Rounding","Medical Daycare","NTT-Deskside Services-CampbellRiver-Staffed","Desktop","Dell OptiPlex Micro Plus 7010 V2",""
"PC025596","HSS-8064827","67S2XP3","VIHA-CRG-Campbell River General Hospital-Main Building-1st Floor","Campbell River","Main Building","CR1585","1","VIHATRP20220711-028","11/30/2026","Operational","07/22/2026","","","General Rounding","Medical Daycare","NTT-Deskside Services-CampbellRiver-Staffed","Desktop","Dell OPTIPLEX 7000 MICRO V1",""
"PC024099","HSS-8074736","5YW0KQ3","VIHA-CRG-Campbell River General Hospital-Main Building-1st Floor","Campbell River","Main Building","CR1585  CRG724  CRG_CRITICAL","1","VIHATRP20230529-026","06/30/2027","Operational","07/22/2026","Please NOTE that the following software applications are incompatible with the Cerner 724 Downtime application:
-Downtime Patient Index (DTPI)
-Dragon Medical One Extensions (DMO)
-Imprivata OneSign Software/Card Reader (Tap In/Out)
-Inteleviewer (Medical Imaging)

If the software is requested to be installed, the Incident or Request should be assigned to the ""VIHA-Client Experience"" assignment group so the request can be evaluated.","CR1585 - Medical Day Care and Cancer Outpatient Care Areas - MDC Observation, Work Area","Critical Clinical","Medical Daycare","NTT-Deskside Services-CampbellRiver-Staffed","Desktop","Dell OPTIPLEX 7000 MICRO V1",""
"PC025597","HSS-8074883","6001KQ3","VIHA-CRG-Campbell River General Hospital-Main Building-1st Floor","Campbell River","Main Building","CR1586  Med Room Card Swipe","1","VIHATRP20230605-016","06/30/2027","Operational","07/16/2026","","","General Rounding","Admin","NTT-Deskside Services-CampbellRiver-Staffed","Desktop","Dell OPTIPLEX 7000 MICRO V1",""
"PC025598","HSS-8074879","6301KQ3","VIHA-CRG-Campbell River General Hospital-Main Building-1st Floor","Campbell River","Main Building","CR1587  Med Room Card Swipe","1","VIHATRP20230605-012","06/30/2027","Operational","07/16/2026","","","General Rounding","Admin","NTT-Deskside Services-CampbellRiver-Staffed","Desktop","Dell OPTIPLEX 7000 MICRO V1",""
"AO800129","HSS-8097839","C25318M220","VIHA-CRG-Campbell River General Hospital-Main Building-1st Floor","Campbell River","Main Building","CR15xx","1","ISLHTRP20260302-025","01/31/2030","Operational","","","","Mobile Cart","Wellness Centre","NTT-Deskside Services-CampbellRiver-Staffed","All-in-One","TANGENT MEDIX 22B V20",""
"PC024232","HSS-8097480","MZ034L78","VIHA-CRG-Campbell River General Hospital-Main Building-1st Floor","Campbell River","CRG","CR15xx","1","ISLHTRP20260202-075","03/31/2030","Operational","05/07/2026","","","General Rounding","Wellness Centre","NTT-Deskside Services-CampbellRiver-Staffed","Desktop","LENOVO M90q Gen 5 Desktop 512HD",""
"PC031445","HSS-8097277","MZ02VVZJ","VIHA-CRG-Campbell River General Hospital-Main Building-1st Floor","Campbell River","Main Building","CR15xx","1","ISLHTRP20260126-066","02/28/2030","Operational","05/07/2026","","","General Rounding","Wellness Centre","NTT-Deskside Services-CampbellRiver-Staffed","Desktop","LENOVO 12TJS02W00",""
"LD063414","HSS-8097831","PF5X08JD","VIHA-CRG-Campbell River General Hospital-Main Building-1st Floor","Campbell River","Main Building","CR15xx","1","ISLHTRP20260302-017","04/30/2030","Operational","05/07/2026","","","General Rounding","Wellness Centre","NTT-Deskside Services-CampbellRiver-Staffed","Laptop","LENOVO THINKPAD T14 GEN6",""
"AO800102","HSS-8097840","C25318M223","VIHA-CRG-Campbell River General Hospital-Main Building-1st Floor","Campbell River","Main Building","CR15xx","1","ISLHTRP20260302-026","01/31/2030","Operational","05/07/2026","","","Mobile Cart","Wellness Centre","NTT-Deskside Services-CampbellRiver-Staffed","All-in-One","TANGENT MEDIX 22B V20",""
"AO800328","HSS-8096428","C25318M268","VIHA-CRG-Campbell River General Hospital-Main Building-1st Floor","Campbell River","Main Building","CR1600 CR1900","1","ISLHTRP20251103-044","12/31/2029","Operational","08/25/2026","","","Mobile Cart","Emergency Services","NTT-Deskside Services-CampbellRiver-Staffed","All-in-One","TANGENT MEDIX 22B V20",""
"AO800047","HSS-8096987","C25318M283","VIHA-CRG-Campbell River General Hospital-Main Building-1st Floor","Campbell River","CRG","CR1600 CR1900 CR1300","1","ISLHTRP20260105-054","01/31/2030","Operational","08/25/2026","","","Mobile Cart","Emg","NTT-Deskside Services-CampbellRiver-Staffed","All-in-One","TANGENT MEDIX 22B V20",""
"AO800078","HSS-1039633","C22305M023","VIHA-CRG-Campbell River General Hospital-Main Building-1st Floor","Campbell River","Main Building","CR1600 CR1900 CR13xx","1","Lease Information Extract - HPFS Tangent","09/30/2025","Operational","07/28/2026","","","Mobile Cart","Emergency Services","NTT-Deskside Services-CampbellRiver-Staffed","All-in-One","Tangent Medix T22B AiO 3517U",""
"AO800326","HSS-8096430","C25318M212","VIHA-CRG-Campbell River General Hospital-Main Building-1st Floor","Campbell River","Main Building","CR1600 CR1930","1","ISLHTRP20251103-046","12/31/2029","Operational","08/07/2026","","","Mobile Cart","Emergency Services","NTT-Deskside Services-CampbellRiver-Staffed","All-in-One","TANGENT MEDIX 22B V20",""
"PC025666","HSS-8026130","5GHTDF3","VIHA-CRG-Campbell River General Hospital-Main Building-1st Floor","Campbell River","Main Building","CR1601  Trauma Room - Restricted access","1","VIHATRP20220110-008","05/31/2026","Operational","08/06/2026","","","General Rounding","Emergency Services","NTT-Deskside Services-CampbellRiver-Staffed","Desktop","Dell OPTIPLEX 7080 MICRO V3",""
"PC025618","HSS-8091865","56BQK44","VIHA-CRG-Campbell River General Hospital-Main Building-1st Floor","Campbell River","Main Building","CR1602  Trauma Room - Restricted Access","1st Floor","VIHATRP20250113-042","12/31/2028","Operational","08/06/2026","","","General Rounding","Emergency Services","NTT-Deskside Services-CampbellRiver-Staffed","Desktop","Dell OptiPlex Micro Plus 7020 V1",""
"PC024102","HSS-8090197","9JX4L44","VIHA-CRG-Campbell River General Hospital-Main Building-1st Floor","Campbell River","Main Building","CR1611 - Trauma1 - Restricted Area","1st Floor","VIHATRP20240930-032","11/30/2028","Operational","08/06/2026","","","General Rounding","Emergency Services","NTT-Deskside Services-CampbellRiver-Staffed","Desktop","Dell OptiPlex Micro Plus 7020 V1",""
"PC024176","HSS-8059191","BV05VH3","VIHA-CRG-Campbell River General Hospital-Main Building-1st Floor","Campbell River","Main Building","CR1611 -Trauma - Restricted Access","1","VIHATRP20220613-047","10/31/2026","Operational","08/06/2026","","","General Rounding","Emergency Services","NTT-Deskside Services-CampbellRiver-Staffed","Desktop","Dell OPTIPLEX 7090 MICRO V1",""
"PC024103","HSS-8090178","7HT4L44","VIHA-CRG-Campbell River General Hospital-Main Building-1st Floor","Campbell River","Main Building","CR1612 Trauma Room","1st Floor","VIHATRP20240930-012","11/30/2028","Operational","08/06/2026","","","General Rounding","Emergency Services","NTT-Deskside Services-CampbellRiver-Staffed","Desktop","Dell OptiPlex Micro Plus 7020 V1",""
"PC024173","HSS-8064828","B2R5XP3","VIHA-CRG-Campbell River General Hospital-Main Building-1st Floor","Campbell River","Main Building","CR1620","1","VIHATRP20220711-029","11/30/2026","Operational","08/06/2026","","","General Rounding","Emergency Services","NTT-Deskside Services-CampbellRiver-Staffed","Desktop","Dell OPTIPLEX 7000 MICRO V1",""
"AO800060","HSS-8096390","C25123M178","VIHA-CRG-Campbell River General Hospital-Main Building-1st Floor","Campbell River","Main Building","CR1620 CR19 CR13","1","ISLHTRP20251103-006","09/30/2029","Operational","08/07/2026","","","Mobile Cart","Emergency Services","NTT-Deskside Services-CampbellRiver-Staffed","All-in-One","TANGENT MEDIX 22B V20",""
"PC107668","HSS-8068512","D5D5XP3","VIHA-CRG-Campbell River General Hospital-Main Building-1st Floor","Campbell River","CRG","CR1621","1","VIHATRP20221107-072","01/31/2027","Operational","08/06/2026","","","General Rounding","Emerg Desk","NTT-Deskside Services-CampbellRiver-Staffed","Desktop","Dell OPTIPLEX 7000 MICRO V1","15May2026 Redeployed old, used asset at NET NEW RITM2192507"
"PC024104","HSS-8074725","DXW0KQ3","VIHA-CRG-Campbell River General Hospital-Main Building-1st Floor","Campbell River","Main Building","CR1630 Med Room Card Access","1","VIHATRP20230529-015","06/30/2027","Operational","08/06/2026","","","General Rounding","Emergency Services","NTT-Deskside Services-CampbellRiver-Staffed","Desktop","Dell OPTIPLEX 7000 MICRO V1",""
"LD024489","HSS-8093773","8THSFW3","VIHA-CRG-Campbell River General Hospital-Main Building-1st Floor","Campbell River","Main Building","CR1632","1st Floor","ISLHTRP20250609-022","03/31/2029","Operational","08/06/2026","","","General Rounding","Emergency Services","NTT-Deskside Services-CampbellRiver-Staffed","Laptop","Dell LATITUDE 7450 V4",""
"PC024106","HSS-8025746","5491FF3","VIHA-CRG-Campbell River General Hospital-Main Building-1st Floor","Campbell River","Main Building","CR1632","1","VIHATRP20211206-026","03/31/2026","Operational","08/07/2026","Please NOTE that the following software applications are incompatible with the Cerner 724 Downtime application:
-Downtime Patient Index (DTPI)
-Dragon Medical One Extensions (DMO)
-Imprivata OneSign Software/Card Reader (Tap In/Out)
-Inteleviewer (Medical Imaging)

If the software is requested to be installed, the Incident or Request should be assigned to the ""VIHA-Client Experience"" assignment group so the request can be evaluated.","ED NUA desk","Critical Clinical","Emergency Services","NTT-Deskside Services-CampbellRiver-Staffed","Desktop","Dell OPTIPLEX 7080 MICRO V3",""
"PC024105","HSS-8090183","4HT4L44","VIHA-CRG-Campbell River General Hospital-Main Building-1st Floor","Campbell River","Main Building","CR1632","1st Floor","VIHATRP20240930-018","11/30/2028","Operational","08/06/2026","","","General Rounding","Emergency Services","NTT-Deskside Services-CampbellRiver-Staffed","Desktop","Dell OptiPlex Micro Plus 7020 V1",""
"PC024075","HSS-8099200","MZ03FQ27","VIHA-CRG-Campbell River General Hospital-Main Building-1st Floor","Campbell River","Main Building","CR1632 Main Desk - Security Camera Device","1","ISLHTRP20260622-071","07/31/2030","Operational","08/06/2026","","","General Rounding","Emergency Services","NTT-Deskside Services-CampbellRiver-Staffed","Desktop","LENOVO THINKCENTRE M90Q GEN6","RTS INC1617867  25July2022"
"PC025571","HSS-8091379","6PJQK44","VIHA-CRG-Campbell River General Hospital-Main Building-1st Floor","Campbell River","Main Building","CR1633","1st Floor","VIHATRP20241125-033","01/31/2029","Operational","08/06/2026","","","General Rounding","Emergency Services","NTT-Deskside Services-CampbellRiver-Staffed","Desktop","Dell OptiPlex Micro Plus 7020 V1",""
"PC025571LEG","HSS-8023043","MJ0BZB8K","VIHA-CRG-Campbell River General Hospital-Main Building-1st Floor","Campbell River","Main Building","CR1633","1","VIHATRP20210719-007","01/31/2024","Operational","03/12/2026","","","General Rounding","Emergency Services","NTT-Deskside Services-CampbellRiver-Staffed","Desktop","LENOVO THINKCENTRE M920Q V1","Refreshed by: PC025571 HSS-8091379 6PJQK44"
"WT_63CAGZCF5J2","C003143","GZCF5J2","VIHA-CRG-Campbell River General Hospital-Main Building-1st Floor","Campbell River","Main Building","CR1633 CRG_Whiteboard","1","","","Operational","08/25/2026","847BEBEDA4B2 - CREDCCM1","","General Rounding","Emergency Services","NTT-Deskside Services-CampbellRiver-Staffed","Thin Client","DELL WYSE 5060 THIN CLIENT","Dell Wyse 5060 Thin Client Wireless"
"WT_63CAGZNF5J2","C003142","GZNF5J2","VIHA-CRG-Campbell River General Hospital-Main Building-1st Floor","Campbell River","Main Building","CR1633 CRG_Whiteboard","1","","","Operational","08/25/2026","847BEBEDA58C - CREDFN1","","General Rounding","Emergency Services","NTT-Deskside Services-CampbellRiver-Staffed","Thin Client","DELL WYSE 5060 THIN CLIENT","Dell Wyse 5060 Thin Client Wireless"
"PC024108","HSS-8074733","1601KQ3","VIHA-CRG-Campbell River General Hospital-Main Building-1st Floor","Campbell River","Main Building","CR1634","1","VIHATRP20230529-023","06/30/2027","Operational","08/25/2026","","","General Rounding","Emergency Services","NTT-Deskside Services-CampbellRiver-Staffed","Desktop","Dell OPTIPLEX 7000 MICRO V1",""
"PC024138","HSS-8064829","93R5XP3","VIHA-CRG-Campbell River General Hospital-Main Building-1st Floor","Campbell River","Main Building","CR1634","1","VIHATRP20220711-030","11/30/2026","Operational","08/25/2026","","","General Rounding","Emergency Services","NTT-Deskside Services-CampbellRiver-Staffed","Desktop","Dell OPTIPLEX 7000 MICRO V1",""
"PC024107","HSS-8091864","B4BQK44","VIHA-CRG-Campbell River General Hospital-Main Building-1st Floor","Campbell River","Main Building","CR1634  CRG724  CRG_CRITICAL","1st Floor","VIHATRP20250113-041","12/31/2028","Operational","08/25/2026","Please NOTE that the following software applications are incompatible with the Cerner 724 Downtime application:
-Downtime Patient Index (DTPI)
-Dragon Medical One Extensions (DMO)
-Imprivata OneSign Software/Card Reader (Tap In/Out)
-Inteleviewer (Medical Imaging)

If the software is requested to be installed, the Incident or Request should be assigned to the ""VIHA-Client Experience"" assignment group so the request can be evaluated.","Non-Urgent Care Care Team Hub - Distributed Care Sub-Station (w/Lab Tech) - CR1634","Critical Clinical","Emergency Services","NTT-Deskside Services-CampbellRiver-Staffed","Desktop","Dell OptiPlex Micro Plus 7020 V1",""
"PC107410","HSS-1903204","9PX4L44","VIHA-CRG-Campbell River General Hospital-Main Building-1st Floor","Campbell River","Main Building","CR1637","1","REQ1983041-RITM2094246-SCTASK3394731","11/30/2028","Operational","08/25/2026","Deployed at CR1637 - RITM2094246","","General Rounding","ER","NTT-Deskside Services-CampbellRiver-Staffed","Desktop","Dell OptiPlex Micro Plus 7020 V1",""
"PC024058","HSS-8100305","MZ03FPXJ","VIHA-CRG-Campbell River General Hospital-Main Building-1st Floor","Campbell River","Main Building","CR1637","","ISLHTRP20260824-084","","Operational","","","","General Rounding","","NTT-Deskside Services-CampbellRiver-Staffed","Desktop","LENOVO THINKCENTRE M90Q GEN6",""
"PC077006","HSS-8091378","8HFQK44","VIHA-CRG-Campbell River General Hospital-Main Building-1st Floor","Campbell River","Main Building","CR1637","1st Floor","VIHATRP20241125-032","01/31/2029","Operational","08/25/2026","","","General Rounding","Emergency Services","NTT-Deskside Services-CampbellRiver-Staffed","Desktop","Dell OptiPlex Micro Plus 7020 V1",""
"PC024109","HSS-8090189","BKX4L44","VIHA-CRG-Campbell River General Hospital-Main Building-1st Floor","Campbell River","Main Building","CR1637","1st Floor","VIHATRP20240930-024","11/30/2028","Operational","08/25/2026","","","General Rounding","Emergency Services","NTT-Deskside Services-CampbellRiver-Staffed","Desktop","Dell OptiPlex Micro Plus 7020 V1",""
"PC076531","HSS-8098644","MZ03G4X9","VIHA-CRG-Campbell River General Hospital-Main Building-1st Floor","Campbell River","CRG","CR1637","1","ISLHTRP20260518-061","06/30/2030","Operational","08/25/2026","","Medical Overflow","General Rounding","Emergency Services","NTT-Deskside Services-CampbellRiver-Staffed","Desktop","LENOVO M90q Gen 5 Desktop 512HD",""
"PC024058LEG","HSS-8064830","B4S2XP3","VIHA-CRG-Campbell River General Hospital-Main Building-1st Floor","Campbell River","Main Building","CR1637","1","VIHATRP20220711-031","11/30/2026","Operational","08/25/2026","","","General Rounding","Emergency Services","NTT-Deskside Services-CampbellRiver-Staffed","Desktop","Dell OPTIPLEX 7000 MICRO V1",""
"WT_63CAGZ6D5J2","C003145","GZ6D5J2","VIHA-CRG-Campbell River General Hospital-Main Building-1st Floor","Campbell River","Main Building","CR1637  CRG_WHITEBOARD","1","","","Operational","08/25/2026","847BEBEDA497 - CREDCCM2","","General Rounding","Emergency Services","NTT-Deskside Services-CampbellRiver-Staffed","Thin Client","DELL WYSE 5060 THIN CLIENT","Dell Wyse 5060 Thin Client Wireless"
"WT_63CAGZSD5J2","C003146","GZSD5J2","VIHA-CRG-Campbell River General Hospital-Main Building-1st Floor","Campbell River","Main Building","CR1637  CRG_WHITEBOARD","1","","","Operational","08/25/2026","847BEBEDA496 - CREDCCM","","General Rounding","Emergency Services","NTT-Deskside Services-CampbellRiver-Staffed","Thin Client","DELL WYSE 5060 THIN CLIENT","Dell Wyse 5060 Thin Client Wireless"
"WT_63CAGZ1G5J2  C003144","C003144","GZ1G5J2","VIHA-CRG-Campbell River General Hospital-Main Building-1st Floor","Campbell River","Main Building","CR1637 CRG_WHITEBOARD","1","","","Operational","08/25/2026","847BEBEDA9D8 - CREDFN3","","General Rounding","Emergency Services","NTT-Deskside Services-CampbellRiver-Staffed","Thin Client","DELL WYSE 5060 THIN CLIENT","Dell Wyse 5060 Thin Client Wireless"
"AO800327","HSS-8097838","C25318M163","VIHA-CRG-Campbell River General Hospital-Main Building-1st Floor","Campbell River","Main Building","CR16xx CR13xx CR19xx","1","ISLHTRP20260302-024","01/31/2030","Operational","07/28/2026","","","Mobile Cart","Emergency","NTT-Deskside Services-CampbellRiver-Staffed","All-in-One","TANGENT MEDIX 22B V20",""
"AO800051","HSS-8096438","C25318M214","VIHA-CRG-Campbell River General Hospital-Main Building-1st Floor","Campbell River","Main Building","CR1700","1","ISLHTRP20251103-054","12/31/2029","Operational","08/28/2026","","","Mobile Cart","Minor Day Procedures","NTT-Deskside Services-CampbellRiver-Staffed","All-in-One","TANGENT MEDIX 22B V20",""
"AO800117","HSS-8096440","C25318M213","VIHA-CRG-Campbell River General Hospital-Main Building-1st Floor","Campbell River","Main Building","CR1700 - Hallway","1","ISLHTRP20251103-056","12/31/2029","Operational","08/28/2026","","","Mobile Cart","Minor Day Procedures","NTT-Deskside Services-CampbellRiver-Staffed","All-in-One","TANGENT MEDIX 22B V20",""
"PC025599","HSS-8093007","9JFCQ54","VIHA-CRG-Campbell River General Hospital-Main Building-1st Floor","Campbell River","Main Building","CR1701 - Exclusive user: Lisa Dawson","1st Floor","ISLHTRP20250414-010","03/31/2029","Operational","07/15/2026","","","General Rounding","Cardiac Ambulatory","NTT-Deskside Services-CampbellRiver-Staffed","Desktop","Dell OptiPlex Micro Plus 7020 V1",""
"PC025600","HSS-8064831","98W2XP3","VIHA-CRG-Campbell River General Hospital-Main Building-1st Floor","Campbell River","Main Building","CR1702 - key lock","1","VIHATRP20220711-032","11/30/2026","Operational","08/28/2026","","","General Rounding","Heart and Lung Diagnostics","NTT-Deskside Services-CampbellRiver-Staffed","Desktop","Dell OPTIPLEX 7000 MICRO V1",""
"PC026325","HSS-8064832","7KR4XP3","VIHA-CRG-Campbell River General Hospital-Main Building-1st Floor","Campbell River","Main Building","CR1703 - key lock","1","VIHATRP20220711-033","11/30/2026","Operational","08/28/2026","","","General Rounding","Heart and Lung Diagnostics","NTT-Deskside Services-CampbellRiver-Staffed","Desktop","Dell OPTIPLEX 7000 MICRO V1",""
"PC026326","HSS-8064833","6MR4XP3","VIHA-CRG-Campbell River General Hospital-Main Building-1st Floor","Campbell River","Main Building","CR1704 - key lock","1","VIHATRP20220711-034","11/30/2026","Operational","08/28/2026","","","General Rounding","Heart and Lung Diagnostics","NTT-Deskside Services-CampbellRiver-Staffed","Desktop","Dell OPTIPLEX 7000 MICRO V1",""
"PC030734","HSS-8079336","20WGNW3","VIHA-CRG-Campbell River General Hospital-Main Building-1st Floor","Campbell River","Main Building","CR1705 - Key Lock","1st Floor","VIHATRP20230916-019","09/30/2027","Operational","08/28/2026","","","General Rounding","General Clinic Services","NTT-Deskside Services-CampbellRiver-Staffed","Desktop","Dell OPTIPLEX 7000 TOWER V1","LENOVO THNKCNT M920t i7-8700 3.2GHz WIN1"
"PC025601","HSS-8090192","F9X8D14","VIHA-CRG-Campbell River General Hospital-Main Building-1st Floor","Campbell River","Main Building","CR1705 - key lock","1st Floor","VIHATRP20240930-027","11/30/2028","Operational","08/28/2026","","","General Rounding","Heart Health Admin","NTT-Deskside Services-CampbellRiver-Staffed","Desktop","Dell OptiPlex Tower Plus 7010 V3",""
"PC026337","HSS-8090181","G9X8D14","VIHA-CRG-Campbell River General Hospital-Main Building-1st Floor","Campbell River","Main Building","CR1706 - key lock","1st Floor","VIHATRP20240930-016","11/30/2028","Operational","08/28/2026","","","General Rounding","Echocardiography","NTT-Deskside Services-CampbellRiver-Staffed","Desktop","Dell OptiPlex Tower Plus 7010 V3",""
"PC026338","HSS-8093774","3BX8D14","VIHA-CRG-Campbell River General Hospital-Main Building-1st Floor","Campbell River","Main Building","CR1707 - key lock","1st Floor","ISLHTRP20250609-023","02/28/2029","Operational","08/28/2026","","","General Rounding","Echocardiography","NTT-Deskside Services-CampbellRiver-Staffed","Desktop","Dell OptiPlex Tower Plus 7010 V3",""
"PC027776","HSS-8093046","9VN0724","VIHA-CRG-Campbell River General Hospital-Main Building-1st Floor","Campbell River","Main Building","CR1708","1st Floor","ISLHTRP20250414-006","02/28/2029","Operational","08/28/2026","","","General Rounding","Heart Health Admin","NTT-Deskside Services-CampbellRiver-Staffed","Desktop","Dell OptiPlex Tower Plus 7010 V3",""
"PC106713","HSS-1110586","HNPRK84","VIHA-CRG-Campbell River General Hospital-Main Building-1st Floor","Campbell River","Main Building","CR1708 - Echo Booking - Key Lock","1","REQ1664142-RITM1756384-SCTASK2828851","04/30/2029","Operational","08/28/2026","Deployed to CRG CR1708 Echo Booking - RITM1756384 - Apr. 9th, 2025","","General Rounding","CRG Echocardiography","NTT-Deskside Services-CampbellRiver-Staffed","Desktop","Dell OptiPlex Tower Plus 7020 V1",""
"PC080207","HSS-1110735","94RCQ54","VIHA-CRG-Campbell River General Hospital-Main Building-1st Floor","Campbell River","Main Building","CR1710","1","REQ1706621-RITM1801184-SCTASK2897446","03/31/2029","Operational","04/30/2025","Deployed at CR1710 on May 14, 2025 - RITM1801184.
pulmonary function testing system.","","Excluded","Heart and Lung","NTT-Deskside Services-CampbellRiver-Staffed","Desktop","Dell OptiPlex Micro Plus 7020 V1",""
"PC061447LER","HSS-8018644","MJ09BFN2","VIHA-CRG-Campbell River General Hospital-Main Building-1st Floor","Campbell River","Main Building","CR1710 - keylock","1","","11/30/2022","Operational","07/23/2026","","","General Rounding","Heart and Lung Diagnostics","NTT-Deskside Services-CampbellRiver-Staffed","Desktop","LENOVO THINKCENTRE M920Q V1",""
"PC026336","HSS-8068898","JMRQ0M3","VIHA-CRG-Campbell River General Hospital-Main Building-1st Floor","Campbell River","Main Building","CR1711 - key lock","1","VIHATRP20221121-022","01/31/2027","Operational","08/28/2026","","","General Rounding","Heart and Lung Diagnostics","NTT-Deskside Services-CampbellRiver-Staffed","Desktop","Dell PRECISION 5820 TOWER V2",""
"PC025602","HSS-8092081","CFJJZ44","VIHA-CRG-Campbell River General Hospital-Main Building-1st Floor","Campbell River","Main Building","CR1713","1st Floor","VIHATRP20250127-052","01/31/2029","Operational","08/28/2026","","","General Rounding","Heart and Lung","NTT-Deskside Services-CampbellRiver-Staffed","Desktop","Dell OptiPlex Micro Plus 7020 V1",""
"PC025606","HSS-8085558","BND4X04","VIHA-CRG-Campbell River General Hospital-Main Building-1st Floor","Campbell River","Main Building","CR1722","1st Floor","VIHATRP20240415-044","05/31/2028","Operational","08/28/2026","","","General Rounding","Ultrasound","NTT-Deskside Services-CampbellRiver-Staffed","Desktop","Dell OptiPlex Micro Plus 7010 V2",""
"PC025607","HSS-8097843","MZ034L7D","VIHA-CRG-Campbell River General Hospital-Main Building-1st Floor","Campbell River","CRG","CR1722","1","ISLHTRP20260302-029","04/30/2030","Operational","08/28/2026","","","General Rounding","Day Surgery - Electrodiagnostics","NTT-Deskside Services-CampbellRiver-Staffed","Desktop","LENOVO M90q Gen 5 Desktop 512HD",""
"PC024110","HSS-8092078","5FJJZ44","VIHA-CRG-Campbell River General Hospital-Main Building-1st Floor","Campbell River","Main Building","CR1722  CRG724  CRG_CRITICAL","1st Floor","VIHATRP20250127-050","01/31/2029","Operational","08/28/2026","Please NOTE that the following software applications are incompatible with the Cerner 724 Downtime application:
-Downtime Patient Index (DTPI)
-Dragon Medical One Extensions (DMO)
-Imprivata OneSign Software/Card Reader (Tap In/Out)
-Inteleviewer (Medical Imaging)

If the software is requested to be installed, the Incident or Request should be assigned to the ""VIHA-Client Experience"" assignment group so the request can be evaluated.","Reception, Central/Shared Administrative - Business Centre - CR1722","Critical Clinical","Heart Health Admin","NTT-Deskside Services-CampbellRiver-Staffed","Desktop","Dell OptiPlex Micro Plus 7020 V1",""
"PC061444","HSS-8091050","HCGS144","VIHA-CRG-Campbell River General Hospital-Main Building-1st Floor","Campbell River","Main Building","CR1724","1st Floor","VIHATRP20241104-009","02/28/2029","Operational","08/28/2026","","","General Rounding","CRG Respiratory Therapy Servic","NTT-Deskside Services-CampbellRiver-Staffed","Desktop","Dell OptiPlex Micro Plus 7020 V1",""
"LD046353","HSS-1964322","4L41VQ3","VIHA-CRG-Campbell River General Hospital-Main Building-1st Floor","Campbell River","Main Building","CR1724","1","DMND0002340-COVID19W-06-0079","","Operational","08/28/2026","","","General Rounding","CRG Respiratory Therapy Service","NTT-Deskside Services-CampbellRiver-Staffed","Laptop","Dell LATITUDE 7420 V2",""
"PC025605","HSS-8027531","G3Q4VH3","VIHA-CRG-Campbell River General Hospital-Main Building-1st Floor","Campbell River","Main Building","CR1728","1","VIHATRP20220321-005","06/30/2026","Operational","08/28/2026","un-managed for holter system at CRG","","General Rounding","Heart and Lung Diagnostics","NTT-Deskside Services-CampbellRiver-Staffed","Desktop","Dell OPTIPLEX 7090 MICRO V1","25Apr2022 - Picked up by TRP 250 850 9325"
"PC025609","HSS-8098643","MZ03G4WH","VIHA-CRG-Campbell River General Hospital-Main Building-1st Floor","Campbell River","Main Building","CR1728","1","ISLHTRP20260518-060","06/30/2030","Operational","08/28/2026","","","General Rounding","Heart and Lung","NTT-Deskside Services-CampbellRiver-Staffed","Desktop","LENOVO M90q Gen 5 Desktop 512HD",""
"PC025611","HSS-8064834","3LR4XP3","VIHA-CRG-Campbell River General Hospital-Main Building-1st Floor","Campbell River","Main Building","CR1728","1","VIHATRP20220711-035","11/30/2026","Operational","08/28/2026","","","General Rounding","Heart and Lung Diagnostics","NTT-Deskside Services-CampbellRiver-Staffed","Desktop","Dell OPTIPLEX 7000 MICRO V1",""
"PC025610","HSS-8093775","4GFCQ54","VIHA-CRG-Campbell River General Hospital-Main Building-1st Floor","Campbell River","Main Building","CR1728","1st Floor","ISLHTRP20250609-024","03/31/2029","Operational","08/28/2026","","","General Rounding","Cardiac EDS IP","NTT-Deskside Services-CampbellRiver-Staffed","Desktop","Dell OptiPlex Micro Plus 7020 V1",""
"PC024112","HSS-8091374","J7BQK44","VIHA-CRG-Campbell River General Hospital-Main Building-1st Floor","Campbell River","Main Building","CR1741 - PC024112 NOT FOUND IN AD","1st Floor","VIHATRP20241125-028","01/31/2029","Operational","07/23/2026","RITM1954606 - Network has been scanned and this device has not been online for more than 180 days and is now considered lost and should be deactivated. ","","General Rounding","CRG Minor Day Procedures","NTT-Deskside Services-CampbellRiver-Staffed","Desktop","Dell OptiPlex Micro Plus 7020 V1",""
"PC028834","HSS-8085603","J994X04","VIHA-CRG-Campbell River General Hospital-Main Building-1st Floor","Campbell River","Main Building","CR1743","1st Floor","VIHATRP20240415-067","05/31/2028","Operational","08/28/2026","","","General Rounding","OR Recovery","NTT-Deskside Services-CampbellRiver-Staffed","Desktop","Dell OptiPlex Micro Plus 7010 V2",""
"PC024113","HSS-8087484","F6Z0724","VIHA-CRG-Campbell River General Hospital-Main Building-1st Floor","Campbell River","Main Building","CR1745 - Med Rm - Card Swipe","1","VIHATRP20240610-046","07/31/2028","Operational","08/28/2026","","","General Rounding","CRG Minor Day Procedures","NTT-Deskside Services-CampbellRiver-Staffed","Desktop","Dell OptiPlex Micro Plus 7010 V2",""
"PC025617","HSS-8085582","B994X04","VIHA-CRG-Campbell River General Hospital-Main Building-1st Floor","Campbell River","Main Building","CR1747","1st Floor","VIHATRP20240415-045","05/31/2028","Operational","08/28/2026","","","General Rounding","Endoscopy","NTT-Deskside Services-CampbellRiver-Staffed","Desktop","Dell OptiPlex Micro Plus 7010 V2",""
"AO800101","HSS-8096973","C25318M269","VIHA-CRG-Campbell River General Hospital-Main Building-1st Floor","Campbell River","CRG","CR1751","1","ISLHTRP20260105-028","01/31/2030","Operational","07/23/2026","","","Mobile Cart","Minor Day- Endoscopy","NTT-Deskside Services-CampbellRiver-Staffed","All-in-One","TANGENT MEDIX 22B V20",""
"AO1000078","HSS-8096977","C25318M270","VIHA-CRG-Campbell River General Hospital-Main Building-1st Floor","Campbell River","CRG","CR1752","1","ISLHTRP20260105-032","01/31/2030","Operational","07/23/2026","","","Mobile Cart","Endoscopy","NTT-Deskside Services-CampbellRiver-Staffed","All-in-One","TANGENT MEDIX 22B V20",""
"PC024114","HSS-8066620","4KY4XP3","VIHA-CRG-Campbell River General Hospital-Main Building-1st Floor","Campbell River","Main Building","CR1758 - Card Lock","1","VIHATRP20220919-068","01/31/2027","Operational","07/23/2026","","","General Rounding","Minor Day Procedures","NTT-Deskside Services-CampbellRiver-Staffed","Desktop","Dell OPTIPLEX 7000 MICRO V1",""
"PC024116","HSS-8099478","MZ03FQ8W","VIHA-CRG-Campbell River General Hospital-Main Building-1st Floor","Campbell River","Main Building","CR1762","1","ISLHTRP20260706-085","07/31/2030","Operational","08/28/2026","","Patient Intake/Nursing/Administrative - Clerical Work Station/ Check-In Reception","Critical Clinical","Endoscopy","NTT-Deskside Services-CampbellRiver-Staffed","Desktop","LENOVO THINKCENTRE M90Q GEN6",""
"PC024115","HSS-8090200","2VT2L44","VIHA-CRG-Campbell River General Hospital-Main Building-1st Floor","Campbell River","Main Building","CR1762","1st Floor","VIHATRP20240930-035","11/30/2028","Operational","08/28/2026","","","General Rounding","CRG Minor Day Procedures","NTT-Deskside Services-CampbellRiver-Staffed","Desktop","Dell OptiPlex Micro Plus 7020 V1",""
"PC025615","HSS-8090195","FKX4L44","VIHA-CRG-Campbell River General Hospital-Main Building-1st Floor","Campbell River","Main Building","CR1768","1st Floor","VIHATRP20240930-030","11/30/2028","Operational","08/28/2026","","","General Rounding","CRG Minor Day Procedures","NTT-Deskside Services-CampbellRiver-Staffed","Desktop","Dell OptiPlex Micro Plus 7020 V1",""
"WT_63CAGZRF5J2","C003180","GZRF5J2","VIHA-CRG-Campbell River General Hospital-Main Building-1st Floor","Campbell River","Main Building","CR1768 CRG_Whiteboard","1","","","Operational","08/28/2026","847BEBEDA5E0CCM BOARD CROPCCM3","","General Rounding","Minor Day Procedures","NTT-Deskside Services-CampbellRiver-Staffed","Thin Client","DELL WYSE 5060 THIN CLIENT","Dell Wyse 5060 Thin Client Wireless"
"PC024117","HSS-8085566","JD94X04","VIHA-CRG-Campbell River General Hospital-Main Building-1st Floor","Campbell River","Main Building","CR1769","1st Floor","VIHATRP20240415-038","05/31/2028","Operational","08/28/2026","","","General Rounding","Computed Tomography","NTT-Deskside Services-CampbellRiver-Staffed","Desktop","Dell OptiPlex Micro Plus 7010 V2",""
"PC025616","HSS-8091373","5PJQK44","VIHA-CRG-Campbell River General Hospital-Main Building-1st Floor","Campbell River","Main Building","CR1769","1st Floor","VIHATRP20241125-027","01/31/2029","Operational","08/28/2026","","","General Rounding","CRG Minor Day Procedures","NTT-Deskside Services-CampbellRiver-Staffed","Desktop","Dell OptiPlex Micro Plus 7020 V1",""
"WT_63CAGZMF5J2","C003147","GZMF5J2","VIHA-CRG-Campbell River General Hospital-Main Building-1st Floor","Campbell River","Main Building","CR1769  CRG_Whiteboard","1","","","Operational","08/28/2026","847BEBEDA601 - CROPCCM1","","General Rounding","Minor Day Procedures","NTT-Deskside Services-CampbellRiver-Staffed","Thin Client","DELL WYSE 5060 THIN CLIENT","Dell Wyse 5060 Thin Client Wireless"
"AO1000077","HSS-8096975","C25207M243","VIHA-CRG-Campbell River General Hospital-Main Building-1st Floor","Campbell River","CRG","CR1780","1","ISLHTRP20260105-030","01/31/2030","Operational","08/28/2026","","","Mobile Cart","Endoscopy","NTT-Deskside Services-CampbellRiver-Staffed","All-in-One","TANGENT MEDIX 22B V20",""
"AO800109","HSS-8097275","C25318M164","VIHA-CRG-Campbell River General Hospital-Main Building-1st Floor","Campbell River","Main Building","CR1781","1","ISLHTRP20260126-051","01/31/2030","Operational","08/28/2026","","","Mobile Cart","Endoscopy","NTT-Deskside Services-CampbellRiver-Staffed","All-in-One","TANGENT MEDIX 22B V20",""
"PC024118","HSS-8092076","6GJJZ44","VIHA-CRG-Campbell River General Hospital-Main Building-1st Floor","Campbell River","Main Building","CR1793","1st Floor","VIHATRP20250127-048","01/31/2029","Operational","08/28/2026","","","General Rounding","Medical Staff Contracts","NTT-Deskside Services-CampbellRiver-Staffed","Desktop","Dell OptiPlex Micro Plus 7020 V1",""
"PC024119","HSS-8074726","3YW0KQ3","VIHA-CRG-Campbell River General Hospital-Main Building-1st Floor","Campbell River","Main Building","CR1793","1","VIHATRP20230529-016","06/30/2027","Operational","08/28/2026","","","General Rounding","Admin","NTT-Deskside Services-CampbellRiver-Staffed","Desktop","Dell OPTIPLEX 7000 MICRO V1",""
"AO800065","HSS-8097286","C25318M142","VIHA-CRG-Campbell River General Hospital-Main Building-1st Floor","Campbell River","Main Building","CR17xx  CR1852 CR1858","1","ISLHTRP20260126-075","01/31/2030","Operational","08/27/2026","","","Mobile Cart","Medical Imaging","NTT-Deskside Services-CampbellRiver-Staffed","All-in-One","TANGENT MEDIX 22B V20",""
"PC025622","HSS-8072521","2KL3KQ3","VIHA-CRG-Campbell River General Hospital-Main Building-1st Floor","Campbell River","Main Building","CR1800","1","VIHATRP20230227-014","04/30/2027","Operational","08/27/2026","","","General Rounding","Medical Imaging","NTT-Deskside Services-CampbellRiver-Staffed","Desktop","Dell OPTIPLEX 7000 MICRO V1",""
"PC025623","HSS-8072901","3FH3KQ3","VIHA-CRG-Campbell River General Hospital-Main Building-1st Floor","Campbell River","Main Building","CR1800","1","VIHATRP20230313-039","05/31/2027","Operational","08/27/2026","","","General Rounding","Medical Imaging","NTT-Deskside Services-CampbellRiver-Staffed","Desktop","Dell OPTIPLEX 7000 MICRO V1",""
"PC025624","HSS-8068897","8YFQQN3","VIHA-CRG-Campbell River General Hospital-Main Building-1st Floor","Campbell River","Main Building","CR1800","1","VIHATRP20221121-021","01/31/2027","Operational","08/27/2026","","","General Rounding","Medical Imaging","NTT-Deskside Services-CampbellRiver-Staffed","Desktop","Dell OPTIPLEX 7000 MICRO V1",""
"PC025621","HSS-8066611","HJY4XP3","VIHA-CRG-Campbell River General Hospital-Main Building-1st Floor","Campbell River","Main Building","CR1800","1","VIHATRP20220919-059","01/31/2027","Operational","08/27/2026","","","General Rounding","Medical Imaging","NTT-Deskside Services-CampbellRiver-Staffed","Desktop","Dell OPTIPLEX 7000 MICRO V1",""
"PC025625","HSS-8072896","3DH3KQ3","VIHA-CRG-Campbell River General Hospital-Main Building-1st Floor","Campbell River","Main Building","CR1800","1","VIHATRP20230313-029","05/31/2027","Operational","08/27/2026","","","General Rounding","Medical Imaging","NTT-Deskside Services-CampbellRiver-Staffed","Desktop","Dell OPTIPLEX 7000 MICRO V1",""
"PC024085","HSS-8066614","6NV4XP3","VIHA-CRG-Campbell River General Hospital-Main Building-1st Floor","Campbell River","Main Building","CR1800  - DTPI","1","VIHATRP20220919-062","01/31/2027","Operational","08/27/2026","","","Critical Clinical","Medical Imaging","NTT-Deskside Services-CampbellRiver-Staffed","Desktop","Dell OPTIPLEX 7000 MICRO V1",""
"PC025619","HSS-8074767","9YW0KQ3","VIHA-CRG-Campbell River General Hospital-Main Building-1st Floor","Campbell River","CRG","CR1800 - Cerner724","1","VIHATRP20230529-058","06/30/2027","Operational","08/27/2026","","CR1800 ","Critical Clinical","Medical Imaging","NTT-Deskside Services-CampbellRiver-Staffed","Desktop","Dell OPTIPLEX 7000 MICRO V1",""
"PC025626","HSS-8079338","DKMVPR3","VIHA-CRG-Campbell River General Hospital-Main Building-1st Floor","Campbell River","Main Building","CR1808","1st Floor","VIHATRP20230916-021","06/30/2027","Operational","08/27/2026","","","General Rounding","MI System Data Management","NTT-Deskside Services-CampbellRiver-Staffed","Desktop","Dell OPTIPLEX 7000 MICRO V1",""
"PC024037TRP","HSS-8068896","BZFQQN3","VIHA-CRG-Campbell River General Hospital-Main Building-1st Floor","Campbell River","Main Building","CR1809","1","VIHATRP20221121-020","01/31/2027","Operational","04/24/2024","","","General Rounding","Medical Imaging","NTT-Deskside Services-CampbellRiver-Staffed","Desktop","Dell OPTIPLEX 7000 MICRO V1",""
"PC024127","HSS-8066616","FFY4XP3","VIHA-CRG-Campbell River General Hospital-Main Building-1st Floor","Campbell River","Main Building","CR1809 - Key Lock","1","VIHATRP20220919-064","01/31/2027","Operational","08/06/2026","","","General Rounding","Medical Imaging","NTT-Deskside Services-CampbellRiver-Staffed","Desktop","Dell OPTIPLEX 7000 MICRO V1",""
"PC024125","HSS-8072900","DRP3KQ3","VIHA-CRG-Campbell River General Hospital-Main Building-1st Floor","Campbell River","Main Building","CR1809 - Key Lock","1","VIHATRP20230313-038","05/31/2027","Operational","08/06/2026","","","General Rounding","Medical Imaging","NTT-Deskside Services-CampbellRiver-Staffed","Desktop","Dell OPTIPLEX 7000 MICRO V1",""
"PC066087","HSS-8066609","7ZHJDF3","VIHA-CRG-Campbell River General Hospital-Main Building-1st Floor","Campbell River","Main Building","CR1823  key lock","1","VIHATRP20220919-057","05/31/2026","Operational","08/05/2026","","","General Rounding","Medical Imaging","NTT-Deskside Services-CampbellRiver-Staffed","Desktop","Dell PRECISION 5820 TOWER V2",""
"PC107676","HSS-8068263","GDW2XP3","VIHA-CRG-Campbell River General Hospital-Main Building-1st Floor","Campbell River","CRG","CR1837","1","REQ2062561-RITM2178481-SCTASK3535294","01/31/2027","Operational","08/06/2026","From: Trirogoff, Robert [ISLH] <Robert.Trirogoff@islandhealth.ca> 
Sent: Tuesday, May 19, 2026 8:55 AM
To: Melanson, Alexandra [ISLH] <Alexandra.Melanson@islandhealth.ca>; Dean, Martin [NTT] [ISLH] <Martin.Dean@islandhealth.ca>; Hik, Sonya [ISLH] <Sonya.Hik@islandhealth.ca>
Cc: MacNeil, Breanne [ISLH] <Breanne.MacNeil@islandhealth.ca>
Subject: RE: RITM2178481 - Desktop PC107676 with 24"" Monitor - Deliver/Deploy when/where?

Hi Martin,

Can you please drop it off to my office CR1868.

Thanks,
Rob


Robert Trirogoff, RTR
General Radiology Supervisor
Campbell River Hospital
p.(250)286-7100 Ext 67511
Robert.Trirogoff@islandhealth.ca 
http://www.islandhealth.ca 
","","General Rounding","Medical Imaging","NTT-Deskside Services-CampbellRiver-Staffed","Desktop","Dell OPTIPLEX 7000 MICRO V1","RITM2178481  - Delivered to CR1868 on 19May2026"
"PC100323","HSS-1045302","BX9SG04","VIHA-CRG-Campbell River General Hospital-Main Building-1st Floor","Campbell River","CRG","CR1840 - key lock","1","REQ1200186-RITM1264013-SCTASK2048604","02/29/2028","Operational","08/06/2026","Please NOTE that the following software applications are incompatible with the Cerner 724 Downtime application:
-Downtime Patient Index (DTPI)
-Dragon Medical One Extensions (DMO)
-Imprivata OneSign Software/Card Reader (Tap In/Out)
-Inteleviewer (Medical Imaging)

If the software is requested to be installed, the Incident or Request should be assigned to the ""VIHA-Client Experience"" assignment group so the request can be evaluated.","","Critical Clinical","Medical Imaging","NTT-Deskside Services-CampbellRiver-Staffed","Desktop","Dell OptiPlex Micro Plus 7010 V2","includes Dell CD/DVD drive."
"AO1000076","HSS-8096988","C25318M281","VIHA-CRG-Campbell River General Hospital-Main Building-1st Floor","Campbell River","CRG","CR1852","1","ISLHTRP20260105-055","01/31/2030","Operational","08/27/2026","","","Mobile Cart","Medical Imaging","NTT-Deskside Services-CampbellRiver-Staffed","All-in-One","TANGENT MEDIX 22B V20",""
"PC025630","HSS-8079339","GV9VPR3","VIHA-CRG-Campbell River General Hospital-Main Building-1st Floor","Campbell River","Main Building","CR1852","1st Floor","VIHATRP20230916-022","06/30/2027","Operational","08/27/2026","","","General Rounding","MI System Data Management","NTT-Deskside Services-CampbellRiver-Staffed","Desktop","Dell OPTIPLEX 7000 MICRO V1",""
"PC024124","HSS-8074730","G101KQ3","VIHA-CRG-Campbell River General Hospital-Main Building-1st Floor","Campbell River","Main Building","CR1852","1","VIHATRP20230529-020","06/30/2027","Operational","08/27/2026","","","General Rounding","MI System Data Management","NTT-Deskside Services-CampbellRiver-Staffed","Desktop","Dell OPTIPLEX 7000 MICRO V1",""
"PC024123","HSS-8074734","2ZW0KQ3","VIHA-CRG-Campbell River General Hospital-Main Building-1st Floor","Campbell River","Main Building","CR1852","1","VIHATRP20230529-024","06/30/2027","Operational","08/27/2026","","","General Rounding","MI System Data Management","NTT-Deskside Services-CampbellRiver-Staffed","Desktop","Dell OPTIPLEX 7000 MICRO V1",""
"PC025632","HSS-8074881","3301KQ3","VIHA-CRG-Campbell River General Hospital-Main Building-1st Floor","Campbell River","Main Building","CR1852","1","VIHATRP20230605-014","06/30/2027","Operational","08/27/2026","","","General Rounding","MI System Data Management","NTT-Deskside Services-CampbellRiver-Staffed","Desktop","Dell OPTIPLEX 7000 MICRO V1",""
"PC025639","HSS-8066612","8PV4XP3","VIHA-CRG-Campbell River General Hospital-Main Building-1st Floor","Campbell River","Main Building","CR1852","1","VIHATRP20220919-060","01/31/2027","Operational","08/27/2026","","","General Rounding","Medical Imaging","NTT-Deskside Services-CampbellRiver-Staffed","Desktop","Dell OPTIPLEX 7000 MICRO V1",""
"PC025631","HSS-8090202","BHT4L44","VIHA-CRG-Campbell River General Hospital-Main Building-1st Floor","Campbell River","Main Building","CR1852","1st Floor","VIHATRP20240930-037","11/30/2028","Operational","08/27/2026","","","General Rounding","Medical Imaging Systems","NTT-Deskside Services-CampbellRiver-Staffed","Desktop","Dell OptiPlex Micro Plus 7020 V1",""
"PC024122","HSS-8074882","4ZW0KQ3","VIHA-CRG-Campbell River General Hospital-Main Building-1st Floor","Campbell River","Main Building","CR1852","1","VIHATRP20230605-015","06/30/2027","Operational","08/27/2026","","","General Rounding","MI System Data Management","NTT-Deskside Services-CampbellRiver-Staffed","Desktop","Dell OPTIPLEX 7000 MICRO V1",""
"WT_63CAGZ3G5J2","C003149","GZ3G5J2","VIHA-CRG-Campbell River General Hospital-Main Building-1st Floor","Campbell River","Main Building","CR1852  CRG_WHITEBOARD","1","","","Operational","08/27/2026","847BEBEDA432 - CRMIFN","","General Rounding","Medical Imaging","NTT-Deskside Services-CampbellRiver-Staffed","Thin Client","DELL WYSE 5060 THIN CLIENT","Dell Wyse 5060 Thin Client Wireless"
"WT_63CAGZCD5J2","C003141","GZCD5J2","VIHA-CRG-Campbell River General Hospital-Main Building-1st Floor","Campbell River","Main Building","CR1852 CRG_WHITEBOARD","1","","","Operational","08/27/2026","847BEBEDA4F6 - CRREGCCM","","General Rounding","Medical Imaging","NTT-Deskside Services-CampbellRiver-Staffed","Thin Client","DELL WYSE 5060 THIN CLIENT","Dell Wyse 5060 Thin Client Wireless"
"PC025634","HSS-8079335","4HJVPR3","VIHA-CRG-Campbell River General Hospital-Main Building-1st Floor","Campbell River","Main Building","CR1853","1st Floor","VIHATRP20230916-018","06/30/2027","Operational","08/27/2026","","","General Rounding","Ultrasound","NTT-Deskside Services-CampbellRiver-Staffed","Desktop","Dell OPTIPLEX 7000 MICRO V1",""
"PC025633","HSS-8072897","H8H3KQ3","VIHA-CRG-Campbell River General Hospital-Main Building-1st Floor","Campbell River","Main Building","CR1853","1","VIHATRP20230313-031","05/31/2027","Operational","08/27/2026","","","General Rounding","Medical Imaging","NTT-Deskside Services-CampbellRiver-Staffed","Desktop","Dell OPTIPLEX 7000 MICRO V1",""
"PC026313","HSS-8072517","9KY4XP3","VIHA-CRG-Campbell River General Hospital-Main Building-1st Floor","Campbell River","Main Building","CR1853","1","VIHATRP20230227-010","02/28/2027","Operational","08/27/2026","","","General Rounding","Medical Imaging","NTT-Deskside Services-CampbellRiver-Staffed","Desktop","Dell OPTIPLEX 7000 MICRO V1",""
"PC025635","HSS-8079337","F6D2QR3","VIHA-CRG-Campbell River General Hospital-Main Building-1st Floor","Campbell River","Main Building","CR1853","1st Floor","VIHATRP20230916-020","06/30/2027","Operational","08/27/2026","","","General Rounding","MI System Data Management","NTT-Deskside Services-CampbellRiver-Staffed","Desktop","Dell OPTIPLEX 7000 MICRO V1",""
"PC025636","HSS-8085605","3D94X04","VIHA-CRG-Campbell River General Hospital-Main Building-1st Floor","Campbell River","Main Building","CR1853","1","VIHATRP20240415-069","05/31/2028","Operational","08/27/2026","","","General Rounding","MI System Data Management","NTT-Deskside Services-CampbellRiver-Staffed","Desktop","Dell OptiPlex Micro Plus 7010 V2",""
"PC025629","HSS-8072895","3YP3KQ3","VIHA-CRG-Campbell River General Hospital-Main Building-1st Floor","Campbell River","Main Building","CR1853","1","VIHATRP20230313-028","05/31/2027","Operational","08/27/2026","","","General Rounding","Medical Imaging","NTT-Deskside Services-CampbellRiver-Staffed","Desktop","Dell OPTIPLEX 7000 MICRO V1",""
"PC025627","HSS-8085581","C994X04","VIHA-CRG-Campbell River General Hospital-Main Building-1st Floor","Campbell River","CRG","CR1853","1st Floor","VIHATRP20240415-040","05/31/2028","Operational","08/27/2026","","","General Rounding","Medical Imaging","NTT-Deskside Services-CampbellRiver-Staffed","Desktop","Dell OptiPlex Micro Plus 7010 V2",""
"PC066088","HSS-8066615","7ZGNDF3","VIHA-CRG-Campbell River General Hospital-Main Building-1st Floor","Campbell River","Main Building","CR1858  - key lock - storage","1","VIHATRP20220919-063","05/31/2026","Operational","08/06/2026","","","General Rounding","Medical Imaging","NTT-Deskside Services-CampbellRiver-Staffed","Desktop","Dell PRECISION 5820 TOWER V2",""
"PC065069","HSS-8023063","CWYMTD3","VIHA-CRG-Campbell River General Hospital-Main Building-1st Floor","Campbell River","Main Building","CR1858 - key lock - Storage","1","VIHATRP20210719-027","12/31/2025","Operational","08/06/2026","","","General Rounding","Medical Imaging","NTT-Deskside Services-CampbellRiver-Staffed","Desktop","Dell PRECISION 5820 TOWER V2",""
"PC024126","HSS-8085575","4464X04","VIHA-CRG-Campbell River General Hospital-Main Building-1st Floor","Campbell River","Main Building","CR1860","1st Floor","VIHATRP20240415-041","05/31/2028","Operational","08/27/2026","","","General Rounding","Medical Imaging","NTT-Deskside Services-CampbellRiver-Staffed","Desktop","Dell OptiPlex Micro Plus 7010 V2",""
"PC066082","HSS-8066621","7ZBPDF3","VIHA-CRG-Campbell River General Hospital-Main Building-1st Floor","Campbell River","Main Building","CR1863  CRRad Room 1 - Key Lock","1","VIHATRP20220919-069","05/31/2026","Operational","08/27/2026","","","General Rounding","Medical Imaging","NTT-Deskside Services-CampbellRiver-Staffed","Desktop","Dell PRECISION 5820 TOWER V2",""
"PC066083","HSS-8066610","7ZCJDF3","VIHA-CRG-Campbell River General Hospital-Main Building-1st Floor","Campbell River","Main Building","CR1864  CRRad Room 2","1","VIHATRP20220919-058","05/31/2026","Operational","08/27/2026","","","General Rounding","Medical Imaging","NTT-Deskside Services-CampbellRiver-Staffed","Desktop","Dell PRECISION 5820 TOWER V2",""
"PC066084","HSS-8066622","7ZCPDF3","VIHA-CRG-Campbell River General Hospital-Main Building-1st Floor","Campbell River","Main Building","CR1865 CRRad Room #3","1","VIHATRP20220919-070","05/31/2026","Operational","08/27/2026","","","General Rounding","Medical Imaging","NTT-Deskside Services-CampbellRiver-Staffed","Desktop","Dell PRECISION 5820 TOWER V2",""
"PC066086","HSS-8066623","7ZCKDF3","VIHA-CRG-Campbell River General Hospital-Main Building-1st Floor","Campbell River","CRG","CR1865 CRRad Room 1","1","VIHATRP20220919-071","05/31/2026","Operational","08/27/2026","","","General Rounding","Medical Imaging","NTT-Deskside Services-CampbellRiver-Staffed","Desktop","Dell PRECISION 5820 TOWER V2",""
"PC066085","HSS-8066613","7ZBNDF3","VIHA-CRG-Campbell River General Hospital-Main Building-1st Floor","Campbell River","Main Building","CR1866  CRRad Room 4  - key lock","1","VIHATRP20220919-061","05/31/2026","Operational","08/27/2026","","","General Rounding","Medical Imaging","NTT-Deskside Services-CampbellRiver-Staffed","Desktop","Dell PRECISION 5820 TOWER V2",""
"LD024283","HSS-8085590","4391DW3","VIHA-CRG-Campbell River General Hospital-Main Building-1st Floor","Campbell River","Main Building","CR1867  - Key Lock","1st Floor","VIHATRP20240415-054","05/31/2028","Operational","08/27/2026","","","General Rounding","Medical Imag Site Admin","NTT-Deskside Services-CampbellRiver-Staffed","Laptop","Dell LATITUDE 7440 V7",""
"PC025638","HSS-8068903","7VB2RN3","VIHA-CRG-Campbell River General Hospital-Main Building-1st Floor","Campbell River","Main Building","CR1868","1","VIHATRP20221121-030","01/31/2027","Operational","08/27/2026","","","General Rounding","Medical Imaging","NTT-Deskside Services-CampbellRiver-Staffed","Desktop","Dell OPTIPLEX 7000 MICRO V1",""
"PC025637","HSS-8068899","BYFQQN3","VIHA-CRG-Campbell River General Hospital-Main Building-1st Floor","Campbell River","Main Building","CR1868","1","VIHATRP20221121-023","01/31/2027","Operational","08/27/2026","","","General Rounding","Medical Imaging","NTT-Deskside Services-CampbellRiver-Staffed","Desktop","Dell OPTIPLEX 7000 MICRO V1",""
"LD065799","HSS-8069781","7MZ4NN3","VIHA-CRG-Campbell River General Hospital-Main Building-1st Floor","Campbell River","Main Building","CR1868","1","VIHATRP20221121-026","03/31/2027","Operational","08/27/2026","","","General Rounding","Medical Imaging","NTT-Deskside Services-CampbellRiver-Staffed","Laptop","Dell LATITUDE 7420 V3",""
"PC066090","HSS-8066618","7ZDPDF3","VIHA-CRG-Campbell River General Hospital-Main Building-1st Floor","Campbell River","Main Building","CR1868 - Key Lock","1","VIHATRP20220919-066","05/31/2026","Operational","08/27/2026","","","General Rounding","Medical Imaging","NTT-Deskside Services-CampbellRiver-Staffed","Desktop","Dell PRECISION 5820 TOWER V2",""
"PC025628","HSS-8074732","CYW0KQ3","VIHA-CRG-Campbell River General Hospital-Main Building-1st Floor","Campbell River","Main Building","CR1869 - Key Lock","1","VIHATRP20230529-022","06/30/2027","Operational","08/27/2026","","","General Rounding","Admin","NTT-Deskside Services-CampbellRiver-Staffed","Desktop","Dell OPTIPLEX 7000 MICRO V1",""
"PC025640","HSS-8074765","J001KQ3","VIHA-CRG-Campbell River General Hospital-Main Building-1st Floor","Campbell River","Main Building","CR1872 - Restricted Area","1","VIHATRP20230529-056","06/30/2027","Operational","08/06/2026","","","General Rounding","Medical Imaging","NTT-Deskside Services-CampbellRiver-Staffed","Desktop","Dell OPTIPLEX 7000 MICRO V1",""
"LD024284","HSS-8098134","PF60CTMY","VIHA-CRG-Campbell River General Hospital-Main Building-1st Floor","Campbell River","Main Building","CR18xx","1","ISLHTRP20260323-039","04/30/2030","Operational","08/06/2026","","","General Rounding","Medical Imaging","NTT-Deskside Services-CampbellRiver-Staffed","Laptop","LENOVO THINKPAD T14 GEN6 NT FPR 2x1",""
"AO800112","HSS-8096388","C25122M027","VIHA-CRG-Campbell River General Hospital-Main Building-1st Floor","Campbell River","Main Building","CR1900 CR1600","1","ISLHTRP20251103-004","05/31/2029","Operational","08/25/2026","","","Mobile Cart","Emergency Services","NTT-Deskside Services-CampbellRiver-Staffed","All-in-One","TANGENT MEDIX 22B V20",""
"AO800035","HSS-8096393","C25207M218","VIHA-CRG-Campbell River General Hospital-Main Building-1st Floor","Campbell River","Main Building","CR1900 CR1600 - Hallway","1","ISLHTRP20251103-009","09/30/2029","Operational","07/28/2026","","","Mobile Cart","Emergency Services","NTT-Deskside Services-CampbellRiver-Staffed","All-in-One","TANGENT MEDIX 22B V20",""
"AO800057","HSS-8096389","C25123M152","VIHA-CRG-Campbell River General Hospital-Main Building-1st Floor","Campbell River","Main Building","CR1900 CR1600 CR1300","1","ISLHTRP20251103-005","09/30/2029","Operational","08/25/2026","","","Mobile Cart","Emergency Services","NTT-Deskside Services-CampbellRiver-Staffed","All-in-One","TANGENT MEDIX 22B V20",""
"LD063344","HSS-1042632","CDHTQV3","VIHA-CRG-Campbell River General Hospital-Main Building-1st Floor","Campbell River","CRG","CR1920 - key Lock","1","REQ0948072-RITM0997036-SCTASK1580359","07/31/2026","Operational","08/05/2026","RITM2253869 
21April2026 puro: 335825405269 shiplink: 42725 - Shipped from RJH to CRG - Alex Krampol
23April2026 - Updated Operational Status from ""In transit to Warehouse"" to Operational.  Confirmed asset arrived at CRG and delivered to client , including power brick. Martin Dean.","23April2026 - Delivered LD063344 to: Maegan Lauze or Sabina Acheson - CR 1920","General Rounding","CDU","NTT-Deskside Services-CampbellRiver-Staffed","Laptop","Dell LATITUDE 7430 V1",""
"PC026324","HSS-8085571","8G94X04","VIHA-CRG-Campbell River General Hospital-Main Building-1st Floor","Campbell River","Main Building","CR1920 - key lock","1st Floor","VIHATRP20240415-042","05/31/2028","Operational","08/05/2026","","","General Rounding","Emergency Services","NTT-Deskside Services-CampbellRiver-Staffed","Desktop","Dell OptiPlex Micro Plus 7010 V2",""
"PC024130","HSS-8026132","5GKWDF3","VIHA-CRG-Campbell River General Hospital-Main Building-1st Floor","Campbell River","Main Building","CR1920 - Key Lock","1","VIHATRP20220110-010","05/31/2026","Operational","08/05/2026","","","General Rounding","Emergency Services","NTT-Deskside Services-CampbellRiver-Staffed","Desktop","Dell OPTIPLEX 7080 MICRO V3",""
"PC024069","HSS-8085591","5G94X04","VIHA-CRG-Campbell River General Hospital-Main Building-1st Floor","Campbell River","Main Building","CR1920 - key lock","1st Floor","VIHATRP20240415-055","05/31/2028","Operational","08/05/2026","","","General Rounding","Emergency Services","NTT-Deskside Services-CampbellRiver-Staffed","Desktop","Dell OptiPlex Micro Plus 7010 V2",""
"PC025641","HSS-8090188","GPX4L44","VIHA-CRG-Campbell River General Hospital-Main Building-1st Floor","Campbell River","Main Building","CR1921","1st Floor","VIHATRP20240930-023","11/30/2028","Operational","08/25/2026","","","General Rounding","Emergency Services","NTT-Deskside Services-CampbellRiver-Staffed","Desktop","Dell OptiPlex Micro Plus 7020 V1",""
"PC107662","HSS-1988133","6YP3KQ3","VIHA-CRG-Campbell River General Hospital","Campbell River","CRG","CR1921  Collaboration Room","1","REQ2075640-RITM2192533-SCTASK3522425","04/30/2027","Operational","08/25/2026","","","General Rounding","CDU/Emerg Collaboration Room","NTT-Deskside Services-CampbellRiver-Staffed","Desktop","Dell OPTIPLEX 7000 MICRO V1","RITM2192533  - This old, recycled device was redeployed as a Net New on 06May2026 "
"PC024131","HSS-8091372","CHFQK44","VIHA-CRG-Campbell River General Hospital-Main Building-1st Floor","Campbell River","Main Building","CR1921 - Emergency collab center","1st Floor","VIHATRP20241125-026","01/31/2029","Operational","08/25/2026","","","General Rounding","Emergency Services","NTT-Deskside Services-CampbellRiver-Staffed","Desktop","Dell OptiPlex Micro Plus 7020 V1",""
"PC024132","HSS-8074731","H001KQ3","VIHA-CRG-Campbell River General Hospital-Main Building-1st Floor","Campbell River","Main Building","CR1921 - Emergency collab center","1","VIHATRP20230529-021","06/30/2027","Operational","08/25/2026","","","General Rounding","Emergency Services","NTT-Deskside Services-CampbellRiver-Staffed","Desktop","Dell OPTIPLEX 7000 MICRO V1",""
"AO800119","HSS-8096414","C25207M204","VIHA-CRG-Campbell River General Hospital-Main Building-1st Floor","Campbell River","Main Building","CR1921 CR16 CR13","1","ISLHTRP20251103-030","09/30/2029","Operational","08/25/2026","","","Mobile Cart","Emergency Services","NTT-Deskside Services-CampbellRiver-Staffed","All-in-One","TANGENT MEDIX 22B V20",""
"PC026323","HSS-8074770","4XW0KQ3","VIHA-CRG-Campbell River General Hospital-Main Building-1st Floor","Campbell River","Main Building","CR1930","1","VIHATRP20230529-061","06/30/2027","Operational","08/25/2026","","","General Rounding","Emergency Services","NTT-Deskside Services-CampbellRiver-Staffed","Desktop","Dell OPTIPLEX 7000 MICRO V1",""
"PC024133","HSS-8066619","BPV4XP3","VIHA-CRG-Campbell River General Hospital-Main Building-1st Floor","Campbell River","Main Building","CR1930","1","VIHATRP20220919-067","01/31/2027","Operational","08/25/2026","","","General Rounding","Emergency Services","NTT-Deskside Services-CampbellRiver-Staffed","Desktop","Dell OPTIPLEX 7000 MICRO V1",""
"PC024135","HSS-8085578","9F94X04","VIHA-CRG-Campbell River General Hospital-Main Building-1st Floor","Campbell River","Main Building","CR1930","1st Floor","VIHATRP20240415-025","05/31/2028","Operational","08/25/2026","","","General Rounding","Emergency Services","NTT-Deskside Services-CampbellRiver-Staffed","Desktop","Dell OptiPlex Micro Plus 7010 V2",""
"AO800125","HSS-8099495","C25A01M246","VIHA-CRG-Campbell River General Hospital-Main Building-1st Floor","Campbell River","Main Building","CR1930 CR1600 CR1900","1","ISLHTRP20260706-102","03/31/2030","Operational","07/28/2026","","","Mobile Cart","Emergency Services","NTT-Deskside Services-CampbellRiver-Staffed","All-in-One","TANGENT MEDIX 22B V19",""
"LD065441","HSS-8064836","82X5NN3","VIHA-CRG-Campbell River General Hospital-Main Building-1st Floor","Campbell River","CRG","CR1931","1","VIHATRP20220711-037","11/30/2026","Operational","08/25/2026","","","General Rounding","Emergency Services","NTT-Deskside Services-CampbellRiver-Staffed","Laptop","Dell LATITUDE 7420 V3",""
"PC024140","HSS-8074884","FYW0KQ3","VIHA-CRG-Campbell River General Hospital-Main Building-1st Floor","Campbell River","Main Building","CR1931","1","VIHATRP20230605-017","06/30/2027","Operational","08/25/2026","Please NOTE that the following software applications are incompatible with the Cerner 724 Downtime application:
-Downtime Patient Index (DTPI)
-Dragon Medical One Extensions (DMO)
-Imprivata OneSign Software/Card Reader (Tap In/Out)
-Inteleviewer (Medical Imaging)

If the software is requested to be installed, the Incident or Request should be assigned to the ""VIHA-Client Experience"" assignment group so the request can be evaluated.","CR1932 - Emergent/Urgent Care Care Team Hub - Workstation, PACS","Critical Clinical","Emergency Services","NTT-Deskside Services-CampbellRiver-Staffed","Desktop","Dell OPTIPLEX 7000 MICRO V1",""
"PC024142","HSS-8099467","MZ03FQ51","VIHA-CRG-Campbell River General Hospital-Main Building-1st Floor","Campbell River","Main Building","CR1931 CRG724 CRG_CRITICAL","1st","ISLHTRP20260706-074","","Operational","08/25/2026","","CR1936 - Clinical Decision Unit - Triage Area","Critical Clinical","Ambulatory Care","NTT-Deskside Services-CampbellRiver-Staffed","Desktop","LENOVO THINKCENTRE M90Q GEN6",""
"PC106844","HSS-1110867","MZ01D8JN","VIHA-CRG-Campbell River General Hospital-Main Building-1st Floor","Campbell River","Main Building","CR1932","1","REQ1720744-RITM1816002-SCTASK2915816","05/31/2029","Operational","08/25/2026","Deployed at CR1932 CDU - RITM1816002 - May 2, 2025","","General Rounding","CDU","NTT-Deskside Services-CampbellRiver-Staffed","Desktop","LENOVO M90q Gen 5 Desktop 512HD",""
"PC024136","HSS-8074771","CXW0KQ3","VIHA-CRG-Campbell River General Hospital-Main Building-1st Floor","Campbell River","Main Building","CR1932","1","VIHATRP20230529-062","06/30/2027","Operational","08/25/2026","","","General Rounding","Emergency Services","NTT-Deskside Services-CampbellRiver-Staffed","Desktop","Dell OPTIPLEX 7000 MICRO V1",""
"PC024139","HSS-8027545","J9P6VH3","VIHA-CRG-Campbell River General Hospital-Main Building-1st Floor","Campbell River","Main Building","CR1932","1","VIHATRP20220321-019","06/30/2026","Operational","08/25/2026","","","Critical Clinical","Emergency Services","NTT-Deskside Services-CampbellRiver-Staffed","Desktop","Dell OPTIPLEX 7090 MICRO V1",""
"PC085296","HSS-1045661","50M4X04","VIHA-CRG-Campbell River General Hospital-Main Building-1st Floor","Campbell River","Main Building","CR1932  - CCTV camera PC","1","REQ1244057-RITM1311068-SCTASK2112418","03/31/2028","Operational","08/25/2026","","CDU Desk CR1932
","General Rounding","CDU","NTT-Deskside Services-CampbellRiver-Staffed","Desktop","Dell OptiPlex Micro Plus 7010 V2",""
"C003150-DUP","C003150","63CAGZGG5J2-DUP","VIHA-CRG-Campbell River General Hospital-Main Building-1st Floor","Campbell River","CRG","CR1932  CRG_WHITEBOARD","1st","","","Operational","","847BEBEDA556 - CRMEDOCCM","","Excluded","","NTT-Deskside Services-CampbellRiver-Staffed","Thin Client","DELL 0H0C1T","Dell Wyse 5060 Thin Client Wireless"
"PC024141","HSS-8074729","2601KQ3","VIHA-CRG-Campbell River General Hospital-Main Building-1st Floor","Campbell River","Main Building","CR1933  MED Room Card Access","1","VIHATRP20230529-019","06/30/2027","Operational","08/05/2026","","","General Rounding","Emergency Services","NTT-Deskside Services-CampbellRiver-Staffed","Desktop","Dell OPTIPLEX 7000 MICRO V1",""
"PC025670","HSS-8091369","GNJQK44","VIHA-CRG-Campbell River General Hospital-Main Building-1st Floor","Campbell River","Main Building","CR1941","1st Floor","VIHATRP20241125-023","01/31/2029","Operational","08/25/2026","","","General Rounding","Emergency Services","NTT-Deskside Services-CampbellRiver-Staffed","Desktop","Dell OptiPlex Micro Plus 7020 V1",""
"LD105338","HSS-1111527","734JX64","VIHA-CRG-Campbell River General Hospital-Main Building-1st Floor","Campbell River","CRG","CR1941","1","REQ1787320-RITM1886417-SCTASK3022424","03/31/2029","Operational","08/25/2026","Deployed 14July2025 RITM1886417","","General Rounding","CRG Clinical Educators","NTT-Deskside Services-CampbellRiver-Staffed","Laptop","Dell LATITUDE 7450 V4",""
"PC024143","HSS-8064838","57S2XP3","VIHA-CRG-Campbell River General Hospital-Main Building-1st Floor","Campbell River","Main Building","CR1943 - On Call - Room Locked Key","1","VIHATRP20220711-039","11/30/2026","Operational","08/05/2026","","","General Rounding","Emergency Services","NTT-Deskside Services-CampbellRiver-Staffed","Desktop","Dell OPTIPLEX 7000 MICRO V1",""
"AO005467","HSS-8099498","C25A01M242","VIHA-CRG-Campbell River General Hospital-Main Building-2nd Floor","Campbell River","Main Building","CR2100 - Maternity","2","ISLHTRP20260706-105","03/31/2030","Operational","08/13/2026","","","Mobile Cart","Maternity","NTT-Deskside Services-CampbellRiver-Staffed","All-in-One","TANGENT MEDIX 22B V19","AO005467  Asset HSS-1046277
Replaced retired Tangent C17622M216"
"AO400595","HSS-8096972","C25123M233-R","VIHA-CRG-Campbell River General Hospital-Main Building-2nd Floor","Campbell River","Main Building","CR2100 - Maternity","2","ISLHTRP20260105-027","","Operational","08/13/2026","","","Mobile Cart","Maternity","NTT-Deskside Services-CampbellRiver-Staffed","All-in-One","TANGENT MEDIX 22B",""
"LD090352","HSS-8099202","SD00PKEQ","VIHA-CRG-Campbell River General Hospital-Main Building-Basement 1","Campbell River","Main Building","CR2104","2nd","ISLHTRP20260622-073","07/31/2030","Operational","","","","General Rounding","Administration","NTT-Deskside Services-CampbellRiver-Staffed","Laptop","LENOVO THINKPAD T14 GEN6 NT FPR 2x1",""
"LD065040","HSS-8093777","8PHSFW3","VIHA-CRG-Campbell River General Hospital-Main Building-2nd Floor","Campbell River","Main Building","CR2104 / CR2168","2","ISLHTRP20250609-027","03/31/2029","Operational","08/13/2026","","","General Rounding","LDRP","NTT-Deskside Services-CampbellRiver-Staffed","Laptop","Dell LATITUDE 7450 V4",""
"AO800107","HSS-8097851","C25318M243","VIHA-CRG-Campbell River General Hospital-Main Building-2nd Floor","Campbell River","Main Building","CR2105 - Maternity","2","ISLHTRP20260302-037","01/31/2030","Operational","08/13/2026","","","Mobile Cart","Maternity","NTT-Deskside Services-CampbellRiver-Staffed","All-in-One","TANGENT MEDIX 22B V20",""
"AO800133","HSS-8096141","C25123M155","VIHA-CRG-Campbell River General Hospital-Main Building-2nd Floor","Campbell River","Main Building","CR2105 - Maternity","2","ISLHTRP100625-019","09/30/2029","Operational","08/13/2026","","","Mobile Cart","Maternity","NTT-Deskside Services-CampbellRiver-Staffed","All-in-One","TANGENT MEDIX 22B V20",""
"PC024144","HSS-8087491","3BZ0724","VIHA-CRG-Campbell River General Hospital-Main Building-2nd Floor","Campbell River","Main Building","CR2113 CRG724 CRG_CRITICAL","2","VIHATRP20240610-053","07/31/2028","Operational","08/13/2026","","","General Rounding","Maternity","NTT-Deskside Services-CampbellRiver-Staffed","Desktop","Dell OptiPlex Micro Plus 7010 V2",""
"PC024145","HSS-8099209","MZ03FQ95","VIHA-CRG-Campbell River General Hospital-Main Building-2nd Floor","Campbell River","Main Building","CR2114","2","ISLHTRP20260622-080","07/31/2030","Operational","08/13/2026","","","General Rounding","Maternity","NTT-Deskside Services-CampbellRiver-Staffed","Desktop","LENOVO THINKCENTRE M90Q GEN6",""
"PC024146","HSS-8097845","MZ034L4X","VIHA-CRG-Campbell River General Hospital-Main Building-2nd Floor","Campbell River","Main Building","CR2114","2","ISLHTRP20260302-031","04/30/2030","Operational","08/13/2026","","","General Rounding","Maternity","NTT-Deskside Services-CampbellRiver-Staffed","Desktop","LENOVO M90q Gen 5 Desktop 512HD",""
"C003158","C003158","63CAGZ7F5J2","VIHA-CRG-Campbell River General Hospital-Main Building-2nd Floor","Campbell River","Main Building","CR2114 - Whiteboard","2","","","Operational","08/13/2026","847BEBEDA435 -","Whiteboard in peds nurse hub","General Rounding","Maternity","NTT-Deskside Services-CampbellRiver-Staffed","Thin Client","DELL 0H0C1T","Dell Wyse 5060 Thin Client Wireless
CRPEDCCM    whiteboard"
"PC024147","HSS-8090780","3GFQK44","VIHA-CRG-Campbell River General Hospital-Main Building-2nd Floor","Campbell River","Main Building","CR2117 - Maternity - Med Rm","2","VIHATRP20241028-040","12/31/2028","Operational","04/29/2026","","","Excluded","Maternity","NTT-Deskside Services-CampbellRiver-Staffed","Desktop","Dell OptiPlex Micro Plus 7020 V1",""
"LD024069","HSS-8092778","JTBSFW3","VIHA-CRG-Campbell River General Hospital-Main Building-2nd Floor","Campbell River","Main Building","CR2120 - On Call","2","VIHATRP20250331-012","03/31/2029","Operational","08/13/2026","","","General Rounding","Maternity","NTT-Deskside Services-CampbellRiver-Staffed","Laptop","Dell LATITUDE 7450 V4",""
"PC025646","HSS-8098653","MZ03G4WL","VIHA-CRG-Campbell River General Hospital-Main Building-2nd Floor","Campbell River","Main Building","CR2141","2","ISLHTRP20260518-070","06/30/2030","Operational","08/13/2026","","","General Rounding","Maternity","NTT-Deskside Services-CampbellRiver-Staffed","Desktop","LENOVO M90q Gen 5 Desktop 512HD",""
"PC025647","HSS-8100311","MZ03FPX3","VIHA-CRG-Campbell River General Hospital-Main Building-2nd Floor","Campbell River","Main Building","CR2141.1","","ISLHTRP20260824-090","","Operational","","","","General Rounding","","NTT-Deskside Services-CampbellRiver-Staffed","Desktop","LENOVO THINKCENTRE M90Q GEN6",""
"PC025647LEG","HSS-8059146","CT05VH3","VIHA-CRG-Campbell River General Hospital-Main Building-2nd Floor","Campbell River","Main Building","CR2141.1","2","VIHATRP20220613-002","11/30/2026","Operational","08/13/2026","","","General Rounding","Maternity","NTT-Deskside Services-CampbellRiver-Staffed","Desktop","Dell OPTIPLEX 7090 MICRO V1",""
"PC025648","HSS-8074891","D201KQ3","VIHA-CRG-Campbell River General Hospital-Main Building-2nd Floor","Campbell River","Main Building","CR2142","2","VIHATRP20230605-024","06/30/2027","Operational","08/13/2026","","","General Rounding","Maternity","NTT-Deskside Services-CampbellRiver-Staffed","Desktop","Dell OPTIPLEX 7000 MICRO V1",""
"PC024238","HSS-8090752","2M67D14","VIHA-CRG-Campbell River General Hospital-Main Building-2nd Floor","Campbell River","Main Building","CR2142","2","VIHATRP20241028-012","12/31/2028","Operational","08/13/2026","","","General Rounding","Maternity","NTT-Deskside Services-CampbellRiver-Staffed","Desktop","Dell OptiPlex Micro Plus 7010 V2",""
"PC025701","HSS-8087506","25S0724","VIHA-CRG-Campbell River General Hospital-Main Building-2nd Floor","Campbell River","Main Building","CR2143 - 2M7","2","VIHATRP20240610-068","07/31/2028","Operational","08/13/2026","","","General Rounding","Maternity","NTT-Deskside Services-CampbellRiver-Staffed","Desktop","Dell OptiPlex Micro Plus 7010 V2",""
"PC024164","HSS-8059162","8W05VH3","VIHA-CRG-Campbell River General Hospital-Main Building-2nd Floor","Campbell River","Main Building","CR2144 - 2M6","2","VIHATRP20220613-018","12/31/2026","Operational","08/13/2026","","","General Rounding","Maternity","NTT-Deskside Services-CampbellRiver-Staffed","Desktop","Dell OPTIPLEX 7090 MICRO V1",""
"PC024224","HSS-8090781","HFFQK44","VIHA-CRG-Campbell River General Hospital-Main Building-2nd Floor","Campbell River","Main Building","CR2145 - 2M5","2","VIHATRP20241028-041","12/31/2028","Operational","08/13/2026","","","General Rounding","Maternity","NTT-Deskside Services-CampbellRiver-Staffed","Desktop","Dell OptiPlex Micro Plus 7020 V1",""
"PC026320","HSS-8090746","5SS4144","VIHA-CRG-Campbell River General Hospital-Main Building-2nd Floor","Campbell River","Main Building","CR2146 - 2M4 CR2147","2","VIHATRP20241028-006","12/31/2028","Operational","08/13/2026","","","General Rounding","Maternity","NTT-Deskside Services-CampbellRiver-Staffed","Desktop","Dell OptiPlex Micro Plus 7020 V1",""
"PC024245","HSS-8026279","5HJWDF3","VIHA-CRG-Campbell River General Hospital-Main Building-2nd Floor","Campbell River","Main Building","CR2147 - 2M3 CR2146","2","VIHATRP20220124-003","05/31/2026","Operational","08/13/2026","","","General Rounding","Maternity","NTT-Deskside Services-CampbellRiver-Staffed","Desktop","Dell OPTIPLEX 7080 MICRO V3",""
"C003078-DUP","C003078","C17628M264-DUP","VIHA-CRG-Campbell River General Hospital-Main Building-2nd Floor","Campbell River","CRG","CR2148","2","","","Operational","","ATTACHED TO CART C003048","","Excluded","","NTT-Deskside Services-CampbellRiver-Staffed","All-in-One","Tangent Q436211","PNU-2"
"PC026332LEG","HSS-8059183","4Z35VH3","VIHA-CRG-Campbell River General Hospital-Main Building-2nd Floor","Campbell River","Main Building","CR2148 - 2M2 - CR2143","2","VIHATRP20220613-039","10/31/2026","Operational","08/13/2026","","","General Rounding","Maternity","NTT-Deskside Services-CampbellRiver-Staffed","Desktop","Dell OPTIPLEX 7090 MICRO V1",""
"PC024253","HSS-8099469","MZ03FQ8R","VIHA-CRG-Campbell River General Hospital-Main Building-2nd Floor","Campbell River","Main Building","CR2149 - 2M1","2","ISLHTRP20260706-076","","Operational","08/13/2026","","","General Rounding","Maternity","NTT-Deskside Services-CampbellRiver-Staffed","Desktop","LENOVO THINKCENTRE M90Q GEN6",""
"PC024148","HSS-8100319","MZ03FPZ4","VIHA-CRG-Campbell River General Hospital-Main Building-2nd Floor","Campbell River","Main Building","CR2161","","ISLHTRP20260824-098","","Operational","","","","General Rounding","Labour & Delivery","NTT-Deskside Services-CampbellRiver-Staffed","Desktop","LENOVO THINKCENTRE M90Q GEN6",""
"WT63CA8P8N5J2","C003278","8P8N5J2","VIHA-CRG-Campbell River General Hospital-Main Building-2nd Floor","Campbell River","Main Building","CR2161","2","","","Operational","08/13/2026","Spare Thin Client","","General Rounding","Maternity","NTT-Deskside Services-CampbellRiver-Staffed","Thin Client","DELL WYSE 5060 THIN CLIENT",""
"PC024149","HSS-8059185","1045VH3","VIHA-CRG-Campbell River General Hospital-Main Building-2nd Floor","Campbell River","Main Building","CR2161","2","VIHATRP20220613-041","10/31/2026","Operational","08/13/2026","","","General Rounding","Maternity","NTT-Deskside Services-CampbellRiver-Staffed","Desktop","Dell OPTIPLEX 7090 MICRO V1",""
"PC024148LEG","HSS-8059194","9T05VH3","VIHA-CRG-Campbell River General Hospital-Main Building-2nd Floor","Campbell River","Main Building","CR2161","2","VIHATRP20220613-050","11/30/2026","Operational","08/13/2026","","","General Rounding","Maternity","NTT-Deskside Services-CampbellRiver-Staffed","Desktop","Dell OPTIPLEX 7090 MICRO V1",""
"PC024062","HSS-8097844","MZ034L7E","VIHA-CRG-Campbell River General Hospital-Main Building-2nd Floor","Campbell River","Main Building","CR2161","2","ISLHTRP20260302-030","04/30/2030","Operational","08/13/2026","","","General Rounding","Maternity","NTT-Deskside Services-CampbellRiver-Staffed","Desktop","LENOVO M90q Gen 5 Desktop 512HD",""
"PC025649","HSS-8085612","6F94X04","VIHA-CRG-Campbell River General Hospital-Main Building-2nd Floor","Campbell River","Main Building","CR2161  Cuddles PC","2","VIHATRP20240415-075","05/31/2028","Operational","08/13/2026","","","General Rounding","Maternity","NTT-Deskside Services-CampbellRiver-Staffed","Desktop","Dell OptiPlex Micro Plus 7010 V2",""
"LD021099","HSS-8066828","FHF3NN3","VIHA-CRG-Campbell River General Hospital-Main Building-2nd Floor","Campbell River","Main Building","CR2165","2","VIHATRP20220926-038","01/31/2027","Operational","07/30/2026","","","General Rounding","Pharmacy","NTT-Deskside Services-CampbellRiver-Staffed","Laptop","Dell LATITUDE 7420 V3",""
"PC025651","HSS-8085618","D464X04","VIHA-CRG-Campbell River General Hospital-Main Building-2nd Floor","Campbell River","Main Building","CR2168","2","VIHATRP20240415-081","05/31/2028","Operational","08/13/2026","","","General Rounding","LDRP","NTT-Deskside Services-CampbellRiver-Staffed","Desktop","Dell OptiPlex Micro Plus 7010 V2",""
"LD031979","HSS-8099462","SD006J7A","VIHA-CRG-Campbell River General Hospital-Main Building-2nd Floor","Campbell River","Main Building","CR2168","2","ISLHTRP20260706-069","07/31/2030","Operational","08/13/2026","","","General Rounding","Maternity","NTT-Deskside Services-CampbellRiver-Staffed","Laptop","LENOVO THINKPAD T14 GEN6 NT FPR 2x1",""
"PC024150","HSS-8059180","1T05VH3","VIHA-CRG-Campbell River General Hospital-Main Building-2nd Floor","Campbell River","Main Building","CR2170 - Maternity - Med Rm","2","VIHATRP20220613-036","10/31/2026","Operational","04/29/2026","","","Excluded","Maternity","NTT-Deskside Services-CampbellRiver-Staffed","Desktop","Dell OPTIPLEX 7090 MICRO V1",""
"AO800122","HSS-8096402","C25207M228","VIHA-CRG-Campbell River General Hospital-Main Building-2nd Floor","Campbell River","Main Building","CR2171","2","ISLHTRP20251103-019","09/30/2029","Operational","08/13/2026","","","Mobile Cart","Maternity","NTT-Deskside Services-CampbellRiver-Staffed","All-in-One","TANGENT MEDIX 22B V20",""
"AO800130","HSS-8097303","C25318M149","VIHA-CRG-Campbell River General Hospital-Main Building-2nd Floor","Campbell River","Main Building","CR2172","2","ISLHTRP20260126-106","01/31/2030","Operational","08/13/2026","","","Mobile Cart","Maternity","NTT-Deskside Services-CampbellRiver-Staffed","All-in-One","TANGENT MEDIX 22B V20",""
"PC025653LEG","HSS-8059147","1Y05VH3","VIHA-CRG-Campbell River General Hospital-Main Building-2nd Floor","Campbell River","Main Building","CR2172","2","VIHATRP20220613-003","11/30/2026","Operational","08/13/2026","","","General Rounding","Maternity","NTT-Deskside Services-CampbellRiver-Staffed","Desktop","Dell OPTIPLEX 7090 MICRO V1",""
"PC025652","HSS-8059181","2Y05VH3","VIHA-CRG-Campbell River General Hospital-Main Building-2nd Floor","Campbell River","Main Building","CR2172","2","VIHATRP20220613-037","10/31/2026","Operational","08/13/2026","","","General Rounding","Maternity","NTT-Deskside Services-CampbellRiver-Staffed","Desktop","Dell OPTIPLEX 7090 MICRO V1",""
"PC025653","HSS-8100316","MZ03FQ21","VIHA-CRG-Campbell River General Hospital-Main Building-2nd Floor","Campbell River","Main Building","CR2172","","ISLHTRP20260824-095","","Operational","","","","General Rounding","","NTT-Deskside Services-CampbellRiver-Staffed","Desktop","LENOVO THINKCENTRE M90Q GEN6",""
"PC024151","HSS-8068905","95KQQN3","VIHA-CRG-Campbell River General Hospital-Main Building-2nd Floor","Campbell River","Main Building","CR2172   CRG724  CRG_CRITICAL","2","VIHATRP20221121-032","01/31/2027","Operational","08/13/2026","Please NOTE that the following software applications are incompatible with the Cerner 724 Downtime application:
-Downtime Patient Index (DTPI)
-Dragon Medical One Extensions (DMO)
-Imprivata OneSign Software/Card Reader (Tap In/Out)
-Inteleviewer (Medical Imaging)

If the software is requested to be installed, the Incident or Request should be assigned to the ""VIHA-Client Experience"" assignment group so the request can be evaluated.","","Critical Clinical","Maternity","NTT-Deskside Services-CampbellRiver-Staffed","Desktop","Dell OPTIPLEX 7000 MICRO V1",""
"AO800072","HSS-8096138","C25122M026","VIHA-CRG-Campbell River General Hospital-Main Building-2nd Floor","Campbell River","Main Building","CR2172 - Maternity","2","ISLHTRP100625-016","05/31/2029","Operational","08/13/2026","","","Mobile Cart","Maternity","NTT-Deskside Services-CampbellRiver-Staffed","All-in-One","TANGENT MEDIX 22B V20",""
"C003153","C003153","63CAGYXD5J2","VIHA-CRG-Campbell River General Hospital-Main Building-2nd Floor","Campbell River","Main Building","CR2172 - Whiteboard","2","","","Operational","08/13/2026","847BEBEDA54A - CRMBCCM","","General Rounding","Maternity","NTT-Deskside Services-CampbellRiver-Staffed","Thin Client","DELL 0H0C1T","Dell Wyse 5060 Thin Client Wireless"
"PC025659","HSS-8085594","9764X04","VIHA-CRG-Campbell River General Hospital-Main Building-2nd Floor","Campbell River","Main Building","CR2176","2","VIHATRP20240415-058","05/31/2028","Operational","08/13/2026","","","General Rounding","Maternity","NTT-Deskside Services-CampbellRiver-Staffed","Desktop","Dell OptiPlex Micro Plus 7010 V2",""
"PC025657","HSS-8100310","MZ03FQ13","VIHA-CRG-Campbell River General Hospital-Main Building-2nd Floor","Campbell River","Main Building","CR2177","","ISLHTRP20260824-089","","Operational","","","","General Rounding","","NTT-Deskside Services-CampbellRiver-Staffed","Desktop","LENOVO THINKCENTRE M90Q GEN6",""
"PC025656","HSS-8026134","5GKVDF3","VIHA-CRG-Campbell River General Hospital-Main Building-2nd Floor","Campbell River","Main Building","CR2177","2","VIHATRP20220110-012","06/30/2026","Operational","08/13/2026","","","General Rounding","Maternity","NTT-Deskside Services-CampbellRiver-Staffed","Desktop","Dell OPTIPLEX 7080 MICRO V3",""
"PC025657LEG","HSS-8059151","7S05VH3","VIHA-CRG-Campbell River General Hospital-Main Building-2nd Floor","Campbell River","Main Building","CR2177","2","VIHATRP20220613-007","11/30/2026","Operational","08/13/2026","","","General Rounding","Maternity","NTT-Deskside Services-CampbellRiver-Staffed","Desktop","Dell OPTIPLEX 7090 MICRO V1",""
"AO800067","HSS-8097850","C25318M189","VIHA-CRG-Campbell River General Hospital-Main Building-2nd Floor","Campbell River","Main Building","CR2178","2","ISLHTRP20260302-036","01/31/2030","Operational","08/13/2026","","","Mobile Cart","Maternity","NTT-Deskside Services-CampbellRiver-Staffed","All-in-One","TANGENT MEDIX 22B V20",""
"AO800053","HSS-8096145","C25123M159","VIHA-CRG-Campbell River General Hospital-Main Building-2nd Floor","Campbell River","Main Building","CR2178","2","ISLHTRP100625-023","09/30/2029","Operational","08/13/2026","","","Mobile Cart","Maternity","NTT-Deskside Services-CampbellRiver-Staffed","All-in-One","TANGENT MEDIX 22B V20",""
"PC025658","HSS-8074889","4401KQ3","VIHA-CRG-Campbell River General Hospital-Main Building-2nd Floor","Campbell River","Main Building","CR2178","2","VIHATRP20230605-022","06/30/2027","Operational","08/13/2026","","","General Rounding","Maternity","NTT-Deskside Services-CampbellRiver-Staffed","Desktop","Dell OPTIPLEX 7000 MICRO V1",""
"WT_63CAGZ8D5J2","C003154","GZ8D5J2","VIHA-CRG-Campbell River General Hospital-Main Building-2nd Floor","Campbell River","Main Building","CR2179","2","","","Operational","08/13/2026","847BEBEDA4DA - CRPedsSTR","","General Rounding","Maternity","NTT-Deskside Services-CampbellRiver-Staffed","Thin Client","DELL WYSE 5060 THIN CLIENT","Dell Wyse 5060 Thin Client Wireless"
"PC065068","HSS-8090757","GXG6D14","VIHA-CRG-Campbell River General Hospital-Main Building-2nd Floor","Campbell River","Main Building","CR2179","2","VIHATRP20241028-017","12/31/2028","Operational","08/13/2026","","","General Rounding","Maternity","NTT-Deskside Services-CampbellRiver-Staffed","Desktop","Dell OptiPlex Micro Plus 7010 V2",""
"WT_63CAGZ1H5J2","C003152","GZ1H5J2","VIHA-CRG-Campbell River General Hospital-Main Building-2nd Floor","Campbell River","Main Building","CR2179","2","","","Operational","08/13/2026","847BEBEDA5D4 - CRPNUSTR","","General Rounding","Maternity","NTT-Deskside Services-CampbellRiver-Staffed","Thin Client","DELL WYSE 5060 THIN CLIENT","Dell Wyse 5060 Thin Client Wireless"
"PC025654LEG","HSS-8064825","5GW2XP3","VIHA-CRG-Campbell River General Hospital-Main Building-2nd Floor","Campbell River","Main Building","CR2179 CRG724  CRG_CRITICAL","2","VIHATRP20220711-026","11/30/2026","Operational","08/13/2026","Please NOTE that the following software applications are incompatible with the Cerner 724 Downtime application:
-Downtime Patient Index (DTPI)
-Dragon Medical One Extensions (DMO)
-Imprivata OneSign Software/Card Reader (Tap In/Out)
-Inteleviewer (Medical Imaging)

If the software is requested to be installed, the Incident or Request should be assigned to the ""VIHA-Client Experience"" assignment group so the request can be evaluated.","CR2175 - Collaborative Center - Business Centre
Location: Control room at the OR","Critical Clinical","Maternity","NTT-Deskside Services-CampbellRiver-Staffed","Desktop","Dell OPTIPLEX 7000 MICRO V1",""
"PC025654","HSS-8100307","MZ03FQ0N","VIHA-CRG-Campbell River General Hospital-Main Building-2nd Floor","Campbell River","Main Building","CR2179 CRG724 CRG_CRITICAL","2nd","ISLHTRP20260824-086","","Operational","","","CR2175 - Collaborative Center - Business Centre
Location: Control room at the OR","Critical Clinical","Maternity","NTT-Deskside Services-CampbellRiver-Staffed","Desktop","LENOVO THINKCENTRE M90Q GEN6",""
"LD059540","HSS-8096980","PF5G4KVJ","VIHA-CRG-Campbell River General Hospital-Main Building-2nd Floor","Campbell River","CRG","CR21xx CR22xx","2","ISLHTRP20260105-047","09/30/2029","Operational","06/05/2026","","","General Rounding","ICU/telemetry","NTT-Deskside Services-CampbellRiver-Staffed","Laptop","LENOVO THINKPAD T14",""
"AO800076","HSS-8098136","C25318M196","VIHA-CRG-Campbell River General Hospital-Main Building-2nd Floor","Campbell River","Main Building","CR2200 - Telemetry CR2300 ICU","2","ISLHTRP20260323-041","01/31/2030","Operational","08/12/2026","","","Mobile Cart","ICU","NTT-Deskside Services-CampbellRiver-Staffed","All-in-One","TANGENT MEDIX 22B V20",""
"AO005468","HSS-8097295","C25318M115","VIHA-CRG-Campbell River General Hospital-Main Building-2nd Floor","Campbell River","Main Building","CR2200 / CR2324","2","ISLHTRP20260126-098","01/31/2030","Operational","08/12/2026","","Maternity","Mobile Cart","Telemetry","NTT-Deskside Services-CampbellRiver-Staffed","All-in-One","TANGENT MEDIX 22B V20","HSS-1046409
C22305M168 
AO005468
Medix T22B AiO 3517U"
"AO800121","HSS-8096387","C25123M171","VIHA-CRG-Campbell River General Hospital-Main Building-2nd Floor","Campbell River","Main Building","CR2200 CR2300 ICU","2","ISLHTRP20251103-003","09/30/2029","Operational","08/12/2026","","","Mobile Cart","Intensive Care Unit","NTT-Deskside Services-CampbellRiver-Staffed","All-in-One","TANGENT MEDIX 22B V20",""
"PC025681","HSS-8059190","CW05VH3","VIHA-CRG-Campbell River General Hospital-Main Building-2nd Floor","Campbell River","Main Building","CR2224","2","VIHATRP20220613-046","10/31/2026","Operational","08/12/2026","","","General Rounding","Telemetry","NTT-Deskside Services-CampbellRiver-Staffed","Desktop","Dell OPTIPLEX 7090 MICRO V1",""
"PC106775","HSS-1110710","8JFCQ54","VIHA-CRG-Campbell River General Hospital-Main Building-2nd Floor","Campbell River","Main Building","CR2224","2","REQ1677889-RITM1770775-SCTASK2878831","03/31/2029","Operational","08/12/2026","","","General Rounding","Telemetry","NTT-Deskside Services-CampbellRiver-Staffed","Desktop","Dell OptiPlex Micro Plus 7020 V1",""
"PC025661","HSS-8059145","1ZZ6VH3","VIHA-CRG-Campbell River General Hospital-Main Building-2nd Floor","Campbell River","Main Building","CR2224","2","VIHATRP20220613-001","11/30/2026","Operational","08/12/2026","","","General Rounding","Telemetry","NTT-Deskside Services-CampbellRiver-Staffed","Desktop","Dell OPTIPLEX 7090 MICRO V1",""
"PC025660","HSS-8059165","B2Q4VH3","VIHA-CRG-Campbell River General Hospital-Main Building-2nd Floor","Campbell River","Main Building","CR2224","2","VIHATRP20220613-021","12/31/2026","Operational","08/12/2026","","","General Rounding","Telemetry","NTT-Deskside Services-CampbellRiver-Staffed","Desktop","Dell OPTIPLEX 7090 MICRO V1",""
"PC107826","HSS-8069796","9FY4XP3","VIHA-CRG-Campbell River General Hospital","Campbell River","CRG","CR2224","2","REQ2154031-RITM2275923-SCTASK3641983","01/31/2027","Operational","08/12/2026","","","General Rounding","Telemetery","NTT-Deskside Services-CampbellRiver-Staffed","Desktop","Dell OPTIPLEX 7000 MICRO V1","28May2026 - Installed via RITM2275923"
"PC024152","HSS-8059184","8S05VH3","VIHA-CRG-Campbell River General Hospital-Main Building-2nd Floor","Campbell River","Main Building","CR2224","2","VIHATRP20220613-040","10/31/2026","Operational","08/12/2026","Please NOTE that the following software applications are incompatible with the Cerner 724 Downtime application:
-Downtime Patient Index (DTPI)
-Dragon Medical One Extensions (DMO)
-Imprivata OneSign Software/Card Reader (Tap In/Out)
-Inteleviewer (Medical Imaging)

If the software is requested to be installed, the Incident or Request should be assigned to the ""VIHA-Client Experience"" assignment group so the request can be evaluated.","CR2224 - Professional Support Facilities - Collaboration Area/Communication Zone - Workstation, Care Team/Care Hub","Critical Clinical","Telemetry","NTT-Deskside Services-CampbellRiver-Staffed","Desktop","Dell OPTIPLEX 7090 MICRO V1",""
"WT_63CAGYYF5J2","C003156","63CAGYYF5J2","VIHA-CRG-Campbell River General Hospital-Main Building-2nd Floor","Campbell River","Main Building","CR2224 - Telemetry","2","","","Operational","08/12/2026","847BEBEDA53D - CRTeleCCM","","General Rounding","Telemetry","NTT-Deskside Services-CampbellRiver-Staffed","Thin Client","DELL WYSE 5060 THIN CLIENT","Dell Wyse 5060 Thin Client Wireless"
"AO800096","HSS-8096146","C25122M029","VIHA-CRG-Campbell River General Hospital-Main Building-2nd Floor","Campbell River","Main Building","CR2225 - Telemetry","2","ISLHTRP100625-024","05/31/2029","Operational","08/12/2026","","","Mobile Cart","Telemetry","NTT-Deskside Services-CampbellRiver-Staffed","All-in-One","TANGENT MEDIX 22B V20",""
"PC025662","HSS-8091382","FRMQK44","VIHA-CRG-Campbell River General Hospital-Main Building-2nd Floor","Campbell River","Main Building","CR2225 - Telemetry","2","VIHATRP20241125-036","01/31/2029","Operational","08/12/2026","","","General Rounding","Telemetry","NTT-Deskside Services-CampbellRiver-Staffed","Desktop","Dell OptiPlex Micro Plus 7020 V1",""
"AO800064","HSS-8098137","C25318M183","VIHA-CRG-Campbell River General Hospital-Main Building-2nd Floor","Campbell River","Main Building","CR2225 - Telemetry","2","ISLHTRP20260323-042","01/31/2030","Operational","08/12/2026","","","Mobile Cart","Telemetry","NTT-Deskside Services-CampbellRiver-Staffed","All-in-One","TANGENT MEDIX 22B V20",""
"LD024490","HSS-8097848","PF5WWT4N","VIHA-CRG-Campbell River General Hospital-Main Building-2nd Floor","Campbell River","Main Building","CR2226","2","ISLHTRP20260302-034","04/30/2030","Operational","08/12/2026","","","General Rounding","Telemetry","NTT-Deskside Services-CampbellRiver-Staffed","Laptop","LENOVO THINKPAD T14 GEN6",""
"AO800127","HSS-8096392","C25207M241","VIHA-CRG-Campbell River General Hospital-Main Building-2nd Floor","Campbell River","Main Building","CR2300 - ICU","2","ISLHTRP20251103-008","09/30/2029","Operational","08/12/2026","","","Mobile Cart","Intensive Care Unit","NTT-Deskside Services-CampbellRiver-Staffed","All-in-One","TANGENT MEDIX 22B V20",""
"LD024488","HSS-8094252","GCHJX64","VIHA-CRG-Campbell River General Hospital-Main Building-2nd Floor","Campbell River","Main Building","CR2321","2","ISLHTRP20250707-146","03/31/2029","Operational","08/12/2026","","","General Rounding","Intensive Care Unit","NTT-Deskside Services-CampbellRiver-Staffed","Laptop","Dell LATITUDE 7450 V4",""
"LD024276","HSS-8094942","1FTN774","VIHA-CRG-Campbell River General Hospital-Main Building-2nd Floor","Campbell River","Main Building","CR2321 - ICU","2","ISLHTRP20250818-008","09/30/2029","Operational","08/12/2026","","","General Rounding","Intensive Care Unit","NTT-Deskside Services-CampbellRiver-Staffed","Laptop","Dell LATITUDE 7450 V4",""
"LD091762","HSS-1049969","2SS3WH3","VIHA-CRG-Campbell River General Hospital-Main Building-2nd Floor","Campbell River","Main Building","CR2322 - Cabinet / Craig's laptop","2","REQ1641657-RITM1732510-SCTASK2779879","12/31/2028","Operational","06/05/2026","","","General Rounding","Intensive Care Unit","NTT-Deskside Services-CampbellRiver-Staffed","Laptop","Dell LATITUDE 7450 V4",""
"PC025669","HSS-8090782","FBFQK44","VIHA-CRG-Campbell River General Hospital-Main Building-2nd Floor","Campbell River","Main Building","CR2322 - ICU Collaboration","2","VIHATRP20241028-042","12/31/2028","Operational","08/12/2026","","","General Rounding","Intensive Care Unit","NTT-Deskside Services-CampbellRiver-Staffed","Desktop","Dell OptiPlex Micro Plus 7020 V1",""
"AO800137","HSS-8096144","C25123M165","VIHA-CRG-Campbell River General Hospital-Main Building-2nd Floor","Campbell River","Main Building","CR2324","2","ISLHTRP100625-022","09/30/2029","Operational","08/12/2026","","","Mobile Cart","Intensive Care Unit","NTT-Deskside Services-CampbellRiver-Staffed","All-in-One","TANGENT MEDIX 22B V20",""
"LD067022","HSS-1044937","60P4SV3","VIHA-CRG-Campbell River General Hospital-Main Building-2nd Floor","Campbell River","Main Building","CR2324","2","REQ1165851-RITM1227632-SCTASK1972552","01/31/2028","Operational","08/12/2026","","","General Rounding","Intensive Care Unit","NTT-Deskside Services-CampbellRiver-Staffed","Laptop","DELL LATITUDE 7440 V2",""
"PC025668","HSS-8090744","DPX4L44","VIHA-CRG-Campbell River General Hospital-Main Building-2nd Floor","Campbell River","Main Building","CR2324 - ICU","2","VIHATRP20241028-004","12/31/2028","Operational","08/12/2026","","","General Rounding","Intensive Care Unit","NTT-Deskside Services-CampbellRiver-Staffed","Desktop","Dell OptiPlex Micro Plus 7020 V1",""
"AO400573","HSS-8099496","C25A01M219","VIHA-CRG-Campbell River General Hospital-Main Building-2nd Floor","Campbell River","Main Building","CR2324 - ICU Collaboration","2","ISLHTRP20260706-103","03/31/2030","Operational","08/12/2026","","","Mobile Cart","Intensive Care Unit","NTT-Deskside Services-CampbellRiver-Staffed","All-in-One","TANGENT MEDIX 22B V19",""
"PC024153","HSS-8090742","1VS4144","VIHA-CRG-Campbell River General Hospital-Main Building-2nd Floor","Campbell River","Main Building","CR2328 - ICU- Med Rm","2","VIHATRP20241028-002","12/31/2028","Operational","04/28/2026","","","Excluded","Intensive Care Unit","NTT-Deskside Services-CampbellRiver-Staffed","Desktop","Dell OptiPlex Micro Plus 7020 V1",""
"PC025671","HSS-8090755","D4L6D14","VIHA-CRG-Campbell River General Hospital-Main Building-2nd Floor","Campbell River","Main Building","CR2329 - ICU","2","VIHATRP20241028-015","12/31/2028","Operational","08/12/2026","","","General Rounding","Intensive Care Unit","NTT-Deskside Services-CampbellRiver-Staffed","Desktop","Dell OptiPlex Micro Plus 7010 V2",""
"PC025673","HSS-8059148","GT05VH3","VIHA-CRG-Campbell River General Hospital-Main Building-2nd Floor","Campbell River","Main Building","CR2330","2","VIHATRP20220613-004","11/30/2026","Operational","08/12/2026","","","General Rounding","Intensive Care Unit","NTT-Deskside Services-CampbellRiver-Staffed","Desktop","Dell OPTIPLEX 7090 MICRO V1",""
"PC025672","HSS-8087503","B4S0724","VIHA-CRG-Campbell River General Hospital-Main Building-2nd Floor","Campbell River","Main Building","CR2330","2","VIHATRP20240610-065","07/31/2028","Operational","08/12/2026","","","General Rounding","Intensive Care Unit","NTT-Deskside Services-CampbellRiver-Staffed","Desktop","Dell OptiPlex Micro Plus 7010 V2",""
"PC025667","HSS-8090754","4F8QF24","VIHA-CRG-Campbell River General Hospital-Main Building-2nd Floor","Campbell River","Main Building","CR2330","2","VIHATRP20241028-014","12/31/2028","Operational","08/12/2026","","","Critical Clinical","Intensive Care Unit","NTT-Deskside Services-CampbellRiver-Staffed","Desktop","Dell OptiPlex Micro Plus 7010 V2",""
"PC024154","HSS-8026135","562ZDF3","VIHA-CRG-Campbell River General Hospital-Main Building-2nd Floor","Campbell River","Main Building","CR2330  CRG724  CRG_CRITCAL","2","VIHATRP20220110-013","06/30/2026","Operational","08/12/2026","Please NOTE that the following software applications are incompatible with the Cerner 724 Downtime application:
-Downtime Patient Index (DTPI)
-Dragon Medical One Extensions (DMO)
-Imprivata OneSign Software/Card Reader (Tap In/Out)
-Inteleviewer (Medical Imaging)

If the software is requested to be installed, the Incident or Request should be assigned to the ""VIHA-Client Experience"" assignment group so the request can be evaluated.","CR2330 - Workstation Care Hub - Workstation, Care Hub/Care Team (ICU)","Critical Clinical","Intensive Care Unit","NTT-Deskside Services-CampbellRiver-Staffed","Desktop","Dell OPTIPLEX 7080 MICRO V3",""
"PC024155","HSS-8066606","DPV4XP3","VIHA-CRG-Campbell River General Hospital-Main Building-2nd Floor","Campbell River","Main Building","CR2331","2","VIHATRP20220919-054","01/31/2027","Operational","08/12/2026","","","General Rounding","Intensive Care Unit","NTT-Deskside Services-CampbellRiver-Staffed","Desktop","Dell OPTIPLEX 7000 MICRO V1",""
"C003157","C003157","GZQG5J2","VIHA-CRG-Campbell River General Hospital-Main Building-2nd Floor","Campbell River","Main Building","CR2331 - ICU","2","","","Operational","08/12/2026","","","General Rounding","Intensive Care Unit","NTT-Deskside Services-CampbellRiver-Staffed","Thin Client","DELL WYSE 5060 THIN CLIENT",""
"PC026309","HSS-8090784","5GFQK44","VIHA-CRG-Campbell River General Hospital-Main Building-2nd Floor","Campbell River","Main Building","CR2331 - ICU","2","VIHATRP20241028-044","12/31/2028","Operational","08/12/2026","","","General Rounding","Intensive Care Unit","NTT-Deskside Services-CampbellRiver-Staffed","Desktop","Dell OptiPlex Micro Plus 7020 V1",""
"PC025664","HSS-8059149","HV05VH3","VIHA-CRG-Campbell River General Hospital-Main Building-2nd Floor","Campbell River","Main Building","CR2332","2","VIHATRP20220613-005","11/30/2026","Operational","08/12/2026","","","General Rounding","Intensive Care Unit","NTT-Deskside Services-CampbellRiver-Staffed","Desktop","Dell OPTIPLEX 7090 MICRO V1",""
"PC024156","HSS-8090748","JFS5724","VIHA-CRG-Campbell River General Hospital-Main Building-2nd Floor","Campbell River","Main Building","CR2332 - ICU","2","VIHATRP20241028-008","12/31/2028","Operational","08/12/2026","","","General Rounding","Intensive Care Unit","NTT-Deskside Services-CampbellRiver-Staffed","Desktop","Dell OptiPlex Micro Plus 7010 V2",""
"PC024157","HSS-8059182","1X05VH3","VIHA-CRG-Campbell River General Hospital-Main Building-2nd Floor","Campbell River","Main Building","CR2335","2","VIHATRP20220613-038","10/31/2026","Operational","08/12/2026","","","General Rounding","Intensive Care Unit","NTT-Deskside Services-CampbellRiver-Staffed","Desktop","Dell OPTIPLEX 7090 MICRO V1",""
"PC025663","HSS-8090753","2B37D14","VIHA-CRG-Campbell River General Hospital-Main Building-2nd Floor","Campbell River","Main Building","CR2335 - ICU","2","VIHATRP20241028-013","12/31/2028","Operational","08/12/2026","","","General Rounding","Intensive Care Unit","NTT-Deskside Services-CampbellRiver-Staffed","Desktop","Dell OptiPlex Micro Plus 7010 V2",""
"PC025677","HSS-8087500","FBZ0724","VIHA-CRG-Campbell River General Hospital-Main Building-2nd Floor","Campbell River","Main Building","CR2337 - ICU","2","VIHATRP20240610-062","07/31/2028","Operational","08/12/2026","","","General Rounding","Intensive Care Unit","NTT-Deskside Services-CampbellRiver-Staffed","Desktop","Dell OptiPlex Micro Plus 7010 V2",""
"PC024159","HSS-8090743","JRS4144","VIHA-CRG-Campbell River General Hospital-Main Building-2nd Floor","Campbell River","Main Building","CR2401 - OR Booking","2","VIHATRP20241028-003","12/31/2028","Operational","03/06/2025","","","General Rounding","Surgical Services","NTT-Deskside Services-CampbellRiver-Staffed","Desktop","Dell OptiPlex Micro Plus 7020 V1",""
"PC025682","HSS-8090759","JNX4L44","VIHA-CRG-Campbell River General Hospital-Main Building-2nd Floor","Campbell River","Main Building","CR2404 - OR Booking","2","VIHATRP20241028-019","12/31/2028","Operational","01/22/2025","","","General Rounding","Surgical Services","NTT-Deskside Services-CampbellRiver-Staffed","Desktop","Dell OptiPlex Micro Plus 7020 V1",""
"PC025685","HSS-8085608","8364X04","VIHA-CRG-Campbell River General Hospital-Main Building-2nd Floor","Campbell River","Main Building","CR2404 - OR Booking","2nd Floor","VIHATRP20240415-071","05/31/2028","Operational","01/22/2025","","","General Rounding","Operating Room","NTT-Deskside Services-CampbellRiver-Staffed","Desktop","Dell OptiPlex Micro Plus 7010 V2",""
"PC025680","HSS-8090770","G6BQK44","VIHA-CRG-Campbell River General Hospital-Main Building-2nd Floor","Campbell River","Main Building","CR2404 - OR Booking","2","VIHATRP20241028-030","12/31/2028","Operational","01/22/2025","","","General Rounding","Surgical Services","NTT-Deskside Services-CampbellRiver-Staffed","Desktop","Dell OptiPlex Micro Plus 7020 V1",""
"PC025554","HSS-8098655","MZ03G4WP","VIHA-CRG-Campbell River General Hospital-Main Building-2nd Floor","Campbell River","Main Building","CR2404 - OR Booking","","ISLHTRP20260518-072","06/30/2030","Operational","","","","General Rounding","OR Booking","NTT-Deskside Services-CampbellRiver-Staffed","Desktop","LENOVO M90q Gen 5 Desktop 512HD",""
"PC061579","HSS-8090785","D9FQK44","VIHA-CRG-Campbell River General Hospital-Main Building-2nd Floor","Campbell River","Main Building","CR2404 - OR Booking","2","VIHATRP20241028-045","12/31/2028","Operational","01/22/2025","","","General Rounding","Surgical Services","NTT-Deskside Services-CampbellRiver-Staffed","Desktop","Dell OptiPlex Micro Plus 7020 V1",""
"PC025683","HSS-8098657","MZ03G4WF","VIHA-CRG-Campbell River General Hospital-Main Building-2nd Floor","Campbell River","Main Building","CR2404 - OR Booking","","ISLHTRP20260518-074","06/30/2030","Operational","","","","General Rounding","Surgical servies","NTT-Deskside Services-CampbellRiver-Staffed","Desktop","LENOVO M90q Gen 5 Desktop 512HD",""
"PC025679","HSS-8087493","J4S0724","VIHA-CRG-Campbell River General Hospital-Main Building-2nd Floor","Campbell River","Main Building","CR2404 - OR Booking","2","VIHATRP20240610-055","07/31/2028","Operational","01/22/2025","","","General Rounding","Surgical Services","NTT-Deskside Services-CampbellRiver-Staffed","Desktop","Dell OptiPlex Micro Plus 7010 V2",""
"PC025684","HSS-8090756","F746724","VIHA-CRG-Campbell River General Hospital-Main Building-2nd Floor","Campbell River","Diagnostic & Treatment","CR2404 - OR Booking","1st Floor","VIHATRP20241028-016","12/31/2028","Operational","10/20/2025","","","General Rounding","CRG Clinical Site Operations","NTT-Deskside Services-CampbellRiver-Staffed","Desktop","Dell OptiPlex Micro Plus 7010 V2",""
"LD100011","HSS-1038221","BG4D3J3","VIHA-CRG-Campbell River General Hospital-Main Building-2nd Floor","Campbell River","Main Building","CR2404 - WFH","2","REQ0704762-RITM0740378-SCTASK1163702","12/31/2026","Operational","02/09/2023","","Work from home bundle","Excluded","Surgical Services","NTT-Deskside Services-CampbellRiver-Staffed","Laptop","Dell LATITUDE 7420 V3","Work from home bundle"
"PC025686","HSS-8087490","14S0724","VIHA-CRG-Campbell River General Hospital-Main Building-2nd Floor","Campbell River","Main Building","CR2406 - OR Booking","2nd Floor","VIHATRP20240610-052","07/31/2028","Operational","01/22/2025","","","General Rounding","CRG Perioperative Intervention","NTT-Deskside Services-CampbellRiver-Staffed","Desktop","Dell OptiPlex Micro Plus 7010 V2",""
"PC025687","HSS-8098656","MZ03G4WE","VIHA-CRG-Campbell River General Hospital-Main Building-2nd Floor","Campbell River","Main Building","CR2407 - OR Booking","","ISLHTRP20260518-073","06/30/2030","Operational","","","","General Rounding","","NTT-Deskside Services-CampbellRiver-Staffed","Desktop","LENOVO M90q Gen 5 Desktop 512HD",""
"PC025688","HSS-8085611","6664X04","VIHA-CRG-Campbell River General Hospital-Main Building-2nd Floor","Campbell River","Main Building","CR2408 - OR Booking","2","VIHATRP20240415-074","05/31/2028","Operational","01/22/2025","","","General Rounding","Surgical Services","NTT-Deskside Services-CampbellRiver-Staffed","Desktop","Dell OptiPlex Micro Plus 7010 V2",""
"PC025689","HSS-8085620","GPD4X04","VIHA-CRG-Campbell River General Hospital-Main Building-2nd Floor","Campbell River","Main Building","CR2409 - OR Booking","2nd Floor","VIHATRP20240415-083","05/31/2028","Operational","01/22/2025","","","General Rounding","Pre-Admission Clinic","NTT-Deskside Services-CampbellRiver-Staffed","Desktop","Dell OptiPlex Micro Plus 7010 V2",""
"LD024277","HSS-8096408","PF5SRH5F","VIHA-CRG-Campbell River General Hospital-Main Building-2nd Floor","Campbell River","Main Building","CR2420","2","ISLHTRP20251103-011","12/31/2029","Operational","","","","General Rounding","Surgical Services Manager Office","NTT-Deskside Services-CampbellRiver-Staffed","Laptop","LENOVO THINKPAD T14",""
"LD066403","HSS-8082824","6Q6B9W3","VIHA-CRG-Campbell River General Hospital-Main Building-2nd Floor","Campbell River","Main Building","CR2503","2","VIHATRP20240129-016","02/29/2028","Operational","12/05/2025","","","General Rounding","Biomed","NTT-Deskside Services-CampbellRiver-Staffed","Laptop","DELL LATITUDE 7440 V2","Deployed to CRG Biomed- RITM2068221"
"LD091591","HSS-1048603","GD83WH3","VIHA-CRG-Campbell River General Hospital-Main Building-2nd Floor","Campbell River","","CR2503","2nd Floor","REQ1529008-RITM1613081-SCTASK2606693","12/31/2028","Operational","12/04/2024","","","General Rounding","Biomedical Engineering","NTT-Deskside Services-CampbellRiver-Staffed","Laptop","Dell LATITUDE 7450 V4",""
"LD024505","HSS-8094945","GCHQ774","VIHA-CRG-Campbell River General Hospital-Main Building-2nd Floor","Campbell River","Main Building","CR2503","2","ISLHTRP20250818-013","09/30/2029","Operational","12/05/2025","","","General Rounding","BIOMed","NTT-Deskside Services-CampbellRiver-Staffed","Laptop","Dell LATITUDE 7450 V4",""
"LD105963","HSS-1036448","9LG7NN3","VIHA-CRG-Campbell River General Hospital-Main Building-2nd Floor","Campbell River","Main Building","CR2503","2","REQ1915891-RITM2022134-SCTASK3265710","10/31/2026","Operational","02/26/2026","Deployed to CRG BIOMed CR2503 -RITM2022134 - Oct.27,2025","","General Rounding","Biomedical Engineering","NTT-Deskside Services-CampbellRiver-Staffed","Laptop","Dell LATITUDE 7420 V3",""
"LD024503","HSS-8087492","JRTSCW3","VIHA-CRG-Campbell River General Hospital-Main Building-2nd Floor","Campbell River","Main Building","CR2503  Biomed","2","VIHATRP20240610-054","07/31/2028","Operational","01/28/2026","","","General Rounding","CI/NI Biomedical Engineering","NTT-Deskside Services-CampbellRiver-Staffed","Laptop","Dell LATITUDE 7440 V7",""
"PC026327","HSS-8072891","2LL3KQ3","VIHA-CRG-Campbell River General Hospital-Main Building-2nd Floor","Campbell River","Main Building","CR2601 - Doctor Residence - Restricted Access","2","VIHATRP20230313-017","05/31/2027","Operational","12/24/2024","","","General Rounding","Central Medical Staff/UBC Facilities","NTT-Deskside Services-CampbellRiver-Staffed","Desktop","Dell OPTIPLEX 7000 MICRO V1",""
"PC026328","HSS-8059176","7QX4VH3","VIHA-CRG-Campbell River General Hospital-Main Building-2nd Floor","Campbell River","Main Building","CR2602  - Doctor Residence - Restricted Access","2","VIHATRP20220613-032","10/31/2026","Operational","12/24/2024","","","General Rounding","Central Medical Staff/UBC Facilities","NTT-Deskside Services-CampbellRiver-Staffed","Desktop","Dell OPTIPLEX 7090 MICRO V1",""
"PC026329","HSS-8072889","1YP3KQ3","VIHA-CRG-Campbell River General Hospital-Main Building-2nd Floor","Campbell River","Main Building","CR2603  - Doctor Residence - Restricted Access","2","VIHATRP20230313-015","05/31/2027","Operational","12/24/2024","","","General Rounding","Central Medical Staff/UBC Facilities","NTT-Deskside Services-CampbellRiver-Staffed","Desktop","Dell OPTIPLEX 7000 MICRO V1",""
"PC026330","HSS-8064839","5MR4XP3","VIHA-CRG-Campbell River General Hospital-Main Building-2nd Floor","Campbell River","Main Building","CR2604 - Doctor Residence - Restricted Access","2","VIHATRP20220711-040","11/30/2026","Operational","12/24/2024","","","General Rounding","Central Medical Staff/UBC Facilities","NTT-Deskside Services-CampbellRiver-Staffed","Desktop","Dell OPTIPLEX 7000 MICRO V1",""
"PC026331","HSS-8072890","6VL3KQ3","VIHA-CRG-Campbell River General Hospital-Main Building-2nd Floor","Campbell River","Main Building","CR2606 - Doctor Residence - Restricted Access","2","VIHATRP20230313-016","05/31/2027","Operational","12/24/2024","","","General Rounding","Central Medical Staff/UBC Facilities","NTT-Deskside Services-CampbellRiver-Staffed","Desktop","Dell OPTIPLEX 7000 MICRO V1",""
"PC024165","HSS-8091381","HRMQK44","VIHA-CRG-Campbell River General Hospital-Main Building-2nd Floor","Campbell River","Main Building","CR2607 - Doctor Residence - Restricted Access","2nd Floor","VIHATRP20241125-035","01/31/2029","Operational","","","","General Rounding","Home and Community Care CR","NTT-Deskside Services-CampbellRiver-Staffed","Desktop","Dell OptiPlex Micro Plus 7020 V1",""
"AO800069","HSS-1037436","C22305M129","VIHA-CRG-Campbell River General Hospital-Main Building-2nd Floor","Campbell River","Main Building","CR2608 - Clinical Skills","2","Lease Information Extract - HPFS Tangent","09/30/2025","Operational","09/23/2025","","","Mobile Cart","Computer Training","NTT-Deskside Services-CampbellRiver-Staffed","All-in-One","Tangent Medix T22B AiO 3517U",""
"PC025645","HSS-8092384","G3BCQ54","VIHA-CRG-Campbell River General Hospital-Main Building-2nd Floor","Campbell River","Main Building","CR2700 Hallway - CR2043.2","2","VIHATRP20250303-005","02/28/2029","Operational","08/17/2026","","","General Rounding","OR","NTT-Deskside Services-CampbellRiver-Staffed","Desktop","Dell OptiPlex Micro Plus 7020 V1",""
"PC025642","HSS-8093005","JJFCQ54","VIHA-CRG-Campbell River General Hospital-Main Building-2nd Floor","Campbell River","Main Building","CR2700 Hallway CR2043.2","2","ISLHTRP20250414-008","03/31/2029","Operational","08/17/2026","","","General Rounding","OR","NTT-Deskside Services-CampbellRiver-Staffed","Desktop","Dell OptiPlex Micro Plus 7020 V1",""
"AO800104","HSS-8096978","C25318M265","VIHA-CRG-Campbell River General Hospital-Main Building-2nd Floor","Campbell River","Main Building","CR2700 Hallway CR2043.2","2","ISLHTRP20260105-033","01/31/2030","Operational","08/17/2026","","","Mobile Cart","OR","NTT-Deskside Services-CampbellRiver-Staffed","All-in-One","TANGENT MEDIX 22B V20",""
"PC025643","HSS-8093004","75RCQ54","VIHA-CRG-Campbell River General Hospital-Main Building-2nd Floor","Campbell River","Main Building","CR2700 Hallway CR2043.2","2","ISLHTRP20250414-007","03/31/2029","Operational","08/17/2026","","","General Rounding","OR","NTT-Deskside Services-CampbellRiver-Staffed","Desktop","Dell OptiPlex Micro Plus 7020 V1",""
"PC025644","HSS-8074738","D001KQ3","VIHA-CRG-Campbell River General Hospital-Main Building-2nd Floor","Campbell River","Main Building","CR2700 Hallway CR2043.2","2","VIHATRP20230529-028","06/30/2027","Operational","08/17/2026","","","General Rounding","Operating Room","NTT-Deskside Services-CampbellRiver-Staffed","Desktop","Dell OPTIPLEX 7000 MICRO V1",""
"AO400585","HSS-1042124","C22305M252","VIHA-CRG-Campbell River General Hospital-Main Building-2nd Floor","Campbell River","Main Building","CR2700 OR Raceway","2","Lease Information Extract - HPFS Tangent","09/30/2025","Operational","09/09/2025","ATTACHED TO CART C003011","","Mobile Cart","Surgical Services","NTT-Deskside Services-CampbellRiver-Staffed","All-in-One","Tangent MEDIX 22B V6",""
"PC024168","HSS-8068909","1KNQ0M3","VIHA-CRG-Campbell River General Hospital-Main Building-2nd Floor","Campbell River","Main Building","CR2701 - OR #1","2","VIHATRP20221121-036","01/31/2027","Operational","08/17/2026","","","General Rounding","Surgical Services","NTT-Deskside Services-CampbellRiver-Staffed","Desktop","Dell PRECISION 5820 TOWER V2",""
"WT_63CAGYYD5J2  C003182","C003182","63CAGYYD5J2","VIHA-CRG-Campbell River General Hospital-Main Building-2nd Floor","Campbell River","Main Building","CR2701 OR #1","2","","","Operational","09/16/2025","847BEBEDA55D","","General Rounding","Surgical Services","NTT-Deskside Services-CampbellRiver-Staffed","Thin Client","DELL WYSE 5060 THIN CLIENT","Dell Wyse 5060 Thin Client WirelessOR Ze"
"PC024167","HSS-8098658","MZ03G4WN","VIHA-CRG-Campbell River General Hospital-Main Building-2nd Floor","Campbell River","Main Building","CR2701 OR #1","2","ISLHTRP20260518-075","06/30/2030","Operational","08/17/2026","","","General Rounding","Surgical Services","NTT-Deskside Services-CampbellRiver-Staffed","Desktop","LENOVO M90q Gen 5 Desktop 512HD",""
"PC024171LEG","HSS-8059188","2V05VH3","VIHA-CRG-Campbell River General Hospital-Main Building-2nd Floor","Campbell River","Main Building","CR2701 OR#1","2","VIHATRP20220613-044","10/31/2026","Operational","08/17/2026","","","General Rounding","Surgical Services","NTT-Deskside Services-CampbellRiver-Staffed","Desktop","Dell OPTIPLEX 7090 MICRO V1",""
"PC024171","HSS-8100312","MZ03FPXN","VIHA-CRG-Campbell River General Hospital-Main Building-2nd Floor","Campbell River","Main Building","CR2701 OR#4","2nd","ISLHTRP20260824-091","","Operational","","","","General Rounding","Operating Room","NTT-Deskside Services-CampbellRiver-Staffed","Desktop","LENOVO THINKCENTRE M90Q GEN6",""
"WT_63CA237V5J2","C002428","237V5J2","VIHA-CRG-Campbell River General Hospital-Main Building-2nd Floor","Campbell River","Main Building","CR2702","2","","","Operational","11/07/2024","847BEBF1E78ECRG - ZEUS  OR  cart managed","","General Rounding","Surgical Services","NTT-Deskside Services-CampbellRiver-Staffed","Thin Client","DELL WYSE 5060 THIN CLIENT","Dell Wyse 5060 Thin Client Wireless"
"PC025692","HSS-8090760","5PX4L44","VIHA-CRG-Campbell River General Hospital-Main Building-2nd Floor","Campbell River","Main Building","CR2702  OR #2","2nd Floor","VIHATRP20241028-020","12/31/2028","Operational","08/25/2025","","","General Rounding","CRG Perioperative Intervention","NTT-Deskside Services-CampbellRiver-Staffed","Desktop","Dell OptiPlex Micro Plus 7020 V1",""
"PC025736","HSS-8068908","4KNQ0M3","VIHA-CRG-Campbell River General Hospital-Main Building-2nd Floor","Campbell River","Main Building","CR2702 - OR #2","2","VIHATRP20221121-035","01/31/2027","Operational","09/23/2025","","","General Rounding","Surgical Services","NTT-Deskside Services-CampbellRiver-Staffed","Desktop","Dell PRECISION 5820 TOWER V2",""
"104986","104986","63CAHHS85J2","VIHA-CRG-Campbell River General Hospital-Main Building-2nd Floor","Campbell River","Main Building","CR2702 OR #2","2","","","Operational","11/07/2024","","","General Rounding","Surgical Services","NTT-Deskside Services-CampbellRiver-Staffed","Thin Client","DELL 0H0C1T","Dell Wireless Thin Client?"
"WT_63CAGZHD5J2","C003181","GZHD5J2","VIHA-CRG-Campbell River General Hospital-Main Building-2nd Floor","Campbell River","Main Building","CR2702 OR #2","2","","","Operational","08/17/2026","847BEBEDA555","","General Rounding","Surgical Services","NTT-Deskside Services-CampbellRiver-Staffed","Thin Client","DELL WYSE 5060 THIN CLIENT","Dell Wyse 5060 Thin Client WirelessOR Ze"
"PC025693","HSS-8059168","HVL4VH3","VIHA-CRG-Campbell River General Hospital-Main Building-2nd Floor","Campbell River","Main Building","CR2703  OR #3","2","VIHATRP20220613-024","12/31/2026","Operational","11/07/2024","","","General Rounding","Surgical Services","NTT-Deskside Services-CampbellRiver-Staffed","Desktop","Dell OPTIPLEX 7090 MICRO V1",""
"PC025737","HSS-8068904","2KNQ0M3","VIHA-CRG-Campbell River General Hospital-Main Building-2nd Floor","Campbell River","Main Building","CR2703 - OR #3","2","VIHATRP20221121-031","01/31/2027","Operational","11/07/2024","","","General Rounding","Surgical Services","NTT-Deskside Services-CampbellRiver-Staffed","Desktop","Dell PRECISION 5820 TOWER V2",""
"PC024170","HSS-8068906","HJNQ0M3","VIHA-CRG-Campbell River General Hospital-Main Building-2nd Floor","Campbell River","Main Building","CR2704 - OR #4","2","VIHATRP20221121-033","01/31/2027","Operational","08/17/2026","","","General Rounding","Surgical Services","NTT-Deskside Services-CampbellRiver-Staffed","Desktop","Dell PRECISION 5820 TOWER V2",""
"PC026308","HSS-8091511","2QJQK44","VIHA-CRG-Campbell River General Hospital-Main Building-2nd Floor","Campbell River","Main Building","CR2704 OR #4","2","VIHATRP20241202-035","01/31/2029","Operational","08/17/2026","Please NOTE that the following software applications are incompatible with the Cerner 724 Downtime application:
-Downtime Patient Index (DTPI)
-Dragon Medical One Extensions (DMO)
-Imprivata OneSign Software/Card Reader (Tap In/Out)
-Inteleviewer (Medical Imaging)

If the software is requested to be installed, the Incident or Request should be assigned to the ""VIHA-Client Experience"" assignment group so the request can be evaluated.","CR 0601 - CRG - CR2704 OR #4","Critical Clinical","Surgical Services","NTT-Deskside Services-CampbellRiver-Staffed","Desktop","Dell OptiPlex Micro Plus 7020 V1",""
"AO800100","HSS-8096396","C25207M230","VIHA-CRG-Campbell River General Hospital-Main Building-2nd Floor","Campbell River","Main Building","CR2800","2","ISLHTRP20251103-013","09/30/2029","Operational","","","","Mobile Cart","Surgical Services","NTT-Deskside Services-CampbellRiver-Staffed","All-in-One","TANGENT MEDIX 22B V20",""
"AO400590","HSS-8095997","C25122M030","VIHA-CRG-Campbell River General Hospital-Main Building-2nd Floor","Campbell River","Main Building","CR2800","2nd Floor","ISLHTRP20250929-027","05/31/2029","Operational","","","","Mobile Cart","Critical Care and Emergency","NTT-Deskside Services-CampbellRiver-Staffed","All-in-One","TANGENT MEDIX 22B V20",""
"AO800085","HSS-8096142","C25123M166","VIHA-CRG-Campbell River General Hospital-Main Building-2nd Floor","Campbell River","Main Building","CR2800 SDC","2nd Floor","ISLHTRP100625-020","09/30/2029","Operational","","","","Mobile Cart","3C Surgical","NTT-Deskside Services-CampbellRiver-Staffed","All-in-One","TANGENT MEDIX 22B V20",""
"AO800110","HSS-8096399","C25207M223","VIHA-CRG-Campbell River General Hospital-Main Building-2nd Floor","Campbell River","Main Building","CR2800 SDC - Hallway","2","ISLHTRP20251103-016","09/30/2029","Operational","","","","Mobile Cart","Surgical Services","NTT-Deskside Services-CampbellRiver-Staffed","All-in-One","TANGENT MEDIX 22B V20",""
"AO800113","HSS-8096398","C25207M221","VIHA-CRG-Campbell River General Hospital-Main Building-2nd Floor","Campbell River","Main Building","CR2800 Surgical Daycare (Hallway)","2","ISLHTRP20251103-015","09/30/2029","Operational","","","","Mobile Cart","Surgical Services","NTT-Deskside Services-CampbellRiver-Staffed","All-in-One","TANGENT MEDIX 22B V20",""
"PC025690","HSS-8098652","MZ03G4WW","VIHA-CRG-Campbell River General Hospital-Main Building-2nd Floor","Campbell River","Main Building","CR2808","2nd","ISLHTRP20260518-069","06/30/2030","Operational","","","","General Rounding","Surgical Daycare","NTT-Deskside Services-CampbellRiver-Staffed","Desktop","LENOVO M90q Gen 5 Desktop 512HD",""
"LD104105","HSS-1092831","3KHWVH3","VIHA-CRG-Campbell River General Hospital-Main Building-2nd Floor","Campbell River","Main Building","CR2808","2","REQ1551302-RITM1636771-SCTASK2630513","12/31/2028","Operational","","Deployed 27Nov2024 RITM1636771","","General Rounding","Surgical Services","NTT-Deskside Services-CampbellRiver-Staffed","Laptop","Dell LATITUDE 7450 V4",""
"PC024046","HSS-8087505","75S0724","VIHA-CRG-Campbell River General Hospital-Main Building-2nd Floor","Campbell River","Main Building","CR2808 SDC","2","VIHATRP20240610-067","07/31/2028","Operational","07/08/2025","","","General Rounding","Surgical Services","NTT-Deskside Services-CampbellRiver-Staffed","Desktop","Dell OptiPlex Micro Plus 7010 V2",""
"LD064916","HSS-1044724","5C91SV3","VIHA-CRG-Campbell River General Hospital-Main Building-2nd Floor","Campbell River","Main Building","CR2820","2","REQ1144981-RITM1205522-SCTASK1941530","12/31/2027","Operational","12/24/2024","","Shared laptop in OR Control","General Rounding","OR","NTT-Deskside Services-CampbellRiver-Staffed","Laptop","DELL LATITUDE 7440 V2",""
"LD037878","HSS-8099486","SD006DMJ","VIHA-CRHCC-Campbell River Home & Community Care-Main Building-1st Floor","Campbell River","Main Building","CR2820","1","ISLHTRP20260706-093","07/31/2030","Operational","","","","General Rounding","Operating Room 2nd Floor","NTT-Deskside Services-CampbellRiver-Local","Laptop","LENOVO THINKPAD T14 GEN6 NT FPR 2x1",""
"PC025695","HSS-8085621","2ZL4X04","VIHA-CRG-Campbell River General Hospital-Main Building-2nd Floor","Campbell River","Main Building","CR2820  OR Control Room","2","VIHATRP20240415-084","05/31/2028","Operational","06/01/2026","","","General Rounding","OR","NTT-Deskside Services-CampbellRiver-Staffed","Desktop","Dell OptiPlex Micro Plus 7010 V2",""
"PC025694","HSS-8090761","4MX4L44","VIHA-CRG-Campbell River General Hospital-Main Building-2nd Floor","Campbell River","Main Building","CR2820  OR Control Room  CRG_CRITICAL","2nd Floor","VIHATRP20241028-021","12/31/2028","Operational","06/01/2026","Please NOTE that the following software applications are incompatible with the Cerner 724 Downtime application:
-Downtime Patient Index (DTPI)
-Dragon Medical One Extensions (DMO)
-Imprivata OneSign Software/Card Reader (Tap In/Out)
-Inteleviewer (Medical Imaging)

If the software is requested to be installed, the Incident or Request should be assigned to the ""VIHA-Client Experience"" assignment group so the request can be evaluated.","","Critical Clinical","OR","NTT-Deskside Services-CampbellRiver-Staffed","Desktop","Dell OptiPlex Micro Plus 7020 V1",""
"C003159","C003159","63CAGZBF5J2","VIHA-CRG-Campbell River General Hospital-Main Building-2nd Floor","Campbell River","Main Building","CR2820 - OR Control Rm Whiteboard","2","","","Operational","06/01/2026","847BEBEDA538 - CRORCCM","","General Rounding","Surgical Services","NTT-Deskside Services-CampbellRiver-Staffed","Thin Client","DELL 0H0C1T","Dell Wyse 5060 Thin Client Wireless"
"PC024177","HSS-8074892","6201KQ3","VIHA-CRG-Campbell River General Hospital-Main Building-2nd Floor","Campbell River","Main Building","CR2820 - OR Control Room ?CRG_CRITICAL","2","VIHATRP20230605-025","06/30/2027","Operational","06/01/2026","Please NOTE that the following software applications are incompatible with the Cerner 724 Downtime application:
-Downtime Patient Index (DTPI)
-Dragon Medical One Extensions (DMO)
-Imprivata OneSign Software/Card Reader (Tap In/Out)
-Inteleviewer (Medical Imaging)

If the software is requested to be installed, the Incident or Request should be assigned to the ""VIHA-Client Experience"" assignment group so the request can be evaluated.","","Critical Clinical","OR","NTT-Deskside Services-CampbellRiver-Staffed","Desktop","Dell OPTIPLEX 7000 MICRO V1",""
"WT_63CAGZHF5J2","C003160","GZHF5J2","VIHA-CRG-Campbell River General Hospital-Main Building-2nd Floor","Campbell River","Main Building","CR2825 SDC WHITEBOARD","2","","09/30/2022","Operational","09/05/2025","847BEBEDA4F8 - CRSDCCCM1","","General Rounding","Surgical Services","NTT-Deskside Services-CampbellRiver-Staffed","Thin Client","DELL WYSE 5060 THIN CLIENT","Dell Wyse 5060 Thin Client Wireless"
"PC024178","HSS-8099497","MZ03FQ9G","VIHA-CRG-Campbell River General Hospital-Main Building-2nd Floor","Campbell River","Main Building","CR2826 CRG724 CRG_Critical SDC","","ISLHTRP20260706-104","","Operational","","","CR2826 - Collaboration Centre - Collaboration Centre","Critical Clinical","Surgical Services","NTT-Deskside Services-CampbellRiver-Staffed","Desktop","LENOVO THINKCENTRE M90Q GEN6",""
"PC025697","HSS-8090771","7NX4L44","VIHA-CRG-Campbell River General Hospital-Main Building-2nd Floor","Campbell River","Main Building","CR2826 SDC","2nd Floor","VIHATRP20241028-031","12/31/2028","Operational","09/05/2025","","","Critical Clinical","CRG Perioperative Intervention","NTT-Deskside Services-CampbellRiver-Staffed","Desktop","Dell OptiPlex Micro Plus 7020 V1",""
"PC024179","HSS-8091380","BFFQK44","VIHA-CRG-Campbell River General Hospital-Main Building-2nd Floor","Campbell River","Main Building","CR2829 - SDC - Med Rm","2","VIHATRP20241125-034","01/31/2029","Operational","07/08/2025","","","General Rounding","Surgical Daycare","NTT-Deskside Services-CampbellRiver-Staffed","Desktop","Dell OptiPlex Micro Plus 7020 V1",""
"WT_63CAGZKG5J2","C003161","GZKG5J2","VIHA-CRG-Campbell River General Hospital-Main Building-2nd Floor","Campbell River","Main Building","CR2830  SDC Whiteboard","2","","09/30/2022","Operational","09/05/2025","847BEBEDA479 - CRSDCCCM2","","General Rounding","Surgical Services","NTT-Deskside Services-CampbellRiver-Staffed","Thin Client","DELL WYSE 5060 THIN CLIENT","Dell Wyse 5060 Thin Client Wireless"
"PC024180","HSS-8090758","1VT2L44","VIHA-CRG-Campbell River General Hospital-Main Building-2nd Floor","Campbell River","Main Building","CR2830 SDC","2","VIHATRP20241028-018","12/31/2028","Operational","09/05/2025","","","General Rounding","CRG Perioperative Intervention","NTT-Deskside Services-CampbellRiver-Staffed","Desktop","Dell OptiPlex Micro Plus 7020 V1",""
"PC024181","HSS-8085610","9MD4X04","VIHA-CRG-Campbell River General Hospital-Main Building-2nd Floor","Campbell River","Main Building","CR2830 SDC","2nd Floor","VIHATRP20240415-073","05/31/2028","Operational","09/05/2025","","","General Rounding","Clinical Site Operations","NTT-Deskside Services-CampbellRiver-Staffed","Desktop","Dell OptiPlex Micro Plus 7010 V2",""
"WT_63CAGZGF5J2","C003162","GZGF5J2","VIHA-CRG-Campbell River General Hospital-Main Building-2nd Floor","Campbell River","Main Building","CR2830 SDC Whiteboard","2","","09/30/2022","Operational","09/05/2025","847BEBEDA4B4 - CRSDCCCM","","General Rounding","Surgical Services","NTT-Deskside Services-CampbellRiver-Staffed","Thin Client","DELL WYSE 5060 THIN CLIENT","Dell Wyse 5060 Thin Client Wireless"
"PC024182","HSS-8097459","MZ034L7N","VIHA-CRG-Campbell River General Hospital-Main Building-1st Floor","Campbell River","CRG","CR2840","2nd","ISLHTRP20260202-039","03/31/2030","Operational","","","CR2840 - Post Anaesthetic Recover Room (PARR) Area - Collaboration Centre","Critical Clinical","Surgical Services","NTT-Deskside Services-CampbellRiver-Staffed","Desktop","LENOVO M90q Gen 5 Desktop 512HD",""
"PC025698","HSS-8090745","9SS4144","VIHA-CRG-Campbell River General Hospital-Main Building-2nd Floor","Campbell River","Main Building","CR2840 PACU","2nd Floor","VIHATRP20241028-005","12/31/2028","Operational","09/12/2025","","","General Rounding","Campbell River General Hospita","NTT-Deskside Services-CampbellRiver-Staffed","Desktop","Dell OptiPlex Micro Plus 7020 V1",""
"PC025700LEG","HSS-8064841","C2R5XP3","VIHA-CRG-Campbell River General Hospital-Main Building-2nd Floor","Campbell River","Main Building","CR2840 PACU","2","VIHATRP20220711-042","11/30/2026","Operational","09/12/2025","","","General Rounding","Surgical Services","NTT-Deskside Services-CampbellRiver-Staffed","Desktop","Dell OPTIPLEX 7000 MICRO V1",""
"PC025699","HSS-8090762","GLX4L44","VIHA-CRG-Campbell River General Hospital-Main Building-2nd Floor","Campbell River","Main Building","CR2840 PACU","2nd Floor","VIHATRP20241028-022","12/31/2028","Operational","09/12/2025","","","General Rounding","CRG Perioperative Intervention","NTT-Deskside Services-CampbellRiver-Staffed","Desktop","Dell OptiPlex Micro Plus 7020 V1",""
"PC025700","HSS-8100306","MZ03FQ0Q","VIHA-CRG-Campbell River General Hospital-Main Building-2nd Floor","Campbell River","Main Building","CR2840 PACU - Recovery","2nd","ISLHTRP20260824-085","","Operational","","","","General Rounding","Surgical Services","NTT-Deskside Services-CampbellRiver-Staffed","Desktop","LENOVO THINKCENTRE M90Q GEN6",""
"WT_63CAGZ3F5J2","C003163","GZ3F5J2","VIHA-CRG-Campbell River General Hospital-Main Building-2nd Floor","Campbell River","Main Building","CR2840 PACU WHITEBOARD","2","","09/30/2022","Operational","09/12/2025","847BEBEDA52C - CRPACUCCM1","","General Rounding","Surgical Services","NTT-Deskside Services-CampbellRiver-Staffed","Thin Client","DELL WYSE 5060 THIN CLIENT","Dell Wyse 5060 Thin Client Wireless"
"WT_63CAGYVD5J2","C003164","GYVD5J2","VIHA-CRG-Campbell River General Hospital-Main Building-2nd Floor","Campbell River","Main Building","CR2840 PACU Whiteboard","2","","09/30/2022","Operational","09/12/2025","847BEBEDA562 - CRPACUCCM2","","General Rounding","Surgical Services","NTT-Deskside Services-CampbellRiver-Staffed","Thin Client","DELL WYSE 5060 THIN CLIENT","Dell Wyse 5060 Thin Client Wireless"
"PC024183","HSS-8098651","MZ03G4WQ","VIHA-CRG-Campbell River General Hospital-Main Building-2nd Floor","Campbell River","Main Building","CR2853 - PACU - Med Rm","2nd","ISLHTRP20260518-068","06/30/2030","Operational","","","","General Rounding","Surgical Services","NTT-Deskside Services-CampbellRiver-Staffed","Desktop","LENOVO M90q Gen 5 Desktop 512HD",""
"AO800111","HSS-8097289","C25318M261","VIHA-CRG-Campbell River General Hospital-Main Building-2nd Floor","Campbell River","Main Building","CR28xx","2","ISLHTRP20260126-078","01/31/2030","Operational","02/04/2026","","","Mobile Cart","PACU Surgical Services","NTT-Deskside Services-CampbellRiver-Staffed","All-in-One","TANGENT MEDIX 22B V20",""
"AO800120","HSS-8097283","C25318M157","VIHA-CRG-Campbell River General Hospital-Main Building-2nd Floor","Campbell River","Main Building","CR28xx","2","ISLHTRP20260126-072","01/31/2030","Operational","","","","Mobile Cart","Surgical Services","NTT-Deskside Services-CampbellRiver-Staffed","All-in-One","TANGENT MEDIX 22B V20",""
"PC024190","HSS-8099489","MZ03FQ9F","VIHA-CRG-Campbell River General Hospital-Main Building-2nd Floor","Campbell River","Main Building","CR2901","","ISLHTRP20260706-096","07/31/2030","Operational","","","","General Rounding","Laboratory Accessions","NTT-Deskside Services-CampbellRiver-Staffed","Desktop","LENOVO THINKCENTRE M90Q GEN6",""
"PC024213","HSS-8087502","B5S0724","VIHA-CRG-Campbell River General Hospital-Main Building-2nd Floor","Campbell River","Main Building","CR2901","2","VIHATRP20240610-064","07/31/2028","Operational","08/10/2026","Moved from CR2933 to CR2901 - RITM1852791 - May 13, 2025","","General Rounding","LAB","NTT-Deskside Services-CampbellRiver-Staffed","Desktop","Dell OptiPlex Micro Plus 7010 V2",""
"PC078469","HSS-1042978","F9VMPR3","VIHA-CRG-Campbell River General Hospital-Main Building-2nd Floor","Campbell River","Main Building","CR2901","2","REQ0982332-RITM1033369-SCTASK1650426","06/30/2027","Operational","08/10/2026","","","General Rounding","Lab","NTT-Deskside Services-CampbellRiver-Staffed","Desktop","Dell OPTIPLEX 7000 MICRO V1",""
"PC024185","HSS-8085615","3F94X04","VIHA-CRG-Campbell River General Hospital-Main Building-2nd Floor","Campbell River","Main Building","CR2901 - Lab","2","VIHATRP20240415-078","05/31/2028","Operational","08/10/2026","","","General Rounding","LAB","NTT-Deskside Services-CampbellRiver-Staffed","Desktop","Dell OptiPlex Micro Plus 7010 V2",""
"PC024187","HSS-8087504","G6Z0724","VIHA-CRG-Campbell River General Hospital-Main Building-2nd Floor","Campbell River","Main Building","CR2901 - Lab","2","VIHATRP20240610-066","07/31/2028","Operational","08/10/2026","","","General Rounding","LAB","NTT-Deskside Services-CampbellRiver-Staffed","Desktop","Dell OptiPlex Micro Plus 7010 V2",""
"PC024184","HSS-8094715","6RVHZ44","VIHA-CRG-Campbell River General Hospital-Main Building-2nd Floor","Campbell River","Main Building","CR2901 - Lab","2","ISLHTRP20250804-010","03/31/2029","Operational","08/10/2026","","","General Rounding","LAB","NTT-Deskside Services-CampbellRiver-Staffed","Desktop","Dell OptiPlex Micro Plus 7020 V1",""
"PC024186","HSS-8090763","9LX4L44","VIHA-CRG-Campbell River General Hospital-Main Building-2nd Floor","Campbell River","Main Building","CR2901 - Lab","2","VIHATRP20241028-023","12/31/2028","Operational","08/10/2026","","","General Rounding","LAB","NTT-Deskside Services-CampbellRiver-Staffed","Desktop","Dell OptiPlex Micro Plus 7020 V1",""
"PC024189","HSS-8085609","9364X04","VIHA-CRG-Campbell River General Hospital-Main Building-2nd Floor","Campbell River","Main Building","CR2901 - Lab","2","VIHATRP20240415-072","05/31/2028","Operational","08/10/2026","","","General Rounding","LAB","NTT-Deskside Services-CampbellRiver-Staffed","Desktop","Dell OptiPlex Micro Plus 7010 V2",""
"PC024196","HSS-8090749","J646724","VIHA-CRG-Campbell River General Hospital-Main Building-2nd Floor","Campbell River","Main Building","CR2902 - Lab","2","VIHATRP20241028-009","12/31/2028","Operational","08/10/2026","","","General Rounding","Lab","NTT-Deskside Services-CampbellRiver-Staffed","Desktop","Dell OptiPlex Micro Plus 7010 V2",""
"PC024014","HSS-8059164","CV05VH3","VIHA-CRG-Campbell River General Hospital-Main Building-2nd Floor","Campbell River","Main Building","CR2902 Lab CRG724 CRG_CRITICAL","2","VIHATRP20220613-020","12/31/2026","Operational","08/10/2026","Please NOTE that the following software applications are incompatible with the Cerner 724 Downtime application:
-Downtime Patient Index (DTPI)
-Dragon Medical One Extensions (DMO)
-Imprivata OneSign Software/Card Reader (Tap In/Out)
-Inteleviewer (Medical Imaging)

If the software is requested to be installed, the Incident or Request should be assigned to the ""VIHA-Client Experience"" assignment group so the request can be evaluated.","","Critical Clinical","LAB","NTT-Deskside Services-CampbellRiver-Staffed","Desktop","Dell OPTIPLEX 7090 MICRO V1",""
"PC024194","HSS-8090765","5MX4L44","VIHA-CRG-Campbell River General Hospital-Main Building-2nd Floor","Campbell River","Main Building","CR2903","2","VIHATRP20241028-025","12/31/2028","Operational","08/10/2026","","","General Rounding","LAB","NTT-Deskside Services-CampbellRiver-Staffed","Desktop","Dell OptiPlex Micro Plus 7020 V1",""
"PC024199","HSS-8091310","BMX4L44","VIHA-CRG-Campbell River General Hospital-Main Building-1st Floor","Campbell River","Main Building","CR2903 - Lab","2nd Floor","VIHATRP20241118-045","12/31/2028","Operational","","","","General Rounding","North Island Laboratory-CRG","NTT-Deskside Services-CampbellRiver-Staffed","Desktop","Dell OptiPlex Micro Plus 7020 V1",""
"PC024193","HSS-8094716","4RVHZ44","VIHA-CRG-Campbell River General Hospital-Main Building-2nd Floor","Campbell River","Main Building","CR2905 - Lab","2","ISLHTRP20250804-011","03/31/2029","Operational","08/10/2026","","","General Rounding","LAB","NTT-Deskside Services-CampbellRiver-Staffed","Desktop","Dell OptiPlex Micro Plus 7020 V1",""
"PC024201","HSS-8090767","CLX4L44","VIHA-CRG-Campbell River General Hospital-Main Building-2nd Floor","Campbell River","Main Building","CR2905 - Lab","2","VIHATRP20241028-027","12/31/2028","Operational","08/10/2026","","","General Rounding","LAB","NTT-Deskside Services-CampbellRiver-Staffed","Desktop","Dell OptiPlex Micro Plus 7020 V1",""
"PC024192","HSS-8085616","4G94X04","VIHA-CRG-Campbell River General Hospital-Main Building-2nd Floor","Campbell River","Main Building","CR2905 - Lab","2","VIHATRP20240415-079","05/31/2028","Operational","08/10/2026","","","General Rounding","LAB","NTT-Deskside Services-CampbellRiver-Staffed","Desktop","Dell OptiPlex Micro Plus 7010 V2",""
"PC024206","HSS-8090777","D7BQK44","VIHA-CRG-Campbell River General Hospital-Main Building-2nd Floor","Campbell River","Main Building","CR2905 - Lab","2","VIHATRP20241028-037","12/31/2028","Operational","08/10/2026","","","General Rounding","LAB","NTT-Deskside Services-CampbellRiver-Staffed","Desktop","Dell OptiPlex Micro Plus 7020 V1",""
"PC024198","HSS-8085617","1564X04","VIHA-CRG-Campbell River General Hospital-Main Building-2nd Floor","Campbell River","Main Building","CR2905 - Lab","2","VIHATRP20240415-080","05/31/2028","Operational","08/10/2026","","","General Rounding","LAB","NTT-Deskside Services-CampbellRiver-Staffed","Desktop","Dell OptiPlex Micro Plus 7010 V2",""
"C003151","C003151","63CAGZFG5J2","VIHA-CRG-Campbell River General Hospital-Main Building-2nd Floor","Campbell River","Main Building","CR2905 - Lab  CRG_WHITEBOARD","2","","","Operational","08/10/2026","847BEBECF6B1 -  CRG LAB RESULTS WHITEBOA","","General Rounding","LAB","NTT-Deskside Services-CampbellRiver-Staffed","Thin Client","DELL 0H0C1T","Dell Wyse 5060 Thin Client Wireless"
"PC024203","HSS-8090776","CBFQK44","VIHA-CRG-Campbell River General Hospital-Main Building-2nd Floor","Campbell River","Main Building","CR2911 - Lab","2","VIHATRP20241028-036","12/31/2028","Operational","08/10/2026","","","General Rounding","LAB","NTT-Deskside Services-CampbellRiver-Staffed","Desktop","Dell OptiPlex Micro Plus 7020 V1",""
"PC024202","HSS-8090751","390SF24","VIHA-CRG-Campbell River General Hospital-Main Building-2nd Floor","Campbell River","Main Building","CR2911 - Lab","2","VIHATRP20241028-011","12/31/2028","Operational","08/10/2026","","","General Rounding","LAB","NTT-Deskside Services-CampbellRiver-Staffed","Desktop","Dell OptiPlex Micro Plus 7010 V2",""
"PC024204-DUP","HSS-1952753","MJ0531E9-DUP","VIHA-CRG-Campbell River General Hospital-Main Building-2nd Floor","Campbell River","Main Building","CR2912","2","","","Operational","","","","General Rounding","Laboratory","NTT-Deskside Services-CampbellRiver-Staffed","Desktop","LENOVO THINKCENTRE M900 TINY",""
"PC024395","HSS-8027573","CGS6VH3","VIHA-CRG-Campbell River General Hospital-Main Building-2nd Floor","Campbell River","Main Building","CR2912 - Histology Processing","2","VIHATRP20220321-047","06/30/2026","Operational","08/10/2026","","","General Rounding","LAB","NTT-Deskside Services-CampbellRiver-Staffed","Desktop","Dell OPTIPLEX 7090 MICRO V1",""
"PC025574","HSS-8064853","4KR4XP3","VIHA-CRG-Campbell River General Hospital-Main Building-2nd Floor","Campbell River","Main Building","CR2912 - Histology Processing","2","VIHATRP20220711-054","11/30/2026","Operational","08/10/2026","","","General Rounding","LAB","NTT-Deskside Services-CampbellRiver-Staffed","Desktop","Dell OPTIPLEX 7000 MICRO V1",""
"PC025706","HSS-8072530","B5XKPR3","VIHA-CRG-Campbell River General Hospital-Main Building-2nd Floor","Campbell River","Main Building","CR2920 - Computer Training","2","VIHATRP20230227-023","04/30/2027","Operational","08/10/2026","","","General Rounding","Computer Training","NTT-Deskside Services-CampbellRiver-Staffed","Desktop","Dell OPTIPLEX 7000 MICRO V1",""
"PC025710","HSS-8072531","BDH3KQ3","VIHA-CRG-Campbell River General Hospital-Main Building-2nd Floor","Campbell River","Main Building","CR2920 - Computer Training","2","VIHATRP20230227-024","04/30/2027","Operational","08/10/2026","","","General Rounding","Computer Training","NTT-Deskside Services-CampbellRiver-Staffed","Desktop","Dell OPTIPLEX 7000 MICRO V1",""
"PC025702","HSS-8064842","H4R5XP3","VIHA-CRG-Campbell River General Hospital-Main Building-2nd Floor","Campbell River","Main Building","CR2920 - Computer Training","2","VIHATRP20220711-043","11/30/2026","Operational","08/10/2026","","","General Rounding","Computer Training","NTT-Deskside Services-CampbellRiver-Staffed","Desktop","Dell OPTIPLEX 7000 MICRO V1",""
"PC025703","HSS-8072527","JCH3KQ3","VIHA-CRG-Campbell River General Hospital-Main Building-2nd Floor","Campbell River","Main Building","CR2920 - computer Training","2","VIHATRP20230227-020","04/30/2027","Operational","08/10/2026","","","General Rounding","Computer Training","NTT-Deskside Services-CampbellRiver-Staffed","Desktop","Dell OPTIPLEX 7000 MICRO V1",""
"PC025704","HSS-8072528","FCH3KQ3","VIHA-CRG-Campbell River General Hospital-Main Building-2nd Floor","Campbell River","Main Building","CR2920 - Computer Training","2","VIHATRP20230227-021","04/30/2027","Operational","08/10/2026","","","General Rounding","Computer Training","NTT-Deskside Services-CampbellRiver-Staffed","Desktop","Dell OPTIPLEX 7000 MICRO V1",""
"PC025705","HSS-8072529","66XKPR3","VIHA-CRG-Campbell River General Hospital-Main Building-2nd Floor","Campbell River","Main Building","CR2920 - Computer Training","2","VIHATRP20230227-022","04/30/2027","Operational","08/10/2026","","","General Rounding","Computer Training","NTT-Deskside Services-CampbellRiver-Staffed","Desktop","Dell OPTIPLEX 7000 MICRO V1",""
"PC025712","HSS-8092527","BJFCQ54","VIHA-CRG-Campbell River General Hospital-Main Building-2nd Floor","Campbell River","Main Building","CR2920 - Computer Training","2","VIHATRP20250310-044","03/31/2029","Operational","08/10/2026","","","General Rounding","Computer Training","NTT-Deskside Services-CampbellRiver-Staffed","Desktop","Dell OptiPlex Micro Plus 7020 V1",""
"PC025711","HSS-8072525","FDH3KQ3","VIHA-CRG-Campbell River General Hospital-Main Building-2nd Floor","Campbell River","Main Building","CR2920 - Computer Training","2","VIHATRP20230227-018","04/30/2027","Operational","08/10/2026","","","General Rounding","Computer Training","NTT-Deskside Services-CampbellRiver-Staffed","Desktop","Dell OPTIPLEX 7000 MICRO V1",""
"PC025707","HSS-8059192","1W05VH3","VIHA-CRG-Campbell River General Hospital-Main Building-2nd Floor","Campbell River","Main Building","CR2920 - Computer Training","2","VIHATRP20220613-048","11/30/2026","Operational","08/10/2026","","","General Rounding","Computer Training","NTT-Deskside Services-CampbellRiver-Staffed","Desktop","Dell OPTIPLEX 7090 MICRO V1",""
"PC025708","HSS-8059166","2045VH3","VIHA-CRG-Campbell River General Hospital-Main Building-2nd Floor","Campbell River","Main Building","CR2920 - Computer Training","2","VIHATRP20220613-022","12/31/2026","Operational","08/10/2026","","","General Rounding","Computer Training","NTT-Deskside Services-CampbellRiver-Staffed","Desktop","Dell OPTIPLEX 7090 MICRO V1",""
"PC025709","HSS-8072526","5JL3KQ3","VIHA-CRG-Campbell River General Hospital-Main Building-2nd Floor","Campbell River","Main Building","CR2920 - Computer Training","2","VIHATRP20230227-019","04/30/2027","Operational","08/10/2026","","","General Rounding","Computer Training","NTT-Deskside Services-CampbellRiver-Staffed","Desktop","Dell OPTIPLEX 7000 MICRO V1",""
"PC024200","HSS-8090750","GCP6D14","VIHA-CRG-Campbell River General Hospital-Main Building-2nd Floor","Campbell River","Main Building","CR2926","2","VIHATRP20241028-010","12/31/2028","Operational","08/10/2026","","","General Rounding","LAB","NTT-Deskside Services-CampbellRiver-Staffed","Desktop","Dell OptiPlex Micro Plus 7010 V2",""
"PC024100","HSS-8090747","6R97D14","VIHA-CRG-Campbell River General Hospital-Main Building-2nd Floor","Campbell River","Main Building","CR2926","2","VIHATRP20241028-007","12/31/2028","Operational","08/10/2026","","","General Rounding","LAB","NTT-Deskside Services-CampbellRiver-Staffed","Desktop","Dell OptiPlex Micro Plus 7010 V2",""
"PC024207","HSS-8068910","J1GQQN3","VIHA-CRG-Campbell River General Hospital-Main Building-2nd Floor","Campbell River","Main Building","CR2927 - Pathologist","2","VIHATRP20221121-037","01/31/2027","Operational","08/10/2026","","","General Rounding","LAB","NTT-Deskside Services-CampbellRiver-Staffed","Desktop","Dell OPTIPLEX 7000 MICRO V1",""
"PC057457","HSS-8094714","3VN0724","VIHA-CRG-Campbell River General Hospital-Main Building-2nd Floor","Campbell River","Main Building","CR2928 - Pathologist","2","ISLHTRP20250804-009","02/28/2029","Operational","08/10/2026","","","General Rounding","Lab","NTT-Deskside Services-CampbellRiver-Staffed","Desktop","Dell OptiPlex Tower Plus 7010 V3",""
"PC024209","HSS-8085614","2F94X04","VIHA-CRG-Campbell River General Hospital-Main Building-2nd Floor","Campbell River","Main Building","CR2929 - Pathologist - Key Lock","2","VIHATRP20240415-077","05/31/2028","Operational","08/10/2026","","","General Rounding","Pathology","NTT-Deskside Services-CampbellRiver-Staffed","Desktop","Dell OptiPlex Micro Plus 7010 V2",""
"LD105343","HSS-1111521","1V0JX64","VIHA-CRG-Campbell River General Hospital-Main Building-2nd Floor","Campbell River","Main Building","CR2930","2","REQ1789491-RITM1888681-SCTASK3024558","03/31/2029","Operational","07/27/2026","Deployed 20June2025 RITM1888681 ","","General Rounding","Lab","NTT-Deskside Services-CampbellRiver-Staffed","Laptop","Dell LATITUDE 7450 V4",""
"LD032029","HSS-8064840","5P87NN3","VIHA-CRG-Campbell River General Hospital-Main Building-2nd Floor","Campbell River","Main Building","CR2930 - Key Lock","2","VIHATRP20220711-041","11/30/2026","Operational","07/27/2026","","","General Rounding","LAB","NTT-Deskside Services-CampbellRiver-Staffed","Laptop","Dell LATITUDE 7420 V3",""
"PC024214","HSS-8090779","97BQK44","VIHA-CRG-Campbell River General Hospital-Main Building-2nd Floor","Campbell River","Main Building","CR2930 - Melissa Fyfe","2","VIHATRP20241028-039","12/31/2028","Operational","08/10/2026","","","General Rounding","LAB","NTT-Deskside Services-CampbellRiver-Staffed","Desktop","Dell OptiPlex Micro Plus 7020 V1",""
"PC024211","HSS-8090778","D8BQK44","VIHA-CRG-Campbell River General Hospital-Main Building-2nd Floor","Campbell River","Main Building","CR2931","2","VIHATRP20241028-038","12/31/2028","Operational","08/10/2026","","","General Rounding","LAB","NTT-Deskside Services-CampbellRiver-Staffed","Desktop","Dell OptiPlex Micro Plus 7020 V1",""
"PC024212","HSS-8098650","MZ03G4WD","VIHA-CRG-Campbell River General Hospital-Main Building-2nd Floor","Campbell River","Main Building","CR2932 - no monitor - it moved to CR2926 temporary","2","ISLHTRP20260518-067","06/30/2030","Operational","08/10/2026","","","General Rounding","LAB","NTT-Deskside Services-CampbellRiver-Staffed","Desktop","LENOVO M90q Gen 5 Desktop 512HD",""
"PC025713","HSS-8019696","MJ0BCXDV","VIHA-CRG-Campbell River General Hospital-Main Building-2nd Floor","Campbell River","Main Building","CR2933 - not found","2","VIHATRP20210104-019","07/31/2023","Operational","05/13/2026","","","General Rounding","LAB","NTT-Deskside Services-CampbellRiver-Staffed","Desktop","LENOVO THINKCENTRE M920Q V1",""
"LD024066","HSS-8094547","7Z5MR54","VIHA-CRG-Campbell River General Hospital-Main Building-2nd Floor","Campbell River","Main Building","CR2934 - Rodney's office","2","ISLHTRP20250721-059","03/31/2029","Operational","08/10/2026","","","General Rounding","LAB","NTT-Deskside Services-CampbellRiver-Staffed","Laptop","Dell LATITUDE 7450 V4",""
"PC025716","HSS-8066607","DNV4XP3","VIHA-CRG-Campbell River General Hospital-Main Building-2nd Floor","Campbell River","Main Building","CR2941 - Card Swipe","2","VIHATRP20220919-055","01/31/2027","Operational","03/05/2026","","","General Rounding","Central Medical Staff/UBC Facilities","NTT-Deskside Services-CampbellRiver-Staffed","Desktop","Dell OPTIPLEX 7000 MICRO V1",""
"PC025715","HSS-8074890","5101KQ3","VIHA-CRG-Campbell River General Hospital-Main Building-2nd Floor","Campbell River","Main Building","CR2941 - Card Swipe","2","VIHATRP20230605-023","06/30/2027","Operational","03/05/2026","","","General Rounding","Central Medical Staff/UBC Facilities","NTT-Deskside Services-CampbellRiver-Staffed","Desktop","Dell OPTIPLEX 7000 MICRO V1",""
"PC025718","HSS-8059187","7Y05VH3","VIHA-CRG-Campbell River General Hospital-Main Building-2nd Floor","Campbell River","Main Building","CR2941 - Card Swipe","2","VIHATRP20220613-043","10/31/2026","Operational","03/05/2026","","","General Rounding","Central Medical Staff/UBC Facilities","NTT-Deskside Services-CampbellRiver-Staffed","Desktop","Dell OPTIPLEX 7090 MICRO V1",""
"PC025717","HSS-8074887","7YW0KQ3","VIHA-CRG-Campbell River General Hospital-Main Building-2nd Floor","Campbell River","Main Building","CR2941 - Card Swipe","2","VIHATRP20230605-020","06/30/2027","Operational","03/05/2026","","","General Rounding","Central Medical Staff/UBC Facilities","NTT-Deskside Services-CampbellRiver-Staffed","Desktop","Dell OPTIPLEX 7000 MICRO V1",""
"PC025714","HSS-8074886","2301KQ3","VIHA-CRG-Campbell River General Hospital-Main Building-2nd Floor","Campbell River","Main Building","CR2941 - Card Swipe","2","VIHATRP20230605-019","06/30/2027","Operational","03/05/2026","","","General Rounding","Central Medical Staff/UBC Facilities","NTT-Deskside Services-CampbellRiver-Staffed","Desktop","Dell OPTIPLEX 7000 MICRO V1",""
"PC026333","HSS-8074888","8XW0KQ3","VIHA-CRG-Campbell River General Hospital-Main Building-2nd Floor","Campbell River","Main Building","CR2942 - Card Swipe","2","VIHATRP20230605-021","06/30/2027","Operational","03/05/2026","","","General Rounding","Central Medical Staff/UBC Facilities","NTT-Deskside Services-CampbellRiver-Staffed","Desktop","Dell OPTIPLEX 7000 MICRO V1",""
"PC026334","HSS-8094947","7QVHZ44","VIHA-CRG-Campbell River General Hospital-Main Building-2nd Floor","Campbell River","Main Building","CR2943 - Card Swipe","2","ISLHTRP20250818-015","03/31/2029","Operational","03/05/2026","","","General Rounding","Central Medical Staff/UBC Facilities","NTT-Deskside Services-CampbellRiver-Staffed","Desktop","Dell OptiPlex Micro Plus 7020 V1",""
"PC025719","HSS-8094946","GRVHZ44","VIHA-CRG-Campbell River General Hospital-Main Building-2nd Floor","Campbell River","Main Building","CR2945 - Card Swipe","2","ISLHTRP20250818-014","03/31/2029","Operational","03/05/2026","","","General Rounding","Central Medical Staff/UBC Facilities","NTT-Deskside Services-CampbellRiver-Staffed","Desktop","Dell OptiPlex Micro Plus 7020 V1",""
"AO800026","HSS-8096000","C25122M018","VIHA-CRG-Campbell River General Hospital-Main Building-3rd Floor","Campbell River","Main Building","CR3100 - 3B","3","ISLHTRP20250929-030","05/31/2029","Operational","08/20/2026","","","Mobile Cart","General Medical / Surgical Inpatient Unit","NTT-Deskside Services-CampbellRiver-Staffed","All-in-One","TANGENT MEDIX 22B V20",""
"AO800058","HSS-8097280","C25318M161","VIHA-CRG-Campbell River General Hospital-Main Building-3rd Floor","Campbell River","Main Building","CR3100 - 3B","3","ISLHTRP20260126-069","01/31/2030","Operational","08/20/2026","","","Mobile Cart","General Medical / Surgical Inpatient Unit","NTT-Deskside Services-CampbellRiver-Staffed","All-in-One","TANGENT MEDIX 22B V20",""
"AO800030","HSS-8096001","C25122M020","VIHA-CRG-Campbell River General Hospital-Main Building-3rd Floor","Campbell River","Main Building","CR3100 - 3B","3","ISLHTRP20250929-031","05/31/2029","Operational","08/20/2026","","","Mobile Cart","General Medical / Surgical Inpatient Unit","NTT-Deskside Services-CampbellRiver-Staffed","All-in-One","TANGENT MEDIX 22B V20",""
"AO800093","HSS-8097299","C25318M147","VIHA-CRG-Campbell River General Hospital-Main Building-3rd Floor","Campbell River","Main Building","CR3100 - 3B","3","ISLHTRP20260126-102","01/31/2030","Operational","08/20/2026","","","Mobile Cart","General Medical / Surgical Inpatient Unit","NTT-Deskside Services-CampbellRiver-Staffed","All-in-One","TANGENT MEDIX 22B V20",""
"AO400586","HSS-8096416","C25207M207","VIHA-CRG-Campbell River General Hospital-Main Building-3rd Floor","Campbell River","Main Building","CR3100 - 3B","3","ISLHTRP20251103-032","09/30/2029","Operational","08/20/2026","","","Mobile Cart","General Medical / Surgical Inpatient Unit","NTT-Deskside Services-CampbellRiver-Staffed","All-in-One","TANGENT MEDIX 22B V20",""
"AO800036","HSS-8096147","C25123M167","VIHA-CRG-Campbell River General Hospital-Main Building-3rd Floor","Campbell River","Main Building","CR3100 - 3B","3","ISLHTRP100625-025","09/30/2029","Operational","08/20/2026","","","Mobile Cart","General Medical / Surgical Inpatient Unit","NTT-Deskside Services-CampbellRiver-Staffed","All-in-One","TANGENT MEDIX 22B V20",""
"PC024231-DUP","HSS-1952780","MJ0531AN-DUP","VIHA-CRG-Campbell River General Hospital-Main Building-3rd Floor","Campbell River","CRG","CR3120","3","","","Operational","","","","Excluded","CR3120","NTT-Deskside Services-CampbellRiver-Staffed","Desktop","LENOVO THINKCENTRE M900 TINY",""
"WT_63CAGYZD5J2","C003169","63CAGYZD5J2","VIHA-CRG-Campbell River General Hospital-Main Building-3rd Floor","Campbell River","Main Building","CR3120 - 3B","3","","","Operational","08/20/2026","847BEBEDA605 - CR3BCCM1","","General Rounding","General Medical / Surgical Inpatient Unit","NTT-Deskside Services-CampbellRiver-Staffed","Thin Client","DELL WYSE 5060 THIN CLIENT","Dell Wyse 5060 Thin Client Wireless"
"PC024217","HSS-8099473","MZ03FQ9B","VIHA-CRG-Campbell River General Hospital-Main Building-3rd Floor","Campbell River","Main Building","CR3120 - 3B","3","ISLHTRP20260706-080","","Operational","08/20/2026","","CR3120 - Patient Care Area (18 Beds) Workstation Care Hub - Workstation Care Team","Critical Clinical","General Medical / Surgical Inpatient Unit","NTT-Deskside Services-CampbellRiver-Staffed","Desktop","LENOVO THINKCENTRE M90Q GEN6",""
"PC024216","HSS-8099492","MZ03FQ9D","VIHA-CRG-Campbell River General Hospital-Main Building-3rd Floor","Campbell River","Main Building","CR3120 - 3B","3","ISLHTRP20260706-099","07/31/2030","Operational","08/20/2026","","","General Rounding","General Medical / Surgical Inpatient Unit","NTT-Deskside Services-CampbellRiver-Staffed","Desktop","LENOVO THINKCENTRE M90Q GEN6",""
"AO800082","HSS-8096411","C25207M209","VIHA-CRG-Campbell River General Hospital-Main Building-3rd Floor","Campbell River","Main Building","CR3120 - 3B","3","ISLHTRP20251103-027","09/30/2029","Operational","08/20/2026","","","Mobile Cart","General Medical / Surgical Inpatient Unit","NTT-Deskside Services-CampbellRiver-Staffed","All-in-One","TANGENT MEDIX 22B V20",""
"PC024218","HSS-8026141","5GHZDF3","VIHA-CRG-Campbell River General Hospital-Main Building-3rd Floor","Campbell River","Main Building","CR3121 - 3B","3","VIHATRP20220110-019","06/30/2026","Operational","08/20/2026","","","General Rounding","General Medical / Surgical Inpatient Unit","NTT-Deskside Services-CampbellRiver-Staffed","Desktop","Dell OPTIPLEX 7080 MICRO V3",""
"PC024219","HSS-8026142","561ZDF3","VIHA-CRG-Campbell River General Hospital-Main Building-3rd Floor","Campbell River","Main Building","CR3121 - 3B","3","VIHATRP20220110-020","06/30/2026","Operational","08/20/2026","","","General Rounding","General Medical / Surgical Inpatient Unit","NTT-Deskside Services-CampbellRiver-Staffed","Desktop","Dell OPTIPLEX 7080 MICRO V3",""
"PC024220","HSS-8099472","MZ03FQ99","VIHA-CRG-Campbell River General Hospital-Main Building-3rd Floor","Campbell River","Main Building","CR3122 - 3B Med Rm","","ISLHTRP20260706-079","","Operational","","","","Excluded","","NTT-Deskside Services-CampbellRiver-Staffed","Desktop","LENOVO THINKCENTRE M90Q GEN6",""
"PC024222","HSS-8094951","FTVHZ44","VIHA-CRG-Campbell River General Hospital-Main Building-3rd Floor","Campbell River","Main Building","CR3129 - 3B","3","ISLHTRP20250818-019","03/31/2029","Operational","08/20/2026","Please NOTE that the following software applications are incompatible with the Cerner 724 Downtime application:
-Downtime Patient Index (DTPI)
-Dragon Medical One Extensions (DMO)
-Imprivata OneSign Software/Card Reader (Tap In/Out)
-Inteleviewer (Medical Imaging)

If the software is requested to be installed, the Incident or Request should be assigned to the ""VIHA-Client Experience"" assignment group so the request can be evaluated.","CR3129 - Patient Care Area (18 Beds) Workstation Care Hub - Workstation Care Team","Critical Clinical","General Medical / Surgical Inpatient Unit","NTT-Deskside Services-CampbellRiver-Staffed","Desktop","Dell OptiPlex Micro Plus 7020 V1",""
"PC024221","HSS-8089285","3D37D14","VIHA-CRG-Campbell River General Hospital-Main Building-3rd Floor","Campbell River","Main Building","CR3129 - 3B","3","VIHATRP20240819-031","09/30/2028","Operational","08/20/2026","","","General Rounding","General Medical / Surgical Inpatient Unit","NTT-Deskside Services-CampbellRiver-Staffed","Desktop","Dell OptiPlex Micro Plus 7010 V2",""
"WT_63CAGYZG5J2","C003170","63CAGYZG5J2","VIHA-CRG-Campbell River General Hospital-Main Building-3rd Floor","Campbell River","Main Building","CR3129 - 3B","3","","","Operational","08/20/2026","847BEBEDA5CC - CR3BCCM2","","General Rounding","General Medical / Surgical Inpatient Unit","NTT-Deskside Services-CampbellRiver-Staffed","Thin Client","DELL WYSE 5060 THIN CLIENT","Dell Wyse 5060 Thin Client Wireless"
"LD105007","HSS-1110753","19YHX64","VIHA-CRG-Campbell River General Hospital-Main Building-3rd Floor","Campbell River","Main Building","CR3203","3","REQ1711373-RITM1806171-SCTASK2900972","03/31/2029","Operational","07/30/2026","Deployed 25Apr2025 RITM1806171
Moved to CR3203 - RITM2184440","","General Rounding","General Medical / Surgical Inpatient Unit","NTT-Deskside Services-CampbellRiver-Staffed","Laptop","Dell LATITUDE 7450 V4",""
"PC024223","HSS-8085018","BTH4X04","VIHA-CRG-Campbell River General Hospital-Main Building-3rd Floor","Campbell River","Main Building","CR3204 - 3A/B","3","VIHATRP20240101-016","04/30/2028","Operational","08/20/2026","","","General Rounding","General Medical / Surgical Inpatient Unit","NTT-Deskside Services-CampbellRiver-Staffed","Desktop","Dell OptiPlex Micro Plus 7010 V2",""
"PC025561","HSS-8089284","56L6D14","VIHA-CRG-Campbell River General Hospital-Main Building-3rd Floor","Campbell River","Main Building","CR3204 - 3A/B","3","VIHATRP20240819-030","09/30/2028","Operational","08/20/2026","","","General Rounding","General Medical / Surgical Inpatient Unit","NTT-Deskside Services-CampbellRiver-Staffed","Desktop","Dell OptiPlex Micro Plus 7010 V2",""
"PC024257","HSS-8027538","3537VH3","VIHA-CRG-Campbell River General Hospital-Main Building-3rd Floor","Campbell River","Main Building","CR3205","3","VIHATRP20220321-012","06/30/2026","Operational","08/20/2026","Moved from CR3929 to CR3205 - RITM2252167","","General Rounding","General Medical / Surgical Inpatient Unit","NTT-Deskside Services-CampbellRiver-Staffed","Desktop","Dell OPTIPLEX 7090 MICRO V1",""
"LD024491","HSS-8097868","PF5X1PC0","VIHA-CRG-Campbell River General Hospital-Main Building-3rd Floor","Campbell River","Main Building","CR3205 - 3A/B","3","ISLHTRP20260202-131","04/30/2030","Operational","08/20/2026","","","General Rounding","General Medical / Surgical Inpatient Unit","NTT-Deskside Services-CampbellRiver-Staffed","Laptop","LENOVO THINKPAD T14 GEN6",""
"LD081136","HSS-8096500","PF5FXVAZ","VIHA-CRG-Campbell River General Hospital-Main Building-3rd Floor","Campbell River","Main Building","CR3205 - in the cabinet","3","ISLHTRP20251117-036","09/30/2029","Operational","07/15/2026","","","General Rounding","General Medical / Surgical Inpatient Unit","NTT-Deskside Services-CampbellRiver-Staffed","Laptop","LENOVO THINKPAD T14","15Oct2024 - Repurposed and redeployed for TRP RITM1576150 to CR3205"
"LD024068","HSS-8093926","63PSFW3","VIHA-CRG-Campbell River General Hospital-Main Building-3rd Floor","Campbell River","Main Building","CR3205 / CR3121","3","ISLHTRP20250616-064","03/31/2029","Operational","07/30/2026","","","General Rounding","General Medical / Surgical Inpatient Unit","NTT-Deskside Services-CampbellRiver-Staffed","Laptop","Dell LATITUDE 7450 V4",""
"PC024226","HSS-8092387","J3BCQ54","VIHA-CRG-Campbell River General Hospital-Main Building-3rd Floor","Campbell River","Main Building","CR3209 - 3A/B","3","VIHATRP20250303-008","02/28/2029","Operational","08/20/2026","","","General Rounding","General Medical / Surgical Inpatient Unit","NTT-Deskside Services-CampbellRiver-Staffed","Desktop","Dell OptiPlex Micro Plus 7020 V1",""
"PC024230","HSS-8099491","MZ03FQ8N","VIHA-CRG-Campbell River General Hospital-Main Building-3rd Floor","Campbell River","Main Building","CR3209 - 3A/B","3","ISLHTRP20260706-098","07/31/2030","Operational","08/20/2026","","","General Rounding","General Medical / Surgical Inpatient Unit","NTT-Deskside Services-CampbellRiver-Staffed","Desktop","LENOVO THINKCENTRE M90Q GEN6",""
"CR3ABSTR1","HSS-1047562","7MQBK44","VIHA-CRG-Campbell River General Hospital-Main Building-3rd Floor","Campbell River","Main Building","CR3209 - 3A/B","3","REQ1399939-RITM1476830-SCTASK2382162","08/31/2029","Operational","08/20/2026","Removed RTS suffix and changed back to Operational after confirming typo on RITM2159638","","General Rounding","General Medical / Surgical Inpatient Unit","NTT-Deskside Services-CampbellRiver-Staffed","Thin Client","DELL OPTIPLEX 3000 THIN CLIENT V3","Dell OptiPlex 3000 Thin Client 
CR3A/B Whiteboard"
"PC024227","HSS-8099471","MZ03FQ88","VIHA-CRG-Campbell River General Hospital-Main Building-3rd Floor","Campbell River","Main Building","CR3209 - 3A/B","3","ISLHTRP20260706-078","","Operational","08/20/2026","","","General Rounding","General Medical / Surgical Inpatient Unit","NTT-Deskside Services-CampbellRiver-Staffed","Desktop","LENOVO THINKCENTRE M90Q GEN6",""
"LD024055","HSS-8094950","F3TN774","VIHA-CRG-Campbell River General Hospital-Main Building-3rd Floor","Campbell River","Main Building","CR3209 - 3A/B","3","ISLHTRP20250818-018","09/30/2029","Operational","07/30/2026","","","General Rounding","General Medical / Surgical Inpatient Unit","NTT-Deskside Services-CampbellRiver-Staffed","Laptop","Dell LATITUDE 7450 V4",""
"PC024229","HSS-8091866","D5BQK44","VIHA-CRG-Campbell River General Hospital-Main Building-3rd Floor","Campbell River","Main Building","CR3209 - 3A/B","3","VIHATRP20250113","12/31/2028","Operational","08/20/2026","","","General Rounding","General Medical / Surgical Inpatient Unit","NTT-Deskside Services-CampbellRiver-Staffed","Desktop","Dell OptiPlex Micro Plus 7020 V1",""
"LD063227","HSS-1042472","DF6LTV3","VIHA-CRG-Campbell River General Hospital-Main Building-3rd Floor","Campbell River","Main Building","CR3210","3","REQ0933269-RITM0981261-SCTASK1556832","06/30/2027","Operational","08/20/2026","","Moved from CR2165 to CR3210 - RITM1682395 - Jan.7, 2025","General Rounding","3A/B - Pharmacy","NTT-Deskside Services-CampbellRiver-Staffed","Laptop","Dell LATITUDE 7430 V1",""
"AO800134","HSS-8097296","C25318M105","VIHA-CRG-Campbell River General Hospital-Main Building-3rd Floor","Campbell River","Main Building","CR3210","3","ISLHTRP20260126-099","01/31/2030","Operational","08/20/2026","","","Mobile Cart","3A/B - Pharmacy","NTT-Deskside Services-CampbellRiver-Staffed","All-in-One","TANGENT MEDIX 22B V20","PNU-3"
"AO400588","HSS-8096139","C25123M174","VIHA-CRG-Campbell River General Hospital-Main Building-3rd Floor","Campbell River","Main Building","CR3210 - 3A/B","3","ISLHTRP100625-017","09/30/2029","Operational","07/30/2026","","","Mobile Cart","General Medical / Surgical Inpatient Unit","NTT-Deskside Services-CampbellRiver-Staffed","All-in-One","TANGENT MEDIX 22B V20",""
"PC024231","HSS-8074893","1ZW0KQ3","VIHA-CRG-Campbell River General Hospital-Main Building-3rd Floor","Campbell River","Main Building","CR3210 - A/B Care","3","VIHATRP20230605-026","06/30/2027","Operational","08/20/2026","","","General Rounding","General Medical / Surgical Inpatient Unit","NTT-Deskside Services-CampbellRiver-Staffed","Desktop","Dell OPTIPLEX 7000 MICRO V1",""
"AO800022","HSS-8096413","C25207M237","VIHA-CRG-Campbell River General Hospital-Main Building-3rd Floor","Campbell River","Main Building","CR3212 - 3A Activation Room","3","ISLHTRP20251103-029","09/30/2029","Operational","08/20/2026","","","Mobile Cart","Occupational Therapy","NTT-Deskside Services-CampbellRiver-Staffed","All-in-One","TANGENT MEDIX 22B V20",""
"AO800034","HSS-8097304","C25318M150","VIHA-CRG-Campbell River General Hospital-Main Building-3rd Floor","Campbell River","Main Building","CR3212 - 3A Activation Room","3","ISLHTRP20260126-107","01/31/2030","Operational","08/20/2026","","","Mobile Cart","Occupational Therapy","NTT-Deskside Services-CampbellRiver-Staffed","All-in-One","TANGENT MEDIX 22B V20",""
"LD024254","HSS-8098127","PF60CWME","VIHA-CRG-Campbell River General Hospital-Main Building-3rd Floor","Campbell River","CRG","CR32xx","3","ISLHTRP20260323-027","04/30/2030","Operational","05/25/2026","","","General Rounding","CR3A","NTT-Deskside Services-CampbellRiver-Staffed","Laptop","LENOVO THINKPAD T14 GEN6 NT FPR 2x1",""
"AO800066","HSS-8096150","C25123M175","VIHA-CRG-Campbell River General Hospital-Main Building-3rd Floor","Campbell River","Main Building","CR3300","3","ISLHTRP100625-028","09/30/2029","Operational","08/20/2026","","","Mobile Cart","General Medical / Surgical Inpatient Unit","NTT-Deskside Services-CampbellRiver-Staffed","All-in-One","TANGENT MEDIX 22B V20",""
"AO800048","HSS-8096420","C25207M215","VIHA-CRG-Campbell River General Hospital-Main Building-3rd Floor","Campbell River","Main Building","CR3300 - 3A","3","ISLHTRP20251103-036","09/30/2029","Operational","08/20/2026","","","Mobile Cart","General Medical / Surgical Inpatient Unit","NTT-Deskside Services-CampbellRiver-Staffed","All-in-One","TANGENT MEDIX 22B V20",""
"AO800077","HSS-8096424","C25207M210","VIHA-CRG-Campbell River General Hospital-Main Building-3rd Floor","Campbell River","Main Building","CR3300 - 3A","3","ISLHTRP20251103-040","09/30/2029","Operational","08/20/2026","","","Mobile Cart","General Medical / Surgical Inpatient Unit","NTT-Deskside Services-CampbellRiver-Staffed","All-in-One","TANGENT MEDIX 22B V20",""
"AO800046","HSS-8097297","C25318M144","VIHA-CRG-Campbell River General Hospital-Main Building-3rd Floor","Campbell River","Main Building","CR3300 - 3A","3","ISLHTRP20260126-100","01/31/2030","Operational","08/20/2026","","","Mobile Cart","General Medical / Surgical Inpatient Unit","NTT-Deskside Services-CampbellRiver-Staffed","All-in-One","TANGENT MEDIX 22B V20",""
"AO800037","HSS-8097300","C25318M141","VIHA-CRG-Campbell River General Hospital-Main Building-3rd Floor","Campbell River","Main Building","CR3300 - 3A","3","ISLHTRP20260126-103","01/31/2030","Operational","08/20/2026","","","Mobile Cart","General Medical / Surgical Inpatient Unit","NTT-Deskside Services-CampbellRiver-Staffed","All-in-One","TANGENT MEDIX 22B V20",""
"AO800116","HSS-8097298","C25318M148","VIHA-CRG-Campbell River General Hospital-Main Building-3rd Floor","Campbell River","Main Building","CR3300 - 3A","3","ISLHTRP20260126-101","01/31/2030","Operational","08/20/2026","","","Mobile Cart","General Medical / Surgical Inpatient Unit","NTT-Deskside Services-CampbellRiver-Staffed","All-in-One","TANGENT MEDIX 22B V20",""
"AO800063","HSS-8097301","C25318M114","VIHA-CRG-Campbell River General Hospital-Main Building-3rd Floor","Campbell River","Main Building","CR3300 - 3A","3","ISLHTRP20260126-104","01/31/2030","Operational","08/20/2026","","","Mobile Cart","General Medical / Surgical Inpatient Unit","NTT-Deskside Services-CampbellRiver-Staffed","All-in-One","TANGENT MEDIX 22B V20",""
"AO800086","HSS-8096418","C25207M234","VIHA-CRG-Campbell River General Hospital-Main Building-3rd Floor","Campbell River","Main Building","CR3300 - MedCart - 3A","3","ISLHTRP20251103-034","09/30/2029","Operational","08/20/2026","","","Mobile Cart","General Medical / Surgical Inpatient Unit","NTT-Deskside Services-CampbellRiver-Staffed","All-in-One","TANGENT MEDIX 22B V20",""
"PC025721","HSS-8074894","9ML3KQ3","VIHA-CRG-Campbell River General Hospital-Main Building-3rd Floor","Campbell River","Main Building","CR3320 - 3A","3","VIHATRP20230605-027","06/30/2027","Operational","08/20/2026","","","General Rounding","General Medical / Surgical Inpatient Unit","NTT-Deskside Services-CampbellRiver-Staffed","Desktop","Dell OPTIPLEX 7000 MICRO V1",""
"PC024233","HSS-8091870","38BQK44","VIHA-CRG-Campbell River General Hospital-Main Building-3rd Floor","Campbell River","Main Building","CR3320 - 3A CRG724  CRG_CRITICAL","3","VIHATRP20250113-047","12/31/2028","Operational","08/20/2026","Please NOTE that the following software applications are incompatible with the Cerner 724 Downtime application:
-Downtime Patient Index (DTPI)
-Dragon Medical One Extensions (DMO)
-Imprivata OneSign Software/Card Reader (Tap In/Out)
-Inteleviewer (Medical Imaging)

If the software is requested to be installed, the Incident or Request should be assigned to the ""VIHA-Client Experience"" assignment group so the request can be evaluated.","CR3320 -Patient Care Area (18 Beds) Workstation Care Hub - Workstation Care Team","Critical Clinical","General Medical / Surgical Inpatient Unit","NTT-Deskside Services-CampbellRiver-Staffed","Desktop","Dell OptiPlex Micro Plus 7020 V1",""
"WT_63CAGZJG5J2","C003171","GZJG5J2","VIHA-CRG-Campbell River General Hospital-Main Building-3rd Floor","Campbell River","Main Building","CR3320 - 3A Whiteboard","3","","","Operational","08/20/2026","847BEBEDA4F5 - CR3ACCM1","","General Rounding","General Medical / Surgical Inpatient Unit","NTT-Deskside Services-CampbellRiver-Staffed","Thin Client","DELL WYSE 5060 THIN CLIENT","Dell Wyse 5060 Thin Client Wireless"
"PC024234","HSS-8085017","4664X04","VIHA-CRG-Campbell River General Hospital-Main Building-3rd Floor","Campbell River","Main Building","CR3321 - 3A","3","VIHATRP20240101-015","04/30/2028","Operational","08/20/2026","","","General Rounding","General Medical / Surgical Inpatient Unit","NTT-Deskside Services-CampbellRiver-Staffed","Desktop","Dell OptiPlex Micro Plus 7010 V2",""
"PC025724","HSS-8094948","5QVHZ44","VIHA-CRG-Campbell River General Hospital-Main Building-3rd Floor","Campbell River","Main Building","CR3321 - 3A","3","ISLHTRP20250818-016","03/31/2029","Operational","08/20/2026","","","General Rounding","General Medical / Surgical Inpatient Unit","NTT-Deskside Services-CampbellRiver-Staffed","Desktop","Dell OptiPlex Micro Plus 7020 V1",""
"PC025723LEG","HSS-8059200","7ZZ6VH3","VIHA-CRG-Campbell River General Hospital-Main Building-3rd Floor","Campbell River","Main Building","CR3321 - 3A","3","VIHATRP20220613-056","11/30/2026","Operational","08/20/2026","","","General Rounding","General Medical / Surgical Inpatient Unit","NTT-Deskside Services-CampbellRiver-Staffed","Desktop","Dell OPTIPLEX 7090 MICRO V1",""
"PC025723","HSS-8100325","MZ03FQ1X","VIHA-CRG-Campbell River General Hospital-Main Building-3rd Floor","Campbell River","Main Building","CR3321 - 3A","3rd","ISLHTRP20260824-104","","Operational","","","","General Rounding","Patient Rooms","NTT-Deskside Services-CampbellRiver-Staffed","Desktop","LENOVO THINKCENTRE M90Q GEN6",""
"PC025722","HSS-8074895","7201KQ3","VIHA-CRG-Campbell River General Hospital-Main Building-3rd Floor","Campbell River","Main Building","CR3321 - 3A","3","VIHATRP20230605-028","06/30/2027","Operational","08/20/2026","","","General Rounding","General Medical / Surgical Inpatient Unit","NTT-Deskside Services-CampbellRiver-Staffed","Desktop","Dell OPTIPLEX 7000 MICRO V1",""
"PC024235","HSS-8099490","MZ03FQ8M","VIHA-CRG-Campbell River General Hospital-Main Building-3rd Floor","Campbell River","Main Building","CR3322 - 3A Med Rm","","ISLHTRP20260706-097","07/31/2030","Operational","","","","Excluded","","NTT-Deskside Services-CampbellRiver-Staffed","Desktop","LENOVO THINKCENTRE M90Q GEN6",""
"PC024236","HSS-8089283","3F37D14","VIHA-CRG-Campbell River General Hospital-Main Building-3rd Floor","Campbell River","Main Building","CR3328 - 3A","3","VIHATRP20240819-029","09/30/2028","Operational","08/20/2026","","","General Rounding","General Medical / Surgical Inpatient Unit","NTT-Deskside Services-CampbellRiver-Staffed","Desktop","Dell OptiPlex Micro Plus 7010 V2",""
"C003172","C003172","63CAGZ0F5J2","VIHA-CRG-Campbell River General Hospital-Main Building-3rd Floor","Campbell River","Main Building","CR3328 - 3A Whiteboard","3","","","Operational","08/20/2026","847BEBEDA53B - CR3ACCM2","","General Rounding","General Medical / Surgical Inpatient Unit","NTT-Deskside Services-CampbellRiver-Staffed","Thin Client","DELL WYSE 5060 THIN CLIENT","Dell Wyse 5060 Thin Client Wireless"
"PC024237","HSS-8064844","1LR4XP3","VIHA-CRG-Campbell River General Hospital-Main Building-3rd Floor","Campbell River","Main Building","CR3328 3A Far care Hub","3","VIHATRP20220711-045","11/30/2026","Operational","08/20/2026","Please NOTE that the following software applications are incompatible with the Cerner 724 Downtime application:
-Downtime Patient Index (DTPI)
-Dragon Medical One Extensions (DMO)
-Imprivata OneSign Software/Card Reader (Tap In/Out)
-Inteleviewer (Medical Imaging)

If the software is requested to be installed, the Incident or Request should be assigned to the ""VIHA-Client Experience"" assignment group so the request can be evaluated.","CR3328 -Patient Care Area (18 Beds) Workstation Care Hub - Workstation Care Team","Critical Clinical","General Medical / Surgical Inpatient Unit","NTT-Deskside Services-CampbellRiver-Staffed","Desktop","Dell OPTIPLEX 7000 MICRO V1",""
"AO1000107","HSS-8098139","C25318M211","VIHA-CRG-Campbell River General Hospital-Main Building-3rd Floor","Campbell River","Main Building","CR3700","3","ISLHTRP20260323-044","01/31/2030","Operational","08/21/2026","","","Mobile Cart","General Medical / Surgical Inpatient Unit","NTT-Deskside Services-CampbellRiver-Staffed","All-in-One","TANGENT MEDIX 22B V20",""
"AO800094","HSS-8096417","C25207M201","VIHA-CRG-Campbell River General Hospital-Main Building-3rd Floor","Campbell River","Main Building","CR3700 - 3C","3","ISLHTRP20251103-033","09/30/2029","Operational","08/21/2026","","","Mobile Cart","General Medical / Surgical Inpatient Unit","NTT-Deskside Services-CampbellRiver-Staffed","All-in-One","TANGENT MEDIX 22B V20",""
"AO800070","HSS-8096148","C25123M158","VIHA-CRG-Campbell River General Hospital-Main Building-3rd Floor","Campbell River","Main Building","CR3700 - 3C","3","ISLHTRP100625-026","09/30/2029","Operational","08/21/2026","","","Mobile Cart","General Medical / Surgical Inpatient Unit","NTT-Deskside Services-CampbellRiver-Staffed","All-in-One","TANGENT MEDIX 22B V20",""
"AO800075","HSS-8096149","C25123M173","VIHA-CRG-Campbell River General Hospital-Main Building-3rd Floor","Campbell River","Main Building","CR3700 - 3C","3","ISLHTRP100625-027","09/30/2029","Operational","08/21/2026","","","Mobile Cart","General Medical / Surgical Inpatient Unit","NTT-Deskside Services-CampbellRiver-Staffed","All-in-One","TANGENT MEDIX 22B V20",""
"AO800071","HSS-8096427","C25318M266","VIHA-CRG-Campbell River General Hospital-Main Building-3rd Floor","Campbell River","Main Building","CR3700 - 3C - Hallway","3","ISLHTRP20251103-043","12/31/2029","Operational","08/21/2026","","","Mobile Cart","General Medical / Surgical Inpatient Unit","NTT-Deskside Services-CampbellRiver-Staffed","All-in-One","TANGENT MEDIX 22B V20",""
"AO005469","HSS-8096429","C25318M229","VIHA-CRG-Campbell River General Hospital-Main Building-3rd Floor","Campbell River","Main Building","CR3711 - 3C","3","ISLHTRP20251103-045","12/31/2029","Operational","08/21/2026","","","Mobile Cart","General Medical / Surgical Inpatient Unit","NTT-Deskside Services-CampbellRiver-Staffed","All-in-One","TANGENT MEDIX 22B V20","TANGENT"
"PC024239","HSS-8027537","6YL4VH3","VIHA-CRG-Campbell River General Hospital-Main Building-3rd Floor","Campbell River","Main Building","CR3720 - 3C","3","VIHATRP20220321-011","06/30/2026","Operational","08/21/2026","Please NOTE that the following software applications are incompatible with the Cerner 724 Downtime application:
-Downtime Patient Index (DTPI)
-Dragon Medical One Extensions (DMO)
-Imprivata OneSign Software/Card Reader (Tap In/Out)
-Inteleviewer (Medical Imaging)

If the software is requested to be installed, the Incident or Request should be assigned to the ""VIHA-Client Experience"" assignment group so the request can be evaluated.","CR3720 - Patient Care Area (18 Beds) Workstation Care Hub - Workstation Care Team","Critical Clinical","General Medical / Surgical Inpatient Unit","NTT-Deskside Services-CampbellRiver-Staffed","Desktop","Dell OPTIPLEX 7090 MICRO V1",""
"PC025725","HSS-8091867","4GJJZ44","VIHA-CRG-Campbell River General Hospital-Main Building-3rd Floor","Campbell River","Main Building","CR3720 - 3C","3","VIHATRP20250113-044","01/31/2029","Operational","08/21/2026","","","General Rounding","General Medical / Surgical Inpatient Unit","NTT-Deskside Services-CampbellRiver-Staffed","Desktop","Dell OptiPlex Micro Plus 7020 V1",""
"PC025726","HSS-8027542","3GS6VH3","VIHA-CRG-Campbell River General Hospital-Main Building-3rd Floor","Campbell River","Main Building","CR3721 - 3C","3","VIHATRP20220321-016","06/30/2026","Operational","08/21/2026","","","General Rounding","General Medical / Surgical Inpatient Unit","NTT-Deskside Services-CampbellRiver-Staffed","Desktop","Dell OPTIPLEX 7090 MICRO V1",""
"PC025727","HSS-8026144","5GHWDF3","VIHA-CRG-Campbell River General Hospital-Main Building-3rd Floor","Campbell River","Main Building","CR3721 - 3C","3","VIHATRP20220110-022","06/30/2026","Operational","08/21/2026","","","General Rounding","General Medical / Surgical Inpatient Unit","NTT-Deskside Services-CampbellRiver-Staffed","Desktop","Dell OPTIPLEX 7080 MICRO V3",""
"PC024241","HSS-8027541","DBT4VH3","VIHA-CRG-Campbell River General Hospital-Main Building-3rd Floor","Campbell River","Main Building","CR3722 - 3C Med Rm","3","VIHATRP20220321-015","06/30/2026","Operational","04/23/2026","Please NOTE that the following software applications are incompatible with the Cerner 724 Downtime application:
-Downtime Patient Index (DTPI)
-Dragon Medical One Extensions (DMO)
-Imprivata OneSign Software/Card Reader (Tap In/Out)
-Inteleviewer (Medical Imaging)

If the software is requested to be installed, the Incident or Request should be assigned to the ""VIHA-Client Experience"" assignment group so the request can be evaluated.","CR3729 - Patient Care Area (18 Beds) Workstation Care Hub - Workstation Care Team","Excluded","General Medical / Surgical Inpatient Unit","NTT-Deskside Services-CampbellRiver-Staffed","Desktop","Dell OPTIPLEX 7090 MICRO V1",""
"PC024240LEG","HSS-8064846","G4R5XP3","VIHA-CRG-Campbell River General Hospital-Main Building-3rd Floor","Campbell River","Main Building","CR3729 - 3C","3","VIHATRP20220711-047","11/30/2026","Operational","08/21/2026","","","General Rounding","General Medical / Surgical Inpatient Unit","NTT-Deskside Services-CampbellRiver-Staffed","Desktop","Dell OPTIPLEX 7000 MICRO V1",""
"PC024242LEG","HSS-8064845","3QR4XP3","VIHA-CRG-Campbell River General Hospital-Main Building-3rd Floor","Campbell River","Main Building","CR3729 - 3C","3","VIHATRP20220711-046","11/30/2026","Operational","08/21/2026","","","Critical Clinical","General Medical / Surgical Inpatient Unit","NTT-Deskside Services-CampbellRiver-Staffed","Desktop","Dell OPTIPLEX 7000 MICRO V1",""
"PC024240","HSS-8100322","MZ03FQ22","VIHA-CRG-Campbell River General Hospital-Main Building-3rd Floor","Campbell River","Main Building","CR3729 - 3C","3rd","ISLHTRP20260824-101","","Operational","","","","General Rounding","Patient Rooms","NTT-Deskside Services-CampbellRiver-Staffed","Desktop","LENOVO THINKCENTRE M90Q GEN6",""
"PC024242","HSS-8100324","MZ03FQ1T","VIHA-CRG-Campbell River General Hospital-Main Building-3rd Floor","Campbell River","Main Building","CR3729 - 3C","3rd","ISLHTRP20260824-103","","Operational","","","","Critical Clinical","Patient Rooms","NTT-Deskside Services-CampbellRiver-Staffed","Desktop","LENOVO THINKCENTRE M90Q GEN6",""
"WT_63CAGZLF5J2","C003174","GZLF5J2","VIHA-CRG-Campbell River General Hospital-Main Building-3rd Floor","Campbell River","Main Building","CR3729 - 3C Whiteboard","3","","","Operational","08/21/2026","847BEBEDA4C8 - CR3CCCM2","","General Rounding","General Medical / Surgical Inpatient Unit","NTT-Deskside Services-CampbellRiver-Staffed","Thin Client","DELL WYSE 5060 THIN CLIENT","Dell Wyse 5060 Thin Client Wireless"
"AO800095","HSS-8098140","C25318M200","VIHA-CRG-Campbell River General Hospital-Main Building-3rd Floor","Campbell River","Main Building","CR3730 - 3C","3","ISLHTRP20260323-045","01/31/2030","Operational","08/21/2026","","","Mobile Cart","General Medical / Surgical Inpatient Unit","NTT-Deskside Services-CampbellRiver-Staffed","All-in-One","TANGENT MEDIX 22B V20",""
"AO800089","HSS-8096946","C25207M226","VIHA-CRG-Campbell River General Hospital-Main Building-3rd Floor","Campbell River","Main Building","CR3730 - 3C","3","ILSHTRP20251229-017","09/30/2029","Operational","08/21/2026","","","Mobile Cart","3C/D","NTT-Deskside Services-CampbellRiver-Staffed","All-in-One","TANGENT MEDIX 22B V20",""
"PC025730","HSS-8027540","3C67VH3","VIHA-CRG-Campbell River General Hospital-Main Building-3rd Floor","Campbell River","Main Building","CR3803","3","VIHATRP20220321-014","06/30/2026","Operational","08/21/2026","Moved from CR3929 to CR3803 - RITM2252146","","General Rounding","General Medical / Surgical Inpatient Unit","NTT-Deskside Services-CampbellRiver-Staffed","Desktop","Dell OPTIPLEX 7090 MICRO V1",""
"LD040926","HSS-8087507","CD1RCW3","VIHA-CRG-Campbell River General Hospital-Main Building-3rd Floor","Campbell River","Main Building","CR3803 - not in CR3803","3","VIHATRP20240610-069","07/31/2028","Operational","05/27/2026","","","General Rounding","Region 4 Scheduling Victoria","NTT-Deskside Services-CampbellRiver-Staffed","Laptop","Dell LATITUDE 7440 V7",""
"PC027203LEG","HSS-8064847","G3R5XP3","VIHA-CRG-Campbell River General Hospital-Main Building-3rd Floor","Campbell River","Main Building","CR3804 - 3C/D","3","VIHATRP20220711-048","11/30/2026","Operational","08/21/2026","","","General Rounding","General Medical / Surgical Inpatient Unit","NTT-Deskside Services-CampbellRiver-Staffed","Desktop","Dell OPTIPLEX 7000 MICRO V1",""
"PC024244","HSS-8089282","4D37D14","VIHA-CRG-Campbell River General Hospital-Main Building-3rd Floor","Campbell River","Main Building","CR3804 - 3C/D","3","VIHATRP20240819-028","09/30/2028","Operational","08/21/2026","","","General Rounding","CRG Inpatients","NTT-Deskside Services-CampbellRiver-Staffed","Desktop","Dell OptiPlex Micro Plus 7010 V2",""
"PC027203","HSS-8100321","MZ03FQ1J","VIHA-CRG-Campbell River General Hospital-Main Building-3rd Floor","Campbell River","Main Building","CR3804 - 3C/D","","ISLHTRP20260824-100","","Operational","","","","General Rounding","","NTT-Deskside Services-CampbellRiver-Staffed","Desktop","LENOVO THINKCENTRE M90Q GEN6",""
"LD080102","HSS-8099501","SD00699D","VIHA-CRG-Campbell River General Hospital-Main Building-3rd Floor","Campbell River","Main Building","CR3805","3rd","ISLHTRP20260706-108","07/31/2030","Operational","","","","General Rounding","Spiritual Health","NTT-Deskside Services-CampbellRiver-Staffed","Laptop","LENOVO THINKPAD T14 GEN6 NT FPR 2x1",""
"LD024253","HSS-8096772","PF5XAHGD","VIHA-CRG-Campbell River General Hospital-Main Building-3rd Floor","Campbell River","Main Building","CR3805","3","ISLHTRP20251208-087","01/31/2030","Operational","08/21/2026","","","General Rounding","General Medical / Surgical Inpatient Unit","NTT-Deskside Services-CampbellRiver-Staffed","Laptop","LENOVO THINKPAD T14 GEN6",""
"PC024250","HSS-8027536","6FS6VH3","VIHA-CRG-Campbell River General Hospital-Main Building-3rd Floor","Campbell River","Main Building","CR3809 - 3C/D","3","VIHATRP20220321-010","06/30/2026","Operational","08/21/2026","","","General Rounding","General Medical / Surgical Inpatient Unit","NTT-Deskside Services-CampbellRiver-Staffed","Desktop","Dell OPTIPLEX 7090 MICRO V1",""
"PC024251","HSS-8027539","CDS6VH3","VIHA-CRG-Campbell River General Hospital-Main Building-3rd Floor","Campbell River","Main Building","CR3809 - 3C/D","3","VIHATRP20220321-013","06/30/2026","Operational","08/21/2026","","","General Rounding","General Medical / Surgical Inpatient Unit","NTT-Deskside Services-CampbellRiver-Staffed","Desktop","Dell OPTIPLEX 7090 MICRO V1",""
"PC024247","HSS-8066608","5HY4XP3","VIHA-CRG-Campbell River General Hospital-Main Building-3rd Floor","Campbell River","Main Building","CR3809 - 3C/D","3","VIHATRP20220919-056","01/31/2027","Operational","08/21/2026","","","General Rounding","General Medical / Surgical Inpatient Unit","NTT-Deskside Services-CampbellRiver-Staffed","Desktop","Dell OPTIPLEX 7000 MICRO V1",""
"PC024249","HSS-8100329","MZ03FPX8","VIHA-CRG-Campbell River General Hospital-Main Building-3rd Floor","Campbell River","Main Building","CR3809 - 3C/D","","ISLHTRP20260824-108","","Operational","","","","General Rounding","","NTT-Deskside Services-CampbellRiver-Staffed","Desktop","LENOVO THINKCENTRE M90Q GEN6",""
"PC024248","HSS-8100326","MZ03FPXA","VIHA-CRG-Campbell River General Hospital-Main Building-3rd Floor","Campbell River","Main Building","CR3809 - 3C/D","","ISLHTRP20260824-105","","Operational","","","","General Rounding","","NTT-Deskside Services-CampbellRiver-Staffed","Desktop","LENOVO THINKCENTRE M90Q GEN6",""
"PC024248LEG","HSS-8064848","7LR4XP3","VIHA-CRG-Campbell River General Hospital-Main Building-3rd Floor","Campbell River","Main Building","CR3809 - 3C/D","3","VIHATRP20220711-049","11/30/2026","Operational","08/21/2026","","","General Rounding","General Medical / Surgical Inpatient Unit","NTT-Deskside Services-CampbellRiver-Staffed","Desktop","Dell OPTIPLEX 7000 MICRO V1",""
"PC024249LEG","HSS-8064849","J2R5XP3","VIHA-CRG-Campbell River General Hospital-Main Building-3rd Floor","Campbell River","Main Building","CR3809 - 3C/D","3","VIHATRP20220711-050","11/30/2026","Operational","08/21/2026","","","General Rounding","General Medical / Surgical Inpatient Unit","NTT-Deskside Services-CampbellRiver-Staffed","Desktop","Dell OPTIPLEX 7000 MICRO V1",""
"CR3CDSTR1","HSS-1997618","39SR624","VIHA-CRG-Campbell River General Hospital-Main Building-3rd Floor","Campbell River","Main Building","CR3809 - 3C/D Whiteboard","3","DMND0004884","04/30/2029","Operational","08/21/2026","","","General Rounding","General Medical / Surgical Inpatient Unit","NTT-Deskside Services-CampbellRiver-Staffed","Thin Client","DELL OPTIPLEX 3000 THIN CLIENT V3","Dell Optiplex 3000 Thin Client - CR3809 - 3C/D Whiteboard"
"LD105407","HSS-1111576","2WCJX64","VIHA-CRG-Campbell River General Hospital-Main Building-3rd Floor","Campbell River","Main Building","CR3810","3","REQ1785733-RITM1884757-SCTASK3043956","03/31/2029","Operational","05/27/2026","Deployed to CRG CR3803 CNE office -RITM1884757","","General Rounding","General Medical / Surgical Inpatient Unit","NTT-Deskside Services-CampbellRiver-Staffed","Laptop","Dell Latitude 7450",""
"AO800074","HSS-8096422","C25207M236","VIHA-CRG-Campbell River General Hospital-Main Building-3rd Floor","Campbell River","Main Building","CR3810 - 3C/D","3","ISLHTRP20251103-038","09/30/2029","Operational","08/21/2026","","","Mobile Cart","General Medical / Surgical Inpatient Unit","NTT-Deskside Services-CampbellRiver-Staffed","All-in-One","TANGENT MEDIX 22B V20",""
"AO400591","HSS-8095999","C25122M009","VIHA-CRG-Campbell River General Hospital-Main Building-3rd Floor","Campbell River","Main Building","CR3810 - 3C/D","3","ISLHTRP20250929-029","05/31/2029","Operational","08/21/2026","","","Mobile Cart","General Medical / Surgical Inpatient Unit","NTT-Deskside Services-CampbellRiver-Staffed","All-in-One","TANGENT MEDIX 22B V20",""
"LD080426","HSS-1041184","C7DGLN3","VIHA-CRG-Campbell River General Hospital-Main Building-3rd Floor","Campbell River","Main Building","CR3810 - 3C/D","3","REQ0821187-RITM0862771-SCTASK1403142","05/31/2027","Operational","08/21/2026","","","General Rounding","General Medical / Surgical Inpatient Unit","NTT-Deskside Services-CampbellRiver-Staffed","Laptop","Dell LATITUDE 7420 V3",""
"LD024240","HSS-8093759","4GSTFW3","VIHA-CRG-Campbell River General Hospital-Main Building-3rd Floor","Campbell River","Main Building","CR3811 - 3C/D","3","ISLHTRP20250609-007","03/31/2029","Operational","08/21/2026","","","General Rounding","Pharmacy","NTT-Deskside Services-CampbellRiver-Staffed","Laptop","Dell LATITUDE 7450 V4",""
"AO400589","HSS-8098125","C25318M207","VIHA-CRG-Campbell River General Hospital-Main Building-3rd Floor","Campbell River","Main Building","CR3811 - 3C/D","3","ISLHTRP20260323-025","01/31/2030","Operational","08/21/2026","","","Mobile Cart","General Medical / Surgical Inpatient Unit","NTT-Deskside Services-CampbellRiver-Staffed","All-in-One","TANGENT MEDIX 22B V20","Asset: HSS-1042128
Moved from CRG IT office to CR3810, General Medical / Surgical Inpatient Unit"
"AO800061","HSS-8097302","C25318M260","VIHA-CRG-Campbell River General Hospital-Main Building-3rd Floor","Campbell River","Main Building","CR3812 - 3D Activation Room","3","ISLHTRP20260126-105","01/31/2030","Operational","08/21/2026","","","Mobile Cart","Occupational Therapy","NTT-Deskside Services-CampbellRiver-Staffed","All-in-One","TANGENT MEDIX 22B V20",""
"AO400596","HSS-8098126","C25318M206","VIHA-CRG-Campbell River General Hospital-Main Building-3rd Floor","Campbell River","Main Building","CR3900","3","ISLHTRP20260323-026","01/31/2030","Operational","08/21/2026","","","Mobile Cart","General Medical / Surgical Inpatient Unit","NTT-Deskside Services-CampbellRiver-Staffed","All-in-One","TANGENT MEDIX 22B V20",""
"AO800079","HSS-8096425","C25318M215","VIHA-CRG-Campbell River General Hospital-Main Building-3rd Floor","Campbell River","Main Building","CR3900 - 3D","3","ISLHTRP20251103-041","12/31/2029","Operational","08/21/2026","","","Mobile Cart","General Medical / Surgical Inpatient Unit","NTT-Deskside Services-CampbellRiver-Staffed","All-in-One","TANGENT MEDIX 22B V20",""
"AO800084","HSS-8096432","C25318M259","VIHA-CRG-Campbell River General Hospital-Main Building-3rd Floor","Campbell River","Main Building","CR3900 - 3D","3","ISLHTRP20251103-048","12/31/2029","Operational","08/21/2026","","","Mobile Cart","General Medical / Surgical Inpatient Unit","NTT-Deskside Services-CampbellRiver-Staffed","All-in-One","TANGENT MEDIX 22B V20",""
"AO800087","HSS-8096426","C25318M267","VIHA-CRG-Campbell River General Hospital-Main Building-3rd Floor","Campbell River","Main Building","CR3900 - 3D","3","ISLHTRP20251103-042","12/31/2029","Operational","08/21/2026","","","Mobile Cart","General Medical / Surgical Inpatient Unit","NTT-Deskside Services-CampbellRiver-Staffed","All-in-One","TANGENT MEDIX 22B V20",""
"AO800050","HSS-8096151","C25123M177","VIHA-CRG-Campbell River General Hospital-Main Building-3rd Floor","Campbell River","Main Building","CR3900 - 3D","3","ISLHTRP100625-029","09/30/2029","Operational","08/21/2026","","","Mobile Cart","General Medical / Surgical Inpatient Unit","NTT-Deskside Services-CampbellRiver-Staffed","All-in-One","TANGENT MEDIX 22B V20",""
"PC025729","HSS-8089281","5D37D14","VIHA-CRG-Campbell River General Hospital-Main Building-3rd Floor","Campbell River","Main Building","CR3920 - 3D","3","VIHATRP20240819-027","09/30/2028","Operational","08/21/2026","","","General Rounding","General Medical / Surgical Inpatient Unit","NTT-Deskside Services-CampbellRiver-Staffed","Desktop","Dell OptiPlex Micro Plus 7010 V2",""
"PC024254LEG","HSS-8064850","JLV4XP3","VIHA-CRG-Campbell River General Hospital-Main Building-3rd Floor","Campbell River","Main Building","CR3920 - 3D","3","VIHATRP20220711-051","11/30/2026","Operational","08/21/2026","Please NOTE that the following software applications are incompatible with the Cerner 724 Downtime application:
-Downtime Patient Index (DTPI)
-Dragon Medical One Extensions (DMO)
-Imprivata OneSign Software/Card Reader (Tap In/Out)
-Inteleviewer (Medical Imaging)

If the software is requested to be installed, the Incident or Request should be assigned to the ""VIHA-Client Experience"" assignment group so the request can be evaluated.","CR3920 - Patient Care Area (18 Beds) Workstation Care Hub - Workstation Care Team","Critical Clinical","General Medical / Surgical Inpatient Unit","NTT-Deskside Services-CampbellRiver-Staffed","Desktop","Dell OPTIPLEX 7000 MICRO V1",""
"PC024254","HSS-8100328","MZ03FPXC","VIHA-CRG-Campbell River General Hospital-Main Building-3rd Floor","Campbell River","Main Building","CR3920 - 3D","","ISLHTRP20260824-107","","Operational","","","CR3920 - Patient Care Area (18 Beds) Workstation Care Hub - Workstation Care Team","Critical Clinical","","NTT-Deskside Services-CampbellRiver-Staffed","Desktop","LENOVO THINKCENTRE M90Q GEN6",""
"HSS-1997608","HSS-1997608","28SR624","VIHA-CRG-Campbell River General Hospital-Main Building-3rd Floor","Campbell River","Main Building","CR3920 - 3D Whiteboard","3","DMND0004884","04/30/2029","Operational","08/21/2026","","","General Rounding","General Medical / Surgical Inpatient Unit","NTT-Deskside Services-CampbellRiver-Staffed","Thin Client","DELL OPTIPLEX 3000 THIN CLIENT V3","DELL OPTIPLEX 3000 THIN CLIENT V3"
"LD024285","HSS-8094949","FR4P774","VIHA-CRG-Campbell River General Hospital-Main Building-3rd Floor","Campbell River","Main Building","CR3921","3","ISLHTRP20250818-017","09/30/2029","Operational","08/07/2026","","","General Rounding","General Medical / Surgical Inpatient Unit","NTT-Deskside Services-CampbellRiver-Staffed","Laptop","Dell LATITUDE 7450 V4",""
"PC024255","HSS-8100320","MZ03FQ20","VIHA-CRG-Campbell River General Hospital-Main Building-3rd Floor","Campbell River","Main Building","CR3921 - 3D","","ISLHTRP20260824-099","","Operational","","","","General Rounding","","NTT-Deskside Services-CampbellRiver-Staffed","Desktop","LENOVO THINKCENTRE M90Q GEN6",""
"PC024255LEG","HSS-8064851","1MR4XP3","VIHA-CRG-Campbell River General Hospital-Main Building-3rd Floor","Campbell River","Main Building","CR3921 - 3D","3","VIHATRP20220711-052","11/30/2026","Operational","08/21/2026","","","General Rounding","General Medical / Surgical Inpatient Unit","NTT-Deskside Services-CampbellRiver-Staffed","Desktop","Dell OPTIPLEX 7000 MICRO V1",""
"PC025732","HSS-8026286","5HDVDF3","VIHA-CRG-Campbell River General Hospital-Main Building-3rd Floor","Campbell River","Main Building","CR3921 - 3D","3","VIHATRP20220124-010","05/31/2026","Operational","08/21/2026","","","General Rounding","General Medical / Surgical Inpatient Unit","NTT-Deskside Services-CampbellRiver-Staffed","Desktop","Dell OPTIPLEX 7080 MICRO V3",""
"PC025731","HSS-8091868","B5BQK44","VIHA-CRG-Campbell River General Hospital-Main Building-3rd Floor","Campbell River","Main Building","CR3921 - 3D","3","VIHATRP20250113-045","12/31/2028","Operational","08/21/2026","","","General Rounding","General Medical / Surgical Inpatient Unit","NTT-Deskside Services-CampbellRiver-Staffed","Desktop","Dell OptiPlex Micro Plus 7020 V1",""
"LD086408","HSS-8092779","G9PSFW3","VIHA-CRG-Campbell River General Hospital-Main Building-3rd Floor","Campbell River","Main Building","CR3921 / CRCR3205 - in the cabinet","3","VIHATRP20250331-013","03/31/2029","Operational","07/23/2026","","","General Rounding","General Medical / Surgical Inpatient Unit","NTT-Deskside Services-CampbellRiver-Staffed","Laptop","Dell LATITUDE 7450 V4",""
"PC024256","HSS-8100323","MZ03FQ23","VIHA-CRG-Campbell River General Hospital-Main Building-3rd Floor","Campbell River","Main Building","CR3922 - 3D Med Rm","","ISLHTRP20260824-102","","Operational","","","","Excluded","","NTT-Deskside Services-CampbellRiver-Staffed","Desktop","LENOVO THINKCENTRE M90Q GEN6",""
"PC024256LEG","HSS-8064852","JLR4XP3","VIHA-CRG-Campbell River General Hospital-Main Building-3rd Floor","Campbell River","Main Building","CR3922 - 3D Med Rm","3","VIHATRP20220711-053","11/30/2026","Operational","04/23/2026","","","Excluded","General Medical / Surgical Inpatient Unit","NTT-Deskside Services-CampbellRiver-Staffed","Desktop","Dell OPTIPLEX 7000 MICRO V1",""
"PC025733","HSS-8026281","51VXDF3","VIHA-CRG-Campbell River General Hospital-Main Building-3rd Floor","Campbell River","Main Building","CR3929 - 3D CERNER724","3","VIHATRP20220124-005","05/31/2026","Operational","08/21/2026","Please NOTE that the following software applications are incompatible with the Cerner 724 Downtime application:
-Downtime Patient Index (DTPI)
-Dragon Medical One Extensions (DMO)
-Imprivata OneSign Software/Card Reader (Tap In/Out)
-Inteleviewer (Medical Imaging)

If the software is requested to be installed, the Incident or Request should be assigned to the ""VIHA-Client Experience"" assignment group so the request can be evaluated.","CR3929 - Patient Care Area (18 Beds) Workstation Care Hub - Workstation Care Team","Critical Clinical","General Medical / Surgical Inpatient Unit","NTT-Deskside Services-CampbellRiver-Staffed","Desktop","Dell OPTIPLEX 7080 MICRO V3",""
"WT_63CAGYZF5J2  C003176","C003176","63CAGYZF5J2","VIHA-CRG-Campbell River General Hospital-Main Building-3rd Floor","Campbell River","Main Building","CR3929 - 3D Whiteboard","3","","","Operational","08/21/2026","847BEBEDA5CE - CR3DCCM2","","General Rounding","General Medical / Surgical Inpatient Unit","NTT-Deskside Services-CampbellRiver-Staffed","Thin Client","DELL WYSE 5060 THIN CLIENT","Dell Wyse 5060 Thin Client Wireless"
"LD105923","HSS-8099204","SD00PG9D","VIHA-CRG-Campbell River General Hospital-Main Building-Basement 1","Campbell River","Main Building","CR601 - IMIT","B1","ISLHTRP20260622-075","07/31/2030","Operational","","","","General Rounding","IM/IT","NTT-Deskside Services-CampbellRiver-Staffed","Laptop","LENOVO THINKPAD T14 GEN6 NT FPR 2x1",""
"LD107827","HSS-1990630","3T0H5X3","VIHA-CRMHAS-Campbell River Mental Health & Addiction Services-Main Building-2nd Floor","Campbell River","CRMHAS","Craig Benning","2","REQ2197802-RITM2322373-SCTASK3717758","10/31/2027","Operational","07/20/2026","","","General Rounding","CRMHAS","NTT-Deskside Services-CampbellRiver-Local","Laptop","Dell LATITUDE 7430 V1","Deployed 20July2026 via RITM2322373"
"LD066325","HSS-8084575","4SCB9W3","VIHA-CRG-Campbell River General Hospital-Main Building-Basement 1","Campbell River","Main Building","CRG0601 (WFH)","Basement 1","VIHATRP20240318-044","04/30/2028","Operational","","","","Excluded","IM/IT","NTT-Deskside Services-CampbellRiver-Staffed","Laptop","DELL LATITUDE 7440 V2",""
"PC067196","HSS-8091054","HMGS144","VIHA-CRHCC-Campbell River Home & Community Care-Main Building-1st Floor","Campbell River","Main Building","CRHCC","1","VIHATRP20241104-013","12/31/2028","Operational","04/21/2026","","Located at Campbell River Ironwood Place by CHS/CRHCC.
Moved from CRIP to CRHCC by the user. Marla mentioned that the CRIP office has closed - Aug.24, 2026.","General Rounding","Campbell River Home & Community Care","NTT-Deskside Services-CampbellRiver-Local","Desktop","Dell OptiPlex Micro Plus 7020 V1",""
"LD063636","HSS-8097854","PF5X1NTX","VIHA-CRHCC-Campbell River Home & Community Care-Main Building-1st Floor","Campbell River","CRHCC","CRHCC","1","ISLHTRP20260302-042","04/30/2030","Operational","","","","General Rounding","Touchdown 1","NTT-Deskside Services-CampbellRiver-Local","Laptop","LENOVO THINKPAD T14 GEN6",""
"LD030712","HSS-8092780","4CJZFW3","VIHA-CRHCC-Campbell River Home & Community Care-Main Building-2nd Floor","Campbell River","CRHCC","CRHCC","1","VIHATRP20250331-015","03/31/2029","Operational","","","","General Rounding","CRHCC","NTT-Deskside Services-CampbellRiver-Local","Laptop","Dell LATITUDE 7450 V4",""
"LD030705","HSS-8099855","SD00635N","VIHA-CRHCC-Campbell River Home & Community Care-Main Building-1st Floor","Campbell River","Main Building","CSC Office","1","ISLHTRP20260803-019","","Operational","","","","General Rounding","CRHCC","NTT-Deskside Services-CampbellRiver-Local","Laptop","LENOVO THINKPAD T14 GEN6 NT FPR 2x1",""
"LD032713","HSS-8099862","SD00NSSW","VIHA-CRHCC-Campbell River Home & Community Care-Main Building-1st Floor","Campbell River","Main Building","CSC Sherri","1","ISLHTRP20260803-026","07/31/2030","Operational","","","","General Rounding","CRHCC","NTT-Deskside Services-CampbellRiver-Local","Laptop","LENOVO THINKPAD T14 GEN6 NT FPR 2x1",""
"AO800040","HSS-1037425","C22305M118","VIHA-CRG-Campbell River General Hospital-Main Building-1st Floor","Campbell River","Main Building","Deployed to CR1101 - Meeting Room 1/2/3/7/8 - Key","1","Lease Information Extract - HPFS Tangent","09/30/2025","Operational","07/08/2026","","","Mobile Cart","Central Education and Conference Facilities","NTT-Deskside Services-CampbellRiver-Staffed","All-in-One","Tangent Medix T22B AiO 3517U",""
"LD061726","HSS-1036532","4C6JLN3","VIHA-CRMC-Campbell River Marwalk Crescent-Main Building-1st Floor","Campbell River","Main Building","Directors office","1","REQ0639690-RITM0672017-SCTASK1078894","11/30/2026","Operational","03/25/2024","","","General Rounding"," ","NTT-Deskside Services-CampbellRiver-Local","Laptop","Dell LATITUDE 7420 V3",""
"PC035170","HSS-8087955","81C6724","VIHA-ZHU-Zeballos Health Unit-Main Building-1st Floor","Zeballos","Main Building","DOCTOR ROOM #1","1st Floor","VIHATRP20240624-034","07/31/2028","Operational","","","","General Rounding","Strathcona/Remote Communities","NTT-Deskside Services-CampbellRiver-Remote","Desktop","Dell OptiPlex Micro Plus 7010 V2",""
"PC035176","HSS-8079368","F21WPR3","VIHA-GRHC-Gold River Health Centre-Main Building-1st Floor","Gold River","Main Building","Doctor's office","1","VIHATRP20230916-051","06/30/2027","Operational","06/30/2026","","","General Rounding","Rural Health","NTT-Deskside Services-CampbellRiver-Remote","Desktop","Dell OPTIPLEX 7000 MICRO V1","LENOVO THNKCNT M920q i5-8500 2.1GHz 8GB"
"PC034816","HSS-8079370","G9YVPR3","VIHA-GRHC-Gold River Health Centre-Main Building-1st Floor","Gold River","Main Building","Doctor's office #1 - Key lock","1","VIHATRP20230916-090","06/30/2027","Operational","06/30/2026","","","General Rounding","Emergency","NTT-Deskside Services-CampbellRiver-Remote","Desktop","Dell OPTIPLEX 7000 MICRO V1",""
"PC107520","HSS-8085048","JQH4X04","VIHA-GRHC-Gold River Health Centre-Main Building-1st Floor","Gold River","Main Building","Doctor's office appointment","1","REQ2046431-RITM2161327-SCTASK3457449","04/30/2028","Operational","06/30/2026","Deployed at GRHC - RITM2161327","","General Rounding","Gold River Health Centre","NTT-Deskside Services-CampbellRiver-Remote","Desktop","Dell OptiPlex Micro Plus 7010 V2",""
"PC034819","HSS-8079362","67D2QR3","VIHA-GRHC-Gold River Health Centre-Main Building-1st Floor","Gold River","Main Building","Doctor's office appointment","1","VIHATRP20230916-045","06/30/2027","Operational","06/30/2026","","","General Rounding","Family Practice","NTT-Deskside Services-CampbellRiver-Remote","Desktop","Dell OPTIPLEX 7000 MICRO V1","LENOVO THNKCNT M920q i5-8500 2.1GHz 8GB"
"LD065997","HSS-8079347","HQKZFY3","VIHA-CRMHAS-Campbell River Mental Health & Addiction Services-Main Building-2nd Floor","Campbell River","Main Building","E1","2nd Floor","VIHATRP20230916-030","11/30/2027","Operational","06/24/2025","","","General Rounding","Port Alberni West Admin","NTT-Deskside Services-CampbellRiver-Local","Laptop","DELL LATITUDE 7440 V2","LENOVO THNKCNT M920q i5-8500 2.1GHz 8GB"
"LD025785","HSS-8099464","SD006KWA","VIHA-CRMHAS-Campbell River Mental Health & Addiction Services-Main Building-2nd Floor","Campbell River","Main Building","E2","2","ISLHTRP20260706-071","07/31/2030","Operational","","","","General Rounding","CRMHSU","NTT-Deskside Services-CampbellRiver-Local","Laptop","LENOVO THINKPAD T14 GEN6 NT FPR 2x1",""
"LD068919","HSS-1110946","3LHZFW3","VIHA-CRMHAS-Campbell River Mental Health & Addiction Services-Main Building-2nd Floor","Campbell River","CRMHAS","E4","2","REQ1708818-RITM1803467-SCTASK2921209","03/31/2029","Operational","05/08/2025","07May2025 Deployed to CRMHAS via RITM1803467","","General Rounding","CRMHAS","NTT-Deskside Services-CampbellRiver-Local","Laptop","Dell LATITUDE 7450 V4",""
"LD068709","HSS-1048871","DC0XVH3","VIHA-CRHCC-Campbell River Home & Community Care-Main Building-1st Floor","Campbell River","CRHCC","EDT","1","REQ1563092-RITM1649251-SCTASK2647025","01/31/2029","Operational","","","","General Rounding","CRHCC","NTT-Deskside Services-CampbellRiver-Local","Laptop","Dell LATITUDE 7450 V4",""
"LD090995","HSS-1047249","GRKPCW3","VIHA-GRHC-Gold River Health Centre-Main Building-1st Floor","Gold River","Gold River Health Centre","Emergency","1","REQ1382653-RITM1458435-SCTASK2340219","09/30/2028","Operational","06/30/2026","02July2024 - RITM1458435 -  Shipped to Tim Miller at GRHC via Purolator 334794987399 Shiplink 21547","","General Rounding","GRHC","NTT-Deskside Services-CampbellRiver-Remote","Laptop","Dell LATITUDE 7440 V7",""
"AO400599","HSS-1042138","C22305M167","VIHA-GRHC-Gold River Health Centre-Main Building-1st Floor","Gold River","Main Building","Emergency","1","Lease Information Extract - HPFS Tangent","09/30/2025","Operational","06/30/2026","","","Mobile Cart","Nursing","NTT-Deskside Services-CampbellRiver-Remote","All-in-One","Tangent Medix T22B AiO 3517U",""
"LD034152","HSS-8005885","PC03Y9PP","VIHA-CRG-Campbell River General Hospital-Main Building-1st Floor","Campbell River","Main Building","Emergency Coordinator Office","1","","09/30/2018","Operational","06/02/2023","","","General Rounding"," Emergency Coordinator Office","NTT-Deskside Services-CampbellRiver-Staffed","Laptop","LENOVO THINKPAD T440S",""
"PC052397","HSS-8079364","59D2QR3","VIHA-GRHC-Gold River Health Centre-Main Building-1st Floor","Gold River","Main Building","ER","1","VIHATRP20230916-047","06/30/2027","Operational","06/30/2026","","","General Rounding","Physiotherapy","NTT-Deskside Services-CampbellRiver-Remote","Desktop","Dell OPTIPLEX 7000 MICRO V1","LENOVO THNKCNT M920q i5-8500 2.1GHz 8GB"
"PC034815","HSS-8079359","37D2QR3","VIHA-GRHC-Gold River Health Centre-Main Building-1st Floor","Gold River","Main Building","ER nursing station","1","VIHATRP20230916-042","06/30/2027","Operational","06/30/2026","","","General Rounding","Emergency","NTT-Deskside Services-CampbellRiver-Remote","Desktop","Dell OPTIPLEX 7000 MICRO V1","Dell OPTIPLEX 7000 MICRO V1"
"PC034817","HSS-8079372","25VVPR3","VIHA-GRHC-Gold River Health Centre-Main Building-1st Floor","Gold River","Main Building","ER Nursing station","1","VIHATRP20230916-092","06/30/2027","Operational","06/30/2026","","","General Rounding","Emergency","NTT-Deskside Services-CampbellRiver-Remote","Desktop","Dell OPTIPLEX 7000 MICRO V1","LENOVO THNKCNT M920q i5-8500 2.1GHz 8GB"
"PC093019","HSS-1048587","DHFQK44","VIHA-CRG-Campbell River General Hospital-Corporate-Whitehouse-1st Floor","Campbell River","Whitehouse","Exam Room #1","1","REQ1493677-RITM1575906-SCTASK2614702","12/31/2028","Operational","03/17/2026","RITM1575906 - Deployed at Whitehouse Exam Room #1 - Nov.29, 2024","","General Rounding","Whitehouse","NTT-Deskside Services-CampbellRiver-Staffed","Desktop","Dell OptiPlex Micro Plus 7020 V1",""
"PC093020","HSS-1048586","C6BQK44","VIHA-CRG-Campbell River General Hospital-Corporate-Whitehouse-1st Floor","Campbell River","Whitehouse","Exam Room #2","1","REQ1493677-RITM1575907-SCTASK2614776","12/31/2028","Operational","03/17/2026","RITM1575907 -  Deployed at Whitehouse Exam Room #2 - Nov.29, 2024","","General Rounding","Whitehouse","NTT-Deskside Services-CampbellRiver-Staffed","Desktop","Dell OptiPlex Micro Plus 7020 V1",""
"PC090454","HSS-1048633","JMJQK44","VIHA-CRG-Campbell River General Hospital-Corporate-Whitehouse-1st Floor","Campbell River","Whitehouse","Exam Room #3 - 107E","1","REQ1493677-RITM1575900-SCTASK2619303","12/31/2028","Operational","03/17/2026","RITM1575900 - Deployed at Whitehouse Exam Room #3 - Dec.5th, 2024","","General Rounding","Whitehouse","NTT-Deskside Services-CampbellRiver-Staffed","Desktop","Dell OptiPlex Micro Plus 7020 V1",""
"PC090453","HSS-1048632","26BQK44","VIHA-CRG-Campbell River General Hospital-Corporate-Whitehouse-1st Floor","Campbell River","Whitehouse","Exam Room #4","1","REQ1493677-RITM1575908-SCTASK2619275","12/31/2028","Operational","03/17/2026","RITM1575908 - Deployed at Whitehouse Exam Room #4 - Dec.5th, 2024","","General Rounding","Whitehouse","NTT-Deskside Services-CampbellRiver-Staffed","Desktop","Dell OptiPlex Micro Plus 7020 V1",""
"PC027212","HSS-8099850","MZ03FPZ8","VIHA-CRHCC-Campbell River Home & Community Care-Main Building-1st Floor","Campbell River","Main Building","File Room","1st","ISLHTRP20260803-014","07/31/2030","Operational","","","","General Rounding","CRHCC","NTT-Deskside Services-CampbellRiver-Local","Desktop","LENOVO THINKCENTRE M90Q GEN6",""
"LD086239","HSS-1047231","388QCW3","VIHA-CRHCC-Campbell River Home & Community Care-Main Building-1st Floor","Campbell River","Main Building","Former Scheduler Office","1","REQ1366318-RITM1441170-SCTASK2331312","09/30/2028","Operational","05/07/2026","Deployed at CRHCC on Oct.22, 2024 - RITM1598987","","General Rounding","CRHCC","NTT-Deskside Services-CampbellRiver-Local","Laptop","Dell LATITUDE 7440 V7",""
"LD085709","HSS-1044867","4F72SV3","VIHA-CRHCC-Campbell River Home & Community Care-Main Building-1st Floor","Campbell River","CRHCC","Former Scheduler Office","1","REQ1167389-RITM1229301-SCTASK1970655","01/31/2028","Operational","05/07/2026","","","General Rounding","CRHCC","NTT-Deskside Services-CampbellRiver-Local","Laptop","DELL LATITUDE 7440 V2",""
"LD057408","HSS-8095455","H4NQ774","VIHA-CRHCC-Campbell River Home & Community Care-Main Building-1st Floor","Campbell River","Main Building","Former Scheduler Office","1","ISLHTRP20250908-024","09/30/2029","Operational","05/07/2026","","","General Rounding","CRHCC","NTT-Deskside Services-CampbellRiver-Local","Laptop","Dell LATITUDE 7450 V4",""
"LD027167","HSS-8084557","C8KKGY3","VIHA-CRHCC-Campbell River Home & Community Care-Main Building-1st Floor","Campbell River","Main Building","Former Scheduler Office","1","VIHATRP20240318-025","04/30/2028","Operational","05/07/2026","","","General Rounding","CCD Admin Support-CR","NTT-Deskside Services-CampbellRiver-Local","Laptop","DELL LATITUDE 7440 V2","LENOVO THINKPAD T470s i5-7300U 2.6GHZ 3M"
"LD038797","HSS-8084588","J9979W3","VIHA-CRHCC-Campbell River Home & Community Care-Main Building-1st Floor","Campbell River","Main Building","Front Admin Area","1st Floor","VIHATRP20240318-058","04/30/2028","Operational","07/26/2024","","","General Rounding","CCD Admin Support-CR","NTT-Deskside Services-CampbellRiver-Local","Laptop","DELL LATITUDE 7440 V2",""
"PC034813","HSS-8079366","6SG2QR3","VIHA-GRHC-Gold River Health Centre-Main Building-1st Floor","Gold River","Main Building","Front Desk","1","VIHATRP20230916-049","06/30/2027","Operational","06/30/2026","","","General Rounding","Family Practice","NTT-Deskside Services-CampbellRiver-Remote","Desktop","Dell OPTIPLEX 7000 MICRO V1","LENOVO THINKCENTRE M910q i5-7500T 2.5GHZ"
"PC034814","HSS-8079367","F01WPR3","VIHA-GRHC-Gold River Health Centre-Main Building-1st Floor","Gold River","Main Building","Front office","1","VIHATRP20230916-050","06/30/2027","Operational","06/30/2026","","","General Rounding","General Administration","NTT-Deskside Services-CampbellRiver-Remote","Desktop","Dell OPTIPLEX 7000 MICRO V1",""
"PC034002","HSS-8079354","3JMVPR3","VIHA-CRHCC-Campbell River Home & Community Care-Main Building-1st Floor","Campbell River","Main Building","Front Office - Admin","1st Floor","VIHATRP20230916-037","06/30/2027","Operational","07/24/2024","","","General Rounding","CCD Admin Support-CR","NTT-Deskside Services-CampbellRiver-Local","Desktop","Dell OPTIPLEX 7000 MICRO V1",""
"LD034643","HSS-8099858","SD006A27","VIHA-CRHCC-Campbell River Home & Community Care-Main Building-1st Floor","Campbell River","Main Building","GSS","1","ISLHTRP20260803-022","07/31/2030","Operational","","","","General Rounding","CRHCC","NTT-Deskside Services-CampbellRiver-Local","Laptop","LENOVO THINKPAD T14 GEN6 NT FPR 2x1",""
"LD066137","HSS-8079356","52RZFY3","VIHA-CRHCC-Campbell River Home & Community Care-Main Building-1st Floor","Campbell River","Main Building","GSS","1","VIHATRP20230916-039","11/30/2027","Operational","05/07/2026","","","General Rounding","CRHCC","NTT-Deskside Services-CampbellRiver-Local","Laptop","DELL LATITUDE 7440 V2",""
"PC031191","HSS-8079353","4BD2QR3","VIHA-CRHCC-Campbell River Home & Community Care-Main Building-1st Floor","Campbell River","Main Building","GSS - Admin","1st Floor","VIHATRP20230916-036","06/30/2027","Operational","07/24/2024","","","General Rounding","CCD Admin Support-CR","NTT-Deskside Services-CampbellRiver-Local","Desktop","Dell OPTIPLEX 7000 MICRO V1","LENOVO THINKCENTRE M910q i5-7500T 2.5GHZ"
"LD031236","HSS-8099849","SD00PJJQ","VIHA-CRHCC-Campbell River Home & Community Care-Main Building-1st Floor","Campbell River","Main Building","GSS Area","1","ISLHTRP20260803-013","06/30/2030","Operational","","","","General Rounding","CRHCC","NTT-Deskside Services-CampbellRiver-Local","Laptop","LENOVO THINKPAD T14 GEN6 NT FPR 2x1",""
"LD037876","HSS-8099860","SD00PK7N","VIHA-CRHCC-Campbell River Home & Community Care-Main Building-1st Floor","Campbell River","Main Building","GSS Kelly","1","ISLHTRP20260803-024","07/31/2030","Operational","","","","General Rounding","CRHCC","NTT-Deskside Services-CampbellRiver-Local","Laptop","LENOVO THINKPAD T14 GEN6 NT FPR 2x1",""
"LD030728","HSS-8065005","4FP4NN3","VIHA-CRMHAS-Campbell River Mental Health & Addiction Services-Main Building-2nd Floor","Campbell River","Main Building","Hall Room","2","VIHATRP20220718-042","12/31/2026","Operational","07/24/2024","","","General Rounding","Mental Health and Addiction Services","NTT-Deskside Services-CampbellRiver-Local","Laptop","Dell LATITUDE 7420 V3",""
"LD066175","HSS-8084591","7BB59W3","VIHA-CRHCC-Campbell River Home & Community Care-Main Building-1st Floor","Campbell River","Main Building","HNC - North Team (x62170 AB)","1","VIHATRP20240318-061","04/30/2028","Operational","05/07/2026","","","General Rounding","CRHCC","NTT-Deskside Services-CampbellRiver-Local","Laptop","DELL LATITUDE 7440 V2",""
"LD101348","HSS-8094549","CX5MR54","VIHA-CRHCC-Campbell River Home & Community Care-Main Building-1st Floor","Campbell River","CRHCC","Home Support Nurse FTE","1st Floor","ISLHTRP20250721-061","03/31/2029","Operational","","","","General Rounding","CRHCC","NTT-Deskside Services-CampbellRiver-Local","Laptop","Dell LATITUDE 7450 V4",""
"PC033368","HSS-8066638","GLV4XP3","VIHA-YLRS-Yucalta Lodge-Main Building-1st Floor","Campbell River","Main Building","Homestead North","1","VIHATRP20220919-086","01/31/2027","Operational","05/21/2025","","","General Rounding","Yucalta","NTT-Deskside Services-CampbellRiver-Local","Desktop","Dell OPTIPLEX 7000 MICRO V1","VIGIL Remote (VIGIL-Yucalta)"
"PC033367","HSS-8066641","94D5XP3","VIHA-YLRS-Yucalta Lodge-Main Building-1st Floor","Campbell River","Main Building","Homestead South","1","VIHATRP20220919-089","01/31/2027","Operational","05/21/2025","","","General Rounding","Yucalta","NTT-Deskside Services-CampbellRiver-Local","Desktop","Dell OPTIPLEX 7000 MICRO V1","VIGIL Remote (VIGIL-Yucalta)"
"PC023651","HSS-8066625","8NB5XP3","VIHA-YLRS-Yucalta Lodge-Main Building-1st Floor","Campbell River","Main Building","Hospice Nurse's station","1","VIHATRP20220919-073","01/31/2027","Operational","02/26/2026","","","General Rounding","Yucalta","NTT-Deskside Services-CampbellRiver-Local","Desktop","Dell OPTIPLEX 7000 MICRO V1",""
"AO800006","HSS-8098142","C25318M204","VIHA-YLRS-Yucalta Lodge-Main Building-1st Floor","Campbell River","Main Building","Hospice Office","1","ISLHTRP20260323-047","01/31/2030","Operational","","","","Mobile Cart","YLRS","NTT-Deskside Services-CampbellRiver-Local","All-in-One","TANGENT MEDIX 22B V20",""
"LD037874","HSS-8099853","PF61LBCB","VIHA-CRHCC-Campbell River Home & Community Care-Main Building-1st Floor","Campbell River","Main Building","HS North Team","1","ISLHTRP20260803-017","06/30/2030","Operational","","","","General Rounding","CRHCC","NTT-Deskside Services-CampbellRiver-Local","Laptop","LENOVO THINKPAD T14 GEN6 NT FPR 2x1",""
"LD030711","HSS-8099844","SD00PJHC","VIHA-CRHCC-Campbell River Home & Community Care-Main Building-1st Floor","Campbell River","Main Building","HS South Team","1","ISLHTRP20260803-008","06/30/2030","Operational","","","","General Rounding","CRHCC","NTT-Deskside Services-CampbellRiver-Local","Laptop","LENOVO THINKPAD T14 GEN6 NT FPR 2x1",""
"LD033192","HSS-8099842","SD00NQNX","VIHA-CRHCC-Campbell River Home & Community Care-Main Building-2nd Floor","Campbell River","Main Building","HSADD - JAC","2","ISLHTRP20260803-006","07/31/2030","Operational","","","","General Rounding","CRHCC","NTT-Deskside Services-CampbellRiver-Local","Laptop","LENOVO THINKPAD T14 GEN6 NT FPR 2x1",""
"LD030703","HSS-8066629","368KLN3","VIHA-CRHCC-Campbell River Home & Community Care-Main Building-2nd Floor","Campbell River","Main Building","HSCL","2","VIHATRP20220919-077","02/28/2027","Operational","07/26/2024","","","General Rounding"," ","NTT-Deskside Services-CampbellRiver-Local","Laptop","Dell LATITUDE 7420 V3",""
"LD034751","HSS-8084570","G0G79W3","VIHA-CRHCC-Campbell River Home & Community Care-Main Building-2nd Floor","Campbell River","Main Building","HSCL","2nd Floor","VIHATRP20240318-038","04/30/2028","Operational","07/26/2024","","","General Rounding","Hlth Svcs For Comm Liv","NTT-Deskside Services-CampbellRiver-Local","Laptop","DELL LATITUDE 7440 V2","LENOVO THNKPD T480s i5-8350 1.7GHZ 6MB 1"
"LD031255","HSS-8084568","J4FB9W3","VIHA-CRHCC-Campbell River Home & Community Care-Main Building-2nd Floor","Campbell River","Main Building","HSCL","2nd Floor","VIHATRP20240318-036","04/30/2028","Operational","07/26/2024","","","General Rounding","Hlth Svcs For Comm Liv","NTT-Deskside Services-CampbellRiver-Local","Laptop","DELL LATITUDE 7440 V2",""
"LD057894","HSS-8098638","PF61MADD","VIHA-CRDS-Campbell River Dogwood Street-Main Building-1st Floor","Campbell River","Main Building","Irka Chambers' room","1","ISLHTRP20260518-055","06/30/2030","Operational","","","Serial Number: 8P219K3
New computer; old SN is FB6N5G3","General Rounding","CLHA 1/2/4 Partial 3/8","NTT-Deskside Services-CampbellRiver-Local","Laptop","LENOVO THINKPAD T14 GEN6 NT FPR 2x1","Dell Latitude 7420"
"LD032711","HSS-8091055","J6RHVW3","VIHA-CRIP-Campbell River Ironwood Place-Main Building-1st Floor","Campbell River","Main Building","IRONWOOD PLACE - 1351 Ironwood","1","VIHATRP20241104-014","12/31/2028","Operational","04/21/2026","","","General Rounding","Campbell River Home & Community Care","NTT-Deskside Services-CampbellRiver-Local","Laptop","Dell LATITUDE 7440 V7",""
"LD055963","HSS-8093927","6JSTFW3","VIHA-CRPH-Campbell River Public Health-Main Building","Campbell River","Main Building","Julie Peters","2","ISLHTRP20250616-065","03/31/2029","Operational","06/11/2026","","","General Rounding","CRPH","NTT-Deskside Services-CampbellRiver-Local","Laptop","Dell LATITUDE 7450 V4",""
"LD033765","HSS-8089280","5R9SCW3","VIHA-YLRS-Yucalta Lodge-Main Building-1st Floor","Campbell River","CRG","Kitchen","0","VIHATRP20240819-026","09/30/2028","Operational","","","","General Rounding","CI/NI Food Services Admin","NTT-Deskside Services-CampbellRiver-Local","Laptop","Dell LATITUDE 7440 V7",""
"PC044156","HSS-8087515","D5S0724","VIHA-YLRS-Yucalta Lodge-Main Building-1st Floor","Campbell River","Main Building","Kitchen Office - key lock","1st Floor","VIHATRP20240610-077","08/31/2028","Operational","05/21/2025","","","General Rounding","CI/NI Diabetes and Nutrition","NTT-Deskside Services-CampbellRiver-Local","Desktop","Dell OptiPlex Micro Plus 7010 V2",""
"PC034812","HSS-8079361","48D2QR3","VIHA-GRHC-Gold River Health Centre-Main Building-1st Floor","Gold River","Main Building","LAB","1","VIHATRP20230916-044","06/30/2027","Operational","06/30/2026","","","General Rounding","Clinical Laboratory","NTT-Deskside Services-CampbellRiver-Remote","Desktop","Dell OPTIPLEX 7000 MICRO V1","LENOVO THINKCENTRE M910q i5-7500T 2.5GHZ"
"LD066031","HSS-8084565","27HD9W3","VIHA-CRHCC-Campbell River Home & Community Care-Main Building-1st Floor","Campbell River","Main Building","Leadership ? Jennifer Richardson","1st Floor","VIHATRP20240318-033","04/30/2028","Operational","07/26/2024","","","General Rounding","CCD Admin Support-CR","NTT-Deskside Services-CampbellRiver-Local","Laptop","DELL LATITUDE 7440 V2","LENOVO X380 YOGA i7-8650U 1.9GHz 8MB 13."
"LD101201","HSS-1044842","J822SV3","VIHA-CRCS-Cedar Street Medical Clinic-Main Building-1st Floor","Campbell River","Main Building","Main","1","REQ1156350-RITM1217518-SCTASK1959323","01/31/2028","Operational","","","LD101201 is not in CRG.
It is located in Cedar Street Medical Clinic - 1210 Cedar st. Campbell River","Excluded","Clinic","NTT-Deskside Services-CampbellRiver-Local","Laptop","DELL LATITUDE 7440 V2",""
"PC035177","HSS-8087954","63C6724","VIHA-ZHU-Zeballos Health Unit-Main Building-1st Floor","Zeballos","Main Building","main exam room (Doc room #1)","1st Floor","VIHATRP20240624-033","07/31/2028","Operational","","","","General Rounding","Strathcona/Remote Communities","NTT-Deskside Services-CampbellRiver-Remote","Desktop","Dell OptiPlex Micro Plus 7010 V2",""
"PC044200","HSS-8087516","24S0724","VIHA-YLRS-Yucalta Lodge-Main Building-1st Floor","Campbell River","Main Building","Main Kitchen - key lock","1st Floor","VIHATRP20240610-078","08/31/2028","Operational","05/21/2025","","","General Rounding","Food Services North/West","NTT-Deskside Services-CampbellRiver-Local","Desktop","Dell OptiPlex Micro Plus 7010 V2",""
"LD024635","HSS-8100299","SD006DJT","VIHA-CRG-Campbell River General Hospital-Corporate-Whitehouse-1st Floor","Campbell River","CRG - Basement","Main office","1","ISLHTRP20260824-078","","Operational","","","","General Rounding","Pharmacy","NTT-Deskside Services-CampbellRiver-Staffed","Laptop","LENOVO THINKPAD T14 GEN6 NT FPR 2x1","13Jan2025 - Located at CRG Pharmacy - confirmed working"
"LD024635LEG","HSS-8022246","D0N88C3","VIHA-CRG-Campbell River General Hospital-Corporate-Whitehouse-1st Floor","Campbell River","Whitehouse","Main office","1","VIHATRP20210614-019","10/31/2025","Operational","03/17/2026","","","General Rounding","Pharmacy","NTT-Deskside Services-CampbellRiver-Staffed","Laptop","Dell LATITUDE 7420 V3","13Jan2025 - Located at CRG Pharmacy - confirmed working"
"PC035171","HSS-8087953","G946724","VIHA-ZHU-Zeballos Health Unit-Main Building-1st Floor","Zeballos","Main Building","main room","1st Floor","VIHATRP20240624-032","07/31/2028","Operational","","","","General Rounding","Strathcona/Remote Communities","NTT-Deskside Services-CampbellRiver-Remote","Desktop","Dell OptiPlex Micro Plus 7010 V2",""
"PC030732","HSS-8087952","8Q76724","VIHA-ZHU-Zeballos Health Unit-Main Building-1st Floor","Zeballos","Main Building","Main- telehealth rooom (Doc room #2)","1st Floor","VIHATRP20240624-031","07/31/2028","Operational","","","","General Rounding","Strathcona/Remote Communities","NTT-Deskside Services-CampbellRiver-Remote","Desktop","Dell OptiPlex Micro Plus 7010 V2",""
"LD034941","HSS-8072539","24X2NN3","VIHA-YLRS-Yucalta Lodge-Main Building-1st Floor","Campbell River","YLRS","Manager's Office - key lock","1","VIHATRP20230227-032","05/31/2027","Operational","05/21/2025","","","General Rounding","YLRS","NTT-Deskside Services-CampbellRiver-Local","Laptop","Dell LATITUDE 7420 V3",""
"LD031247","HSS-8096136","B65P774","VIHA-GRHC-Gold River Health Centre-Main Building-1st Floor","Gold River","Main Building","Manager's office - Key lock","1st Floor","ISLHTRP100625-014","11/30/2029","Operational","06/30/2026","","20221128-VIHA-SJGH-St. Joseph's General Hospital was formally closed October 21, 2017
and the remaining site was named VIHA-SJC-St. Joseph's Campus.
Location updated to VIHA-SJC-St. Joseph's Campus per TASK0035172","General Rounding","Emergency","NTT-Deskside Services-CampbellRiver-Remote","Laptop","Dell LATITUDE 7450 V4",""
"PC034818","HSS-8079360","B6D2QR3","VIHA-GRHC-Gold River Health Centre-Main Building-1st Floor","Gold River","Main Building","Manager's office - Key lock","1","VIHATRP20230916-043","06/30/2027","Operational","06/30/2026","","","General Rounding","Rural Health","NTT-Deskside Services-CampbellRiver-Remote","Desktop","Dell OPTIPLEX 7000 MICRO V1","LENOVO THINKCENTRE M910q i5-7500T 2.5GHZ"
"LD033194","HSS-8099848","PF620FGT","VIHA-CRHCC-Campbell River Home & Community Care-Main Building-1st Floor","Campbell River","Main Building","Managers","1","ISLHTRP20260803-012","06/30/2030","Operational","","","","General Rounding","CRHCC","NTT-Deskside Services-CampbellRiver-Local","Laptop","LENOVO THINKPAD T14 GEN6 NT FPR 2x1",""
"LD066132","HSS-8084556","J5B59W3","VIHA-CRHCC-Campbell River Home & Community Care-Main Building-1st Floor","Campbell River","Main Building","Mary CM","1","VIHATRP20240318-024","04/30/2028","Operational","05/07/2026","","","General Rounding","CRHCC","NTT-Deskside Services-CampbellRiver-Local","Laptop","DELL LATITUDE 7440 V2","LENOVO X380 YOGA i7-8650U 1.9GHz 8MB 13."
"LD108056","HSS-1940661","79YF5X3","VIHA-CRG-Campbell River General Hospital","Campbell River","Main","Med Room","1","DMND0005553","10/31/2027","Operational","","","","","","NTT-Deskside Services-CampbellRiver-Staffed","Laptop","Dell LATITUDE 7430 V1",""
"LD065600","HSS-8066637","6FF3NN3","VIHA-YLRS-Yucalta Lodge-Main Building-1st Floor","Campbell River","Main Building","Meeting Room","1","VIHATRP20220919-085","01/31/2027","Operational","05/21/2025","","","General Rounding","Yucalta","NTT-Deskside Services-CampbellRiver-Local","Laptop","Dell LATITUDE 7420 V3",""
"PC043247","HSS-8072917","9XP3KQ3","VIHA-YLRS-Yucalta Lodge-Main Building-1st Floor","Campbell River","Main Building","Meeting Room","1","VIHATRP20230313-062","05/31/2027","Operational","05/21/2025","","","General Rounding"," ","NTT-Deskside Services-CampbellRiver-Local","Desktop","Dell OPTIPLEX 7000 MICRO V1",""
"LD066685","HSS-8090773","71WQCW3","VIHA-CRG-Campbell River General Hospital-Main Building-1st Floor","Campbell River","Main Building","Meeting Rooms 1-3","1st Floor","VIHATRP20241028-033","12/31/2028","Operational","","","","General Rounding","Emergency Management","NTT-Deskside Services-CampbellRiver-Staffed","Laptop","Dell LATITUDE 7440 V7",""
"LD066681","HSS-8090774","D61TQW3","VIHA-CRG-Campbell River General Hospital-Main Building-1st Floor","Campbell River","Main Building","Meeting Rooms 1-3","1st Floor","VIHATRP20241028-034","12/31/2028","Operational","","","","General Rounding","Emergency Management","NTT-Deskside Services-CampbellRiver-Staffed","Laptop","Dell LATITUDE 7440 V7",""
"LD022926","HSS-8087481","JV5TCW3","VIHA-CRG-Campbell River General Hospital-Main Building-1st Floor","Campbell River","Main Building","Melanie Balfour works CRH/CVH","1","VIHATRP20240610-043","07/31/2028","Operational","","","","General Rounding","Patient & Material Logistics","NTT-Deskside Services-CampbellRiver-Staffed","Laptop","Dell LATITUDE 7440 V7",""
"TD032004","HSS-1041613","9NS2HW3","VIHA-CRED-Campbell River Eagle Drive-Main Building-2nd Floor","Campbell River","Main Building","Michelle McClain","2","REQ0834949-RITM0877262-SCTASK1403129","04/30/2027","Operational","07/24/2024","","","General Rounding","Aboriginal Health","NTT-Deskside Services-CampbellRiver-Local","Tablet","Dell LATITUDE 9430",""
"LD086238","HSS-1047230","298QCW3","VIHA-CRHCC-Campbell River Home & Community Care-Main Building-1st Floor","Campbell River","CRHCC","MSIP Coach","1","REQ1366322-RITM1441174-SCTASK2331255","09/30/2028","Operational","05/07/2026","","","General Rounding","CRHCC","NTT-Deskside Services-CampbellRiver-Local","Laptop","Dell LATITUDE 7440 V7",""
"PC052400","HSS-8079371","5CYVPR3","VIHA-GRHC-Gold River Health Centre-Main Building-1st Floor","Gold River","Main Building","Multipurpose Room - key lock","1","VIHATRP20230916-091","06/30/2027","Operational","06/30/2026","","","General Rounding","Emergency","NTT-Deskside Services-CampbellRiver-Remote","Desktop","Dell OPTIPLEX 7000 MICRO V1",""
"LD105985","HSS-8026926","DTBHBK3","VIHA-CRDS-Campbell River Dogwood Street-Main Building-1st Floor","Campbell River","220 Dogwood Street","N/A","1","REQ1931655-RITM2039070-SCTASK3273553","07/31/2026","Operational","04/19/2023","RITM2039070 - Redeployed as NEW/Old stock on 27Oct2025","","Excluded","CR Dogwood","NTT-Deskside Services-CampbellRiver-Local","Laptop","Dell LATITUDE 7420 V3",""
"LD036324","HSS-8018783","PC16BKKE","VIHA-NIMC-North Island Medical Clinic-Main Building-1st Floor","Campbell River","Main Building","NA","1","","12/31/2022","Operational","","","","General Rounding","Primary Health Care","NTT-Deskside Services-CampbellRiver-Local","Laptop","LENOVO THINKPAD T480S","LENOVO THNKPD T480s i5-8350 1.7GHZ 6MB 1"
"LD024281","HSS-8098375","PF61M4DM","VIHA-CRSR_1307-Campbell River Shoppers Row (Unit 1307)-Main Building-1st Floor","Campbell River","","No Fixed Room","2","ISLHTRP20260413-032","05/31/2030","Operational","","","","","","NTT-Deskside Services-CampbellRiver-Local","Laptop","LENOVO THINKPAD T14 GEN6 NT FPR 2x1",""
"LD027122","HSS-8091861","2X5F2T2","VIHA-CRDS-Campbell River Dogwood Street-Main Building-1st Floor","Campbell River","Main Building","No Fixed Room","1","VIHATRP20250113-037","12/31/2028","Operational","02/09/2026","","","General Rounding","EPMO Portfolio A","NTT-Deskside Services-CampbellRiver-Local","Laptop","Dell LATITUDE 7450 V4",""
"LD102067","HSS-1046529","FZKVCW3","VIHA-CRMC-Campbell River Marwalk Crescent-Main Building","Campbell River","Main Building","No Fixed Room","2","REQ1303103-RITM1374178-SCTASK2202145","06/30/2028","Operational","","","","General Rounding","Marwalk","NTT-Deskside Services-CampbellRiver-Local","Laptop","Dell LATITUDE 7440 V7",""
"LD028956","HSS-1017889","PC15BFWF","VIHA-CRDS-Campbell River Dogwood Street-Main Building-1st Floor","Campbell River","Main Building","No home room","1","","09/30/2022","Operational","01/28/2026","","","General Rounding","CR Dogwood","NTT-Deskside Services-CampbellRiver-Local","Laptop","LENOVO THINKPAD T480S",""
"LD101969","HSS-1046452","G5FHVW3","VIHA-CRDS-Campbell River Dogwood Street-Main Building-1st Floor","Campbell River","CR Dogwood","No home room","1","REQ1289157-RITM1359397-SCTASK2177541","05/31/2028","Operational","01/28/2026","02May2024 - RITM1359397 - Delivered to CR Dodwood.","","General Rounding","CR Dogwood","NTT-Deskside Services-CampbellRiver-Local","Laptop","Dell LATITUDE 7440 V7",""
"LD065465","HSS-8065027","1TV4NN3","VIHA-CRMHAS-Campbell River Mental Health & Addiction Services-Main Building-2nd Floor","Campbell River","Main Building","No home room","2","VIHATRP20220718-064","01/31/2027","Operational","07/24/2024","","","General Rounding","Mental Health and Addiction Services","NTT-Deskside Services-CampbellRiver-Local","Laptop","Dell LATITUDE 7420 V3",""
"LD022417","HSS-8079355","528SDY3","VIHA-CRHCC-Campbell River Home & Community Care-Main Building-1st Floor","Campbell River","Main Building","North HCN","1st Floor","VIHATRP20230916-038","11/30/2027","Operational","03/17/2026","","","General Rounding","3D Medicine","NTT-Deskside Services-CampbellRiver-Local","Laptop","DELL LATITUDE 7440 V2","LENOVO THNKPD T480s i5-8350 1.7GHZ 6MB 1"
"LD021655","HSS-8099838","SD00NQQD","VIHA-CRHCC-Campbell River Home & Community Care-Main Building-1st Floor","Campbell River","Main Building","North LPN Nursing Desk","1","ISLHTRP20260803-002","07/31/2030","Operational","","","","General Rounding","CRHCC","NTT-Deskside Services-CampbellRiver-Local","Laptop","LENOVO THINKPAD T14 GEN6 NT FPR 2x1",""
"LD066032","HSS-8084567","41S79W3","VIHA-CRHCC-Campbell River Home & Community Care-Main Building-1st Floor","Campbell River","Main Building","North NSG ? Carmen Zmaeff","1","VIHATRP20240318-035","04/30/2028","Operational","05/07/2026","","","General Rounding","CCD Admin Support-CR","NTT-Deskside Services-CampbellRiver-Local","Laptop","DELL LATITUDE 7440 V2","LENOVO X380 YOGA i7-8650U 1.9GHz 8MB 13."
"LD032714","HSS-8099868","SD00PK33","VIHA-CRHCC-Campbell River Home & Community Care-Main Building-1st Floor","Campbell River","Main Building","North OT - Adrienne","1","ISLHTRP20260803-032","06/30/2030","Operational","","","","General Rounding","CRHCC","NTT-Deskside Services-CampbellRiver-Local","Laptop","LENOVO THINKPAD T14 GEN6 NT FPR 2x1",""
"LD027168","HSS-8066630","978KLN3","VIHA-CRHCC-Campbell River Home & Community Care-Main Building-1st Floor","Campbell River","Main Building","North Team","1","VIHATRP20220919-078","02/28/2027","Operational","05/07/2026","","","General Rounding","CRHCC","NTT-Deskside Services-CampbellRiver-Local","Laptop","Dell LATITUDE 7420 V3",""
"LD032716","HSS-8099859","SD00PH1E","VIHA-CRHCC-Campbell River Home & Community Care-Main Building-1st Floor","Campbell River","CRHCC","North Team - Diane","1","ISLHTRP20260803-023","07/31/2030","Operational","","","","General Rounding","CRHCC","NTT-Deskside Services-CampbellRiver-Local","Laptop","LENOVO THINKPAD T14 GEN6 NT FPR 2x1",""
"LD036460","HSS-8008875","PC0B3UAE","VIHA-CRDS-Campbell River Dogwood Street-Main Building-1st Floor","Campbell River","Main Building","NOT FOUND","1","","08/31/2019","Operational","02/22/2024","","","Excluded"," CR Dogwood","NTT-Deskside Services-CampbellRiver-Local","Laptop","LENOVO THINKPAD T450S","Not existing in AD"
"TD020311","HSS-1016763","MP1DPRF6","VIHA-GRHC-Gold River Health Centre-Main Building-1st Floor","Gold River","GRHC","Not Found in AD","1","","01/31/2022","Operational","06/30/2026","16Dec2024 - Was missing - Found at GRHC 16Dec2024","Brenda Bailey | Administrative Assistant: Community Hospitals
Administrative Assistant to:
Gaylene Jacobson  � Manager
Phone: 250.283.2626 ext. 64424 | email: brenda.bailey@islandhealth.ca
Gold River Health Centre    |Fax: 250.283.7561 LOCAL 64424
","General Rounding","GRHC","NTT-Deskside Services-CampbellRiver-Remote","Laptop","Lenovo THINKPAD YOGA 370",""
"LD086215","HSS-1047176","JLSQCW3","VIHA-CRG-Campbell River General Hospital-Main Building-3rd Floor","Campbell River","Main Building","Not in CR3205","3","REQ1368255-RITM1443212-SCTASK2314215","07/31/2028","Operational","05/25/2026","","","General Rounding","General Medical / Surgical Inpatient Unit","NTT-Deskside Services-CampbellRiver-Staffed","Laptop","Dell LATITUDE 7440 V7",""
"PC024080","HSS-1952629","MJ0531CJ","VIHA-CRG-Campbell River General Hospital-Main Building-1st Floor","Campbell River","Main Building","NTT Loaner Room","B1","","06/30/2020","Operational","09/15/2023","Lent by: 
Lent to:  
INC#:  
Date:  

04/02/26 Pending Refresh - Changing to Operational per request from TRP Team in an attempt to have this device show up in their system.","*DO NOT SET AS OPERATIONAL OR STOCKROOM WILL BE REMOVED - IN-STOCK OR IN-STOCK RESERVED!*","Excluded","","NTT-Deskside Services-CampbellRiver-Staffed","Desktop","LENOVO THINKCENTRE M900","NTT DESKSIDE HOT SPARE"
"LD065934","HSS-8084559","C7S69W3","VIHA-CRDS-Campbell River Dogwood Street-Main Building-1st Floor","Campbell River","Main Building","Nurse Practitioner","1","VIHATRP20240318-027","04/30/2028","Operational","01/28/2026","","","General Rounding","CR Dogwood","NTT-Deskside Services-CampbellRiver-Local","Laptop","DELL LATITUDE 7440 V2","LENOVO X380 YOGA i7-8650U 1.9GHz 8MB 13."
"PC034820","HSS-8079358","57D2QR3","VIHA-GRHC-Gold River Health Centre-Main Building-1st Floor","Gold River","Main Building","nurse practitioner - key lock","1","VIHATRP20230916-041","06/30/2027","Operational","06/30/2026","","","General Rounding","General Administration","NTT-Deskside Services-CampbellRiver-Remote","Desktop","Dell OPTIPLEX 7000 MICRO V1","LENOVO THINKCENTRE M910q i5-7500T 2.5GHZ"
"LD035577","HSS-8072915","315GLN3","VIHA-YLRS-Yucalta Lodge-Main Building-1st Floor","Campbell River","YLRS","Nurse Team Lead - key lock","1","VIHATRP20230313-060","05/31/2027","Operational","05/21/2025","","","General Rounding","YLRS","NTT-Deskside Services-CampbellRiver-Local","Laptop","Dell LATITUDE 7420 V3",""
"PC067141","HSS-8080291","BR6VPR3","VIHA-CIHU-Cortes Island Health Unit-Main Building-1st Floor","Mansons Landing","Cortes Health Centre","Nurses Office","1","VIHATRP20231106-104","06/30/2027","Operational","07/25/2024","","","General Rounding","Cortes Health Centre","NTT-Deskside Services-CampbellRiver-Local","Desktop","Dell OPTIPLEX 7000 MICRO V1","HAPC615 PC Tiny 8GB"
"AO005152","HSS-1041818","C22305M166","VIHA-THC-Tahsis Health Centre-Main Building-1st Floor","Tahsis","Main Building","Nursing","1","Lease Information Extract - HPFS Tangent","09/30/2025","Operational","06/30/2026","Deployed to GRHC but possibly relocated by VIHA staff to Tahsis Health Centre","","Mobile Cart","Nursing","NTT-Deskside Services-CampbellRiver-Remote","All-in-One","Tangent Medix T22B AiO 3517U",""
"PC035162","HSS-8059174","19P6VH3","VIHA-THC-Tahsis Health Centre-Main Building-1st Floor","Tahsis","Main Building","Nursing Station","1","VIHATRP20220613-030","11/30/2026","Operational","06/30/2026","","","General Rounding","General Administration","NTT-Deskside Services-CampbellRiver-Remote","Desktop","Dell OPTIPLEX 7090 MICRO V1",""
"LD068777","HSS-1049355","1CPSFW3","VIHA-YLRS-Yucalta Lodge-Main Building-1st Floor","Campbell River","YLRS","Occupational Therapist Room","1","REQ1591228-RITM1678966-SCTASK2704949","02/28/2029","Operational","05/21/2025","Deployed on Feb.6, 2025 - RITM1678966","","General Rounding","YLRS","NTT-Deskside Services-CampbellRiver-Local","Laptop","Dell LATITUDE 7450 V4",""
"LD068020","HSS-1047207","7K2QCW3","VIHA-CRHCC-Campbell River Home & Community Care-Main Building-1st Floor","Campbell River","Main Building","Office Coordinator","1","REQ1367428-RITM1442344-SCTASK2321096","07/31/2028","Operational","05/07/2026","","","General Rounding","CRHCC","NTT-Deskside Services-CampbellRiver-Local","Laptop","Dell LATITUDE 7440 V7",""
"LD080997","HSS-1047108","D78QCW3","VIHA-CRHCC-Campbell River Home & Community Care-Main Building-1st Floor","Campbell River","CRHCC","Office Coordinator","1","REQ1366311-RITM1441163-SCTASK2312382","07/31/2028","Operational","05/07/2026","RITM1441163  - Delivered 17June2024 to Meghan.Harrison@islandhealth.ca
Updated CMDB.
Attached signed packing slip.","","General Rounding","CRHCC","NTT-Deskside Services-CampbellRiver-Local","Laptop","Dell LATITUDE 7440 V7",""
"PC085372","HSS-1047234","C846724","VIHA-CRHCC-Campbell River Home & Community Care-Main Building-1st Floor","Campbell River","Main Building","Office Coordinator","1","REQ1366324-RITM1441176-SCTASK2331355","09/30/2028","Operational","05/07/2026","03July2024 - RITM1441176 - Shipped to CRHCC Purolator 334797774752 Shiplink 21607","","General Rounding","CRHCC","NTT-Deskside Services-CampbellRiver-Local","Desktop","Dell OptiPlex Micro Plus 7010 V2",""
"LD102608","HSS-1047551","BR5TCW3","VIHA-CRHCC-Campbell River Home & Community Care","Campbell River","CRHCC","Office Coordinator","1","REQ1398855-RITM1475663-SCTASK2401988","08/31/2028","Operational","05/08/2025","RITM1475663 August 2 shiPped to CRHCC via Purolator 334850868707 Shiplink 22640","","General Rounding","CRHCC","NTT-Deskside Services-CampbellRiver-Local","Laptop","Dell LATITUDE 7440 V7",""
"LD033193","HSS-8084555","FBM89W3","VIHA-CRHCC-Campbell River Home & Community Care-Main Building-1st Floor","Campbell River","Main Building","Office Coordinators office","1st Floor","VIHATRP20240318-023","04/30/2028","Operational","07/26/2024","","","General Rounding","CCD Admin Support-CR","NTT-Deskside Services-CampbellRiver-Local","Laptop","DELL LATITUDE 7440 V2",""
"LD080586","HSS-1042265","5F7SQV3","VIHA-CRDS-Campbell River Dogwood Street-Main Building-1st Floor","Campbell River","Main Building","Office South West corner.","1","REQ0888158-RITM0933610-SCTASK1512674","05/31/2027","Operational","01/28/2026","","","General Rounding","CR Dogwood","NTT-Deskside Services-CampbellRiver-Local","Laptop","Dell LATITUDE 7430 V1",""
"LD072013","HSS-1036538","BRVHLN3","VIHA-CRHCC-Campbell River Home & Community Care-Main Building-1st Floor","Campbell River","Main Building","Open Office Area","1","REQ0627630-RITM0659293-SCTASK1080546","11/30/2026","Operational","07/24/2024","","","General Rounding","CRHCC","NTT-Deskside Services-CampbellRiver-Local","Laptop","Dell LATITUDE 7420 V3",""
"LD065014","HSS-8095457","31NN774","VIHA-CRPH-Campbell River Public Health-Main Building-2nd Floor","Campbell River","Main Building","Open Office Area","2nd Floor","ISLHTRP20250908-026","09/30/2029","Operational","","","","General Rounding","Environmental Health","NTT-Deskside Services-CampbellRiver-Local","Laptop","Dell LATITUDE 7450 V4",""
"LD081453","HSS-1111322","5D8TFW3","VIHA-CRMHAS-Campbell River Mental Health & Addiction Services","Campbell River","CRMHAS","Open Office Area","2nd","REQ1753239-RITM1850170-SCTASK2982455","03/31/2029","Operational","06/12/2025","","","General Rounding","CRMHAS","NTT-Deskside Services-CampbellRiver-Local","Laptop","Dell LATITUDE 7450 V4","Deployed 12June2025 RITM1850170"
"LD059375","HSS-1030906","8JKM7G3","VIHA-CRMHAS-Campbell River Mental Health & Addiction Services-Main Building-2nd Floor","Campbell River","Main Building","Open Office Area","2","REQ0392381-RITM0411074-SCTASK0635912","02/28/2026","Operational","07/24/2024","","","General Rounding","Mental Health and Addiction Services","NTT-Deskside Services-CampbellRiver-Local","Laptop","Dell LATITUDE 7420 V3",""
"LD064239","HSS-1043950","8ZK0FY3","VIHA-CRHCC-Campbell River Home & Community Care-Main Building-1st Floor","Campbell River","Main Building","Open Office Area","1","REQ1074961-RITM1131143-SCTASK1824616","10/31/2027","Operational","07/24/2024","","","General Rounding","CRHCC","NTT-Deskside Services-CampbellRiver-Local","Laptop","DELL LATITUDE 7440 V2",""
"LD085409","HSS-1041982","38RWDK3","VIHA-CRHCC-Campbell River Home & Community Care-Main Building-1st Floor","Campbell River","Main Building","Open Office Area","1","REQ0876029-RITM0920664-SCTASK1487732","04/30/2027","Operational","07/24/2024","","","General Rounding","CRHCC","NTT-Deskside Services-CampbellRiver-Local","Laptop","Dell LATITUDE 7430 V1",""
"LD023944","HSS-8025748","BJR16G3","VIHA-CRHCC-Campbell River Home & Community Care-Main Building-1st Floor","Campbell River","Main building","Open Office Area","1","VIHATRP20211206-028","03/31/2026","Operational","07/26/2024","","","General Rounding","CRHCC","NTT-Deskside Services-CampbellRiver-Local","Laptop","Dell LATITUDE 7420 V3",""
"LD027554","HSS-8092882","BDYHX64","VIHA-CRHCC-Campbell River Home & Community Care","Campbell River","CRHCC","Open Office Area","1","ISLHTRP20250407-003","03/31/2029","Operational","","","","General Rounding","CRHCC","NTT-Deskside Services-CampbellRiver-Local","Laptop","Dell LATITUDE 7450 V4",""
"LD100781","HSS-1044016","6QLLBZ3","VIHA-CRHCC-Campbell River Home & Community Care-Main Building-1st Floor","Campbell River","Main Building","Open Office Area","1","REQ1074956-RITM1131138-SCTASK1832579","10/31/2027","Operational","07/24/2024","","","General Rounding","CRHCC","NTT-Deskside Services-CampbellRiver-Local","Laptop","DELL LATITUDE 7440 V2",""
"LD023943","HSS-8096765","PF5XAQ88","VIHA-CRHCC-Campbell River Home & Community Care-Main Building-1st Floor","Campbell River","Main Building","Open Office Area","1","ISLHTRP20251208-035","01/31/2030","Operational","05/07/2026","","","General Rounding","CRHCC","NTT-Deskside Services-CampbellRiver-Local","Laptop","LENOVO THINKPAD T14 GEN6",""
"LD031787","HSS-8099865","SD00PKFA","VIHA-CRHCC-Campbell River Home & Community Care-Main Building-1st Floor","Campbell River","CRHCC","OT Dan","1","ISLHTRP20260803-029","07/31/2030","Operational","","","","General Rounding","CRHCC","NTT-Deskside Services-CampbellRiver-Local","Laptop","LENOVO THINKPAD T14 GEN6 NT FPR 2x1",""
"PC035158","HSS-8059172","8DT4VH3","VIHA-THC-Tahsis Health Centre-Main Building-1st Floor","Tahsis","Main Building","PACS Server Room","1","VIHATRP20220613-028","11/30/2026","Operational","06/30/2026","","","General Rounding","General Administration","NTT-Deskside Services-CampbellRiver-Remote","Desktop","Dell OPTIPLEX 7090 MICRO V1",""
"LD022418","HSS-8084560","G9769W3","VIHA-CRHCC-Campbell River Home & Community Care-Main Building-1st Floor","Campbell River","Main Building","Pall Co - Jeanna","1st Floor","VIHATRP20240318-028","04/30/2028","Operational","","","","General Rounding","CCD Admin Support-CR","NTT-Deskside Services-CampbellRiver-Local","Laptop","DELL LATITUDE 7440 V2",""
"LD035371","HSS-8072535","5D23NN3","VIHA-CRG-Campbell River General Hospital-Main Building-Basement 1","Campbell River","Main Building","Pharmacy Department","B1","VIHATRP20230227-028","05/31/2027","Operational","05/19/2023","","","General Rounding","Pharmacy","NTT-Deskside Services-CampbellRiver-Staffed","Laptop","Dell LATITUDE 7420 V3",""
"PC047066","HSS-8087962","B846724","VIHA-CRG-Campbell River General Hospital-Main Building-1st Floor","Campbell River","Main Building","Pharmacy Office","1","VIHATRP20240624-041","07/31/2028","Operational","10/29/2025","Bundle shipped to Campbell River Hospital Nov3/2025
Shiplink#37320","","General Rounding","Geog 1/2 Pharmacy & Pharm LTC","NTT-Deskside Services-CampbellRiver-Staffed","Desktop","Dell OptiPlex Micro Plus 7010 V2",""
"LD059708","HSS-1030866","56V06G3","VIHA-CRED-Campbell River Eagle Drive-Main Building-2nd Floor","Campbell River","Main Building","Printer room","3","REQ0416910-RITM0437124-SCTASK0677269","02/28/2026","Operational","07/24/2024","","Client is working from home","General Rounding","Aboriginal Health","NTT-Deskside Services-CampbellRiver-Local","Laptop","Dell LATITUDE 7420 V3",""
"PC024077","HSS-8099461","MZ03FQ4Z","VIHA-CRG-Campbell River General Hospital-Main Building-1st Floor","Campbell River","Main Building","PSO Office","","ISLHTRP20260706-068","07/31/2030","Operational","","","","General Rounding","Protection Services","NTT-Deskside Services-CampbellRiver-Staffed","Desktop","LENOVO THINKCENTRE M90Q GEN6",""
"LD032709","HSS-8099857","SD00NPKY","VIHA-CRHCC-Campbell River Home & Community Care-Main Building-1st Floor","Campbell River","CRHCC","PT Jeannette","1","ISLHTRP20260803-021","07/31/2030","Operational","","","","General Rounding","CRHCC","NTT-Deskside Services-CampbellRiver-Local","Laptop","LENOVO THINKPAD T14 GEN6 NT FPR 2x1",""
"PC037396","HSS-8066592","HNV4XP3","VIHA-CRPH-Campbell River Public Health-Main Building-2nd Floor","Campbell River","Tyee Plaza","Reception","2","VIHATRP20220919-040","01/31/2027","Operational","06/11/2026","","","General Rounding","Public Health","NTT-Deskside Services-CampbellRiver-Local","Desktop","Dell OPTIPLEX 7000 MICRO V1",""
"LD081452","HSS-1111310","F9MTFW3","VIHA-CRMHAS-Campbell River Mental Health & Addiction Services","Campbell River","CRMHAS","Reception","2","REQ1746404-RITM1842972-SCTASK2982437","03/31/2029","Operational","06/23/2025","","","General Rounding","CRMHAS","NTT-Deskside Services-CampbellRiver-Local","Laptop","Dell LATITUDE 7450 V4","Deployed 23June2025 RITM1842972"
"LD058230","HSS-8095459","3V9Q774","VIHA-GRHC-Gold River Health Centre-Main Building","Gold River","Main Building","Reception","1","ISLHTRP20250908-029","09/30/2029","Operational","06/30/2026","","","General Rounding","General Administration","NTT-Deskside Services-CampbellRiver-Remote","Laptop","Dell LATITUDE 7450 V4",""
"PC037397","HSS-8066593","4GY4XP3","VIHA-CRPH-Campbell River Public Health-Main Building-2nd Floor","Campbell River","Tyee Plaza","Reception","2","VIHATRP20220919-041","01/31/2027","Operational","06/11/2026","","","General Rounding","Public Health","NTT-Deskside Services-CampbellRiver-Local","Desktop","Dell OPTIPLEX 7000 MICRO V1",""
"LD065227","HSS-8066585","G84FLN3","VIHA-CRPH-Campbell River Public Health-Main Building-2nd Floor","Campbell River","Tyee Plaza","Reception","2","VIHATRP20220919-033","01/31/2027","Operational","06/11/2026","","","General Rounding","Public Health","NTT-Deskside Services-CampbellRiver-Local","Laptop","Dell LATITUDE 7420 V3","LENOVO THINKCENTRE M910q i5-7500T 2.5GHZ"
"LD065470","HSS-8065015","41D5NN3","VIHA-CRMHAS-Campbell River Mental Health & Addiction Services-Main Building-2nd Floor","Campbell River","Main Building","Reception","2","VIHATRP20220718-052","12/31/2026","Operational","10/15/2025","","","General Rounding","Mental Health and Addiction Services","NTT-Deskside Services-CampbellRiver-Local","Laptop","Dell LATITUDE 7420 V3",""
"PC032538","HSS-8066582","BNB5XP3","VIHA-CRPH-Campbell River Public Health-Main Building-2nd Floor","Campbell River","Tyee Plaza","Reception","2","VIHATRP20220919-030","01/31/2027","Operational","06/11/2026","","","General Rounding","Public Health","NTT-Deskside Services-CampbellRiver-Local","Desktop","Dell OPTIPLEX 7000 MICRO V1",""
"LD065637","HSS-8066589","2Q2LLN3","VIHA-CRPH-Campbell River Public Health-Main Building-2nd Floor","Campbell River","Tyee Plaza","Reception","2","VIHATRP20220919-037","01/31/2027","Operational","06/11/2026","","","General Rounding","Public Health","NTT-Deskside Services-CampbellRiver-Local","Laptop","Dell LATITUDE 7420 V3","LENOVO THINKCENTRE M910q i5-7500T 2.5GHZ"
"PC038021","HSS-8066584","BMB5XP3","VIHA-CRPH-Campbell River Public Health-Main Building-2nd Floor","Campbell River","Tyee Plaza","Reception","2","VIHATRP20220919-032","01/31/2027","Operational","06/11/2026","","","General Rounding","Public Health","NTT-Deskside Services-CampbellRiver-Local","Desktop","Dell OPTIPLEX 7000 MICRO V1",""
"PC031234","HSS-8096767","MZ02CGZX","VIHA-CRPH-Campbell River Public Health-Main Building-2nd Floor","Campbell River","CRPH - Tyee Plaza","Reception","2","ISLHTRP20251208-023","01/31/2030","Operational","06/11/2026","","","General Rounding","CRPH Admin Area","NTT-Deskside Services-CampbellRiver-Local","Desktop","LENOVO M90q Gen 5 Desktop 512HD",""
"LD065462","HSS-8065028","JQ24NN3","VIHA-CRMHAS-Campbell River Mental Health & Addiction Services-Main Building-2nd Floor","Campbell River","Main Building","Reception","2","VIHATRP20220718-065","01/31/2027","Operational","10/15/2025","","","General Rounding","Mental Health and Addiction Services","NTT-Deskside Services-CampbellRiver-Local","Laptop","Dell LATITUDE 7420 V3",""
"PC028833","HSS-8066632","9MV4XP3","VIHA-CRHCC-Campbell River Home & Community Care-Main Building-1st Floor","Campbell River","Main Building","Reception","1","VIHATRP20220919-080","01/31/2027","Operational","07/24/2024","","","General Rounding"," ","NTT-Deskside Services-CampbellRiver-Local","Desktop","Dell OPTIPLEX 7000 MICRO V1",""
"LD101508","HSS-1045248","834QDY3","VIHA-CRDS-Campbell River Dogwood Street-Main Building-1st Floor","Campbell River","CR Dogwood","Reception","1","REQ1207011-RITM1271275-SCTASK2043929","02/29/2028","Operational","04/08/2026","","","General Rounding","CR Dogwood","NTT-Deskside Services-CampbellRiver-Local","Laptop","DELL LATITUDE 7440 V2",""
"LD046146","HSS-8091872","DVR56F3","VIHA-CRPH-Campbell River Public Health-Main Building-2nd Floor","Campbell River","Tyee Plaza","Reception","2","VIHATRP20250113-049","12/31/2028","Operational","06/11/2026","","","General Rounding","Public Health","NTT-Deskside Services-CampbellRiver-Local","Laptop","Dell LATITUDE 7450 V4",""
"PC044529","HSS-8079380","3FJVPR3","VIHA-CRPH-Campbell River Public Health-Main Building-2nd Floor","Campbell River","Main Building","Rm 122/Clinic Room 5","2nd Floor","VIHATRP20230916-060","06/30/2027","Operational","06/11/2026","","","General Rounding","Public Health Nursing-Re2","NTT-Deskside Services-CampbellRiver-Local","Desktop","Dell OPTIPLEX 7000 MICRO V1","CUSTOMER OWNED CTO DESKTOP TC M910Q I5-7"
"PC041024","HSS-8066626","5PB5XP3","VIHA-YLRS-Yucalta Lodge-Main Building-1st Floor","Campbell River","Main Building","Rm 188 Clinical Nurse Leader - key lock","1","VIHATRP20220919-074","01/31/2027","Operational","05/21/2025","","","General Rounding","Yucalta","NTT-Deskside Services-CampbellRiver-Local","Desktop","Dell OPTIPLEX 7000 MICRO V1",""
"PC034402","HSS-8066644","3QB5XP3","VIHA-YLRS-Yucalta Lodge-Main Building-1st Floor","Campbell River","Main Building","Rm 373A Staff Room - key lock","1","VIHATRP20220919-092","01/31/2027","Operational","05/21/2025","","","General Rounding","Yucalta","NTT-Deskside Services-CampbellRiver-Local","Desktop","Dell OPTIPLEX 7000 MICRO V1",""
"LD081142","HSS-8094543","5SPMR54","VIHA-CRDS-Campbell River Dogwood Street-Main Building-1st Floor","Campbell River","Main Building","RM Swing Space","1","ISLHTRP20250721-054","03/31/2029","Operational","04/08/2026","","","General Rounding","Pathway to Hope Port Alber","NTT-Deskside Services-CampbellRiver-Local","Laptop","Dell LATITUDE 7450 V4",""
"LD085799","HSS-1045317","6BM89W3","VIHA-CRPH-Campbell River Public Health-Main Building-2nd Floor","Campbell River","Main Building","RM101 (WFH)","2","REQ1219005-RITM1284169-SCTASK2056322","02/29/2028","Operational","04/20/2026","Assigned to Benjamin Olsson - RITM2255624","","Excluded","PHV School Health & Wellness","NTT-Deskside Services-CampbellRiver-Local","Laptop","DELL LATITUDE 7440 V2",""
"PC100230","HSS-1044888","765NPR3","VIHA-CRDS-Campbell River Dogwood Street-Main Building-1st Floor","Campbell River","CR Dogwood","RM11 - 3rd on Left","1","REQ1160452-RITM1221912-SCTASK1964824","05/31/2027","Operational","02/09/2026","","","General Rounding","CR Dogwood","NTT-Deskside Services-CampbellRiver-Local","Desktop","Dell OPTIPLEX 7000 MICRO V1",""
"LD034638","HSS-8079383","F2LZFY3","VIHA-CRPH-Campbell River Public Health-Main Building-2nd Floor","Campbell River","Tyee Plaza","Room 110","2nd Floor","VIHATRP20230916-063","11/30/2027","Operational","06/11/2026","","","General Rounding","Public Health","NTT-Deskside Services-CampbellRiver-Local","Laptop","DELL LATITUDE 7440 V2",""
"PC033793","HSS-8072533","HCH3KQ3","VIHA-YLRS-Yucalta Lodge-Main Building-1st Floor","Campbell River","YLRS","Room 186 - Recreation Services office - key lock","1","VIHATRP20230227-026","04/30/2027","Operational","08/19/2025","","","General Rounding","YLRS","NTT-Deskside Services-CampbellRiver-Local","Desktop","Dell OPTIPLEX 7000 MICRO V1",""
"PC034403","HSS-8091064","J9GS144","VIHA-YLRS-Yucalta Lodge-Main Building-1st Floor","Campbell River","Main Building","Room 186 - Recreation Services office - key lock","1","VIHATRP20241104-022","12/31/2028","Operational","08/19/2025","","","General Rounding","Facility Therapeutic Srves","NTT-Deskside Services-CampbellRiver-Local","Desktop","Dell OptiPlex Micro Plus 7020 V1","LENOVO THNKCNT M920q i5-8500 2.1GHz 8GB"
"LD035989","HSS-8096982","PF586VEF","VIHA-CRG-Campbell River General Hospital-Main Building-Basement 1","Campbell River","Main Building","room 25","2nd Floor","ISLHTRP20260105-049","09/30/2029","Operational","","","","General Rounding","VP Operations","NTT-Deskside Services-CampbellRiver-Staffed","Laptop","LENOVO THINKPAD T14",""
"AO400592","HSS-8098659","C25929M032","VIHA-CRG-Campbell River General Hospital-Main Building-Basement 1","Campbell River","Main Building","S272","0","ISLHTRP20260518-076","03/31/2030","Operational","","","","Mobile Cart","Housekeeping","NTT-Deskside Services-CampbellRiver-Staffed","All-in-One","TANGENT MEDIX 22B V19",""
"LD050588","HSS-8096046","9CHQ774","VIHA-GRHC-Gold River Health Centre-Main Building-1st Floor","Gold River","Main Building","S280","2nd Floor","ISLHTRP20250929-062","09/30/2029","Operational","06/30/2026","This workstation has been configured to enable Controlled Prescription Printing (CPP) to a dedicated CPP printer. The workstation must be manually mapped in Olympus to print on CPP Printer(s): cpp_vghphyslglp1","","General Rounding","Hospitalists SI","NTT-Deskside Services-CampbellRiver-Remote","Laptop","Dell LATITUDE 7450 V4",""
"LD085710","HSS-1044868","DXY4SV3","VIHA-CRHCC-Campbell River Home & Community Care-Main Building-1st Floor","Campbell River","Main Building","Scheduler Coordinator","1","REQ1167392-RITM1229304-SCTASK1970682","01/31/2028","Operational","05/07/2026","","","General Rounding","CRHCC","NTT-Deskside Services-CampbellRiver-Local","Laptop","DELL LATITUDE 7440 V2",""
"LD032575","HSS-8084551","3NW99W3","VIHA-CRHCC-Campbell River Home & Community Care-Main Building-1st Floor","Campbell River","Main Building","Scheduling LD032575 ? Community Health Services","1st Floor","VIHATRP20240318-019","04/30/2028","Operational","07/26/2024","Please NOTE that the following software applications are incompatible with the Cerner 724 Downtime application:
-Downtime Patient Index (DTPI)
-Dragon Medical One Extensions (DMO)
-Imprivata OneSign Software/Card Reader (Tap In/Out)
-Inteleviewer (Medical Imaging)

If the software is requested to be installed, the Incident or Request should be assigned to the ""VIHA-Client Experience"" assignment group so the request can be evaluated.","CRHCC-Campbell River Home & Community Care","Critical Clinical","CCD Admin Support-CR","NTT-Deskside Services-CampbellRiver-Local","Laptop","DELL LATITUDE 7440 V2",""
"LD066010","HSS-8084548","12PKVH3","VIHA-CRHCC-Campbell River Home & Community Care-Main Building-1st Floor","Campbell River","Main Building","Scheduling office","1","VIHATRP20240318-016","04/30/2028","Operational","05/07/2026","","","General Rounding","CCD Admin Support-CR","NTT-Deskside Services-CampbellRiver-Local","Laptop","DELL LATITUDE 7440 V2",""
"LD037877","HSS-8099852","SD00PKFZ","VIHA-CRHCC-Campbell River Home & Community Care-Main Building-1st Floor","Campbell River","Main Building","Scheduling Office","1","ISLHTRP20260803-016","07/31/2030","Operational","","","","General Rounding","CRHCC","NTT-Deskside Services-CampbellRiver-Local","Laptop","LENOVO THINKPAD T14 GEN6 NT FPR 2x1",""
"PC028832","HSS-8066631","3HY4XP3","VIHA-CRHCC-Campbell River Home & Community Care-Main Building-1st Floor","Campbell River","Main Building","Scheduling Office","1","VIHATRP20220919-079","01/31/2027","Operational","07/24/2024","","","General Rounding"," ","NTT-Deskside Services-CampbellRiver-Local","Desktop","Dell OPTIPLEX 7000 MICRO V1",""
"LD037875","HSS-8099839","SD00NLS7","VIHA-CRHCC-Campbell River Home & Community Care-Main Building-1st Floor","Campbell River","CRHCC","Scheduling Office","1","ISLHTRP20260803-003","06/30/2030","Operational","","","","General Rounding","CRHCC","NTT-Deskside Services-CampbellRiver-Local","Laptop","LENOVO THINKPAD T14 GEN6 NT FPR 2x1",""
"LD032708","HSS-8099861","SD00NQQH","VIHA-CRHCC-Campbell River Home & Community Care-Main Building-1st Floor","Campbell River","CRHCC","Scheduling Office X62868","1","ISLHTRP20260803-025","07/31/2030","Operational","","","","General Rounding","CRHCC","NTT-Deskside Services-CampbellRiver-Local","Laptop","LENOVO THINKPAD T14 GEN6 NT FPR 2x1",""
"AO1000091","HSS-8097290","C25318M119","VIHA-CRG-Campbell River General Hospital-Main Building-2nd Floor","Campbell River","Main Building","Second Floor","2","ISLHTRP20260126-079","01/31/2030","Operational","","","","Mobile Cart","Second Floor","NTT-Deskside Services-CampbellRiver-Staffed","All-in-One","TANGENT MEDIX 22B V20",""
"LD021496","HSS-8064856","FM76NN3","VIHA-CRDS-Campbell River Dogwood Street-Main Building-1st Floor","Campbell River","CR Dogwood","Shared Admin Space","1","VIHATRP20220711-057","11/30/2026","Operational","01/28/2026","","","General Rounding","CR Dogwood","NTT-Deskside Services-CampbellRiver-Local","Laptop","Dell LATITUDE 7420 V3",""
"LD024244","HSS-8099463","SD00625W","VIHA-CRG-Campbell River General Hospital-Main Building-Basement 1","Campbell River","Main Building","Site Director reception - Lisa Donnahee","2","ISLHTRP20260706-070","07/31/2030","Operational","","","20221128-VIHA-SJGH-St. Joseph's General Hospital was formally closed October 21, 2017
and the remaining site was named VIHA-SJC-St. Joseph's Campus.
Location updated to VIHA-SJC-St. Joseph's Campus per TASK0035172","Excluded","COS EVP-Chief Medical Officer","NTT-Deskside Services-CampbellRiver-Staffed","Laptop","LENOVO THINKPAD T14 GEN6 NT FPR 2x1",""
"PC029766","HSS-8079369","9TG2QR3","VIHA-GRHC-Gold River Health Centre-Main Building-1st Floor","Gold River","Main Building","Social Worker's office - Key lock","1","VIHATRP20230916-052","06/30/2027","Operational","06/30/2026","","","General Rounding","General Administration","NTT-Deskside Services-CampbellRiver-Remote","Desktop","Dell OPTIPLEX 7000 MICRO V1",""
"LD073105","HSS-1042935","8LSDLN3","VIHA-CRHCC-Campbell River Home & Community Care-Main Building-1st Floor","Campbell River","Main Building","South Geo - new workstation","1","REQ0982891-RITM1033976-SCTASK1643006","05/31/2027","Operational","03/13/2026","31March2023 - RTS - RITM0952834 , Purolator 334041499891, Shiplink 6051.

Note: DUPLICATE HOSTNAME LD062710 with Operational asset:  HSS-1041861 SN: DKJ1NN3","","General Rounding","CRHCC","NTT-Deskside Services-CampbellRiver-Local","Laptop","Dell LATITUDE 7420 V3",""
"LD066011","HSS-8084549","87FB9W3","VIHA-CRHCC-Campbell River Home & Community Care-Main Building-1st Floor","Campbell River","Main Building","South HCN - Kristy","1","VIHATRP20240318-017","04/30/2028","Operational","05/07/2026","","","General Rounding","CCD Admin Support-CR","NTT-Deskside Services-CampbellRiver-Local","Laptop","DELL LATITUDE 7440 V2",""
"LD032715","HSS-8099866","SD00PH9L","VIHA-CRHCC-Campbell River Home & Community Care-Main Building-1st Floor","Campbell River","CRHCC","South Team - HCN","1","ISLHTRP20260803-030","07/31/2030","Operational","","","","General Rounding","CRHCC","NTT-Deskside Services-CampbellRiver-Local","Laptop","LENOVO THINKPAD T14 GEN6 NT FPR 2x1",""
"LD032712","HSS-8099856","SD00PK4Q","VIHA-CRHCC-Campbell River Home & Community Care-Main Building-1st Floor","Campbell River","CRHCC","South Team - OT","1","ISLHTRP20260803-020","07/31/2030","Operational","","","","General Rounding","CRHCC","NTT-Deskside Services-CampbellRiver-Local","Laptop","LENOVO THINKPAD T14 GEN6 NT FPR 2x1",""
"LD031231","HSS-8099841","SD00PK5P","VIHA-CRHCC-Campbell River Home & Community Care-Main Building-1st Floor","Campbell River","Main Building","Stacey Chow","1","ISLHTRP20260803-005","07/31/2030","Operational","","","","General Rounding","CRHCC","NTT-Deskside Services-CampbellRiver-Local","Laptop","LENOVO THINKPAD T14 GEN6 NT FPR 2x1",""
"LD037880","HSS-8099846","SD00PK4R","VIHA-CRHCC-Campbell River Home & Community Care-Main Building-1st Floor","Campbell River","Main Building","SW Office Stacey","1","ISLHTRP20260803-010","07/31/2030","Operational","","","","General Rounding","CRHCC","NTT-Deskside Services-CampbellRiver-Local","Laptop","LENOVO THINKPAD T14 GEN6 NT FPR 2x1",""
"LD035926","HSS-8072902","FG12NN3","VIHA-CRG-Campbell River General Hospital-Main Building-1st Floor","Campbell River","WFH","Swing office","WFH","VIHATRP20230313-040","05/31/2027","Operational","","","WFH bundle for Ryan Forsyth","Excluded","WFH","NTT-Deskside Services-CampbellRiver-Staffed","Laptop","Dell LATITUDE 7420 V3",""
"LD057251","HSS-8095446","5HHP774","VIHA-CRDS-Campbell River Dogwood Street-Main Building-1st Floor","Campbell River","Main Building","Swing Office","1st Floor","ISLHTRP20250908-013","09/30/2029","Operational","01/28/2026","","","General Rounding","Experience","NTT-Deskside Services-CampbellRiver-Local","Laptop","Dell LATITUDE 7450 V4",""
"LD060360","HSS-8099206","SD00PKG2","VIHA-CRDS-Campbell River Dogwood Street-Main Building-1st Floor","Campbell River","Main Building","Swing office","1","ISLHTRP20260622-077","07/31/2030","Operational","","","","General Rounding","YSTAR","NTT-Deskside Services-CampbellRiver-Local","Laptop","LENOVO THINKPAD T14 GEN6 NT FPR 2x1","Laptop + docking station and 2 x 24"" monitors"
"LD066640","HSS-8091058","6DFJVW3","VIHA-CRDS-Campbell River Dogwood Street-Main Building-1st Floor","Campbell River","Main Building","Swing office","1","VIHATRP20241104-016","12/31/2028","Operational","02/09/2026","","","General Rounding","CI/NI CYMH & Substance Use","NTT-Deskside Services-CampbellRiver-Local","Laptop","Dell LATITUDE 7440 V7",""
"PC052402","HSS-8059173","82Q4VH3","VIHA-THC-Tahsis Health Centre-Main Building-1st Floor","Tahsis","Main Building","Tahsis Health Centre","1","VIHATRP20220613-029","11/30/2026","Operational","06/30/2026","","","General Rounding","GHC General Administration","NTT-Deskside Services-CampbellRiver-Remote","Desktop","Dell OPTIPLEX 7090 MICRO V1",""
"PC052395","HSS-8059175","3T05VH3","VIHA-THC-Tahsis Health Centre-Main Building-1st Floor","Tahsis","Main Building","Tahsis Health Centre","1","VIHATRP20220613-031","11/30/2026","Operational","06/30/2026","","","General Rounding","Public Health","NTT-Deskside Services-CampbellRiver-Remote","Desktop","Dell OPTIPLEX 7090 MICRO V1",""
"LD065732","HSS-8079386","F1CHDY3","VIHA-CRSR_1307-Campbell River Shoppers Row (Unit 1307)-Main Building-1st Floor","Campbell River","Main Building","Team Room - Desk 9","1","VIHATRP20230916-066","11/30/2027","Operational","07/24/2024","","","General Rounding","CV Int Outreach Resp Team","NTT-Deskside Services-CampbellRiver-Local","Laptop","DELL LATITUDE 7440 V2",""
"LD065980","HSS-8079390","D00HDY3","VIHA-CRSR_1307-Campbell River Shoppers Row (Unit 1307)-Main Building-1st Floor","Campbell River","Main Building","Team Space -  Desk 9","1","VIHATRP20230916-070","11/30/2027","Operational","05/12/2026","","","General Rounding","CR Expanded Outreach Team","NTT-Deskside Services-CampbellRiver-Local","Laptop","DELL LATITUDE 7440 V2",""
"LD065982","HSS-8079393","B0LZFY3","VIHA-CRSR_1307-Campbell River Shoppers Row (Unit 1307)-Main Building-1st Floor","Campbell River","Main Building","Team Space - Desk 1","1st Floor","VIHATRP20230916-073","11/30/2027","Operational","02/25/2026","","","General Rounding","Campbell River ACT","NTT-Deskside Services-CampbellRiver-Local","Laptop","DELL LATITUDE 7440 V2","LENOVO THNKCNT M920q i5-8500 2.1GHz 8GB"
"LD066235","HSS-8073499","C0DWDK3","VIHA-CRSR_1307-Campbell River Shoppers Row (Unit 1307)-Main Building-1st Floor","Campbell River","Main Building","Team Space - Desk 10","1","VIHATRP20230403-073","05/31/2027","Operational","05/12/2026","","","General Rounding","Mental Health and Addiction Services","NTT-Deskside Services-CampbellRiver-Local","Laptop","Dell LATITUDE 7430 V1",""
"LD030729","HSS-8079385","78FQDY3","VIHA-CRSR_1307-Campbell River Shoppers Row (Unit 1307)-Main Building-1st Floor","Campbell River","Main Building","Team Space - Desk 11","1","VIHATRP20230916-065","11/30/2027","Operational","05/12/2026","","","General Rounding","Positive Wellness NI","NTT-Deskside Services-CampbellRiver-Local","Laptop","DELL LATITUDE 7440 V2",""
"LD066048","HSS-8079388","7R80GY3","VIHA-CRSR_1307-Campbell River Shoppers Row (Unit 1307)-Main Building-1st Floor","Campbell River","Main Building","Team Space - Desk 2","1","VIHATRP20230916-068","11/30/2027","Operational","05/12/2026","","","General Rounding","CRMHAS","NTT-Deskside Services-CampbellRiver-Local","Laptop","DELL LATITUDE 7440 V2","LENOVO THNKCNT M920q i5-8500 2.1GHz 8GB"
"LD066232","HSS-8079387","G11JDY3","VIHA-CRSR_1307-Campbell River Shoppers Row (Unit 1307)-Main Building-1st Floor","Campbell River","Main Building","Team Space - Desk 21","1","VIHATRP20230916-067","11/30/2027","Operational","02/25/2026","","","General Rounding","CRMHAS","NTT-Deskside Services-CampbellRiver-Local","Laptop","DELL LATITUDE 7440 V2","LENOVO THNKCNT M920q i5-8500 2.1GHz 8GB"
"LD061252","HSS-8098647","PF62452G","VIHA-CRSR_1307-Campbell River Shoppers Row (Unit 1307)-Main Building-1st Floor","Campbell River","Main Building","Team Space - Desk 22","1","ISLHTRP20260518-064","06/30/2030","Operational","","","1307 - 1287 Shoppers Row","General Rounding","Mental Health and Addiction Services","NTT-Deskside Services-CampbellRiver-Local","Laptop","LENOVO THINKPAD T14 GEN6 NT FPR 2x1",""
"LD072420","HSS-1039318","21RDLN3","VIHA-CRSR_1307-Campbell River Shoppers Row (Unit 1307)-Main Building-1st Floor","Campbell River","Main Building","Team Space - Desk 3","1","REQ0725704-RITM0762627-SCTASK1260550","02/28/2027","Operational","05/12/2026","","1307-1297 Shoppers Row, Tyee Plaza, Campbell River, BC V9W2C9","General Rounding","Mental Health and Addiction Services","NTT-Deskside Services-CampbellRiver-Local","Laptop","Dell LATITUDE 7420 V3",""
"LD060267","HSS-8097455","PF5XAHLX","VIHA-CRSR_1307-Campbell River Shoppers Row (Unit 1307)-Main Building-1st Floor","Campbell River","Main Building","Team Space - Desk 4","1","ISLHTRP20260202-022","03/31/2030","Operational","05/12/2026","","1307-1297 Shoppers Row","General Rounding","Mental Health and Addiction Services","NTT-Deskside Services-CampbellRiver-Local","Laptop","LENOVO THINKPAD T14 GEN6",""
"LD060531","HSS-8098131","PF60E6A7","VIHA-CRSR_1307-Campbell River Shoppers Row (Unit 1307)-Main Building-1st Floor","Campbell River","Main Building","Team Space - Desk 5","1","ISLHTRP20260323-036","04/30/2030","Operational","","","1307-1297 Shoppers Row","General Rounding","ACT","NTT-Deskside Services-CampbellRiver-Local","Laptop","LENOVO THINKPAD T14 GEN6 NT FPR 2x1",""
"LD071340","HSS-1032707","G4R54J3","VIHA-CRSR_1307-Campbell River Shoppers Row (Unit 1307)-Main Building-1st Floor","Campbell River","Main Building","Team Space - Desk 6","1","REQ0498938-RITM0523403-SCTASK0830425","06/30/2026","Operational","05/12/2026","","1307-1297 Shoppers Row","General Rounding","Mental Health and Addiction Services","NTT-Deskside Services-CampbellRiver-Local","Laptop","Dell LATITUDE 7420 V3",""
"LD065979","HSS-8079389","J6QHDY3","VIHA-CRSR_1307-Campbell River Shoppers Row (Unit 1307)-Main Building-1st Floor","Campbell River","Main Building","Team Space - Desk 7","1","VIHATRP20230916-069","11/30/2027","Operational","05/12/2026","","","General Rounding","Mental Health and Addiction Services","NTT-Deskside Services-CampbellRiver-Local","Laptop","DELL LATITUDE 7440 V2","CUSTOMER OWNED CTO DESKTOP TC M910Q I5-7"
"LD065455","HSS-8099475","SD006A7H","VIHA-CRSR_1307-Campbell River Shoppers Row (Unit 1307)-Main Building-1st Floor","Campbell River","Main Building","Team Space ? Desk 12","1","ISLHTRP20260706-082","07/31/2030","Operational","","","","General Rounding","Mental Health and Addiction Services","NTT-Deskside Services-CampbellRiver-Local","Laptop","LENOVO THINKPAD T14 GEN6 NT FPR 2x1",""
"LD061253","HSS-8098648","PF62497C","VIHA-CRSR_1307-Campbell River Shoppers Row (Unit 1307)-Main Building-1st Floor","Campbell River","Main Building","Team Space ? Desk 13","1","ISLHTRP20260518-065","06/30/2030","Operational","","","1307 - 1287 Shoppers Row","General Rounding","Mental Health and Addiction Services","NTT-Deskside Services-CampbellRiver-Local","Laptop","LENOVO THINKPAD T14 GEN6 NT FPR 2x1",""
"LD065456","HSS-8100309","SD006J7M","VIHA-CRSR_1307-Campbell River Shoppers Row (Unit 1307)-Main Building-1st Floor","Campbell River","Main Building","Team Space ? Desk 14","1","ISLHTRP20260824-088","","Operational","","","","General Rounding","Mental Health and Addiction Services","NTT-Deskside Services-CampbellRiver-Local","Laptop","LENOVO THINKPAD T14 GEN6 NT FPR 2x1",""
"LD065456LEG","HSS-8064999","JHF4NN3","VIHA-CRSR_1307-Campbell River Shoppers Row (Unit 1307)-Main Building-1st Floor","Campbell River","Main Building","Team Space ? Desk 14","1","VIHATRP20220718-036","11/30/2026","Operational","07/24/2024","","","General Rounding","Mental Health and Addiction Services","NTT-Deskside Services-CampbellRiver-Local","Laptop","Dell LATITUDE 7420 V3",""
"LD065858","HSS-8079384","5MMLBZ3","VIHA-CRSR_1307-Campbell River Shoppers Row (Unit 1307)-Main Building-1st Floor","Campbell River","Main uilding","Team Space ? Desk 16","1","VIHATRP20230916-064","11/30/2027","Operational","07/24/2024","","","General Rounding","Campbell River ACT","NTT-Deskside Services-CampbellRiver-Local","Laptop","DELL LATITUDE 7440 V2","LENOVO THNKCNT M920q i5-8500 2.1GHz 8GB"
"LD065473","HSS-8065017","85P4NN3","VIHA-CRSR_1307-Campbell River Shoppers Row (Unit 1307)-Main Building-1st Floor","Campbell River","M","Team Space ? Desk 18","1","VIHATRP20220718-054","12/31/2026","Operational","07/24/2024","","","General Rounding","Mental Health and Addiction Services","NTT-Deskside Services-CampbellRiver-Local","Laptop","Dell LATITUDE 7420 V3",""
"LD061255","HSS-8099205","SD00NLRK","VIHA-CRSR_1307-Campbell River Shoppers Row (Unit 1307)-Main Building-1st Floor","Campbell River","Main Building","Team Space, Desk 8","1","ISLHTRP20260622-076","07/31/2030","Operational","","","1307 - 1287 Shoppers Row","General Rounding","Mental Health and Addiction Services","NTT-Deskside Services-CampbellRiver-Local","Laptop","LENOVO THINKPAD T14 GEN6 NT FPR 2x1",""
"TD020322","HSS-8084554","2GMMSV3","VIHA-CRHCC-Campbell River Home & Community Care-Main Building-1st Floor","Campbell River","Main Building","Tech Cabinet","1st Floor","VIHATRP20240318-022","04/30/2028","Operational","07/24/2024","","","General Rounding","CCD Admin Support-CR","NTT-Deskside Services-CampbellRiver-Local","Tablet","DELL LATITUDE 9440 2-in-1 V1",""
"LD066183","HSS-8084552","15SCGW3","VIHA-CRHCC-Campbell River Home & Community Care-Main Building-1st Floor","Campbell River","Main Building","Tech Cabinet - Laptop 2","1st Floor","VIHATRP20240318-020","04/30/2028","Operational","","","","Excluded","CCD Admin Support-CR","NTT-Deskside Services-CampbellRiver-Local","Laptop","DELL LATITUDE 7440 V2",""
"LD066147","HSS-8084566","3HXPGW3","VIHA-CRHCC-Campbell River Home & Community Care-Main Building-1st Floor","Campbell River","Main Building","Tech Cabinet - Laptop 3","1st Floor","VIHATRP20240318-034","04/30/2028","Operational","","","","General Rounding","CCD Admin Support-CR","NTT-Deskside Services-CampbellRiver-Local","Laptop","DELL LATITUDE 7440 V2",""
"LD066146","HSS-8084553","BDT99W3","VIHA-CRHCC-Campbell River Home & Community Care-Main Building-1st Floor","Campbell River","Main Building","Tech Cabinet - Laptop 6","1st Floor","VIHATRP20240318-021","04/30/2028","Operational","07/26/2024","","","General Rounding","CCD Admin Support-CR","NTT-Deskside Services-CampbellRiver-Local","Laptop","DELL LATITUDE 7440 V2",""
"LD066546","HSS-8084558","GKK0FY3","VIHA-CRHCC-Campbell River Home & Community Care-Main Building-1st Floor","Campbell River","Main Building","Tech Cabinet Laptop 3","1st Floor","VIHATRP20240318-026","04/30/2028","Operational","07/26/2024","","","General Rounding","CCD Admin Support-CR","NTT-Deskside Services-CampbellRiver-Local","Laptop","DELL LATITUDE 7440 V2",""
"LD066327","HSS-8084550","DZF79W3","VIHA-CRHCC-Campbell River Home & Community Care-Main Building-1st Floor","Campbell River","Main Building","Tech Cabinet Laptop 5","1st Floor","VIHATRP20240318-018","04/30/2028","Operational","07/26/2024","","","General Rounding","CCD Admin Support-CR","NTT-Deskside Services-CampbellRiver-Local","Laptop","DELL LATITUDE 7440 V2",""
"PC022918","HSS-8059171","G2Q4VH3","VIHA-QIMC-Quadra Island Medical Clinic-Main Building-1st Floor","Quathiaski Cove","Main Building","Telehealth","1","VIHATRP20220613-027","11/30/2026","Operational","08/19/2026","","","General Rounding","Telehealth","NTT-Deskside Services-CampbellRiver-Local","Desktop","Dell OPTIPLEX 7090 MICRO V1",""
"PC034821","HSS-8079365","C11WPR3","VIHA-GRHC-Gold River Health Centre-Main Building-1st Floor","Gold River","Main Building","Telehealth - key lock","1","VIHATRP20230916-048","06/30/2027","Operational","06/30/2026","","","General Rounding","Campbell River ACSS","NTT-Deskside Services-CampbellRiver-Remote","Desktop","Dell OPTIPLEX 7000 MICRO V1","Dell OPTIPLEX 7000 MICRO V1"
"LD024256","HSS-8096005","HBBP774","VIHA-CRMC-Campbell River Marwalk Crescent-Main Building-1st Floor","Campbell River","Main Building","Tom.LeMesurier@islandhealth.ca","1st Floor","ISLHTRP20250929-035","09/30/2029","Operational","","","","General Rounding","Plant Svcs Admin CR/N","NTT-Deskside Services-CampbellRiver-Local","Laptop","Dell LATITUDE 7450 V4",""
"PC100239","HSS-1044890","JGYMPR3","VIHA-CRHCC-Campbell River Home & Community Care-Main Building-2nd Floor","Campbell River","CRHCC","touch down 3","2","REQ1130936-RITM1190496-SCTASK1968649","05/31/2027","Operational","07/24/2024","","","General Rounding","CRHCC","NTT-Deskside Services-CampbellRiver-Local","Desktop","Dell OPTIPLEX 7000 MICRO V1",""
"LD037879","HSS-8099840","SD00NSV6","VIHA-CRHCC-Campbell River Home & Community Care-Main Building-1st Floor","Campbell River","Main Building","Touchdown 2","1","ISLHTRP20260803-004","07/31/2030","Operational","","","","General Rounding","CRHCC","NTT-Deskside Services-CampbellRiver-Local","Laptop","LENOVO THINKPAD T14 GEN6 NT FPR 2x1",""
"PC100231","HSS-1044891","535NPR3","VIHA-CRHCC-Campbell River Home & Community Care-Main Building-2nd Floor","Campbell River","CRHCC","Touchdown 4","2","REQ1130947-RITM1190507-SCTASK1968527","05/31/2027","Operational","07/24/2024","","","General Rounding","CRHCC","NTT-Deskside Services-CampbellRiver-Local","Desktop","Dell OPTIPLEX 7000 MICRO V1",""
"LD100207","HSS-1040488","3TJ1NN3","VIHA-CRHCC-Campbell River Home & Community Care-Main Building-1st Floor","Campbell River","Main Building","Tracy","1","REQ0811540-RITM0852636-SCTASK1347523","02/28/2027","Operational","03/13/2026","","","General Rounding","CRHCC","NTT-Deskside Services-CampbellRiver-Local","Laptop","Dell LATITUDE 7420 V3",""
"PC039523","HSS-8072532","4KL3KQ3","VIHA-YLRS-Yucalta Lodge-Main Building-1st Floor","Campbell River","YLRS","Unit Clerk","1","VIHATRP20230227-025","04/30/2027","Operational","05/21/2025","","","General Rounding","YLRS","NTT-Deskside Services-CampbellRiver-Local","Desktop","Dell OPTIPLEX 7000 MICRO V1",""
"AO800002","C003805","2BUN348B1612022","VIHA-CRDS-Campbell River Dogwood Street-Main Building-1st Floor","Campbell River","Main Building","unknown","1","","","Operational","01/28/2026","","","Mobile Cart","unknown","NTT-Deskside Services-CampbellRiver-Local","All-in-One","DT Research DT592BU",""
"PC030731","HSS-8095461","7NKJZ44","VIHA-THC-Tahsis Health Centre-Main Building-1st Floor","Tahsis","Main Building","UNKNOWN","1st Floor","ISLHTRP20250908-031","03/31/2029","Operational","06/30/2026","","","General Rounding","General Administration","NTT-Deskside Services-CampbellRiver-Remote","Desktop","Dell OptiPlex Micro Plus 7020 V1",""
"LD044174","HSS-8093006","33WHX64","VIHA-YLRS-Yucalta Lodge-Main Building-1st Floor","Campbell River","Main Building","unknown","1st Floor","ISLHTRP20250414-009","03/31/2029","Operational","05/21/2025","","","General Rounding","NI Chronic Disease Mgmt","NTT-Deskside Services-CampbellRiver-Local","Laptop","Dell LATITUDE 7450 V4",""
"AO800032","HSS-1039616","C22305M006","VIHA-CRG-Campbell River General Hospital-Main Building-Basement 1","Campbell River","Main Building","unknown","unknown","Lease Information Extract - HPFS Tangent","09/30/2025","Operational","02/08/2023","","","Mobile Cart","unknown","NTT-Deskside Services-CampbellRiver-Staffed","All-in-One","Tangent Medix T22B AiO 3517U",""
"LD041030","HSS-8085606","DJLXCW3","VIHA-CRG-Campbell River General Hospital-Main Building-1st Floor","Campbell River","Main Building","unknown","1st Floor","VIHATRP20240415-037","05/31/2028","Operational","","","","General Rounding","Contact Centre - HIM","NTT-Deskside Services-CampbellRiver-Staffed","Laptop","Dell LATITUDE 7440 V7",""
"LD046451","HSS-8095448","FT9Q774","VIHA-CRG-Campbell River General Hospital-Main Building-1st Floor","Campbell River","Main Building","Unknown","1","ISLHTRP20250908-015","09/30/2029","Operational","01/15/2026","","","General Rounding","Psychiatry","NTT-Deskside Services-CampbellRiver-Staffed","Laptop","Dell LATITUDE 7450 V4",""
"PC067252","HSS-8092583","DVN0724","VIHA-CRG-Campbell River General Hospital-Main Building-1st Floor","Campbell River","Main Building","UNKNOWN","unknown","ISLHTRP20250414-040","02/28/2029","Operational","","","","General Rounding","Strathcona/Remote Communities","NTT-Deskside Services-CampbellRiver-Staffed","Desktop","Dell OptiPlex Tower Plus 7010 V3",""
"LD061049","HSS-8098374","PF61M4E3","VIHA-CRG-Campbell River General Hospital-Main Building-Basement 1","Campbell River","","Valley Room","1","ISLHTRP20260413-031","05/31/2030","Operational","","","","Excluded","Nursing","NTT-Deskside Services-CampbellRiver-Staffed","Laptop","LENOVO THINKPAD T14 GEN6 NT FPR 2x1",""
"LD107006","HSS-1039284","GLM1NN3","VIHA-CRMC-Campbell River Marwalk Crescent-Main Building","Campbell River","WFH","WFH","WFH","REQ2095572-RITM2213872-SCTASK3556060","02/28/2027","Operational","","28April2026 RITM2213872 - Delivered to Jennifer Wing for WFH","","Excluded","WFH","NTT-Deskside Services-CampbellRiver-Local","Laptop","Dell LATITUDE 7420 V3",""
"LD067827","HSS-1046748","7RFQCW3","VIHA-CRPH-Campbell River Public Health","Campbell River","Health unit","WFH","WFH","REQ1329510-RITM1402132-SCTASK2247160","06/30/2028","Operational","","","WFH
16May2024 - RITM1402132 - Deployed","Excluded","WFH","NTT-Deskside Services-CampbellRiver-Local","Laptop","Dell LATITUDE 7440 V7",""
"LD060234","HSS-8100308","SD006F25","VIHA-CRG-Campbell River General Hospital-Main Building-2nd Floor","Campbell River","Memorial Pav","WFH","1","ISLHTRP20260824-087","","Operational","","","","General Rounding","","NTT-Deskside Services-CampbellRiver-Staffed","Laptop","LENOVO THINKPAD T14 GEN6 NT FPR 2x1",""
"LD042807","HSS-8087475","9XTSCW3","VIHA-CRG-Campbell River General Hospital","Campbell River","WFH","WFH","WFH","VIHATRP20240610-037","07/31/2028","Operational","","","","Excluded","WFH","NTT-Deskside Services-CampbellRiver-Staffed","Laptop","Dell LATITUDE 7440 V7",""
"LD058081","HSS-8094545","8GPKP54","VIHA-CRG-Campbell River General Hospital-Main Building-1st Floor","Campbell River","Main Building","WFH","1st Floor","ISLHTRP20250721-057","03/31/2029","Operational","","","","Excluded","IHealth 17 FTE PE&E","NTT-Deskside Services-CampbellRiver-Staffed","Laptop","Dell LATITUDE 7450 V4",""
"LD100041","HSS-1038576","93RFMN3","VIHA-CRPH-Campbell River Public Health-Main Building-2nd Floor","Campbell River","Tyee Plaza","WFH","2","REQ0731543-RITM0768643-SCTASK1212054","01/31/2027","Operational","02/24/2023","Work from Home","Work from Home","Excluded","Public Health","NTT-Deskside Services-CampbellRiver-Local","Laptop","Dell LATITUDE 7420 V3",""
"LD085138LEG","HSS-1039771","HD51MN3","VIHA-CRG-Campbell River General Hospital-Main Building","Campbell River","WFH","WFH","WFH","REQ0780436-RITM0819914-SCTASK1292373","11/30/2026","Operational","","","Work from Home","Excluded","WFH","NTT-Deskside Services-CampbellRiver-Staffed","Laptop","Dell LATITUDE 7420 V3",""
"LD031229","HSS-8099484","SD006DLR","VIHA-CRMC-Campbell River Marwalk Crescent-Main Building-1st Floor","Campbell River","Main Building","WFH","1","ISLHTRP20260706-091","07/31/2030","Operational","","","","General Rounding","","NTT-Deskside Services-CampbellRiver-Local","Laptop","LENOVO THINKPAD T14 GEN6 NT FPR 2x1",""
"LD026476","HSS-8093210","3VTHX64","VIHA-CRG-Campbell River General Hospital-Main Building-1st Floor","Campbell River","Main Building","WFH","1st Floor","ISLHTRP20250428-054","03/31/2029","Operational","","","Work from Home - Meghan Hunter","Excluded","Hlth Wellness Safe&Ability Mgt","NTT-Deskside Services-CampbellRiver-Staffed","Laptop","Dell LATITUDE 7450 V4",""
"LD063392","HSS-8098130","PF60E6AL","VIHA-CRMHAS-Campbell River Mental Health & Addiction Services-Main Building","Campbell River","Main Building","WFH","1","ISLHTRP20260323-035","04/30/2030","Operational","","","Remote work from home bundle - handed to client 11-jul-23: 11 am - as per SCTASK1676024","General Rounding","'- AMSU","NTT-Deskside Services-CampbellRiver-Local","Laptop","LENOVO THINKPAD T14 GEN6 NT FPR 2x1","Remote work from home bundle - delivered to client, as per SCTASK1676024 - 11-jul-23 - 11am."
"LD057961","HSS-8097469","PF5X285Y","VIHA-CRHCC-Campbell River Home & Community Care-Main Building","Campbell River","Main","WFH","1","ISLHTRP20260202-049","03/31/2030","Operational","","","","Excluded","CRHCC","NTT-Deskside Services-CampbellRiver-Local","Laptop","LENOVO THINKPAD T14 GEN6",""
"LD107390","HSS-1990593","369P5X3","VIHA-CRG-Campbell River General Hospital-Main Building-1st Floor","Campbell River","Wellness Centre - Mat Clinic","WFH","1","REQ2138196-RITM2259303-SCTASK3644437","09/30/2027","Operational","","","WFH","Excluded","WFH","NTT-Deskside Services-CampbellRiver-Staffed","Laptop","Dell LATITUDE 7430 V1","Deployed 25May2026 via RITM2259303 "
"LD041028X","HSS-6001275","PC1EPQFF","VIHA-CRG-Campbell River General Hospital-Corporate-Whitehouse-2nd Floor","Campbell River","Main Building","WFH","2","","04/30/2023","Operational","06/02/2023","","","Excluded","Campbell River Scheduling","NTT-Deskside Services-CampbellRiver-Staffed","Laptop","LENOVO THINKPAD T490S",""
"LD107123","HSS-8077149","851Y4X3","VIHA-CRG-Campbell River General Hospital","Campbell River","WFH","WFH","WFH","REQ2115877-RITM2235462-SCTASK3583609","09/30/2027","Operational","","","","Excluded","WFH","NTT-Deskside Services-CampbellRiver-Staffed","Laptop","Dell LATITUDE 7430 V1","26May2026 Delivered to Shayla Feniuk via RITM2235462"
"PC026772","HSS-8085026","8VH4X04","VIHA-CRG-Campbell River General Hospital-Corporate-Whitehouse-1st Floor","Campbell River","Corporate","WFH","Whitehouse-1st Floor","VIHATRP20240101-024","04/30/2028","Operational","03/17/2026","","","Excluded","Region 1 Scheduling CB Riv","NTT-Deskside Services-CampbellRiver-Staffed","Desktop","Dell OptiPlex Micro Plus 7010 V2",""
"LD058444","HSS-8094250","36JHX64","VIHA-CRG-Campbell River General Hospital-Corporate-Whitehouse-2nd Floor","Campbell River","Whitehouse","WFH","WFH","ISLHTRP20250707-144","03/31/2029","Operational","03/17/2026","","","Excluded","Scheduling","NTT-Deskside Services-CampbellRiver-Staffed","Laptop","Dell LATITUDE 7450 V4",""
"LD104153","HSS-1048891","DD0XVH3","VIHA-CRG-Campbell River General Hospital-Main Building-1st Floor","Campbell River","WFH","WFH","WFH","REQ1563094-RITM1649253-SCTASK2649716","01/31/2029","Operational","12/19/2024","Belinda Stothers","","Excluded","WFH","NTT-Deskside Services-CampbellRiver-Staffed","Laptop","Dell LATITUDE 7450 V4",""
"C015211","C015211","VH6VVKJ2GD","VIHA-CRG-Campbell River General Hospital","Campbell River","WFH","WFH","","PO964574","","Operational","","","","Excluded","CLKS","NTT-Deskside Services-CampbellRiver-Staffed","Laptop","APPLE MACBOOK PRO M1 14 INCH (2021)","Apple MacBook Pro 14-Inch 8-core CPU, 14-core GPU, 16-core Neural Engine 32GB unified memory 512GB SSD"
"TD032625","HSS-1047206","2J3JL34","VIHA-CRG-Campbell River General Hospital","Campbell River","WFH","WFH","WFH","REQ1357080-RITM1431321-SCTASK2305181","07/31/2028","Operational","","","","Excluded","WFH","NTT-Deskside Services-CampbellRiver-Staffed","Tablet","DELL LATITUDE 9440 2-in-1 V1","Delivered to Christie Simon RITM1431321 June 24, 2024"
"LD091187","HSS-1047744","H1LHVW3","VIHA-CRG-Campbell River General Hospital-Main Building-1st Floor","Campbell River","Main Building","WFH","1","REQ1420888-RITM1498929-SCTASK2422667","10/31/2028","Operational","06/27/2025","","","Excluded","ACN NVI Reg Admin","NTT-Deskside Services-CampbellRiver-Staffed","Laptop","Dell LATITUDE 7440 V7",""
"PC026773","HSS-8020517","MJ0BCX5D","VIHA-CRG-Campbell River General Hospital-Corporate-Whitehouse-1st Floor","Campbell River","Main Building","WFH","1","VIHATRP20210315-003","07/31/2023","Operational","05/15/2023","","","Excluded","Staffing Services","NTT-Deskside Services-CampbellRiver-Staffed","Desktop","LENOVO THINKCENTRE M920Q V1",""
"LD058981","HSS-8096137","FFYQ774","VIHA-GRHC-Gold River Health Centre-Main Building-1st Floor","Gold River","Main Building","WFH","1st Floor","ISLHTRP100625-015","11/30/2029","Operational","","","","Excluded","Workforce Optimization","NTT-Deskside Services-CampbellRiver-Remote","Laptop","Dell LATITUDE 7450 V4",""
"LD034647","HSS-8072903","3XD3NN3","VIHA-CRG-Campbell River General Hospital-Main Building-1st Floor","Campbell River","WFH","WFH","WFH","VIHATRP20230313-041","05/31/2027","Operational","","","","Excluded","WFH","NTT-Deskside Services-CampbellRiver-Staffed","Laptop","Dell LATITUDE 7420 V3",""
"LD059263","HSS-1030289","6N388C3","VIHA-CRG-Campbell River General Hospital-Main Building-1st Floor","Campbell River","Main Building","WFH","1","REQ0366506-RITM0383906-SCTASK0598568","12/31/2025","Operational","06/02/2023","","User works from home","Excluded","WFH","NTT-Deskside Services-CampbellRiver-Staffed","Laptop","Dell LATITUDE 7420 V3",""
"LD028754","HSS-8092386","23W1WH3","VIHA-CRG-Campbell River General Hospital-Main Building-2nd Floor","Campbell River","Main Building","WFH","2nd Floor","VIHATRP20250303-007","12/31/2028","Operational","","","","Excluded","CRG OBS Peds","NTT-Deskside Services-CampbellRiver-Staffed","Laptop","Dell LATITUDE 7450 V4",""
"LD059538","HSS-8098640","PF6249D0","VIHA-CRG-Campbell River General Hospital-Main Building-1st Floor","Campbell River","WFH","WFH","WFH","ISLHTRP20260518-057","06/30/2030","Operational","","","","Excluded","Community Virtual Care","NTT-Deskside Services-CampbellRiver-Staffed","Laptop","LENOVO THINKPAD T14 GEN6 NT FPR 2x1",""
"LD024060","HSS-8096495","PF5GY1CY","VIHA-CRMC-Campbell River Marwalk Crescent-Main Building-1st Floor","Campbell River","VIHA_CRG_SOHO","WFH","WFH","ISLHTRP20251117-023","09/30/2029","Operational","","","","Excluded","WFH","NTT-Deskside Services-CampbellRiver-Local","Laptop","LENOVO THINKPAD T14",""
"LD041047","HSS-8085598","1LLXCW3","VIHA-CRG-Campbell River General Hospital-Main Building-1st Floor","Campbell River","Main Building","WFH","1st Floor","VIHATRP20240415-062","05/31/2028","Operational","","","","Excluded","Island Medical Program","NTT-Deskside Services-CampbellRiver-Staffed","Laptop","Dell LATITUDE 7440 V7",""
"LD041018","HSS-8085024","4WQWCW3","VIHA-CRG-Campbell River General Hospital-Corporate-Whitehouse-1st Floor","Campbell River","Whitehouse","WFH","1","VIHATRP20240101-022","04/30/2028","Operational","03/17/2026","","","Excluded","Scheduling","NTT-Deskside Services-CampbellRiver-Staffed","Laptop","Dell LATITUDE 7440 V7",""
"LD102204","HSS-1046755","DPFQCW3","VIHA-CRG-Campbell River General Hospital-Main Building-Basement 1","Campbell River","CRG","WFH","0","REQ1326312-RITM1398764-SCTASK2248728","06/30/2028","Operational","","","Alyssa McCracken's WFH bundle","Excluded","Pharmacy WFH","NTT-Deskside Services-CampbellRiver-Staffed","Laptop","Dell LATITUDE 7440 V7",""
"LD060879","HSS-8098372","PF61M4D9","VIHA-CRG-Campbell River General Hospital-Main Building","Campbell River","Main Building","WFH","WFH","ISLHTRP20260413-029","05/31/2030","Operational","","","","Excluded","WFH","NTT-Deskside Services-CampbellRiver-Staffed","Laptop","LENOVO THINKPAD T14 GEN6 NT FPR 2x1",""
"LD029666","HSS-8085043","HR3YCW3","VIHA-CRG-Campbell River General Hospital-Main Building-1st Floor","Campbell River","Main building","WFH","1","VIHATRP20240101-041","04/30/2028","Operational","","","","Excluded","CLKS LrningCapacity&AdvTrn","NTT-Deskside Services-CampbellRiver-Staffed","Laptop","Dell LATITUDE 7440 V7",""
"LD041041","HSS-8085584","F3YXCW3","VIHA-CRG-Campbell River General Hospital-Main Building-1st Floor","Campbell River","Main Building","WFH","1st Floor","VIHATRP20240415-048","05/31/2028","Operational","","","","Excluded","Region 1 Scheduling CB Riv","NTT-Deskside Services-CampbellRiver-Staffed","Laptop","Dell LATITUDE 7440 V7",""
"LD041206","HSS-8085580","JVRXCW3","VIHA-CRG-Campbell River General Hospital-Main Building-1st Floor","Campbell River","Main Building","WFH","1st Floor","VIHATRP20240415-043","05/31/2028","Operational","","","","Excluded","Region 1 Scheduling CB Riv","NTT-Deskside Services-CampbellRiver-Staffed","Laptop","Dell LATITUDE 7440 V7",""
"LD061327","HSS-1035267","7TG44J3","VIHA-CRG-Campbell River General Hospital-Main Building-1st Floor","Campbell River","Main Building","WFH","1","REQ0604029-RITM0634498-SCTASK0998049","10/31/2026","Operational","02/08/2023","","Campbell River - Work from home.","Excluded","Professional Practice","NTT-Deskside Services-CampbellRiver-Staffed","Laptop","Dell LATITUDE 7420 V3",""
"LD041028","HSS-8087477","8WVQCW3","VIHA-CRG-Campbell River General Hospital-Corporate-Whitehouse-2nd Floor","Campbell River","Whitehouse","WFH","Whitehouse-2nd Floor","VIHATRP20240610-039","07/31/2028","Operational","03/17/2026","","","Excluded","Region 1 Scheduling CB River","NTT-Deskside Services-CampbellRiver-Staffed","Laptop","Dell LATITUDE 7440 V7",""
"LD073103","HSS-8097867","PF5X19V9","VIHA-CRG-Campbell River General Hospital","Campbell River","WFH","WFH","WFH","ISLHTRP20260302-120","04/30/2030","Operational","","","Work from Home bundle for Georgina Walz","Excluded","Campbell River Hospital","NTT-Deskside Services-CampbellRiver-Staffed","Laptop","LENOVO THINKPAD T14 GEN6",""
"LD055489","HSS-8093211","9VMHX64","VIHA-CRG-Campbell River General Hospital-Main Building-1st Floor","Campbell River","Main Building","WFH","1st Floor","ISLHTRP20250428-055","03/31/2029","Operational","","","Client working from home.

From: Dau, Duot <Duot.Dau@VIHA.CA> 
Sent: Tuesday, December 08, 2020 7:43 AM
To: Dean, Martin [NTT] <Martin.Dean@viha.ca>
Cc: Jorgensen, Ann <Ann.Jorgensen@viha.ca>
Subject: RE: SCTASK0210639 - New Laptop, 2 LCDs - Location for Site inspection

Hello Dean, 

I work from home now. I have I desk/table, power outlets and I used my home Wi-Fi to connect. If you want to drove check my home work station, you are welcome at 6-555 Rockland Road. Campbell River. 

Alternatively, you can drove it off at CRMC( Campbell River Marwalk Crescent), 
Address: 1338 Marwalk Cresent Campbell River, V8W 5X1. 
You can reach me at 250.532.8888 if you need additional information.

Best regards, 

Duot Dau
Business Application Admin
Island Health
Campbell River Hospital
Facilities Maintenance and Operations
Tel: 250.286.7100 ext. 67960
Email: duot.dau@viha.ca

NOTICE: This email and any attachments to it may be confidential and are intended solely for the use
of the individual to whom it is addressed and may be protected by legal, professional or other privilege.
 
","Excluded","Corp Business Solutions","NTT-Deskside Services-CampbellRiver-Staffed","Laptop","Dell LATITUDE 7450 V4",""
"LD059639","HSS-8097830","PF5WWSEV","VIHA-CRG-Campbell River General Hospital-Main Building-1st Floor","Campbell River","Main Building","WFH","1","ISLHTRP20260302-016","04/30/2030","Operational","","","","Excluded","","NTT-Deskside Services-CampbellRiver-Staffed","Laptop","LENOVO THINKPAD T14 GEN6",""
"LD021495","HSS-8087512","FL7RCW3","VIHA-CRDS-Campbell River Dogwood Street-Main Building-1st Floor","Campbell River","Main Building","WFH","1","VIHATRP20240610-074","07/31/2028","Operational","02/09/2026","","","Excluded","CR Dogwood","NTT-Deskside Services-CampbellRiver-Local","Laptop","Dell LATITUDE 7440 V7",""
"LD048296","HSS-8093209","62MHX64","VIHA-CRG-Campbell River General Hospital-Main Building-1st Floor","Campbell River","Main Building","WFH","1st Floor","ISLHTRP20250428-053","03/31/2029","Operational","","","","Excluded","PH & W Healthy Communities","NTT-Deskside Services-CampbellRiver-Staffed","Laptop","Dell LATITUDE 7450 V4",""
"LD041050","HSS-8085619","5L3YCW3","VIHA-CRG-Campbell River General Hospital-Main Building-2nd Floor","Campbell River","Main Building","WFH","2nd Floor","VIHATRP20240415-082","05/31/2028","Operational","","","","Excluded","BC Cancer Agency","NTT-Deskside Services-CampbellRiver-Staffed","Laptop","Dell LATITUDE 7440 V7",""
"LD080039","HSS-8099502","SD006J6A","VIHA-CRG-Campbell River General Hospital-Main Building-Basement 1","Campbell River","Main Building","WFH","1","ISLHTRP20260706-109","07/31/2030","Operational","","","Work from Home","Excluded","Social Work","NTT-Deskside Services-CampbellRiver-Staffed","Laptop","LENOVO THINKPAD T14 GEN6 NT FPR 2x1",""
"LD104320","HSS-1049431","5L44WH3","VIHA-CRG-Campbell River General Hospital-Corporate-Whitehouse","Campbell River","WFH","WFH","WFH","REQ1606224-RITM1694771-SCTASK2725521","12/31/2028","Operational","","RITM1750861 - Shiplink 28949 - Purolator 335281026633 - shipped to CRH.","Brittney Duval - Campbell River  WFH","Excluded","WFH","NTT-Deskside Services-CampbellRiver-Staffed","Laptop","Dell LATITUDE 7450 V4",""
"LD085722","HSS-8092774","64MTFW3","VIHA-CRDS-Campbell River Dogwood Street-Main Building-1st Floor","Campbell River","Main Building","WFH","1","VIHATRP20250331-004","03/31/2029","Operational","02/09/2026","","Deployed at CRG. Remote Work From Home","Excluded","CR Doggwood","NTT-Deskside Services-CampbellRiver-Local","Laptop","Dell LATITUDE 7450 V4",""
"LD061869","HSS-8099500","SD00PFXV","VIHA-CRPH-Campbell River Public Health-Main Building","Campbell River","Main","WFH","1","ISLHTRP20260706-107","07/31/2030","Operational","","","","General Rounding","Front admin area","NTT-Deskside Services-CampbellRiver-Local","Laptop","LENOVO THINKPAD T14 GEN6 NT FPR 2x1",""
"LD048214","HSS-8093411","90JZFW3","VIHA-CRHCC-Campbell River Home & Community Care-Main Building-1st Floor","Campbell River","Main Building","WFH - Cheryl Jensen","1st Floor","ISLHTRP20250512-044","03/31/2029","Operational","","","","Excluded","CRG Perioperative Intervention","NTT-Deskside Services-CampbellRiver-Local","Laptop","Dell LATITUDE 7450 V4",""
"LD044008","HSS-8087480","D8HSCW3","VIHA-CRG-Campbell River General Hospital-Main Building-1st Floor","Campbell River","Main Building","WFH - Meet at Lobby/Main Entrance","1","VIHATRP20240610-042","07/31/2028","Operational","","","","Excluded","HIM Informatics","NTT-Deskside Services-CampbellRiver-Staffed","Laptop","Dell LATITUDE 7440 V7",""
"PC031198","HSS-8079333","1S6VPR3","VIHA-CRG-Campbell River General Hospital-Corporate-Whitehouse-2nd Floor","Campbell River","Corporate","WFH - WH213 Second Floor.","Whitehouse-2nd Floor","VIHATRP20230916-016","06/30/2027","Operational","03/17/2026","","","Excluded","PHU Seniors OP Clinic","NTT-Deskside Services-CampbellRiver-Staffed","Desktop","Dell OPTIPLEX 7000 MICRO V1","LENOVO THNKCNT M920q i5-8500 2.1GHz 8GB"
"LD092028","HSS-1113690","CQ73NN3","VIHA-CRG-Campbell River General Hospital-Main Building-2nd Floor","Campbell River","CRG","WFH CR2410","2","REQ2109979-RITM2229201-SCTASK3600719","05/31/2027","Operational","","From: Dean, Martin [NTT] [ISLH] 
Sent: Friday, May 22, 2026 8:15 AM
To: Bello Vieda, Nestor Julian [ISLH] <NestorJulian.BelloVieda@islandhealth.ca>
Subject: RITM2229201 - Laptop LD092028 with Dock and Dual 24"" Monitors - 4 boxes

Hi Nestor,

As requested, Laptop LD092028 with Dock and Dual 24"" Monitors - 4 boxes have been dropped off at the CRG Booking Office Room CR2410.


Martin

Martin Dean | Deskside Support - Campbell River
martin.dean@viha.ca
NTT DATA Canada, Inc.
","","Excluded","OR Booking","NTT-Deskside Services-CampbellRiver-Staffed","Laptop","Dell LATITUDE 7420 V3","Delivered 22May2026 via RITM2229201"
"LD038103","HSS-8026124","HR712J3","VIHA-CRG-Campbell River General Hospital-Corporate-Whitehouse-1st Floor","Campbell River","Whitehouse","WFH Whitehouse","WFH","VIHATRP20220110-002","05/31/2026","Operational","03/17/2026","","","Excluded","Medical and Academic Affairs","NTT-Deskside Services-CampbellRiver-Staffed","Laptop","Dell LATITUDE 7420 V3",""
"PC026768","HSS-8085029","C564X04","VIHA-CRG-Campbell River General Hospital-Corporate-Whitehouse-1st Floor","Campbell River","WFH","WFH Whitehouse","1","VIHATRP20240101-027","04/30/2028","Operational","03/17/2026","","","Excluded","Region 1 Scheduling CB Riv","NTT-Deskside Services-CampbellRiver-Staffed","Desktop","Dell OptiPlex Micro Plus 7010 V2",""
"LD035593","HSS-8099198","SD00PH9E","VIHA-CRG-Campbell River General Hospital-Corporate-Whitehouse-2nd Floor","Campbell River","Main Building","WFH/210","2","ISLHTRP20260622-069","07/31/2030","Operational","","","","Excluded","Campbell River Scheduling services","NTT-Deskside Services-CampbellRiver-Staffed","Laptop","LENOVO THINKPAD T14 GEN6 NT FPR 2x1",""
"PC031214","HSS-8085030","GMD4X04","VIHA-CRG-Campbell River General Hospital-Corporate-Whitehouse-2nd Floor","Campbell River","Whitehouse","WH200","2","VIHATRP20240101-028","04/30/2028","Operational","03/17/2026","","","General Rounding","Scheduling","NTT-Deskside Services-CampbellRiver-Staffed","Desktop","Dell OptiPlex Micro Plus 7010 V2",""
"PC031200","HSS-8085032","5TH4X04","VIHA-CRG-Campbell River General Hospital-Corporate-Whitehouse-2nd Floor","Campbell River","Whitehouse","WH200","Whitehouse-2nd Floor","VIHATRP20240101-030","04/30/2028","Operational","03/17/2026","","","General Rounding","Scheduling","NTT-Deskside Services-CampbellRiver-Staffed","Desktop","Dell OptiPlex Micro Plus 7010 V2","LENOVO THNKCNT M920q i5-8500 2.1GHz 8GB"
"PC030787","HSS-8085039","FVH4X04","VIHA-CRG-Campbell River General Hospital-Corporate-Whitehouse-2nd Floor","Campbell River","Whitehouse","WH200","Whitehouse-2nd Floor","VIHATRP20240101-037","04/30/2028","Operational","03/17/2026","","","General Rounding","PHU Seniors OP Clinic","NTT-Deskside Services-CampbellRiver-Staffed","Desktop","Dell OptiPlex Micro Plus 7010 V2","LENOVO THNKCNT M920q i5-8500 2.1GHz 8GB"
"PC031215","HSS-8079332","HR6VPR3","VIHA-CRG-Campbell River General Hospital-Corporate-Whitehouse-2nd Floor","Campbell River","Whitehouse","WH200","2","VIHATRP20230916-015","06/30/2027","Operational","03/17/2026","","","General Rounding","Scheduling","NTT-Deskside Services-CampbellRiver-Staffed","Desktop","Dell OPTIPLEX 7000 MICRO V1",""
"PC031196","HSS-8087474","F3S0724","VIHA-CRG-Campbell River General Hospital-Corporate-Whitehouse-2nd Floor","Campbell River","Whitehouse","WH200","2","VIHATRP20240610-036","07/31/2028","Operational","03/17/2026","","","General Rounding","Region 1 Scheduling CB River","NTT-Deskside Services-CampbellRiver-Staffed","Desktop","Dell OptiPlex Micro Plus 7010 V2",""
"LD041049","HSS-8085033","8CLXCW3","VIHA-CRG-Campbell River General Hospital-Corporate-Whitehouse-2nd Floor","Campbell River","Whitehouse","WH201","Whitehouse-2nd Floor","VIHATRP20240101-031","04/30/2028","Operational","03/17/2026","","","General Rounding","Scheduling","NTT-Deskside Services-CampbellRiver-Staffed","Laptop","Dell LATITUDE 7440 V7",""
"LD058690","HSS-8093771","JYTZFW3","VIHA-CRG-Campbell River General Hospital-Corporate-Whitehouse-2nd Floor","Campbell River","Whitehouse","WH210","Whitehouse-2nd Floor","ISLHTRP20250609-020","03/31/2029","Operational","03/17/2026","","","General Rounding","Scheduling","NTT-Deskside Services-CampbellRiver-Staffed","Laptop","Dell LATITUDE 7450 V4",""
"LD041037","HSS-8085040","8S3YCW3","VIHA-CRG-Campbell River General Hospital-Corporate-Whitehouse-2nd Floor","Campbell River","Whitehouse","WH210","Whitehouse-2nd Floor","VIHATRP20240101-038","04/30/2028","Operational","03/17/2026","","","General Rounding","Scheduling","NTT-Deskside Services-CampbellRiver-Staffed","Laptop","Dell LATITUDE 7440 V7",""
"PC031216","HSS-8079334","H8D2QR3","VIHA-CRG-Campbell River General Hospital-Corporate-Whitehouse-2nd Floor","Campbell River","Whitehouse","WH211","2","VIHATRP20230916-017","06/30/2027","Operational","03/17/2026","","","General Rounding","Region 1 Scheduling CB Riv","NTT-Deskside Services-CampbellRiver-Staffed","Desktop","Dell OPTIPLEX 7000 MICRO V1",""
"PC031195","HSS-8085036","9RH4X04","VIHA-CRG-Campbell River General Hospital-Corporate-Whitehouse-2nd Floor","Campbell River","Whitehouse","WH212","Whitehouse-2nd Floor","VIHATRP20240101-034","04/30/2028","Operational","03/17/2026","","","General Rounding","Scheduling","NTT-Deskside Services-CampbellRiver-Staffed","Desktop","Dell OptiPlex Micro Plus 7010 V2","LENOVO THNKCNT M920q i5-8500 2.1GHz 8GB"
"PC031193","HSS-8085035","5B94X04","VIHA-CRG-Campbell River General Hospital-Corporate-Whitehouse-2nd Floor","Campbell River","Corporate","WH213","Whitehouse-2nd Floor","VIHATRP20240101-033","04/30/2028","Operational","09/16/2024","","","General Rounding","PHU Seniors OP Clinic","NTT-Deskside Services-CampbellRiver-Staffed","Desktop","Dell OptiPlex Micro Plus 7010 V2","LENOVO THNKCNT M920q i5-8500 2.1GHz 8GB"
"PC067164","HSS-8085031","8RH4X04","VIHA-CRG-Campbell River General Hospital-Corporate-Whitehouse-2nd Floor","Campbell River","Whitehouse","WH213","Whitehouse-2nd Floor","VIHATRP20240101-029","04/30/2028","Operational","03/17/2026","","","General Rounding","PHU Seniors OP Clinic","NTT-Deskside Services-CampbellRiver-Staffed","Desktop","Dell OptiPlex Micro Plus 7010 V2","LENOVO THNKCNT M920q i5-8500 2.1GHz 8GB"
"PC047871","HSS-8087478","49Z0724","VIHA-CRG-Campbell River General Hospital-Corporate-Whitehouse-2nd Floor","Campbell River","Whitehouse","WH215","Whitehouse-2nd Floor","VIHATRP20240610-040","07/31/2028","Operational","03/17/2026","","","General Rounding","Scheduling","NTT-Deskside Services-CampbellRiver-Staffed","Desktop","Dell OptiPlex Micro Plus 7010 V2",""
"PC031212","HSS-8085034","DWH4X04","VIHA-CRG-Campbell River General Hospital-Corporate-Whitehouse-2nd Floor","Campbell River","Corporate","WH216","Whitehouse-2nd Floor","VIHATRP20240101-032","04/30/2028","Operational","03/17/2026","","","General Rounding","PHU Seniors OP Clinic","NTT-Deskside Services-CampbellRiver-Staffed","Desktop","Dell OptiPlex Micro Plus 7010 V2","LENOVO THNKCNT M920q i5-8500 2.1GHz 8GB"
"PC030665","HSS-8059163","BX05VH3","VIHA-CRG-Campbell River General Hospital-Corporate-Whitehouse-2nd Floor","Campbell River","Whitehouse","WH216","2","VIHATRP20220613-019","12/31/2026","Operational","03/17/2026","","","General Rounding","Staffing Services","NTT-Deskside Services-CampbellRiver-Staffed","Desktop","Dell OPTIPLEX 7090 MICRO V1",""
"PC031199","HSS-8085038","7TH4X04","VIHA-CRG-Campbell River General Hospital-Corporate-Whitehouse-2nd Floor","Campbell River","Whitehouse","WH217","Whitehouse-2nd Floor","VIHATRP20240101-036","04/30/2028","Operational","03/17/2026","","","General Rounding","PHU Seniors OP Clinic","NTT-Deskside Services-CampbellRiver-Staffed","Desktop","Dell OptiPlex Micro Plus 7010 V2","LENOVO THNKCNT M920q i5-8500 2.1GHz 8GB"
"PC030788","HSS-8085037","9WH4X04","VIHA-CRG-Campbell River General Hospital-Corporate-Whitehouse-2nd Floor","Campbell River","Whitehouse","WH217","Whitehouse-2nd Floor","VIHATRP20240101-035","04/30/2028","Operational","03/17/2026","","","General Rounding","Scheduling","NTT-Deskside Services-CampbellRiver-Staffed","Desktop","Dell OptiPlex Micro Plus 7010 V2","LENOVO THNKCNT M920q i5-8500 2.1GHz 8GB"
"WT_63CAGZGG5J2","C003150","GZGG5J2","VIHA-CRG-Campbell River General Hospital-Main Building-1st Floor","Campbell River","Main Building","Whiteboard CR1932","1","","","Operational","08/25/2026","","","General Rounding","Emergency Services","NTT-Deskside Services-CampbellRiver-Staffed","Thin Client","DELL WYSE 5060 THIN CLIENT",""
"PC033792","HSS-8066642","84D5XP3","VIHA-YLRS-Yucalta Lodge-Main Building-1st Floor","Campbell River","Main Building","Woodland North","1","VIHATRP20220919-090","01/31/2027","Operational","08/29/2025","","","General Rounding","Yucalta","NTT-Deskside Services-CampbellRiver-Local","Desktop","Dell OPTIPLEX 7000 MICRO V1","VIGIL Remote (VIGIL-Yucalta)"
"LD068776","HSS-1049338","8YK2WH3","VIHA-YLRS-Yucalta Lodge-Main Building-1st Floor","Campbell River","YLRS","Woodlands South Care Aide Station","1","REQ1591218-RITM1678956-SCTASK2704948","12/31/2028","Operational","05/21/2025","Deployed on Feb.6, 2025 - RITM1678966","","General Rounding","YLRS","NTT-Deskside Services-CampbellRiver-Local","Laptop","Dell LATITUDE 7450 V4",""
"LD073007","HSS-8097828","PF5X19YD","VIHA-CRG-Campbell River General Hospital","Campbell River","Main Building","Work From Home","1","ISLHTRP20260302-014","04/30/2030","Operational","","","Works from home","Excluded","","NTT-Deskside Services-CampbellRiver-Staffed","Laptop","LENOVO THINKPAD T14 GEN6",""
"LD085500","HSS-1042609","9W9TQV3","VIHA-CRDS-Campbell River Dogwood Street-Main Building-1st Floor","Campbell River","Main Building","Work from home","1","REQ0946900-RITM0995803-SCTASK1577545","07/31/2026","Operational","05/18/2023","","Work from home","Excluded"," ","NTT-Deskside Services-CampbellRiver-Local","Laptop","Dell LATITUDE 7430 V1",""
"LD036485","HSS-8072892","8M73NN3","VIHA-CRG-Campbell River General Hospital-Main Building","Campbell River","Main Building","Work from Home ��darla.hunt@islandhealth.ca �(M) 250-507-7840","WFH","VIHATRP20230313-024","05/31/2027","Operational","05/19/2023","","","Excluded"," WFH","NTT-Deskside Services-CampbellRiver-Staffed","Laptop","Dell LATITUDE 7420 V3",""
"LD071449","HSS-8097827","PF5X19MK","VIHA-CRDS-Campbell River Dogwood Street-Main Building-1st Floor","Campbell River","Main Building","x","1","ISLHTRP20260302-013","05/31/2030","Operational","","","220A Dogwood St - 1st floor - Erin Harrison","General Rounding","x","NTT-Deskside Services-CampbellRiver-Local","Laptop","LENOVO THINKPAD T14 GEN6",""
"LD032710","HSS-8099847","SD00NSTY","VIHA-CRHCC-Campbell River Home & Community Care-Main Building-1st Floor","Campbell River","Main Building","x62178 North Andrea","1","ISLHTRP20260803-011","07/31/2030","Operational","","","","General Rounding","CRHCC","NTT-Deskside Services-CampbellRiver-Local","Laptop","LENOVO THINKPAD T14 GEN6 NT FPR 2x1",""
"LD030433","HSS-8099864","SD00PK2B","VIHA-CRHCC-Campbell River Home & Community Care-Main Building-1st Floor","Campbell River","Main Building","x62635 HS Gerrie","1","ISLHTRP20260803-028","07/31/2030","Operational","","","","General Rounding","CRHCC","NTT-Deskside Services-CampbellRiver-Local","Laptop","LENOVO THINKPAD T14 GEN6 NT FPR 2x1",""
"LD021654","HSS-8099854","SD006644","VIHA-CRHCC-Campbell River Home & Community Care-Main Building-1st Floor","Campbell River","CRHCC","x62638 South NSG Brittany","1","ISLHTRP20260803-018","07/31/2030","Operational","","","","General Rounding","CRHCC","NTT-Deskside Services-CampbellRiver-Local","Laptop","LENOVO THINKPAD T14 GEN6 NT FPR 2x1",""
"LD041036","HSS-8085628","1LHWCW3","VIHA-CRG-Campbell River General Hospital-Main Building-Basement 1","Campbell River","Main Building","XCR0601 - SOHO","Basement 1","VIHATRP20240415-091","05/31/2028","Operational","","","","Excluded","Contact Centre - HIM","NTT-Deskside Services-CampbellRiver-Staffed","Laptop","Dell LATITUDE 7440 V7",""
"PC067006","HSS-8070171","6DW2XP3","VIHA-GRHC-Gold River Health Centre-Main Building-1st Floor","Gold River","Main Building","Xray dept","1","VIHATRP11212022-002","02/28/2027","Operational","06/30/2026","","","General Rounding","Xray Dept","NTT-Deskside Services-CampbellRiver-Remote","Desktop","Dell OPTIPLEX 7000 MICRO V1",""
"LD060359","HSS-8097826","PF5WQ0H6","VIHA-CRDS-Campbell River Dogwood Street-Main Building-1st Floor","Campbell River","Main Building","Youth Short Term Assessment and Response","1","ISLHTRP20260302-012","05/31/2030","Operational","","","","General Rounding","YSTAR","NTT-Deskside Services-CampbellRiver-Local","Laptop","LENOVO THINKPAD T14 GEN6","Laptop with docking station + 2 x 24"" monitors"
"PC033364","HSS-8066628","JPB5XP3","VIHA-YLRS-Yucalta Lodge-Main Building-1st Floor","Campbell River","Main Building","Yucalta","1","VIHATRP20220919-076","01/31/2027","Operational","05/21/2025","","","General Rounding","Yucalta","NTT-Deskside Services-CampbellRiver-Local","Desktop","Dell OPTIPLEX 7000 MICRO V1","VIGIL Remote (VIGIL-Yucalta)"
"PC024050","HSS-8091065","H5BQK44","VIHA-YLRS-Yucalta Lodge-Main Building-1st Floor","Campbell River","Main Building","Yucalta Lodge Room 387 Maintenance Office - key lock","1st Floor","VIHATRP20241104-023","12/31/2028","Operational","05/21/2025","","","General Rounding","CI/NI North FMO","NTT-Deskside Services-CampbellRiver-Local","Desktop","Dell OptiPlex Micro Plus 7020 V1","VIGIL Remote (VIGIL-Yucalta)"
"LD107477","HSS-1990608","1N9G5X3","VIHA-ZHU-Zeballos Health Unit-Main Building-1st Floor","Zeballos","ZHC","ZHC","1","REQ2173095-RITM2296059-SCTASK3670775","10/31/2027","Operational","06/26/2026","","","Excluded","ZHC","NTT-Deskside Services-CampbellRiver-Remote","Laptop","Dell LATITUDE 7430 V1","26June2026 RITM2296059  Shipped to Zeballos Health Centre via Purolator 335875702664 Shiplink 45666  attn Michael Fry."
