"name","asset_tag","serial_number","location","location.city","u_building","u_room","u_floor","po_number","u_scheduled_retirement","operational_status","u_last_rounded_date","comments","u_location_comments","u_device_rounding","u_department_location","location.u_deskside_assignment_group","u_category","model_id","short_description"
"LD064872","HSS-1044721","77Q5SV3","VIHA-KYU-Kyuquot Health Centre","Kyuquot","","","","REQ1149419-RITM1210189-SCTASK1938738","12/31/2027","Operational","","","","Excluded","","NTT-Deskside Services-PortHardy-Remote","Laptop","DELL LATITUDE 7440 V2",""
"LD057657","HSS-8098583","PF621CLW","VIHA-PAH-Port Alice Health Center-Main Building-1st Floor","Port Alice","Main Building","#4-This Laptop goes home with DR","1","ISLHTRP20260504-031","05/31/2030","Operational","07/08/2026","","","Excluded","ACV Med Staff Cred and Priv","NTT-Deskside Services-PortHardy-Remote","Laptop","LENOVO THINKPAD T14 GEN6 NT FPR 2x1",""
"LD022344","HSS-8074227","FW9TQV3","VIHA-PHMHAS-Port Hardy Mental Health & Addiction Services-Main Building-1st Floor","Port Hardy","Main Building","10","1","VIHATRP20230509-042","07/31/2026","Operational","03/19/2026","","","General Rounding","Clinical Svc Mt Waddington","NTT-Deskside Services-PortHardy-Local","Laptop","Dell LATITUDE 7430 V1","Dell LATITUDE 7430 V1"
"PC057606","HSS-8098543","MZ03FL2G","VIHA-CICHC-Cormorant Island Community Health Centre-Main Building-1st Floor","Alert Bay","Main Building","106-Trauma","1","ISLHTRP20260504-037","05/31/2030","Operational","08/12/2026","","","General Rounding","Emergency","NTT-Deskside Services-PortHardy-Remote","Desktop","LENOVO M90q Gen 5 Desktop 512HD",""
"LD080692","HSS-8098525","PF620LCE","VIHA-PHPCC-Port Hardy Primary Care Centre-Main Building-1st Floor","Port Hardy","Main Building","2","1","ISLHTRP20260427-030","05/31/2030","Operational","","","","Excluded","CSN PH Primary Care Ctr","NTT-Deskside Services-PortHardy-Local","Laptop","LENOVO THINKPAD T14 GEN6 NT FPR 2x1","LENOVO THINKPAD T14 GEN6 NT FPR 2x1"
"LD044184","HSS-8087959","H9MQCW3","VIHA-PHFP-Port Hardy Family Practice-Main Building-1st Floor","Port Hardy","Main Building","208","2","VIHATRP20240624-038","07/31/2028","Operational","02/20/2026","","","General Rounding","CI/NI CYMH & Substance Use","NTT-Deskside Services-PortHardy-Local","Laptop","Dell LATITUDE 7440 V7",""
"LD064055","HSS-1043664","JM205X3","VIHA-PHFP-Port Hardy Family Practice-Main Building-1st Floor","Port Hardy","Main Building","208","2","REQ1050365-RITM1105294-SCTASK1763953","09/30/2027","Operational","04/02/2024","","Discovery port hardy","General Rounding","CCD Admin Support-Comox","NTT-Deskside Services-PortHardy-Local","Laptop","Dell LATITUDE 7430 V1",""
"PC080097","HSS-1041328","BKR4XP3","VIHA-PHFP-Port Hardy Family Practice-Main Building-1st Floor","Port Hardy","Main building","210","2","REQ0754160-RITM0792371-SCTASK1422504","01/31/2027","Operational","03/04/2024","","","General Rounding"," ","NTT-Deskside Services-PortHardy-Local","Desktop","Dell OPTIPLEX 7000 MICRO V1",""
"LD035967","HSS-8098520","PF621MK2","VIHA-PHHC-Port Hardy Health Centre-Main Building-1st Floor","Port Hardy","Main","2nd office to right of entrance.","1","ISLHTRP20260427-025","05/31/2030","Operational","05/21/2026","","","General Rounding","HN PH Public Health Nursing","NTT-Deskside Services-PortHardy-Local","Laptop","LENOVO THINKPAD T14 GEN6 NT FPR 2x1",""
"LD110008","HSS-1042074","8S04FK3","VIHA-PHH-Port Hardy Hospital-Main Building-1st Floor","Port Hardy","Eagle Ridge Manor","415-Yellow Room","1","REQ0886566-RITM0931928-SCTASK1493987","05/31/2027","Operational","08/13/2026","","","General Rounding","Administration","NTT-Deskside Services-PortHardy-Staffed","Laptop","Dell LATITUDE 7430 V1",""
"PC071345","HSS-8098547","MZ03FL30","VIHA-PMAPCC-Port McNeill A'ekakila'as Primary Care Centre-Main Building-1st Floor","Port McNeill","Main Building","5","1","ISLHTRP20260504-041","05/31/2030","Operational","","","","Excluded","Public Health Nursing","NTT-Deskside Services-PortHardy-Remote","Desktop","LENOVO M90q Gen 5 Desktop 512HD",""
"LD035987","HSS-8098509","PF621MLG","VIHA-PMAPCC-Port McNeill A'ekakila'as Primary Care Centre-Main Building-1st Floor","Port McNeill","Main Building","5","1","ISLHTRP20260427-014","05/31/2030","Operational","","","","General Rounding","Public Health","NTT-Deskside Services-PortHardy-Remote","Laptop","LENOVO THINKPAD T14 GEN6 NT FPR 2x1",""
"PC032002","HSS-8098550","MZ03FL2N","VIHA-CICHC-Cormorant Island Community Health Centre-Main Building-1st Floor","Alert Bay","Main Building","501","1","ISLHTRP20260504-044","05/31/2030","Operational","08/12/2026","","","General Rounding","LAB","NTT-Deskside Services-PortHardy-Remote","Desktop","LENOVO M90q Gen 5 Desktop 512HD",""
"LD022340","HSS-8074235","J5SSQV3","VIHA-PHMHAS-Port Hardy Mental Health & Addiction Services-Main Building-1st Floor","Port Hardy","Main Building","6","1","VIHATRP20230509-050","07/31/2026","Operational","03/19/2026","","","General Rounding","Clinical Svc Mt Waddington","NTT-Deskside Services-PortHardy-Local","Laptop","Dell LATITUDE 7430 V1","LENOVO THNKPD T480s i5-8350 1.7GHZ 6MB 1"
"LD027724","HSS-1016278","PC0UA5XH","VIHA-PHPCC-Port Hardy Primary Care Centre-Main Building-1st Floor","Port Hardy","Main Building","?","1","","02/28/2022","Operational","","","","Excluded","","NTT-Deskside Services-PortHardy-Local","Laptop","LENOVO THINKPAD T470S V2",""
"LD063807","HSS-1043139","6R9Z4X3","VIHA-PHH-Port Hardy Hospital-Main Building-1st Floor","Port Hardy","Main Building","?","1","REQ1009018-RITM1061463-SCTASK1689312","08/31/2027","Operational","07/08/2026","","","General Rounding","'-","NTT-Deskside Services-PortHardy-Staffed","Laptop","Dell LATITUDE 7430 V1",""
"LD041025","HSS-6001272","PC1EPQEH","VIHA-PHH-Port Hardy Hospital-Main Building-1st Floor","Port Hardy","Main Building","?","1","","04/30/2023","Operational","07/08/2026","","","General Rounding","PHN PH Public Health Nursing","NTT-Deskside Services-PortHardy-Staffed","Laptop","LENOVO THINKPAD T490S",""
"PC085179","HSS-1043216","D6YVPR3","VIHA-PMAPCC-Port McNeill A'ekakila'as Primary Care Centre-Main Building-1st Floor","Port McNeill","Main Building","?","1","REQ1006950-RITM1059234-SCTASK1696782","06/30/2027","Operational","09/07/2023","","","General Rounding","CSN PM Primary Care Ctr2","NTT-Deskside Services-PortHardy-Remote","Desktop","Dell OPTIPLEX 7000 MICRO V1",""
"LD067940","HSS-1047071","JQSQCW3","VIHA-KYU-Kyuquot Health Centre-Main Building-1st Floor","Kyuquot","Main building","?","1","REQ1359302-RITM1433759-SCTASK2297620","06/30/2028","Operational","","13June2024  Shipped to KYU via GRHC Purolator 334764531888 Shiplink: Shiplink 20926","","General Rounding","KHC Kyuquot Health Centre","NTT-Deskside Services-PortHardy-Remote","Laptop","Dell LATITUDE 7440 V7",""
"LD086445","HSS-8081056","DH72SV3","VIHA-PHMHAS-Port Hardy Mental Health & Addiction Services-Main Building-1st Floor","Port Hardy","Main building","?","1","REQ1506281-RITM1589141-SCTASK2573124","12/31/2027","Operational","12/04/2025","","","General Rounding","MCN Clinical Svc NVI( Port Hardy Mental Health)","NTT-Deskside Services-PortHardy-Local","Laptop","DELL LATITUDE 7440 V2",""
"LD073196","HSS-1043056","2S6Y4X3","VIHA-PHH-Port Hardy Hospital-Main Building-1st Floor","Port Hardy","Main Building","A Bentley","1","REQ0983731-RITM1034872-SCTASK1665392","08/31/2027","Operational","08/11/2026","","","General Rounding","Pharmacy","NTT-Deskside Services-PortHardy-Staffed","Laptop","Dell LATITUDE 7430 V1",""
"LD039571","HSS-8087975","3Q5TCW3","VIHA-PHMHAS-Port Hardy Mental Health & Addiction Services-Main Building-1st Floor","Port Hardy","Main Building","ACT desk laptop","1","VIHATRP20240624-054","07/31/2028","Operational","07/16/2026","","","General Rounding","NVI MHAS","NTT-Deskside Services-PortHardy-Local","Laptop","Dell LATITUDE 7440 V7",""
"LD072693","HSS-1040992","2M23NN3","VIHA-PHHC-Port Hardy Health Centre-Main Building-1st Floor","Port Hardy","Main Building","ACT room","1","REQ0834263-RITM0876552-SCTASK1382950","05/31/2027","Operational","07/16/2026","","","General Rounding","MCN NI ICMT","NTT-Deskside Services-PortHardy-Local","Laptop","Dell LATITUDE 7420 V3",""
"AO800296","HSS-8093722","C24102M101","VIHA-CICHC-Cormorant Island Community Health Centre-Main Building-1st Floor","Alert Bay","Main Building","Acute care","1","ISLHTRP20250609-040","05/31/2028","Operational","08/12/2026","","","Mobile Cart","Nurses station","NTT-Deskside Services-PortHardy-Remote","All-in-One","TANGENT MEDIX 22B V9",""
"AO001608","HSS-8095355","C24529M132","VIHA-PHH-Port Hardy Hospital-Main Building-1st Floor","Port Hardy","Main Building","Acute care","1","ISLHTRP20250901-006","10/31/2028","Operational","08/14/2026","","","Mobile Cart","Acute Care","NTT-Deskside Services-PortHardy-Staffed","All-in-One","Tangent MEDIX 22B V12",""
"AO800350","HSS-8098516","C25929M037","VIHA-PAH-Port Alice Health Center-Main Building-1st Floor","Port Alice","Main Building","Acute Care","1","ISLHTRP20260427-021","03/31/2030","Operational","07/07/2026","","","Mobile Cart","ACN NVI Rural&Remote Svcs Adm","NTT-Deskside Services-PortHardy-Remote","All-in-One","TANGENT MEDIX 22B V19",""
"AO800332","HSS-8095352","C24223M108","VIHA-PHH-Port Hardy Hospital-Main Building-1st Floor","Port Hardy","Main Building","Acute care","1","ISLHTRP20250901-003","10/31/2029","Operational","08/18/2026","","","Mobile Cart","PHH Combined Medical/Surgical","NTT-Deskside Services-PortHardy-Staffed","All-in-One","TANGENT MEDIX 22B V9",""
"AO001607","HSS-8095363","C24805M016","VIHA-PHH-Port Hardy Hospital-Main Building-1st Floor","Port Hardy","Main Building","Acute Care","1","ISLHTRP20250901-014","01/31/2029","Operational","08/14/2026","","","Mobile Cart","NRGH Emergency Services","NTT-Deskside Services-PortHardy-Staffed","All-in-One","Tangent MEDIX 22B V12",""
"AO800315","C002439","C19C14M215","VIHA-PHH-Port Hardy Hospital-Main Building-1st Floor","Port Hardy","Main Building","Acute Care","1","Lease Information Extract - HPFS Tangent","03/31/2023","Operational","","refresh for C003901  MAR 2020
on cart C003958
C19C14M215 Re-imaged to New ADO AO800315 September 28/2021 
","","Excluded","Acute Care Wing- Nurses station","NTT-Deskside Services-PortHardy-Staffed","All-in-One","Tangent MEDIX T22B V7","Tangent T22B V3 AIO"
"AO800317","HSS-8095375","C25122M057","VIHA-PMH-Port McNeill Hospital-Main Building-1st Floor","Port McNeill","Main Building","Acute Care","1","ISLHTRP20250901-027","05/31/2029","Operational","06/26/2026","","","Mobile Cart","ER/Ambulatory Care","NTT-Deskside Services-PortHardy-Remote","All-in-One","TANGENT MEDIX 22B V20",""
"AO800319","HSS-8095374","C25122M045","VIHA-PMH-Port McNeill Hospital-Main Building-1st Floor","Port McNeill","Main Building","Acute Care","1","ISLHTRP20250901-026","05/31/2029","Operational","04/21/2026","","","Mobile Cart","ER/Ambulatory Care","NTT-Deskside Services-PortHardy-Remote","All-in-One","TANGENT MEDIX 22B V20",""
"AO800345","HSS-8095373","C25122M044","VIHA-PMH-Port McNeill Hospital-Main Building-1st Floor","Port McNeill","Main Building","Acute care","1","ISLHTRP20250901-025","07/31/2029","Operational","04/16/2026","","","Mobile Cart","ER/Ambulatory Care","NTT-Deskside Services-PortHardy-Remote","All-in-One","TANGENT MEDIX 22B V20",""
"AO800295","HSS-8093721","C24102M107","VIHA-CICHC-Cormorant Island Community Health Centre-Main Building-1st Floor","Alert Bay","Main Building","Acute Care","1","ISLHTRP20250609-039","05/31/2028","Operational","08/12/2026","","","Mobile Cart","Nurses station","NTT-Deskside Services-PortHardy-Remote","All-in-One","TANGENT MEDIX 22B V9",""
"AO800339","HSS-8095359","C24529M073","VIHA-PHH-Port Hardy Hospital-Main Building-1st Floor","Port Hardy","Main Building","Acute care","1","ISLHTRP20250901-010","10/31/2028","Operational","07/13/2026","","","Mobile Cart","NRGH ICU HAU & Respira Thrpy","NTT-Deskside Services-PortHardy-Staffed","All-in-One","Tangent MEDIX 22B V12",""
"AO800347","HSS-8095367","C25122M011","VIHA-PMH-Port McNeill Hospital-Main Building-1st Floor","Port McNeill","Main Building","Acute care","1","ISLHTRP20250901-019","05/31/2029","Operational","04/21/2026","","","Mobile Cart","ER/Ambulatory Care","NTT-Deskside Services-PortHardy-Remote","All-in-One","TANGENT MEDIX 22B V20",""
"AO800351","HSS-8098517","C25929M072","VIHA-PAH-Port Alice Health Center-Main Building-1st Floor","Port Alice","Main Building","Acute care","1","ISLHTRP20260427-022","03/31/2030","Operational","07/07/2026","","","Mobile Cart","ACN NVI Rural&Remote Svcs Adm","NTT-Deskside Services-PortHardy-Remote","All-in-One","TANGENT MEDIX 22B V19",""
"AO800349","HSS-8098515","C25929M059","VIHA-PAH-Port Alice Health Center-Main Building-1st Floor","Port Alice","Main Building","Acute Care","1","ISLHTRP20260427-020","03/31/2030","Operational","07/07/2026","","","Mobile Cart","ACN NVI Rural&Remote Svcs Adm","NTT-Deskside Services-PortHardy-Remote","All-in-One","TANGENT MEDIX 22B V19",""
"AO800330","C004913","C19312M231","VIHA-PAH-Port Alice Health Center-Main Building-1st Floor","Port Alice","Main Building","Acute Care","1","Lease Information Extract - HPFS Tangent","06/30/2022","Operational","","","","Excluded","PAH Emergency/Ambulatory Care","NTT-Deskside Services-PortHardy-Remote","All-in-One","Tangent MEDIX T22B V3",""
"AO800346","HSS-8095369","C25122M007","VIHA-PMH-Port McNeill Hospital-Main Building-1st Floor","Port McNeill","Main Building","Acute care","1","ISLHTRP20250901-021","05/31/2029","Operational","04/21/2026","","","Mobile Cart","ER/Ambulatory Care","NTT-Deskside Services-PortHardy-Remote","All-in-One","TANGENT MEDIX 22B V20",""
"AO800348","HSS-8095372","C25123M219","VIHA-PMH-Port McNeill Hospital-Main Building-1st Floor","Port McNeill","Main Building","Acute care - Med Room","1","ISLHTRP20250901-024","07/31/2029","Operational","04/16/2026","","","Mobile Cart","ER/Ambulatory Care","NTT-Deskside Services-PortHardy-Remote","All-in-One","Tangent MEDIX 22B V2",""
"LD060094","HSS-8098534","PF620R2G","VIHA-PHH-Port Hardy Hospital-Main Building-1st Floor","Port Hardy","Main Building","Admin","1","ISLHTRP20260427-039","05/31/2030","Operational","07/21/2026","","","General Rounding","Admin","NTT-Deskside Services-PortHardy-Staffed","Laptop","LENOVO THINKPAD T14 GEN6 NT FPR 2x1","Dual monitor bundle.
M2 move to LD065368"
"LD065285","HSS-8025732","8DXJ7G3","VIHA-PHH-Port Hardy Hospital-Main Building-1st Floor","Port Hardy","Main Building","Admin","1","VIHATRP20211206-010","03/31/2026","Operational","08/11/2026","","","General Rounding","Community Health","NTT-Deskside Services-PortHardy-Staffed","Laptop","Dell LATITUDE 7420 V3",""
"PC076568","HSS-8087923","9ZB6724","VIHA-PMAPCC-Port McNeill A'ekakila'as Primary Care Centre-Main Building-1st Floor","Port McNeill","Main Building","Admin - Jessica","1","VIHATRP20240624-002","07/31/2028","Operational","04/21/2026","Both monitors failed within days of TRP. INC's INC3303678,  INC3292271, and child incs were worked on. Current setup is M1 - S/N:DL9HTY3, M2 - S/N:4RS3VZ3","","General Rounding","NVI Port McNeill","NTT-Deskside Services-PortHardy-Remote","Desktop","Dell OptiPlex Micro Plus 7010 V2",""
"LD056731","HSS-8093735","GLMTFW3","VIHA-PMAPCC-Port McNeill A'ekakila'as Primary Care Centre-Main Building-1st Floor","Port McNeill","Main Building","Admin - Jodi Wright","1","ISLHTRP20250609-053","03/31/2029","Operational","04/21/2026","","","General Rounding","PM Primary Care Ctr","NTT-Deskside Services-PortHardy-Remote","Laptop","Dell LATITUDE 7450 V4",""
"LD038224","HSS-8058386","F6ZS5J3","VIHA-PMH-Port McNeill Hospital-Main Building-1st Floor","Port McNeill","Main Building","Admin Building (trailer)","1","VIHATRP20220502-006","08/31/2026","Operational","02/20/2026","","","General Rounding","Administration","NTT-Deskside Services-PortHardy-Remote","Laptop","Dell LATITUDE 7420 V3",""
"LD072908","HSS-1042483","D9WRQV3","VIHA-PHH-Port Hardy Hospital-Main Building-1st Floor","Port Hardy","Main Building","ADMIN OFC","1","REQ0936474-RITM0984714-SCTASK1559276","06/30/2027","Operational","07/22/2026","","","General Rounding","CHW","NTT-Deskside Services-PortHardy-Staffed","Laptop","Dell LATITUDE 7430 V1",""
"LD066629","HSS-8087951","3PFQCW3","VIHA-PHPCC-Port Hardy Primary Care Centre-Main Building-1st Floor","Port Hardy","Main Building","Admin Office","1","VIHATRP20240624-030","07/31/2028","Operational","08/19/2026","","","General Rounding","NVI Port McNeill","NTT-Deskside Services-PortHardy-Local","Laptop","Dell LATITUDE 7440 V7",""
"LD072619","HSS-1040602","9S5KLN3","VIHA-PHPCC-Port Hardy Primary Care Centre-Main Building-1st Floor","Port Hardy","Main Building","Admin office","1","REQ0793805-RITM0834062-SCTASK1358151","02/28/2027","Operational","12/05/2025","","","General Rounding","Administration","NTT-Deskside Services-PortHardy-Local","Laptop","Dell LATITUDE 7420 V3",""
"PC023575","HSS-8087942","5HS5724","VIHA-PHPCC-Port Hardy Primary Care Centre-Main Building-1st Floor","Port Hardy","Main Building","Admin Office","1","VIHATRP20240624-021","07/31/2028","Operational","06/24/2026","","","General Rounding","NVI Port Hardy Primary Care","NTT-Deskside Services-PortHardy-Local","Desktop","Dell OptiPlex Micro Plus 7010 V2",""
"PC033387","HSS-8074245","58BMPR3","VIHA-PMH-Port McNeill Hospital-Main Building-1st Floor","Port McNeill","Main Building","Admin Office (Back of Office by Clock)","1","VIHATRP20230509-060","06/30/2027","Operational","06/01/2026","","","General Rounding","Home Care Nursing-Re3","NTT-Deskside Services-PortHardy-Remote","Desktop","Dell OPTIPLEX 7000 MICRO V1","Dell Optiplex 7000 Micro w/TYPE-C - i5-12500, 16GB, 512"
"PC033388","HSS-8074237","DVZ0KQ3","VIHA-PMH-Port McNeill Hospital-Main Building-1st Floor","Port McNeill","Main Building","Admin Office (Left of Enter Door)","1","VIHATRP20230509-052","06/30/2027","Operational","06/01/2026","","","General Rounding","Admin","NTT-Deskside Services-PortHardy-Remote","Desktop","Dell OPTIPLEX 7000 MICRO V1",""
"PC031988","HSS-8074247","HVZ0KQ3","VIHA-PMH-Port McNeill Hospital-Main Building-1st Floor","Port McNeill","Main Building","Admin Office (Middle of Office)","1","VIHATRP20230509-062","06/30/2027","Operational","06/15/2026","","","General Rounding","Housekeeping","NTT-Deskside Services-PortHardy-Remote","Desktop","Dell OPTIPLEX 7000 MICRO V1","LENOVO THINKCENTRE M910q i5-7500T 2.5GHZ"
"PC033386","HSS-8074252","9131KQ3","VIHA-PMH-Port McNeill Hospital-Main Building-1st Floor","Port McNeill","Main Building","Admin Office-Admitting","1","VIHATRP20230509-067","06/30/2027","Operational","08/17/2026","","","Critical Clinical","Admitting","NTT-Deskside Services-PortHardy-Remote","Desktop","Dell OPTIPLEX 7000 MICRO V1","LENOVO THINKCENTRE M910q i5-7500T 2.5GHZ"
"LD086100","HSS-1046580","1YKVCW3","VIHA-PMH-Port McNeill Hospital-Main Building-1st Floor","Port McNeill","Main Building","Admin Trailer","1","REQ1306691-RITM1377994-SCTASK2227482","06/30/2028","Operational","04/21/2026","","","General Rounding","PMH Diabetes Education Program","NTT-Deskside Services-PortHardy-Remote","Laptop","Dell LATITUDE 7440 V7",""
"LD046086","HSS-1022023","5SFRN53","VIHA-PMH-Port McNeill Hospital-Main Building-1st Floor","Port McNeill","Main Building","Admin Trailer","1","REQ0088977-RITM0092178-SCTASK0146305","03/31/2025","Operational","","","","General Rounding","CH1  Community Health","NTT-Deskside Services-PortHardy-Remote","Laptop","Dell LATITUDE 7410 V1",""
"LD027178","HSS-8098566","PF620HS3","VIHA-PMH-Port McNeill Hospital-Main Building-1st Floor","Port McNeill","Main Building","Admin Trailer - Sandra Rezansoff","1","ISLHTRP20260504-014","05/31/2030","Operational","07/02/2026","","Works from home","General Rounding","Mt Waddington Strath Adm","NTT-Deskside Services-PortHardy-Remote","Laptop","LENOVO THINKPAD T14 GEN6 NT FPR 2x1",""
"LD072643","HSS-1040765","81H2NN3","VIHA-PMAPCC-Port McNeill A'ekakila'as Primary Care Centre-Main Building-1st Floor","Port McNeill","Main Building","Admin-Jodi Wright","1","REQ0793782-RITM0834039-SCTASK1364346","02/28/2027","Operational","04/21/2026","","","General Rounding","Administration","NTT-Deskside Services-PortHardy-Remote","Laptop","Dell LATITUDE 7420 V3",""
"PC032001","HSS-8098499","MZ03CFDX","VIHA-PAH-Port Alice Health Center-Main Building-1st Floor","Port Alice","Main Building","Admitting","1","ISLHTRP20260427-004","05/31/2030","Operational","07/07/2026","","","Critical Clinical","Administration","NTT-Deskside Services-PortHardy-Remote","Desktop","LENOVO M90q Gen 5 Desktop 512HD",""
"PC033379","HSS-8098548","MZ03FL33","VIHA-CICHC-Cormorant Island Community Health Centre-Main Building-1st Floor","Alert Bay","Main Building","Admitting","1","ISLHTRP20260504-042","05/31/2030","Operational","08/12/2026","","Admitting moved to Nurses Station Dec 18/24","General Rounding","CIH Admitting","NTT-Deskside Services-PortHardy-Remote","Desktop","LENOVO M90q Gen 5 Desktop 512HD",""
"AO800341","HSS-8095360","C24805M043","VIHA-PHH-Port Hardy Hospital-Main Building-1st Floor","Port Hardy","Main Building","Ambulatory Care","1","ISLHTRP20250901-011","01/31/2029","Operational","07/17/2026","","","Mobile Cart","PHH Emergency/Ambulatory Care","NTT-Deskside Services-PortHardy-Staffed","All-in-One","Tangent MEDIX 22B V12",""
"PC035255","HSS-8098530","MZ03CFDZ","VIHA-PHH-Port Hardy Hospital-Main Building-1st Floor","Port Hardy","Main Building","Ambulatory Care room","1","ISLHTRP20260427-035","05/31/2030","Operational","08/18/2026","","","General Rounding","Ambulatory Care","NTT-Deskside Services-PortHardy-Staffed","Desktop","LENOVO M90q Gen 5 Desktop 512HD","LENOVO M90q Gen 5 Desktop 512HD"
"AO800336","HSS-8095356","C24805M033","VIHA-PHH-Port Hardy Hospital-Main Building-1st Floor","Port Hardy","Main Building","Ambulatory care room.","1","ISLHTRP20250901-007","04/30/2029","Operational","08/13/2026","","","Mobile Cart","RJH Gen Surg & Wound Care 7S","NTT-Deskside Services-PortHardy-Staffed","All-in-One","Tangent MEDIX 22B V12",""
"LD032719","HSS-8098557","PF62198A","VIHA-PHHC-Port Hardy Health Centre-Main Building-1st Floor","Port Hardy","Main Building","Back Office (dental office)","1","ISLHTRP20260504-005","05/31/2030","Operational","06/30/2026","","","General Rounding","PHN Regional - Dental Health","NTT-Deskside Services-PortHardy-Local","Laptop","LENOVO THINKPAD T14 GEN6 NT FPR 2x1","CUSTOMER OWNED LENOVO THINKPAD T470s i5-"
"LD030965","HSS-8058381","B2KQ6G3","VIHA-PMAPCC-Port McNeill A'ekakila'as Primary Care Centre-Main Building-1st Floor","Port McNeill","Main Building","Basement","1","VIHATRP20220502-001","09/30/2026","Operational","04/23/2025","","","General Rounding","Public Health Nursing","NTT-Deskside Services-PortHardy-Remote","Laptop","Dell LATITUDE 7420 V3",""
"LD065371","HSS-8058314","D3Z34J3","VIHA-PHH-Port Hardy Hospital-Main Building-1st Floor","Port Hardy","Main Building","Beside reception","1","VIHATRP20220425-031","10/31/2026","Operational","07/08/2026","","","General Rounding","Administration","NTT-Deskside Services-PortHardy-Staffed","Laptop","Dell LATITUDE 7420 V3",""
"LD030966","HSS-8098492","PF620AL3","VIHA-PHH-Port Hardy Hospital-Main Building-1st Floor","Port Hardy","Main Building","Between Maintainance and Recycling","1","ISLHTRP20260427-050","05/31/2030","Operational","08/18/2026","","","General Rounding","Stores","NTT-Deskside Services-PortHardy-Staffed","Laptop","LENOVO THINKPAD T14 GEN6 NT FPR 2x1",""
"PC076688","HSS-8098538","MZ03CFDR","VIHA-PMAPCC-Port McNeill A'ekakila'as Primary Care Centre-Main Building-1st Floor","Port McNeill","Main Building","Boardroom","1","ISLHTRP20260427-043","05/31/2030","Operational","05/21/2026","","","General Rounding","PHN PH Public Health Nursing","NTT-Deskside Services-PortHardy-Remote","Desktop","LENOVO M90q Gen 5 Desktop 512HD",""
"LD048281","HSS-8093719","8ZHSFW3","VIHA-PHHC-Port Hardy Health Centre-Main Building-1st Floor","Port Hardy","Main Building","Boardroom","1","ISLHTRP20250609-037","03/31/2029","Operational","05/08/2026","","","General Rounding","Mt Waddington Reg Admin","NTT-Deskside Services-PortHardy-Local","Laptop","Dell LATITUDE 7450 V4",""
"LD048292","HSS-8093718","FRVSFW3","VIHA-PHHC-Port Hardy Health Centre-Main Building-1st Floor","Port Hardy","Main Building","Boardroom","1","ISLHTRP20250609-036","03/31/2029","Operational","04/17/2026","","","General Rounding","Mt Waddington Reg Admin","NTT-Deskside Services-PortHardy-Local","Laptop","Dell LATITUDE 7450 V4",""
"LD048283","HSS-1967598","HWSBP73","VIHA-PHHC-Port Hardy Health Centre-Main Building-1st Floor","Port Hardy","Main Building","Boardroom","1","COVID19W-07-0091","06/30/2025","Operational","10/20/2023","","","General Rounding"," COVID","NTT-Deskside Services-PortHardy-Local","Laptop","Dell LATITUDE 7410 V1",""
"LD104947","HSS-1110663","B0WHX64","VIHA-PHHC-Port Hardy Health Centre-Main Building-1st Floor","Port Hardy","Main Building","Boardroom","1","REQ1700888-RITM1795168-SCTASK2881566","03/31/2029","Operational","","","","General Rounding","PHN PH Public Health Nursing","NTT-Deskside Services-PortHardy-Local","Laptop","Dell LATITUDE 7450 V4",""
"AO800304","HSS-1038959","C22305M292","VIHA-PHPCC-Port Hardy Primary Care Centre-Main Building-1st Floor","Port Hardy","Main Building","Boardroom","1","Lease Information Extract - HPFS Tangent","09/30/2025","Operational","06/02/2026","","","Mobile Cart","Admin","NTT-Deskside Services-PortHardy-Local","All-in-One","Tangent MEDIX 22B V6",""
"PC071347","HSS-8098564","MZ03CFDS","VIHA-PMAPCC-Port McNeill A'ekakila'as Primary Care Centre-Main Building-1st Floor","Port McNeill","Main Building","Boardroom","1","ISLHTRP20260504-012","05/31/2030","Operational","05/21/2026","","","General Rounding","Primary Care","NTT-Deskside Services-PortHardy-Remote","Desktop","LENOVO M90q Gen 5 Desktop 512HD",""
"PC076690","HSS-8098563","MZ03CFDG","VIHA-PMAPCC-Port McNeill A'ekakila'as Primary Care Centre-Main Building-1st Floor","Port McNeill","Main Building","Boardroom","1","ISLHTRP20260504-011","05/31/2030","Operational","","","","General Rounding","Primary  Care","NTT-Deskside Services-PortHardy-Remote","Desktop","LENOVO M90q Gen 5 Desktop 512HD",""
"PC071346","HSS-1031316","GS8GVD3","VIHA-PMAPCC-Port McNeill A'ekakila'as Primary Care Centre-Main Building-1st Floor","Port McNeill","Main Building","Boardroom","1","REQ0425535-RITM0446157-SCTASK0689923","03/31/2026","Operational","04/21/2026","","","General Rounding","Primary Care","NTT-Deskside Services-PortHardy-Remote","Desktop","Dell OPTIPLEX 7080 MICRO V3",""
"AO800297","HSS-8093723","C24102M109","VIHA-CICHC-Cormorant Island Community Health Centre-Main Building-1st Floor","Alert Bay","Main Building","Boardroom","1","ISLHTRP20250609-041","05/31/2028","Operational","08/12/2026","","","Mobile Cart","ACN NVI Reg Admin","NTT-Deskside Services-PortHardy-Remote","All-in-One","TANGENT MEDIX 22B V9",""
"LD042738","HSS-1960756","PC1FCPB4","VIHA-PHHC-Port Hardy Health Centre-Main Building-1st Floor","Port Hardy","Main Building","Boardroom","1","","04/30/2023","Operational","10/20/2023","","","General Rounding"," COVID","NTT-Deskside Services-PortHardy-Local","Laptop","LENOVO THINKPAD T490S",""
"LD048269","HSS-8093717","70JZFW3","VIHA-PHHC-Port Hardy Health Centre-Main Building-1st Floor","Port Hardy","Main Building","Boardroom","1","ISLHTRP20250609-035","03/31/2029","Operational","","","","General Rounding","Mt Waddington Reg Admin","NTT-Deskside Services-PortHardy-Local","Laptop","Dell LATITUDE 7450 V4",""
"LD048282","HSS-1967597","JQGVN73","VIHA-PHHC-Port Hardy Health Centre-Main Building-1st Floor","Port Hardy","Main Building","Boardroom","1","COVID19W-07-0090","06/30/2025","Operational","01/14/2026","","","General Rounding","COVID","NTT-Deskside Services-PortHardy-Local","Laptop","Dell LATITUDE 7410 V1",""
"PC021653","HSS-8098820","MZ03CFDC","VIHA-PHPCC-Port Hardy Primary Care Centre-Main Building-1st Floor","Port Hardy","Main Building","Bullpen","1","ISLHTRP20260504-022","06/30/2030","Operational","07/23/2026","","","General Rounding","SN Mt Wadding NP Indigenous","NTT-Deskside Services-PortHardy-Local","Desktop","LENOVO M90q Gen 5 Desktop 512HD",""
"LD091161","HSS-1047597","2J6RCW3","VIHA-PHPCC-Port Hardy Primary Care Centre-Main Building-1st Floor","Port Hardy","Main Building","Bullpen","1","REQ1420455-RITM1498454-SCTASK2412854","09/30/2028","Operational","07/16/2026","","","General Rounding","PMH Diabetes Education Program","NTT-Deskside Services-PortHardy-Local","Laptop","Dell LATITUDE 7440 V7",""
"LD035971","HSS-8022247","8KKZ9C3","VIHA-PHMHAS-Port Hardy Mental Health & Addiction Services-Main Building-1st Floor","Port Hardy","Main Building","Bullpen","1","VIHATRP20210614-020","10/31/2025","Operational","05/26/2023","","","General Rounding"," ","NTT-Deskside Services-PortHardy-Local","Laptop","Dell LATITUDE 7420 V3",""
"LD090875","HSS-1046983","50YRCW3","VIHA-PHPCC-Port Hardy Primary Care Centre-Main Building-1st Floor","Port Hardy","Main Building","Bullpen","1","REQ1327952-RITM1400505-SCTASK2275557","06/30/2028","Operational","07/16/2026","","","General Rounding","CSN PH Primary Care Ctr2","NTT-Deskside Services-PortHardy-Local","Laptop","Dell LATITUDE 7440 V7",""
"PC023325","HSS-8098537","MZ03CFDF","VIHA-PHPCC-Port Hardy Primary Care Centre-Main Building-1st Floor","Port Hardy","Main Building","Bullpen","1","ISLHTRP20260427-042","05/31/2030","Operational","07/23/2026","","","General Rounding","Primary Care","NTT-Deskside Services-PortHardy-Local","Desktop","LENOVO M90q Gen 5 Desktop 512HD",""
"PC023327","HSS-8098526","MZ03CFDQ","VIHA-PHPCC-Port Hardy Primary Care Centre-Main Building-1st Floor","Port Hardy","Main Building","Bullpen","1","ISLHTRP20260427-031","05/31/2030","Operational","07/23/2026","","","General Rounding","Primary Care","NTT-Deskside Services-PortHardy-Local","Desktop","LENOVO M90q Gen 5 Desktop 512HD",""
"PC021648","HSS-8074222","HMWKPR3","VIHA-PHPCC-Port Hardy Primary Care Centre-Main Building-1st Floor","Port Hardy","Main Building","Bullpen (Against backwall - 2nd from breakroom)","1","VIHATRP20230509-037","06/30/2027","Operational","08/21/2026","MArch17/2024
Temporarily installed Monitor Serial#1D3PQT3 Asset Tag:HSS-1043225 as M2","","General Rounding","PH Primary Care Ctr","NTT-Deskside Services-PortHardy-Local","Desktop","Dell OPTIPLEX 7000 MICRO V1","LENOVO THINKCENTRE M910q i5-7500T 2.5GHZ"
"PC026574","HSS-8074213","FBQ5XP3","VIHA-PHPCC-Port Hardy Primary Care Centre-Main Building-1st Floor","Port Hardy","Main Building","Bullpen (Against backwall - 3rd from breakroom)","1","VIHATRP20230509-028","01/31/2027","Operational","08/19/2026","","","General Rounding","Primary Care","NTT-Deskside Services-PortHardy-Local","Desktop","Dell OPTIPLEX 7000 MICRO V1","PC026135"
"PC026582","HSS-8087948","F2C6724","VIHA-PHPCC-Port Hardy Primary Care Centre-Main Building-1st Floor","Port Hardy","Main Building","Bullpen (Against sidewall - corner of room","1","VIHATRP20240624-027","07/31/2028","Operational","06/24/2026","","","General Rounding","PHH Combined Medical/Surgical","NTT-Deskside Services-PortHardy-Local","Desktop","Dell OptiPlex Micro Plus 7010 V2",""
"LD066630","HSS-8087949","8R2QCW3","VIHA-PHPCC-Port Hardy Primary Care Centre-Main Building-1st Floor","Port Hardy","Main Building","Bullpen (Backwall facing windows - 4th from breakr","1","VIHATRP20240624-028","07/31/2028","Operational","08/17/2026","","","General Rounding","NVI Port McNeill","NTT-Deskside Services-PortHardy-Local","Laptop","Dell LATITUDE 7440 V7",""
"LD035984","HSS-8098524","PF61ZCS8","VIHA-PHMHAS-Port Hardy Mental Health & Addiction Services-Main Building-1st Floor","Port Hardy","Main Building","Bullpen (Harm Reduction Office)","1","ISLHTRP20260427-029","05/31/2030","Operational","","","","General Rounding","MCN Clinical Svc NVI","NTT-Deskside Services-PortHardy-Local","Laptop","LENOVO THINKPAD T14 GEN6 NT FPR 2x1","LENOVO THNKPD T480s i5-8350 1.7GHZ 6MB 1"
"LD066073","HSS-8074230","9D4TQV3","VIHA-PHMHAS-Port Hardy Mental Health & Addiction Services-Main Building-1st Floor","Port Hardy","Main Building","Bullpen (Harm Reduction Office)","1","VIHATRP20230509-045","07/31/2026","Operational","02/28/2025","","","General Rounding","NI ICMT","NTT-Deskside Services-PortHardy-Local","Laptop","Dell LATITUDE 7430 V1","LENOVO THINKCENTRE M910q i5-7500T 2.5GHZ"
"PC021654","HSS-8074217","2NF5XP3","VIHA-PHPCC-Port Hardy Primary Care Centre-Main Building-1st Floor","Port Hardy","Main Building","Bullpen (Island of four desks - 2nd Closest to doo","1","VIHATRP20230509-032","01/31/2027","Operational","08/19/2026","","","General Rounding","PH Primary Care Ctr","NTT-Deskside Services-PortHardy-Local","Desktop","Dell OPTIPLEX 7000 MICRO V1","LENOVO THINKCENTRE M910q i5-7500T 2.5GHZ"
"PC023326","HSS-8087945","FQX6724","VIHA-PHPCC-Port Hardy Primary Care Centre-Main Building-1st Floor","Port Hardy","Main Building","Bullpen (Island of four desks - Closest to door)","1","VIHATRP20240624-024","07/31/2028","Operational","08/19/2026","","","General Rounding","NVI Port Hardy Primary Care","NTT-Deskside Services-PortHardy-Local","Desktop","Dell OptiPlex Micro Plus 7010 V2",""
"PC021651","HSS-8074219","7YZ0KQ3","VIHA-PHPCC-Port Hardy Primary Care Centre-Main Building-1st Floor","Port Hardy","Main Building","Bullpen (Island of four desks - Facing window)","1","VIHATRP20230509-034","06/30/2027","Operational","08/19/2026","","","General Rounding","PH Primary Care Ctr","NTT-Deskside Services-PortHardy-Local","Desktop","Dell OPTIPLEX 7000 MICRO V1","Dell OPTIPLEX 7000 MICRO V1"
"PC022059","HSS-8074221","2XMMPR3","VIHA-PHPCC-Port Hardy Primary Care Centre-Main Building-1st Floor","Port Hardy","Main Building","Bullpen (Sidewall 2nd from Breakroom)","1","VIHATRP20230509-036","06/30/2027","Operational","07/23/2026","","","General Rounding","Physician Contracts","NTT-Deskside Services-PortHardy-Local","Desktop","Dell OPTIPLEX 7000 MICRO V1",""
"LD080675","HSS-1042533","2D7SQV3","VIHA-PHH-Port Hardy Hospital-Main Building-1st Floor","Port Hardy","Main Building","chs office","1","REQ0936472-RITM0984712-SCTASK1564341","06/30/2027","Operational","04/22/2025","","","General Rounding","CHS","NTT-Deskside Services-PortHardy-Staffed","Laptop","Dell LATITUDE 7430 V1","HSS-1042533 - Dell Lat 7430 i5-1245 58Whr 16GB 512GB 14.0""FHD"
"LD100186","HSS-1040466","63RFLN3","VIHA-PHH-Port Hardy Hospital-Main Building-1st Floor","Port Hardy","Main Building","Cindy Perry's office-Admin area","1","REQ0810827-RITM0851879-SCTASK1343529","02/28/2027","Operational","07/07/2026","","","Excluded","Administration","NTT-Deskside Services-PortHardy-Staffed","Laptop","Dell LATITUDE 7420 V3",""
"PC029582","HSS-8087936","20C6724","VIHA-SHC-Sointula Health Clinic-Main Building-1st Floor","Sointula","Main Building","Clinic Room 1","1","VIHATRP20240624-015","08/31/2028","Operational","05/16/2025","","","General Rounding","Strathcona/Remote Communities","NTT-Deskside Services-PortHardy-Remote","Desktop","Dell OptiPlex Micro Plus 7010 V2",""
"PC035258","HSS-8058308","6S1PMH3","VIHA-PHH-Port Hardy Hospital-Main Building-1st Floor","Port Hardy","Main Building","Clinical Coordinator (Beside Door)","1","VIHATRP20220425-025","08/31/2026","Operational","08/11/2026","","","General Rounding","Community Health","NTT-Deskside Services-PortHardy-Staffed","Desktop","Dell OPTIPLEX 7090 MICRO V1",""
"LD062715","HSS-1041758","DBP4FK3","VIHA-PMH-Port McNeill Hospital-Main Building-1st Floor","Port McNeill","Admin Trailer","Clinician's office","1","REQ0864721-RITM0908707-SCTASK1462597","04/30/2027","Operational","04/21/2026","","","General Rounding","MCN Clinical Svc Mt Waddington","NTT-Deskside Services-PortHardy-Remote","Laptop","Dell LATITUDE 7430 V1",""
"LD062788","HSS-1041937","934FLN3","VIHA-PMH-Port McNeill Hospital-Main Building-1st Floor","Port McNeill","Admin trailer","Clinician's office","1","REQ0870174-RITM0914506-SCTASK1477902","05/31/2027","Operational","06/26/2026","","","General Rounding","MCN Clinical Svc Mt Waddington","NTT-Deskside Services-PortHardy-Remote","Laptop","Dell LATITUDE 7420 V3",""
"LD062785","HSS-1041864","50Q1NN3","VIHA-PMH-Port McNeill Hospital-Main Building-1st Floor","Port McNeill","Admin Trailer","Clinician's office","1","REQ0870174-RITM0914505-SCTASK1475834","05/31/2027","Operational","","","","General Rounding","MCN Clinical Svc Mt Waddington","NTT-Deskside Services-PortHardy-Remote","Laptop","Dell LATITUDE 7420 V3",""
"PC029519","HSS-8087956","9YB6724","VIHA-PAH-Port Alice Health Center-Main Building-1st Floor","Port Alice","Main Building","Comfort Room","1","VIHATRP20240624-035","07/31/2028","Operational","07/07/2026","","","General Rounding","NVI Primary Care","NTT-Deskside Services-PortHardy-Remote","Desktop","Dell OptiPlex Micro Plus 7010 V2",""
"LD073177","HSS-8098576","PF61ZSNB","VIHA-PMAPCC-Port McNeill A'ekakila'as Primary Care Centre-Main Building-1st Floor","Port McNeill","Main Building","Common area(was Boardroom)/ Jodi's office","1","ISLHTRP20260504-024","05/31/2030","Operational","","","","General Rounding","Admin","NTT-Deskside Services-PortHardy-Remote","Laptop","LENOVO THINKPAD T14 GEN6 NT FPR 2x1","Dual monitor bundle, Dell WD22TB4 dock"
"PC060956","HSS-8087935","F1C6724","VIHA-SHC-Sointula Health Clinic-Main Building-1st Floor","Sointula","Main Building","Common Room","1","VIHATRP20240624-014","08/31/2028","Operational","05/16/2025","","","General Rounding","Strathcona/Remote Communities","NTT-Deskside Services-PortHardy-Remote","Desktop","Dell OptiPlex Micro Plus 7010 V2",""
"LD035973","HSS-8073271","GPKWDK3","VIHA-PHHC-Port Hardy Health Centre-Main Building-1st Floor","Port Hardy","Main Building","Dietitian Office (Back Office - 3rd from door)","1","VIHATRP20230320-114","04/30/2027","Operational","07/18/2024","","","General Rounding","CSN PHC","NTT-Deskside Services-PortHardy-Local","Laptop","Dell LATITUDE 7430 V1",""
"LD065892","HSS-8074189","FQ02JW3","VIHA-PHHC-Port Hardy Health Centre-Main Building-1st Floor","Port Hardy","Main Building","Dietitian Office (Back Office - Left of door)","1","VIHATRP20230509-004","07/31/2026","Operational","02/26/2026","","","General Rounding","PHC/CDM Pt McNeill","NTT-Deskside Services-PortHardy-Local","Laptop","Dell LATITUDE 7430 V1","Dell Lat 7430 i5-1245 58Whr 16GB 512GB 14.0""FHD"
"PC026577","HSS-8074210","3NF5XP3","VIHA-PHPCC-Port Hardy Primary Care Centre-Main Building-1st Floor","Port Hardy","Main Building","Dirty Room","1","VIHATRP20230509-025","01/31/2027","Operational","12/28/2023","","In storage in PHPCC Boardroom( in Filing cabinet)","Excluded"," ","NTT-Deskside Services-PortHardy-Local","Desktop","Dell OPTIPLEX 7000 MICRO V1",""
"AO800342","HSS-8095365","C25122M006","VIHA-PHPCC-Port Hardy Primary Care Centre-Main Building-1st Floor","Port Hardy","Main Building","Dirty Room","1","ISLHTRP20250901-017","05/31/2029","Operational","08/13/2026","","","Mobile Cart","PH Primary Care Ctr","NTT-Deskside Services-PortHardy-Local","All-in-One","TANGENT MEDIX 22B V20",""
"PC021645","HSS-8074206","2PF5XP3","VIHA-PHPCC-Port Hardy Primary Care Centre-Main Building-1st Floor","Port Hardy","Main Building","Dirty Room","1","VIHATRP20230509-021","01/31/2027","Operational","08/13/2026","","This PC was put into storage with keyboard and mouse April 12,2023 in the Filing cabinet in the Boardroom by Steve Holm IM/IT .
One monitor was moved to Room 13 and paired with PC023327, the other was moved to room 14 and paired with PC021642
JAN 2/24 PC placed in service in Dirty room(INC2842356)","General Rounding","PH Primary Care Ctr","NTT-Deskside Services-PortHardy-Local","Desktop","Dell OPTIPLEX 7000 MICRO V1","Dell Optiplex 7000 Micro w/TYPE-C - i5-12500, 16GB, 512"
"PC033372","HSS-8087963","C746724","VIHA-PHH-Port Hardy Hospital-Main Building-1st Floor","Port Hardy","Main Building","Doctor's Lounge","1","VIHATRP20240624-042","07/31/2028","Operational","08/18/2026","","","General Rounding","Device Acquisition","NTT-Deskside Services-PortHardy-Staffed","Desktop","Dell OptiPlex Micro Plus 7010 V2",""
"LD059161","HSS-8098498","PF620D1G","VIHA-PAH-Port Alice Health Center-Main Building-1st Floor","Port Alice","Main Building","Doctor's Office (Room #4 on floor plan)","1","ISLHTRP20260427-003","05/31/2030","Operational","07/07/2026","","","General Rounding","Emergency and Clinic","NTT-Deskside Services-PortHardy-Remote","Laptop","LENOVO THINKPAD T14 GEN6 NT FPR 2x1",""
"AO800344","HSS-8095371","C25122M004","VIHA-PMH-Port McNeill Hospital-Main Building-1st Floor","Port McNeill","Main Building","Doctors Lounge","1","ISLHTRP20250901-023","05/31/2029","Operational","06/26/2026","","","Mobile Cart","ER/Ambulatory Care","NTT-Deskside Services-PortHardy-Remote","All-in-One","TANGENT MEDIX 22B V20",""
"LD100954","HSS-1044320","8YB95X3","VIHA-PAH-Port Alice Health Center-Main Building-1st Floor","Port Alice","Main Building","Doctors office or offsite","1","REQ1121922-RITM1180815-SCTASK1887241","11/30/2027","Operational","07/25/2025","","","General Rounding","Port Alice Health Centre","NTT-Deskside Services-PortHardy-Remote","Laptop","Dell LATITUDE 7430 V1",""
"LD065190","HSS-8098497","PF61ZSNN","VIHA-PAH-Port Alice Health Center-Main Building-1st Floor","Port Alice","Main Building","Drs Office","1","ISLHTRP20260427-002","05/31/2030","Operational","","","","General Rounding","ACV Physician Contracts","NTT-Deskside Services-PortHardy-Remote","Laptop","LENOVO THINKPAD T14 GEN6 NT FPR 2x1",""
"AO800334","HSS-8095351","C24102M140","VIHA-PHH-Port Hardy Hospital-Main Building-1st Floor","Port Hardy","Main Building","Eagle Ridge Manor","1","ISLHTRP20250901-002","05/31/2028","Operational","08/20/2026","","","Mobile Cart","PHH Emergency/Ambulatory Care","NTT-Deskside Services-PortHardy-Staffed","All-in-One","TANGENT MEDIX 22B V9",""
"PC047070","HSS-8087969","H946724","VIHA-PHH-Port Hardy Hospital-Main Building-1st Floor","Port Hardy","Main Building","Eagle Ridge Manor Nurses Station","1","VIHATRP20240624-048","07/31/2028","Operational","08/11/2026","","","General Rounding","NVI Long Term Care","NTT-Deskside Services-PortHardy-Staffed","Desktop","Dell OptiPlex Micro Plus 7010 V2",""
"LD065896","HSS-8074190","GK7SQV3","VIHA-PHHC-Port Hardy Health Centre-Main Building-1st Floor","Port Hardy","Main Building","Environment Office (Front of building)","1","VIHATRP20230509-005","07/31/2026","Operational","12/02/2025","","","General Rounding","Environmental Health","NTT-Deskside Services-PortHardy-Local","Laptop","Dell LATITUDE 7430 V1",""
"AO800333","HSS-8095354","C24223M151","VIHA-PHH-Port Hardy Hospital-Main Building-1st Floor","Port Hardy","Main Building","ER","1","ISLHTRP20250901-005","10/31/2029","Operational","08/17/2026","","","Mobile Cart","Medical Imaging Admin","NTT-Deskside Services-PortHardy-Staffed","All-in-One","TANGENT MEDIX 22B V9",""
"PC035168","HSS-8003965","MJ020BL7","VIHA-KYU-Kyuquot Health Centre-Main Building-1st Floor","Kyuquot","Main Building","ER","1","","04/30/2018","Operational","","","See INC2023522  Jan 18, 2023","General Rounding","Emergency medicine","NTT-Deskside Services-PortHardy-Remote","Desktop","LENOVO THINKCENTRE M93P TINY",""
"AO800338","HSS-8095353","C24223M148","VIHA-PHH-Port Hardy Hospital-Main Building-1st Floor","Port Hardy","Main Building","ER","1","ISLHTRP20250901-004","10/31/2029","Operational","08/17/2026","","","Mobile Cart","PHH Emergency/Ambulatory Care","NTT-Deskside Services-PortHardy-Staffed","All-in-One","TANGENT MEDIX 22B V9",""
"PC047068","HSS-8098579","MZ03FL2M","VIHA-PMH-Port McNeill Hospital-Main Building-1st Floor","Port McNeill","Main Building","ER-Between cabinets","1","ISLHTRP20260504-027","05/31/2030","Operational","06/22/2026","","","General Rounding","Emergency","NTT-Deskside Services-PortHardy-Remote","Desktop","LENOVO M90q Gen 5 Desktop 512HD",""
"LD023179","HSS-8098522","PF620NR7","VIHA-PHH-Port Hardy Hospital-Main Building-1st Floor","Port Hardy","Eagle Ridge Manor","ERM","1","ISLHTRP20260427-027","05/31/2030","Operational","07/21/2026","","","General Rounding","MLC","NTT-Deskside Services-PortHardy-Staffed","Laptop","LENOVO THINKPAD T14 GEN6 NT FPR 2x1",""
"TD030102","HSS-8098506","SD00R2CL","VIHA-PHH-Port Hardy Hospital-Main Building-1st Floor","Port Hardy","Main Building","ERM Recreation Office","1","ISLHTRP20260427-011","05/31/2030","Operational","08/18/2026","","","General Rounding","RC Eagle Ridge Manor","NTT-Deskside Services-PortHardy-Staffed","Tablet","LENOVO ThinkPad X1 2-in-1 Gen 10","LENOVO ThinkPad X1 2-in-1 Gen 10"
"LD067938","HSS-1047069","5HSQCW3","VIHA-PMAPCC-Port McNeill A'ekakila'as Primary Care Centre-Main Building-1st Floor","Port McNeill","Main Building","Evan Rogers for home","1","REQ1356104-RITM1430308-SCTASK2297618","06/30/2028","Operational","07/17/2025","","","General Rounding","CSN PM  Primary Care Ctr","NTT-Deskside Services-PortHardy-Remote","Laptop","Dell LATITUDE 7440 V7",""
"LD042739","HSS-8087938","87MQCW3","VIHA-PHHC-Port Hardy Health Centre-Main Building-1st Floor","Port Hardy","Main Building","For use at Home","1","VIHATRP20240624-017","07/31/2028","Operational","05/08/2026","","","General Rounding","NVI CYF","NTT-Deskside Services-PortHardy-Local","Laptop","Dell LATITUDE 7440 V7",""
"PC035160","HSS-8098500","MZ03CFDE","VIHA-PAH-Port Alice Health Center-Main Building-1st Floor","Port Alice","Main Building","Front Office","1","ISLHTRP20260427-005","05/31/2030","Operational","07/07/2026","","","General Rounding","Administration","NTT-Deskside Services-PortHardy-Remote","Desktop","LENOVO M90q Gen 5 Desktop 512HD",""
"LD065802","HSS-8074204","340LTV3","VIHA-PHH-Port Hardy Hospital-Main Building-1st Floor","Port Hardy","Main Building","General Office","1","VIHATRP20230509-019","07/31/2026","Operational","08/11/2026","","","General Rounding","Community Rehab-Re3","NTT-Deskside Services-PortHardy-Staffed","Laptop","Dell LATITUDE 7430 V1","LENOVO THINKCENTRE M910q i5-7500T 2.5GHZ"
"PC031984","HSS-8074193","9K25XP3","VIHA-PHH-Port Hardy Hospital-Main Building-1st Floor","Port Hardy","Main Building","General Office (Admitting)","1","VIHATRP20230509-008","01/31/2027","Operational","12/09/2025","Replaced by  APTA with PC044306 Novenber 30/2025","","Excluded","Emergency/Ambulatory Care","NTT-Deskside Services-PortHardy-Staffed","Desktop","Dell OPTIPLEX 7000 MICRO V1","Dell Optiplex 7000 Micro w/TYPE-C - i5-12500, 16GB, 512"
"PC033376","HSS-8058301","6SHVMH3","VIHA-PHH-Port Hardy Hospital-Main Building-1st Floor","Port Hardy","Main Building","General Office (Community Health Services Admin Su","1","VIHATRP20220425-018","08/31/2026","Operational","08/11/2026","","","General Rounding","Administration","NTT-Deskside Services-PortHardy-Staffed","Desktop","Dell OPTIPLEX 7090 MICRO V1",""
"LD065777","HSS-8098532","PF620HTJ","VIHA-PHH-Port Hardy Hospital-Main Building-1st Floor","Port Hardy","Main Building","General Office (Community Health Services)","1","ISLHTRP20260427-037","05/31/2030","Operational","07/21/2026","","","General Rounding","Community Rehab-Re3","NTT-Deskside Services-PortHardy-Staffed","Laptop","LENOVO THINKPAD T14 GEN6 NT FPR 2x1",""
"LD065369","HSS-8098494","PF62GAZS","VIHA-PHH-Port Hardy Hospital-Main Building-1st Floor","Port Hardy","Main Building","General Office (Home Care - Left)","1","ISLHTRP20260427-052","05/31/2030","Operational","07/21/2026","","","General Rounding","Home and Community","NTT-Deskside Services-PortHardy-Staffed","Laptop","LENOVO THINKPAD T14 GEN6 NT FPR 2x1",""
"LD035981","HSS-8098569","PF621CKZ","VIHA-PHH-Port Hardy Hospital-Main Building-1st Floor","Port Hardy","Main Building","General Office (Home Care - Right)","1","ISLHTRP20260504-017","05/31/2030","Operational","05/25/2026","","","General Rounding","CHS NVI Home Support","NTT-Deskside Services-PortHardy-Staffed","Laptop","LENOVO THINKPAD T14 GEN6 NT FPR 2x1",""
"PC033375","HSS-8074205","72R5XP3","VIHA-PHH-Port Hardy Hospital-Main Building-1st Floor","Port Hardy","Main Building","General Office (Medical Records)","1","VIHATRP20230509-020","01/31/2027","Operational","08/13/2026","","","General Rounding","Records Management","NTT-Deskside Services-PortHardy-Staffed","Desktop","Dell OPTIPLEX 7000 MICRO V1","Dell Optiplex 7000 Micro w/TYPE-C - i5-12500, 16GB, 512"
"LD066420","HSS-8087971","B391DW3","VIHA-PHH-Port Hardy Hospital-Main Building-1st Floor","Port Hardy","Main Building","General Office - SOHO","1","VIHATRP20240624-050","07/31/2028","Operational","07/21/2026","","","General Rounding","NVI Home & Comm Care","NTT-Deskside Services-PortHardy-Staffed","Laptop","Dell LATITUDE 7440 V7",""
"LD081077","HSS-1048044","CN6TQW3","VIHA-PHH-Port Hardy Hospital-Main Building-1st Floor","Port Hardy","Main Building","H&C office PHH","1","REQ1466681-RITM1547345-SCTASK2489599","10/31/2028","Operational","07/21/2026","","","General Rounding","Home and Community","NTT-Deskside Services-PortHardy-Staffed","Laptop","Dell LATITUDE 7440 V7",""
"LD101782","HSS-1045887","DG7YCW3","VIHA-PMH-Port McNeill Hospital-Main Building-1st Floor","Port McNeill","Admin Trailer","Hayley's Office","1","REQ1255348-RITM1323142-SCTASK2121255","04/30/2028","Operational","06/22/2026","","","General Rounding","ADMIN","NTT-Deskside Services-PortHardy-Remote","Laptop","Dell LATITUDE 7440 V7",""
"LD065368","HSS-8058304","CSBD3J3","VIHA-PHH-Port Hardy Hospital-Main Building-1st Floor","Port Hardy","Main Building","Home & Community office","1","VIHATRP20220425-021","10/31/2026","Operational","07/17/2025","","","General Rounding","PHH Combined Medical/Surgical","NTT-Deskside Services-PortHardy-Staffed","Laptop","Dell LATITUDE 7420 V3",""
"PC021250","HSS-8058295","B6VJ2G3","VIHA-PHMHAS-Port Hardy Mental Health & Addiction Services-Main Building-1st Floor","Port Hardy","Main Building","ICMT Admin","1","VIHATRP20220425-012","09/30/2026","Operational","03/16/2026","","","General Rounding","MCN Clinical Svc Mt Waddington","NTT-Deskside Services-PortHardy-Local","Desktop","Dell OPTIPLEX 7090 MICRO V1",""
"TD030071","HSS-8012496","MP1DLVT9","VIHA-PHH-Port Hardy Hospital-Main Building-1st Floor","Port Hardy","Main Building","IM/IT office","1st","","08/31/2021","Operational","","","","Excluded","Nursing","NTT-Deskside Services-PortHardy-Staffed","Laptop","Lenovo THINKPAD YOGA 370",""
"LD080106","HSS-1036957","DGCJLN3","VIHA-PHPCC-Port Hardy Primary Care Centre-Main Building-1st Floor","Port Hardy","Main Building","Indigenous Health","1","REQ0671847-RITM0705761-SCTASK1108202","11/30/2026","Operational","02/05/2024","","","Excluded","FWL","NTT-Deskside Services-PortHardy-Local","Laptop","Dell LATITUDE 7420 V3",""
"LD059189","HSS-8095362","5KZN774","VIHA-PHH-Port Hardy Hospital-Main Building-1st Floor","Port Hardy","Main Building","Indigenous Health-Dean Wilson-WFH","1","ISLHTRP20250901-013","10/31/2029","Operational","04/29/2026","","","Excluded","NP Port Hardy Indigenous","NTT-Deskside Services-PortHardy-Staffed","Laptop","Dell LATITUDE 7450 V4",""
"LD035970","HSS-8098528","PF620D2E","VIHA-PHH-Port Hardy Hospital-Main Building-1st Floor","Port Hardy","Main Building","Jenna's Office","1","ISLHTRP20260427-033","05/31/2030","Operational","07/21/2026","","","General Rounding","Acute Care","NTT-Deskside Services-PortHardy-Staffed","Laptop","LENOVO THINKPAD T14 GEN6 NT FPR 2x1",""
"PC076286","HSS-8087925","9MH5724","VIHA-PMAPCC-Port McNeill A'ekakila'as Primary Care Centre-Main Building-1st Floor","Port McNeill","Main Building","Jessica","1","VIHATRP20240624-004","07/31/2028","Operational","04/21/2026","","","General Rounding","NVI Port McNeill","NTT-Deskside Services-PortHardy-Remote","Desktop","Dell OptiPlex Micro Plus 7010 V2",""
"LD085566","HSS-1043340","GY6Y4X3","VIHA-PMAPCC-Port McNeill A'ekakila'as Primary Care Centre-Main Building-1st Floor","Port McNeill","Main Building","Jodi Wright's Office","1","REQ1002327-RITM1054429-SCTASK1708668","08/31/2027","Operational","04/21/2026","","","General Rounding","'-","NTT-Deskside Services-PortHardy-Remote","Laptop","Dell LATITUDE 7430 V1",""
"LD100748","HSS-1043946","7WPQGY3","VIHA-PMAPCC-Port McNeill A'ekakila'as Primary Care Centre-Main Building-1st Floor","Port McNeill","Main Building","Jodi's Office","1","REQ1084961-RITM1141977-SCTASK1823157","10/31/2027","Operational","02/26/2024","","","General Rounding","PMAPCC-Primary Care","NTT-Deskside Services-PortHardy-Remote","Laptop","DELL LATITUDE 7440 V2",""
"LD038222","HSS-8074198","990LTV3","VIHA-PHH-Port Hardy Hospital-Main Building-1st Floor","Port Hardy","Main Building","Kitchen - goes home","1","VIHATRP20230509-013","07/31/2026","Operational","03/31/2026","","","Excluded","Patient Food Services","NTT-Deskside Services-PortHardy-Staffed","Laptop","Dell LATITUDE 7430 V1",""
"LD035977","HSS-8098533","PF620HV2","VIHA-PHH-Port Hardy Hospital-Main Building-1st Floor","Port Hardy","Main Building","Kitchen office","1","ISLHTRP20260427-038","05/31/2030","Operational","07/21/2026","","","General Rounding","Kitchen","NTT-Deskside Services-PortHardy-Staffed","Laptop","LENOVO THINKPAD T14 GEN6 NT FPR 2x1",""
"PC034679DUP","HSS-8012506","PC0N8GUA","VIHA-PMH-Port McNeill Hospital-Main Building-1st Floor","Port McNeill","Main Building","Lab","1","","","Operational","07/17/2023","","","Excluded","Lab","NTT-Deskside Services-PortHardy-Remote","Desktop","LENOVO THINKCENTRE M910Q TFF",""
"LD106726","HSS-1040937","BN73NN3","VIHA-PHH-Port Hardy Hospital-Main Building-1st Floor","Port Hardy","Main Building","Lab","1","REQ2027361-RITM2141179-SCTASK3495330","05/31/2027","Operational","08/13/2026","","","General Rounding","Lab","NTT-Deskside Services-PortHardy-Staffed","Laptop","Dell LATITUDE 7420 V3",""
"PC035166","HSS-8098545","MZ03FL2R","VIHA-CICHC-Cormorant Island Community Health Centre-Main Building-1st Floor","Alert Bay","Main Building","Lab","1","ISLHTRP20260504-039","05/31/2030","Operational","08/12/2026","","","General Rounding","Lab","NTT-Deskside Services-PortHardy-Remote","Desktop","LENOVO M90q Gen 5 Desktop 512HD",""
"LD065372","HSS-8098513","PF620NN7","VIHA-PAH-Port Alice Health Center-Main Building-1st Floor","Port Alice","Main Building","Lab","1","ISLHTRP20260427-018","06/30/2030","Operational","","","","General Rounding","PAH Sat Lab","NTT-Deskside Services-PortHardy-Remote","Laptop","LENOVO THINKPAD T14 GEN6 NT FPR 2x1",""
"PC031990","HSS-8074240","1ZZ0KQ3","VIHA-PMH-Port McNeill Hospital-Main Building-1st Floor","Port McNeill","Main Building","Lab (Behind Front Desk)","1","VIHATRP20230509-055","06/30/2027","Operational","07/28/2026","","","General Rounding","Medical Imag Site Admin","NTT-Deskside Services-PortHardy-Remote","Desktop","Dell OPTIPLEX 7000 MICRO V1","Dell Optiplex 7000 Micro w/TYPE-C - i5-12500, 16GB, 512"
"AO800299","HSS-8093724","C24102M077","VIHA-CICHC-Cormorant Island Community Health Centre-Main Building-1st Floor","Alert Bay","Main Building","Lab Collection Room","1","ISLHTRP20250609-042","05/31/2028","Operational","08/12/2026","","","Mobile Cart","ACN NVI Reg Admin","NTT-Deskside Services-PortHardy-Remote","All-in-One","TANGENT MEDIX 22B V9",""
"AO800320","HSS-8095370","C25123M222","VIHA-PMH-Port McNeill Hospital-Main Building-1st Floor","Port McNeill","Main Building","Lab- Collection Room","1","ISLHTRP20250901-022","05/31/2029","Operational","07/28/2026","","","Mobile Cart","Lab Core","NTT-Deskside Services-PortHardy-Remote","All-in-One","TANGENT MEDIX 22B V20",""
"LD086344","HSS-1047901","GNFJVW3","VIHA-PHH-Port Hardy Hospital-Main Building-1st Floor","Port Hardy","Main Building","Lab-Left Rear Corner","1","REQ1455050-RITM1535087-SCTASK2471417","10/31/2028","Operational","08/11/2026","","","General Rounding","Laboratory Core","NTT-Deskside Services-PortHardy-Staffed","Laptop","Dell LATITUDE 7440 V7",""
"PC031983","HSS-8058300","6S2VMH3","VIHA-PHH-Port Hardy Hospital-Main Building-1st Floor","Port Hardy","Main Building","Laboratory (Collection Room)","1","VIHATRP20220425-017","08/31/2026","Operational","08/24/2026","","","Critical Clinical","Laboratory","NTT-Deskside Services-PortHardy-Staffed","Desktop","Dell OPTIPLEX 7090 MICRO V1",""
"PC031985","HSS-8058310","6RWKMH3","VIHA-PHH-Port Hardy Hospital-Main Building-1st Floor","Port Hardy","Main Building","Laboratory (Front of Lab)","1","VIHATRP20220425-027","08/31/2026","Operational","08/24/2026","","","Critical Clinical","PHH Lab","NTT-Deskside Services-PortHardy-Staffed","Desktop","Dell OPTIPLEX 7090 MICRO V1",""
"PC067101","HSS-8074199","4K25XP3","VIHA-PHH-Port Hardy Hospital-Main Building-1st Floor","Port Hardy","Main Building","Laboratory (Left Rear of Lab)","1","VIHATRP20230509-014","01/31/2027","Operational","08/17/2026","","","General Rounding","Laboratory","NTT-Deskside Services-PortHardy-Staffed","Desktop","Dell OPTIPLEX 7000 MICRO V1","Dell OPTIPLEX 7000 MICRO V1"
"PC031977","HSS-8058311","6S3QMH3","VIHA-PHH-Port Hardy Hospital-Main Building-1st Floor","Port Hardy","Main Building","Laboratory (Right of Lab)","1","VIHATRP20220425-028","08/31/2026","Operational","08/24/2026","","","Critical Clinical","Laboratory","NTT-Deskside Services-PortHardy-Staffed","Desktop","Dell OPTIPLEX 7090 MICRO V1",""
"LD024257","HSS-8098510","PF620NNL","VIHA-PMH-Port McNeill Hospital-Main Building","Port McNeill","Main Building","Laundry","1","ISLHTRP20260427-015","05/31/2030","Operational","05/07/2026","","","General Rounding","Housekeeping","NTT-Deskside Services-PortHardy-Remote","Laptop","LENOVO THINKPAD T14 GEN6 NT FPR 2x1",""
"AO800301","HSS-8093727","C24102M116","VIHA-CICHC-Cormorant Island Community Health Centre-Main Building-1st Floor","Alert Bay","Main Building","Laundry","1","ISLHTRP20250609-045","05/31/2028","Operational","08/12/2026","","","Mobile Cart","Housekeeping","NTT-Deskside Services-PortHardy-Remote","All-in-One","TANGENT MEDIX 22B V9",""
"LD023468","HSS-8098527","PF62197H","VIHA-PMH-Port McNeill Hospital-Main Building-1st Floor","Port McNeill","Main Building","Laundry","1","ISLHTRP20260427-032","05/31/2030","Operational","05/07/2026","","","General Rounding","Housekeeping","NTT-Deskside Services-PortHardy-Remote","Laptop","LENOVO THINKPAD T14 GEN6 NT FPR 2x1","LENOVO THINKPAD T14 GEN6 NT FPR 2x1"
"LD105709","HSS-8093999","BV0JX64","VIHA-PHH-Port Hardy Hospital-Main Building-1st Floor","Port Hardy","Main Building","Laundry Room","1","REQ1863835-RITM1967219-SCTASK3167325","03/31/2029","Operational","08/11/2026","","","General Rounding","PHH Housekeeping","NTT-Deskside Services-PortHardy-Staffed","Laptop","Dell Latitude 7450",""
"LD065366","HSS-8058299","407X9K3","VIHA-PHH-Port Hardy Hospital-Main Building-1st Floor","Port Hardy","Eagle Ridge Manor","Lead Nurse Office-ERM","1","VIHATRP20220425-016","10/31/2026","Operational","08/18/2026","","","General Rounding","Long Term Care-Admin","NTT-Deskside Services-PortHardy-Staffed","Laptop","Dell LATITUDE 7420 V3",""
"LD065367","HSS-8058313","FQSJBK3","VIHA-PMH-Port McNeill Hospital-Main Building-1st Floor","Port McNeill","Main Building","Lead Office","1","VIHATRP20220425-030","10/31/2026","Operational","04/17/2026","","","General Rounding","Administration","NTT-Deskside Services-PortHardy-Remote","Laptop","Dell LATITUDE 7420 V3",""
"AO800305","HSS-8095350","C24102M008-R","VIHA-ERM-Eagle Ridge Manor-Main Building-1st Floor","Port Hardy","Main Building","LTC","1","ISLHTRP20250901-001","05/31/2028","Operational","01/15/2026","","","Mobile Cart","RC Eagle Ridge Manor","NTT-Deskside Services-PortHardy-Remote","All-in-One","TANGENT MEDIX 22B V9",""
"PMHACUSTR","HSS-1047558","9MQBK44","VIHA-PMH-Port McNeill Hospital-Main Building-1st Floor","Port McNeill","Main Building","Lunch Room","1","REQ1399939-RITM1476830-SCTASK2382162","08/31/2029","Operational","","","","","Nurse Station","NTT-Deskside Services-PortHardy-Remote","Thin Client","DELL OPTIPLEX 3000 THIN CLIENT V3","Dell Thin Client"
"PC078485","HSS-1043147","5WQVPR3","VIHA-CICHC-Cormorant Island Community Health Centre-Main Building-1st Floor","Alert Bay","Main Building","Main Kitchen","1","REQ1008022-RITM1060410-SCTASK1691505","06/30/2027","Operational","08/12/2026","","","General Rounding","Kitchen","NTT-Deskside Services-PortHardy-Remote","Desktop","Dell OPTIPLEX 7000 MICRO V1","HSS-1043147 - Dell OPTIPLEX 7000 XCTO"
"PC026572","HSS-8074214","JXZ0KQ3","VIHA-PHPCC-Port Hardy Primary Care Centre-Main Building-1st Floor","Port Hardy","Main Building","Main Office","1","VIHATRP20230509-029","06/30/2027","Operational","08/19/2026","","","General Rounding","PH Primary Care Ctr","NTT-Deskside Services-PortHardy-Local","Desktop","Dell OPTIPLEX 7000 MICRO V1",""
"LD057667","HSS-8098558","PF621CJ5","VIHA-PHH-Port Hardy Hospital-Main Building-1st Floor","Port Hardy","Main Building","Main office-corner","1","ISLHTRP20260504-006","05/31/2030","Operational","07/21/2026","","","General Rounding","CHS in PHH","NTT-Deskside Services-PortHardy-Staffed","Laptop","LENOVO THINKPAD T14 GEN6 NT FPR 2x1",""
"LD038225","HSS-8098582","PF621MGV","VIHA-PMH-Port McNeill Hospital-Main Building-1st Floor","Port McNeill","Main Building","Maint. Office","1","ISLHTRP20260504-030","05/31/2030","Operational","05/07/2026","","","Excluded","FMO","NTT-Deskside Services-PortHardy-Remote","Laptop","LENOVO THINKPAD T14 GEN6 NT FPR 2x1","LENOVO THINKPAD T14 GEN6 NT FPR 2x1"
"AO800318","HSS-8095368","C25122M002","VIHA-PMH-Port McNeill Hospital-Main Building-1st Floor","Port McNeill","Main Building","Maintainance","1","ISLHTRP20250901-020","05/31/2029","Operational","06/22/2026","","","Mobile Cart","Plant Svcs Admin CR/N","NTT-Deskside Services-PortHardy-Remote","All-in-One","TANGENT MEDIX 22B V20",""
"AO800335","HSS-8095358","C24529M091","VIHA-PHH-Port Hardy Hospital-Main Building-1st Floor","Port Hardy","Main Building","Maintenance","1","ISLHTRP20250901-009","10/31/2028","Operational","08/19/2026","","","General Rounding","Plant Svcs Admin CR/N","NTT-Deskside Services-PortHardy-Staffed","All-in-One","Tangent MEDIX 22B V12",""
"PC031998","HSS-8098546","MZ03FL2P","VIHA-CICHC-Cormorant Island Community Health Centre-Main Building-1st Floor","Alert Bay","Main Building","Maintenance","1","ISLHTRP20260504-040","05/31/2030","Operational","08/12/2026","","","General Rounding","FMO","NTT-Deskside Services-PortHardy-Remote","Desktop","LENOVO M90q Gen 5 Desktop 512HD",""
"PC031976","HSS-8074200","5J25XP3","VIHA-PHH-Port Hardy Hospital-Main Building-1st Floor","Port Hardy","Main Building","Maintenance Shop","1","VIHATRP20230509-015","01/31/2027","Operational","08/18/2026","","","General Rounding","Plant Maintenance","NTT-Deskside Services-PortHardy-Staffed","Desktop","Dell OPTIPLEX 7000 MICRO V1","LENOVO THINKCENTRE M910q i5-7500T 2.5GHZ"
"LD125035","HSS-1042371","2J7SQV3","VIHA-CICHC-Cormorant Island Community Health Centre-Main Building-1st Floor","Alert Bay","Main Building","Managers office","1","REQ0908837-RITM0955418-SCTASK1529647","05/31/2027","Operational","08/12/2026","April 25,2023
Left in Cindy Perry's office as instructed.","","General Rounding","Administration","NTT-Deskside Services-PortHardy-Remote","Laptop","Dell LATITUDE 7430 V1",""
"AO800337","HSS-8095357","C24805M004","VIHA-PHH-Port Hardy Hospital-Main Building-1st Floor","Port Hardy","Main Building","Med Room","1","ISLHTRP20250901-008","01/31/2029","Operational","07/14/2026","","","Mobile Cart","PHH Combined Medical/Surgical","NTT-Deskside Services-PortHardy-Staffed","All-in-One","Tangent MEDIX 22B V12",""
"PC033378","HSS-8058292","B9TC2G3","VIHA-PHMHAS-Port Hardy Mental Health & Addiction Services-Main Building-1st Floor","Port Hardy","Main Building","Mental Health Admin","1","VIHATRP20220425-009","09/30/2026","Operational","03/16/2026","","","General Rounding","Mental Health & Substance Use","NTT-Deskside Services-PortHardy-Local","Desktop","Dell OPTIPLEX 7090 MICRO V1",""
"PC031994","HSS-8058388","B9RH2G3","VIHA-PMH-Port McNeill Hospital-Main Building-1st Floor","Port McNeill","Main Building","Mental Health Office Admin Trailer (Admin Assistan","1","VIHATRP20220502-008","08/31/2026","Operational","06/15/2026","","","General Rounding","Administration","NTT-Deskside Services-PortHardy-Remote","Desktop","Dell OPTIPLEX 7090 MICRO V1",""
"LD066037","HSS-8098577","PF61ZQ8B","VIHA-PMH-Port McNeill Hospital-Main Building-1st Floor","Port McNeill","Main Building","Mental Health Office Admin Trailer (COMP2)","1","ISLHTRP20260504-025","05/31/2030","Operational","05/07/2026","","","General Rounding","Home Support Progr-Re3","NTT-Deskside Services-PortHardy-Remote","Laptop","LENOVO THINKPAD T14 GEN6 NT FPR 2x1","LENOVO ThinkPad T14 Gen 6"
"LD065373","HSS-8058391","5ZQD3J3","VIHA-PMH-Port McNeill Hospital-Main Building-1st Floor","Port McNeill","Main Building","Mental Health Office Admin Trailer (Office)","1","VIHATRP20220502-011","08/31/2026","Operational","11/07/2025","","","General Rounding","Administration","NTT-Deskside Services-PortHardy-Remote","Laptop","Dell LATITUDE 7420 V3",""
"PC035261","HSS-8074246","GKWKPR3","VIHA-PMH-Port McNeill Hospital-Main Building-1st Floor","Port McNeill","Main Building","Mental Health Office Admin Trailer (Reception)","1","VIHATRP20230509-061","06/30/2027","Operational","06/01/2026","","","General Rounding","Clinical Svc Mt Waddington","NTT-Deskside Services-PortHardy-Remote","Desktop","Dell OPTIPLEX 7000 MICRO V1","Dell Optiplex 7000 Micro w/TYPE-C - i5-12500, 16GB, 512"
"PC076565","HSS-8087926","8GS5724","VIHA-PMAPCC-Port McNeill A'ekakila'as Primary Care Centre-Main Building-1st Floor","Port McNeill","Main Building","Mid Office","1","VIHATRP20240624-005","07/31/2028","Operational","07/28/2026","","","General Rounding","NVI Port McNeill","NTT-Deskside Services-PortHardy-Remote","Desktop","Dell OptiPlex Micro Plus 7010 V2",""
"PC076279","HSS-8087922","93C6724","VIHA-PMAPCC-Port McNeill A'ekakila'as Primary Care Centre-Main Building-1st Floor","Port McNeill","Main Building","Mid Office","1","VIHATRP20240624-001","07/31/2028","Operational","04/21/2026","","","General Rounding","Primary care","NTT-Deskside Services-PortHardy-Remote","Desktop","Dell OptiPlex Micro Plus 7010 V2",""
"AO800298","HSS-8093728","C24102M076","VIHA-CICHC-Cormorant Island Community Health Centre-Main Building-1st Floor","Alert Bay","Main Building","MLC Nurses Station","1","ISLHTRP20250609-046","05/31/2028","Operational","08/12/2026","","","Mobile Cart","ACN NVI Reg Admin","NTT-Deskside Services-PortHardy-Remote","All-in-One","TANGENT MEDIX 22B V9",""
"PC100051","HSS-1040649","CSG6VH3","VIHA-PMAPCC-Port McNeill A'ekakila'as Primary Care Centre-Main Building-1st Floor","Port McNeill","Main building","MOA desk","1","REQ0793777-RITM0834034-SCTASK1360535","12/31/2026","Operational","04/21/2026","","","General Rounding","Administration","NTT-Deskside Services-PortHardy-Remote","Desktop","Dell OPTIPLEX 7090 MICRO V1",""
"LD035964","HSS-8095376","5T9Q774","VIHA-PMH-Port McNeill Hospital-Main Building-1st Floor","Port McNeill","Main Building","Mt Waddington Admin Bldg Hayley Mcconnell","1","ISLHTRP20250901-028","10/31/2029","Operational","04/16/2026","","","General Rounding","Mt Waddington Reg Admin","NTT-Deskside Services-PortHardy-Remote","Laptop","Dell LATITUDE 7450 V4",""
"PC035175","HSS-8098544","MZ03CFDH","VIHA-CICHC-Cormorant Island Community Health Centre-Main Building-1st Floor","Alert Bay","Main Building","Multi-Level Care Medication Room","1","ISLHTRP20260504-038","05/31/2030","Operational","08/12/2026","","","General Rounding","Residential Care","NTT-Deskside Services-PortHardy-Remote","Desktop","LENOVO M90q Gen 5 Desktop 512HD",""
"LD032938","HSS-8087941","H4MQCW3","VIHA-PHH-Port Hardy Hospital","Port Hardy","Main Building","NTT IMIT Room","1st Floor","VIHATRP20240624-020","07/31/2028","Operational","06/27/2024","Lent by:   Steve Holm
Lent to:   Cheryl Pane
Incident:  INC5044642
Date:        August 13/26","","Excluded","IMIT","NTT-Deskside Services-PortHardy-Staffed","Laptop","Dell LATITUDE 7440 V7","NTT DESKSIDE HOT SPARE"
"PC035253","HSS-8058323","6S3MMH3","VIHA-SHC-Sointula Health Clinic-Main Building-1st Floor","Sointula","Main Building","Nurses exam room","1","VIHATRP20220425-040","08/31/2026","Operational","05/16/2025","","","General Rounding","Public Health","NTT-Deskside Services-PortHardy-Remote","Desktop","Dell OPTIPLEX 7090 MICRO V1",""
"PC035266","HSS-8087968","F946724","VIHA-PMH-Port McNeill Hospital-Main Building-1st Floor","Port McNeill","Main Building","Nurses lounge","1","VIHATRP20240624-047","07/31/2028","Operational","06/01/2026","","Replaced by LD065695 Feb 13/26 and returned to IMIT stock Feb 13 - RITM2180294
Replaced Thin Client at PMH Nurses Lounge White board - March 18/2026","General Rounding","PMH Combined Medical/Surgical","NTT-Deskside Services-PortHardy-Remote","Desktop","Dell OptiPlex Micro Plus 7010 V2",""
"PC085048","HSS-1039464","7WB2RN3","VIHA-KYU-Kyuquot Health Centre-Main Building-1st Floor","Kyuquot","Main Building","Nurses office","1","REQ0768441-RITM0807322-SCTASK1274905","01/31/2027","Operational","","RITM0807322  - 15 Dec2022 - Delivered to Gold River Health Clinic, Destined for new site Kyquot First Nations

From: Dean, Martin [NTT] 
Sent: Friday, December 16, 2022 10:13 AM
To: O'Hara, Enid <Enid.OHara@islandhealth.ca>
Cc: Bruce, Bea <Bea.Bruce@islandhealth.ca>
Subject: RITM0807322 KYU - HSS-1039464 bundle delivered to GRHC

Hi Enid,

Yesterday afternoon I delivered three boxes to GRHC -  Desktop HSS-1039464/PC085048, LCD HSS-1039815 and a box of cables.  I dropped them off with the Kyuquot cargo pile in the GRHC administration office as suggested by Bea.

Please let me know when the network connectivity issues at the new site at Kyuquot KYFN are sorted out and I will assist with connecting them either remotely or onsite.  

Martin

VACATION ALERT � Starting December 19 and Returning January 3rd 2023

Martin Dean | Deskside Support - Campbell River
martin.dean@viha.ca  VIHA SD 250 370 8777

NTT DATA Canada, Inc.

From: O'Hara, Enid <Enid.OHara@islandhealth.ca> 
Sent: Wednesday, December 14, 2022 9:21 AM
To: Dean, Martin [NTT] <Martin.Dean@islandhealth.ca>
Subject: RE: RITM0807322 KYU - New Computer - Deliver to GRHC?

Yes I can
Enid

From: Dean, Martin [NTT] <Martin.Dean@islandhealth.ca> 
Sent: Wednesday, December 14, 2022 9:13 AM
To: O'Hara, Enid <Enid.OHara@islandhealth.ca>
Subject: RE: RITM0807322 KYU - New Computer - Deliver to GRHC?

Hi Enid,

I can drop the three boxes off at Gold River Health Clinic on Thursday,  Dec 15.

Can you arrange to get them to Kyquot from there?


Martin



Martin Dean | Deskside Support - Campbell River
martin.dean@viha.ca
NTT DATA Canada, Inc.

From: O'Hara, Enid <Enid.OHara@islandhealth.ca> 
Sent: Monday, December 12, 2022 12:53 PM
To: Dean, Martin [NTT] <Martin.Dean@islandhealth.ca>; Vass, Jennifer <Jennifer.Vass@islandhealth.ca>; Tregonning, Elaine <Elaine.Tregonning@islandhealth.ca>
Subject: RE: RITM0807322 KYU - New Computer - 

So the best way is to send it to Gold River and it will go out on the plane to.
Enid

","RITM0807322  - Delivered to Gold River 15Dec2022, Destined for new site Kyquot First Nations","General Rounding"," ","NTT-Deskside Services-PortHardy-Remote","Desktop","Dell OPTIPLEX 7000 MICRO V1",""
"LD039569","HSS-8074192","37HTQV3","VIHA-PHHC-Port Hardy Health Centre-Main Building-1st Floor","Port Hardy","Main Building","Nurses Office","1","VIHATRP20230509-007","07/31/2026","Operational","05/21/2025","","","General Rounding","OBGH HUB Admin","NTT-Deskside Services-PortHardy-Local","Laptop","Dell LATITUDE 7430 V1","CUSTOMER OWNED LENOVO THINKPAD T470s i5-"
"TD035021","HSS-8098490","SD00R2FB","VIHA-PAH-Port Alice Health Center-Main Building-1st Floor","Port Alice","Main Building","Nurses station","1","ISLHTRP20260427-048","05/31/2030","Operational","07/07/2026","","","General Rounding","PAH Emergency/Ambulatory Care","NTT-Deskside Services-PortHardy-Remote","Tablet","LENOVO ThinkPad X1 2-in-1 Gen 10",""
"PC072642","HSS-1042979","666LPR3","VIHA-PHH-Port Hardy Hospital-Main Building-1st Floor","Port Hardy","Main Building","Nurses Station","1","REQ0954096-RITM1003428-SCTASK1653110","06/30/2027","Operational","08/11/2026","","PHH Nurses Station","General Rounding","Admin","NTT-Deskside Services-PortHardy-Staffed","Desktop","Dell OPTIPLEX 7000 MICRO V1",""
"PC047064","HSS-8098529","MZ03CFDV","VIHA-PHH-Port Hardy Hospital-Main Building-1st Floor","Port Hardy","Main Building","Nurses Station","1","ISLHTRP20260427-034","05/31/2030","Operational","08/24/2026","","","Critical Clinical","PHH Combined Medical/Surgical","NTT-Deskside Services-PortHardy-Staffed","Desktop","LENOVO M90q Gen 5 Desktop 512HD",""
"PC033374","HSS-8087965","H846724","VIHA-PHH-Port Hardy Hospital-Main Building-1st Floor","Port Hardy","Main Building","Nurses Station (Breakroom)","1","VIHATRP20240624-044","07/31/2028","Operational","08/24/2026","Please NOTE that the following software applications are incompatible with the Cerner 724 Downtime application:
-Downtime Patient Index (DTPI)
-Dragon Medical One Extensions (DMO)
-Imprivata OneSign Software/Card Reader (Tap In/Out)
-Inteleviewer (Medical Imaging)

If the software is requested to be installed, the Incident or Request should be assigned to the ""VIHA-Client Experience"" assignment group so the request can be evaluated.","","Critical Clinical","Emergency Services","NTT-Deskside Services-PortHardy-Staffed","Desktop","Dell OptiPlex Micro Plus 7010 V2","Dell OptiPlex Micro Plus 7010 V2"
"PC035250","HSS-8074195","6FZ4XP3","VIHA-PHH-Port Hardy Hospital-Main Building-1st Floor","Port Hardy","Main Building","Nurses Station (Downtime)-ERM","1","VIHATRP20230509-010","01/31/2027","Operational","08/24/2026","Please NOTE that the following software applications are incompatible with the Cerner 724 Downtime application:
-Downtime Patient Index (DTPI)
-Dragon Medical One Extensions (DMO)
-Imprivata OneSign Software/Card Reader (Tap In/Out)
-Inteleviewer (Medical Imaging)

If the software is requested to be installed, the Incident or Request should be assigned to the ""VIHA-Client Experience"" assignment group so the request can be evaluated.","","Critical Clinical","RC Eagle Ridge Manor","NTT-Deskside Services-PortHardy-Staffed","Desktop","Dell OPTIPLEX 7000 MICRO V1","HSS-8074195 - Dell Optiplex 7000 Micro w/TYPE-C - i5-12500, 16GB, 512"
"PC035256","HSS-8087966","HP76724","VIHA-PHH-Port Hardy Hospital-Main Building-1st Floor","Port Hardy","Main Building","Nurses Station (Right of Downtime)","1","VIHATRP20240624-045","07/31/2028","Operational","08/24/2026","Please NOTE that the following software applications are incompatible with the Cerner 724 Downtime application:
-Downtime Patient Index (DTPI)
-Dragon Medical One Extensions (DMO)
-Imprivata OneSign Software/Card Reader (Tap In/Out)
-Inteleviewer (Medical Imaging)

If the software is requested to be installed, the Incident or Request should be assigned to the ""VIHA-Client Experience"" assignment group so the request can be evaluated.","","Critical Clinical","NVI Port Hardy Rural Svcs","NTT-Deskside Services-PortHardy-Staffed","Desktop","Dell OptiPlex Micro Plus 7010 V2",""
"LD023042","HSS-8095366","HDYQ774","VIHA-PMH-Port McNeill Hospital-Main Building-1st Floor","Port McNeill","Main Building","Nurses Station right side","1","ISLHTRP20250901-018","10/31/2029","Operational","07/02/2026","","","General Rounding","ER/Ambulatory Care","NTT-Deskside Services-PortHardy-Remote","Laptop","Dell LATITUDE 7450 V4",""
"PC033381","HSS-8098551","MZ03FL2S","VIHA-CICHC-Cormorant Island Community Health Centre-Main Building-1st Floor","Alert Bay","Main Building","Nursing Station","1","ISLHTRP20260504-045","05/31/2030","Operational","08/12/2026","","","General Rounding","Acute care","NTT-Deskside Services-PortHardy-Remote","Desktop","LENOVO M90q Gen 5 Desktop 512HD",""
"PC035167","HSS-8098491","MZ03CFDN","VIHA-PAH-Port Alice Health Center-Main Building-1st Floor","Port Alice","Main Building","Nursing Station","1","ISLHTRP20260427-049","05/31/2030","Operational","07/07/2026","","1 Floor - Nursing Station - PAH - Port Alice Hospital - Main Building","Critical Clinical","PAH Emergency/Ambulatory Care","NTT-Deskside Services-PortHardy-Remote","Desktop","LENOVO M90q Gen 5 Desktop 512HD",""
"AO800300","HSS-8093725","C24102M125","VIHA-CICHC-Cormorant Island Community Health Centre-Main Building-1st Floor","Alert Bay","Main Building","Nursing Station","1","ISLHTRP20250609-043","05/31/2028","Operational","08/12/2026","","","Mobile Cart","ACN NVI Reg Admin","NTT-Deskside Services-PortHardy-Remote","All-in-One","TANGENT MEDIX 22B V9",""
"PC033385","HSS-8098549","MZ03FL31","VIHA-CICHC-Cormorant Island Community Health Centre-Main Building-1st Floor","Alert Bay","Main Building","Nursing Station","1","ISLHTRP20260504-043","05/31/2030","Operational","08/12/2026","","Nursing station","Critical Clinical","Admin","NTT-Deskside Services-PortHardy-Remote","Desktop","LENOVO M90q Gen 5 Desktop 512HD",""
"PC033389","HSS-8074251","CVZ0KQ3","VIHA-PMH-Port McNeill Hospital-Main Building-1st Floor","Port McNeill","Main Building","Nursing Station  (Front Desk - Left)","1","VIHATRP20230509-066","06/30/2027","Operational","07/06/2026","Please NOTE that the following software applications are incompatible with the Cerner 724 Downtime application:
-Downtime Patient Index (DTPI)
-Dragon Medical One Extensions (DMO)
-Imprivata OneSign Software/Card Reader (Tap In/Out)
-Inteleviewer (Medical Imaging)

If the software is requested to be installed, the Incident or Request should be assigned to the ""VIHA-Client Experience"" assignment group so the request can be evaluated.","","Critical Clinical","Combined Medical/Surgical","NTT-Deskside Services-PortHardy-Remote","Desktop","Dell OPTIPLEX 7000 MICRO V1","Dell Optiplex 7000 Micro w/TYPE-C - i5-12500, 16GB, 512"
"PC047072","HSS-8098580","MZ03CFE0","VIHA-PMH-Port McNeill Hospital-Main Building-1st Floor","Port McNeill","Main Building","Nursing Station (Report Room)","1","ISLHTRP20260504-028","05/31/2030","Operational","06/22/2026","","","General Rounding","Physician Office","NTT-Deskside Services-PortHardy-Remote","Desktop","LENOVO M90q Gen 5 Desktop 512HD",""
"PC035264","HSS-8074248","BWZ0KQ3","VIHA-PMH-Port McNeill Hospital","Port McNeill","Main Building","Nursing Station (Report Room)","1","VIHATRP20230509-063","06/30/2027","Operational","12/19/2023","","Placed in storage at PMH December 6/2023","Excluded","Med Staff Cred and Priv","NTT-Deskside Services-PortHardy-Remote","Desktop","Dell OPTIPLEX 7000 MICRO V1","Dell Optiplex 7000 Micro w/TYPE-C - i5-12500, 16GB, 512"
"PC085178","HSS-1043215","J8YVPR3","VIHA-PHH-Port Hardy Hospital-Main Building-1st Floor","Port Hardy","Main Building","Nursing Station TV room","1","REQ1006949-RITM1059233-SCTASK1696769","06/30/2027","Operational","04/02/2026","","Inatalled at PHH Nursing Station TV room April 12/2026","Excluded","CSN PM Primary Care Ctr2","NTT-Deskside Services-PortHardy-Staffed","Desktop","Dell OPTIPLEX 7000 MICRO V1","Dell OPTIPLEX 7000 XCTO"
"LD030961","HSS-8058296","GW682J3","VIHA-PHMHAS-Port Hardy Mental Health & Addiction Services-Main Building-1st Floor","Port Hardy","Main Building","Office (1st from Entrance)","1","VIHATRP20220425-013","09/30/2026","Operational","07/16/2026","","","General Rounding","MCN Clinical Svc Mt Waddington","NTT-Deskside Services-PortHardy-Local","Laptop","Dell LATITUDE 7420 V3",""
"PC024096","HSS-8087974","CQ76724","VIHA-PHMHAS-Port Hardy Mental Health & Addiction Services-Main Building-1st Floor","Port Hardy","Main Building","Office (3rd from Entrance - Telehealth)","1","VIHATRP20240624-053","07/31/2028","Operational","07/16/2026","","","General Rounding","MCN Clinical Svc NVI","NTT-Deskside Services-PortHardy-Local","Desktop","Dell OptiPlex Micro Plus 7010 V2",""
"LD035975","HSS-8098523","PF620TDQ","VIHA-PHMHAS-Port Hardy Mental Health & Addiction Services-Main Building-1st Floor","Port Hardy","Main Building","Office (4th from Entrance)","1","ISLHTRP20260427-028","05/31/2030","Operational","","","","General Rounding","PHN PH Public Health Nursing","NTT-Deskside Services-PortHardy-Local","Laptop","LENOVO THINKPAD T14 GEN6 NT FPR 2x1","LENOVO THNKPD T480s i5-8350 1.7GHZ 6MB 1"
"LD032197","HSS-8058294","7WW06G3","VIHA-PHMHAS-Port Hardy Mental Health & Addiction Services-Main Building-1st Floor","Port Hardy","Main Building","Office (Beside Conference Room)","1","VIHATRP20220425-011","09/30/2026","Operational","03/16/2026","","","General Rounding","Public Health","NTT-Deskside Services-PortHardy-Local","Laptop","Dell LATITUDE 7420 V3",""
"LD035982","HSS-8074233","JYQJTV3","VIHA-PHMHAS-Port Hardy Mental Health & Addiction Services-Main Building-1st Floor","Port Hardy","Main Building","Office 2","1","VIHATRP20230509-048","07/31/2026","Operational","03/31/2026","","","General Rounding","Clinical Svc Mt Waddington","NTT-Deskside Services-PortHardy-Local","Laptop","Dell LATITUDE 7430 V1","LENOVO THNKPD T480s i5-8350 1.7GHZ 6MB 1"
"LD035986","HSS-8098535","PF620TCG","VIHA-PHMHAS-Port Hardy Mental Health & Addiction Services-Main Building-1st Floor","Port Hardy","Main Building","Office 4","1","ISLHTRP20260427-040","05/31/2030","Operational","","","","General Rounding","MCN Clinical Svc NVI","NTT-Deskside Services-PortHardy-Local","Laptop","LENOVO THINKPAD T14 GEN6 NT FPR 2x1","ENOVO THINKPAD T14 GEN6 NT FPR 2x1"
"LD035969","HSS-8095361","7D4Q774","VIHA-PHH-Port Hardy Hospital-Main Building-1st Floor","Port Hardy","Main Building","Office beside  Xray","1","ISLHTRP20250901-012","10/31/2029","Operational","08/11/2026","","","General Rounding","PHH Combined Medical/Surgical","NTT-Deskside Services-PortHardy-Staffed","Laptop","Dell LATITUDE 7450 V4",""
"LD090373","HSS-1045030","HK3C9W3","VIHA-PHHC-Port Hardy Health Centre-Main Building-1st Floor","Port Hardy","Main Building","Office beside rear door-no number","1","REQ1192252-RITM1255586-SCTASK2016942","02/29/2028","Operational","07/16/2026","","","General Rounding","PHS Community Development","NTT-Deskside Services-PortHardy-Local","Laptop","DELL LATITUDE 7440 V2",""
"LD041013","HSS-8087973","DS3YCW3","VIHA-PHH-Port Hardy Hospital-Main Building-1st Floor","Port Hardy","Main Building","Office off admin","1","VIHATRP20240624-052","07/31/2028","Operational","08/13/2026","","","General Rounding","Community Health","NTT-Deskside Services-PortHardy-Staffed","Laptop","Dell LATITUDE 7440 V7","Dell LATITUDE 7440 V7"
"LD032039","HSS-8087970","BZGTCW3","VIHA-PHH-Port Hardy Hospital-Main Building-1st Floor","Port Hardy","Main Building","Office off ADMIN","1","VIHATRP20240624-049","07/31/2028","Operational","07/23/2026","","","General Rounding","Switchboard","NTT-Deskside Services-PortHardy-Staffed","Laptop","Dell LATITUDE 7440 V7",""
"LD062064","HSS-1037601","D8BK9K3","VIHA-PHH-Port Hardy Hospital-Main Building-1st Floor","Port Hardy","Main Building","Office off Admin - Cindy Perry","1","REQ0688732-RITM0723465-SCTASK1146090","12/31/2026","Operational","08/18/2026","","","General Rounding","Administration","NTT-Deskside Services-PortHardy-Staffed","Laptop","Dell LATITUDE 7420 V3",""
"LD066493","HSS-8087976","343SCW3","VIHA-PHMHAS-Port Hardy Mental Health & Addiction Services-Main Building-1st Floor","Port Hardy","Main Building","Old Conference Room/ACT REHAB","1","VIHATRP20240624-055","07/31/2028","Operational","07/16/2026","","","General Rounding","NVI MHAS","NTT-Deskside Services-PortHardy-Local","Laptop","Dell LATITUDE 7440 V7",""
"LD086385","HSS-1048140","HPK2WH3","VIHA-PHH-Port Hardy Hospital-Main Building-1st Floor","Port Hardy","Main Building","Omnicell Room","1","REQ1476939-RITM1558297-SCTASK2514153","10/31/2028","Operational","04/02/2026","","","Excluded","PHH Combined Medical/Surgical","NTT-Deskside Services-PortHardy-Staffed","Laptop","Dell LATITUDE 7450 V4",""
"LD086384","HSS-1048138","FY12WH3","VIHA-PHH-Port Hardy Hospital-Main Building-1st Floor","Port Hardy","Main Building","omnicell rooms","1","REQ1476937-RITM1558295-SCTASK2514123","10/31/2028","Operational","04/30/2026","","","Excluded","PHH Combined Medical/Surgical","NTT-Deskside Services-PortHardy-Staffed","Laptop","Dell LATITUDE 7450 V4",""
"PC067007","HSS-8070170","172RQN3","VIHA-CICHC-Cormorant Island Community Health Centre-Main Building-1st Floor","Alert Bay","Main Building","PACS Server Room XRay","1","VIHATRP11212022-001","02/28/2027","Operational","08/12/2026","","","General Rounding","Medical Imaging","NTT-Deskside Services-PortHardy-Remote","Desktop","Dell OPTIPLEX 7000 MICRO V1",""
"LD072909","HSS-1042492","912SQV3","VIHA-PHH-Port Hardy Hospital-Main Building-1st Floor","Port Hardy","Main Building","PHH Admin office","1","REQ0936466-RITM0984706-SCTASK1559298","06/30/2027","Operational","08/20/2026","","","General Rounding","PHH Combined Medical/Surgical","NTT-Deskside Services-PortHardy-Staffed","Laptop","Dell LATITUDE 7430 V1",""
"LD035968","HSS-8093730","4ZNZFW3","VIHA-PHHC-Port Hardy Health Centre-Main Building-1st Floor","Port Hardy","Main Building","PHH IM/IT office","1","ISLHTRP20250609-048","03/31/2029","Operational","04/17/2026","","","General Rounding","Mt Waddington Reg Admin","NTT-Deskside Services-PortHardy-Local","Laptop","Dell LATITUDE 7450 V4",""
"LD081076","HSS-1048046","6XVSQW3","VIHA-PHH-Port Hardy Hospital-Main Building-1st Floor","Port Hardy","Main Building","PHH1E031","1","REQ1466677-RITM1547341-SCTASK2489569","10/31/2028","Operational","08/11/2026","","","General Rounding","CHS NVI Case Mgmt","NTT-Deskside Services-PortHardy-Staffed","Laptop","Dell LATITUDE 7440 V7",""
"LD040945","HSS-8087937","J4MQCW3","VIHA-PHHC-Port Hardy Health Centre-Main Building-1st Floor","Port Hardy","Main Building","PHHU Boardroom","1","VIHATRP20240624-016","07/31/2028","Operational","07/16/2026","","","General Rounding","NVI CYF","NTT-Deskside Services-PortHardy-Local","Laptop","Dell LATITUDE 7440 V7",""
"PC080276","HSS-1048376","8KX4L44","VIHA-PMH-Port McNeill Hospital-Main Building-1st Floor","Port McNeill","Main building","Physician  office sea-can","1","REQ1514254-RITM1597477-SCTASK2579405","11/30/2028","Operational","03/19/2026","","","General Rounding","CVH Rehab and Social Work","NTT-Deskside Services-PortHardy-Remote","Desktop","Dell OptiPlex Micro Plus 7020 V1",""
"LD065374","HSS-8098495","PF621CM9","VIHA-PHH-Port Hardy Hospital-Main Building-1st Floor","Port Hardy","Main Building","Physio","1","ISLHTRP20260427-053","05/31/2030","Operational","07/22/2026","","","General Rounding","PHH Physiotherapy","NTT-Deskside Services-PortHardy-Staffed","Laptop","LENOVO THINKPAD T14 GEN6 NT FPR 2x1",""
"LD065695","HSS-8074202","6SLSQV3","VIHA-PHH-Port Hardy Hospital-Main Building-1st Floor","Port Hardy","Main Building","Physio","1","VIHATRP20230509-017","07/31/2026","Operational","07/21/2026","September29,2023
Laptop bundle placed in storage in basement. Steve Holm 
Updated to Windows 11 - October30/2025","Relocated to PHH Physiotherapy Feb 13/2026 
SCTASK3483829, RITM2180294","General Rounding","PHH Physiotherapy","NTT-Deskside Services-PortHardy-Staffed","Laptop","Dell LATITUDE 7430 V1",""
"LD035965","HSS-8098584","PF621MHE","VIHA-PMH-Port McNeill Hospital-Main Building-1st Floor","Port McNeill","Main Building","Physio","1","ISLHTRP20260504-032","05/31/2030","Operational","","","","General Rounding","Pysiotherapy","NTT-Deskside Services-PortHardy-Remote","Laptop","LENOVO THINKPAD T14 GEN6 NT FPR 2x1",""
"AO800302","HSS-8093720","C24102M138","VIHA-CICHC-Cormorant Island Community Health Centre-Main Building-1st Floor","Alert Bay","Main Building","PHYSIO Room","1","ISLHTRP20250609-038","05/31/2028","Operational","08/12/2026","","","Mobile Cart","ACN NVI Reg Admin","NTT-Deskside Services-PortHardy-Remote","All-in-One","TANGENT MEDIX 22B V9",""
"PC035259","HSS-8087964","1B46724","VIHA-PHH-Port Hardy Hospital-Main Building-1st Floor","Port Hardy","Main Building","Physiotherapy Room","1","VIHATRP20240624-043","07/31/2028","Operational","07/21/2026","","","General Rounding","NVI Port Hardy Rural Svcs","NTT-Deskside Services-PortHardy-Staffed","Desktop","Dell OptiPlex Micro Plus 7010 V2",""
"LD066633","HSS-8087933","2H8QCW3","VIHA-PMH-Port McNeill Hospital-Main Building-1st Floor","Port McNeill","Main Building","port Mcneil physiotherapy room","1","VIHATRP20240624-012","07/31/2028","Operational","01/13/2025","","","General Rounding","NVI Home & Comm Care","NTT-Deskside Services-PortHardy-Remote","Laptop","Dell LATITUDE 7440 V7",""
"PC033998","HSS-8074250","JWZ0KQ3","VIHA-PMH-Port McNeill Hospital-Main Building-1st Floor","Port McNeill","Main Building","Port McNeill Telehealth room","1","VIHATRP20230509-065","06/30/2027","Operational","03/19/2026","","","General Rounding","Combined Medical/Surgical","NTT-Deskside Services-PortHardy-Remote","Desktop","Dell OPTIPLEX 7000 MICRO V1","Dell Optiplex 7000 Micro w/TYPE-C - i5-12500, 16GB, 512"
"LD035988","HSS-8098568","PF620NQR","VIHA-PHHC-Port Hardy Health Centre-Main Building-1st Floor","Port Hardy","Main Building","Public Health Nurse (2nd from entrance)","1","ISLHTRP20260504-016","05/31/2030","Operational","","","","General Rounding","PHN PH Public Health Nursing","NTT-Deskside Services-PortHardy-Local","Laptop","LENOVO THINKPAD T14 GEN6 NT FPR 2x1",""
"LD035976","HSS-8095364","FP9Q774","VIHA-PHHC-Port Hardy Health Centre-Main Building-1st Floor","Port Hardy","Main Building","Public Health Nurse (2nd from entrance)","1","ISLHTRP20250901-015","10/31/2029","Operational","07/16/2026","","","General Rounding","PH Public Health Nursing","NTT-Deskside Services-PortHardy-Local","Laptop","Dell LATITUDE 7450 V4",""
"LD035978","HSS-8093715","4FSTFW3","VIHA-PHHC-Port Hardy Health Centre-Main Building-1st Floor","Port Hardy","Main Building","Public Health Nurse (5th from entrance)","1","ISLHTRP20250609-033","03/31/2029","Operational","05/08/2026","","","General Rounding","PM Public Health Nursing","NTT-Deskside Services-PortHardy-Local","Laptop","Dell LATITUDE 7450 V4",""
"LD023191","HSS-8093729","8VBSFW3","VIHA-PHHC-Port Hardy Health Centre-Main Building-1st Floor","Port Hardy","Main Building","Public Health Nurse (Project Planning) (4th from e","1","ISLHTRP20250609-047","03/31/2029","Operational","06/30/2026","","","General Rounding","PHN PH Public Health Nursing","NTT-Deskside Services-PortHardy-Local","Laptop","Dell LATITUDE 7450 V4",""
"PC047073","HSS-8087934","F0C6724","VIHA-SHC-Sointula Health Clinic-Main Building-1st Floor","Sointula","Main Building","Reception","1","VIHATRP20240624-013","08/31/2028","Operational","05/16/2025","","","General Rounding","NVI MHAS","NTT-Deskside Services-PortHardy-Remote","Desktop","Dell OptiPlex Micro Plus 7010 V2",""
"PC031982","HSS-8098503","MZ03CFDD","VIHA-PHHC-Port Hardy Health Centre-Main Building-1st Floor","Port Hardy","Main Building","Reception","1","ISLHTRP20260427-008","05/31/2030","Operational","04/29/2026","","","General Rounding","Public Health","NTT-Deskside Services-PortHardy-Local","Desktop","LENOVO M90q Gen 5 Desktop 512HD",""
"LD048245","HSS-8098556","PF62141F","VIHA-PHHC-Port Hardy Health Centre-Main Building-1st Floor","Port Hardy","Main Building","Reception","1","ISLHTRP20260504-004","05/31/2030","Operational","","","","General Rounding","COVID","NTT-Deskside Services-PortHardy-Local","Laptop","LENOVO THINKPAD T14 GEN6 NT FPR 2x1",""
"LD038221","HSS-8098504","PF620R04","VIHA-PHHC-Port Hardy Health Centre-Main Building-1st Floor","Port Hardy","Main Building","Reception","1","ISLHTRP20260427-009","05/31/2030","Operational","06/30/2026","","","General Rounding","PHN PH Public Health Nursing","NTT-Deskside Services-PortHardy-Local","Laptop","LENOVO THINKPAD T14 GEN6 NT FPR 2x1",""
"PC044306","HSS-8080846","JQJMPR3","VIHA-PHH-Port Hardy Hospital-Main Building-1st Floor","Port Hardy","Main Building","Reception","1","VIHATRP20231127-102","05/31/2027","Operational","08/24/2026","This PC replaced PC031984/HSS-8074193 Nov28/2025

Please NOTE that the following software applications are incompatible with the Cerner 724 Downtime application:
-Downtime Patient Index (DTPI)
-Dragon Medical One Extensions (DMO)
-Imprivata OneSign Software/Card Reader (Tap In/Out)
-Inteleviewer (Medical Imaging)

If the software is requested to be installed, the Incident or Request should be assigned to the ""VIHA-Client Experience"" assignment group so the request can be evaluated.","PHH Reception/Admitting","Critical Clinical","Admin","NTT-Deskside Services-PortHardy-Staffed","Desktop","Dell OPTIPLEX 7000 MICRO V1","CUSTOMER OWNED CTO DESKTOP TC M910Q I5-7"
"LD048287","HSS-8098519","PF62196E","VIHA-PHHC-Port Hardy Health Centre-Main Building-1st Floor","Port Hardy","Main Building","Reception","1","ISLHTRP20260427-024","05/31/2030","Operational","05/04/2026","","","General Rounding","COVID","NTT-Deskside Services-PortHardy-Local","Laptop","LENOVO THINKPAD T14 GEN6 NT FPR 2x1",""
"PC021647","HSS-8074220","BZZ0KQ3","VIHA-PHPCC-Port Hardy Primary Care Centre-Main Building-1st Floor","Port Hardy","Main Building","Reception","1","VIHATRP20230509-035","06/30/2027","Operational","08/19/2026","","","Critical Clinical","PH Primary Care Ctr","NTT-Deskside Services-PortHardy-Local","Desktop","Dell OPTIPLEX 7000 MICRO V1","LENOVO THINKCENTRE M910q i5-7500T 2.5GHZ"
"AO800343","HSS-8093726","C24102M108","VIHA-PMAPCC-Port McNeill A'ekakila'as Primary Care Centre-Main Building-1st Floor","Port McNeill","Main Building","Reception","1","ISLHTRP20250609-044","05/31/2028","Operational","07/28/2026","","","Mobile Cart","ACN NVI Reg Admin","NTT-Deskside Services-PortHardy-Remote","All-in-One","TANGENT MEDIX 22B V9",""
"PC076566","HSS-8087927","83C6724","VIHA-PMAPCC-Port McNeill A'ekakila'as Primary Care Centre-Main Building-1st Floor","Port McNeill","Main Building","Reception","1","VIHATRP20240624-006","07/31/2028","Operational","07/28/2026","","","General Rounding","NVI Port McNeill","NTT-Deskside Services-PortHardy-Remote","Desktop","Dell OptiPlex Micro Plus 7010 V2",""
"PC031980","HSS-8098501","MZ03CFE1","VIHA-PHHC-Port Hardy Health Centre-Main Building-1st Floor","Port Hardy","Main Building","Reception (3rd from entrance)","1","ISLHTRP20260427-006","05/31/2030","Operational","05/01/2026","","","General Rounding","PHN PH Public Health Nursing","NTT-Deskside Services-PortHardy-Local","Desktop","LENOVO M90q Gen 5 Desktop 512HD",""
"PC031981","HSS-8098502","MZ03CFDJ","VIHA-PHHC-Port Hardy Health Centre-Main Building-1st Floor","Port Hardy","Main Building","Reception (3rd from entrance)","1","ISLHTRP20260427-007","05/31/2030","Operational","05/01/2026","","","General Rounding","PHN PH Public Health Nursing","NTT-Deskside Services-PortHardy-Local","Desktop","LENOVO M90q Gen 5 Desktop 512HD","HSS-8058284 - Dell OPTIPLEX 7090"
"PC021945","HSS-8074211","8131KQ3","VIHA-PHPCC-Port Hardy Primary Care Centre-Main Building-1st Floor","Port Hardy","Main Building","Reception 2","1","VIHATRP20230509-026","06/30/2027","Operational","08/19/2026","","","Critical Clinical","PH Primary Care Ctr","NTT-Deskside Services-PortHardy-Local","Desktop","Dell OPTIPLEX 7000 MICRO V1","LENOVO THINKCENTRE M910q i5-7500T 2.5GHZ"
"LD035980","HSS-8025730","1TR26G3","VIHA-PMH-Port McNeill Hospital-Main Building-1st Floor","Port McNeill","Main Building","Rehab","1","VIHATRP20211206-008","03/31/2026","Operational","04/16/2026","","","General Rounding","Physiotherapy","NTT-Deskside Services-PortHardy-Remote","Laptop","Dell LATITUDE 7420 V3",""
"PC033382","HSS-8098552","MZ03FL2K","VIHA-CICHC-Cormorant Island Community Health Centre-Main Building-1st Floor","Alert Bay","Main Building","Rehab","1","ISLHTRP20260504-046","05/31/2030","Operational","08/12/2026","","","General Rounding","Rehabilitation","NTT-Deskside Services-PortHardy-Remote","Desktop","LENOVO M90q Gen 5 Desktop 512HD",""
"PC023576","HSS-8074215","5TQ5XP3","VIHA-PHPCC-Port Hardy Primary Care Centre-Main Building-1st Floor","Port Hardy","Main Building","Room 1","1","VIHATRP20230509-030","01/31/2027","Operational","08/19/2026","263112  -","","General Rounding","PH Primary Care Ctr","NTT-Deskside Services-PortHardy-Local","Desktop","Dell OPTIPLEX 7000 MICRO V1","LENOVO ThinkCentre M900 Tiny Intel Core"
"LD058698","HSS-1026985","8RXBBC3","VIHA-PMAPCC-Port McNeill A'ekakila'as Primary Care Centre-Main Building-1st Floor","Port McNeill","Main Building","Room 10","1","REQ0257049-RITM0269248-SCTASK0409266","08/31/2025","Operational","04/21/2026","","","General Rounding","Primary Care","NTT-Deskside Services-PortHardy-Remote","Laptop","Dell LATITUDE 7420 V3",""
"PC021516","HSS-8074216","4MF5XP3","VIHA-PHPCC-Port Hardy Primary Care Centre-Main Building-1st Floor","Port Hardy","Main Building","Room 10","1","VIHATRP20230509-031","01/31/2027","Operational","08/19/2026","","","General Rounding","PH Primary Care Ctr","NTT-Deskside Services-PortHardy-Local","Desktop","Dell OPTIPLEX 7000 MICRO V1","LENOVO THINKCENTRE M910q i5-7500T 2.5GHZ"
"LD066494","HSS-8087928","B3MQCW3","VIHA-PMAPCC-Port McNeill A'ekakila'as Primary Care Centre-Main Building-1st Floor","Port McNeill","Main Building","Room 11","1","VIHATRP20240624-007","07/31/2028","Operational","05/21/2026","","","General Rounding","NVI Port McNeill","NTT-Deskside Services-PortHardy-Remote","Laptop","Dell LATITUDE 7440 V7",""
"PC026579","HSS-8074212","5ZZ0KQ3","VIHA-PHPCC-Port Hardy Primary Care Centre-Main Building-1st Floor","Port Hardy","Main Building","Room 11","1","VIHATRP20230509-027","06/30/2027","Operational","08/19/2026","","","General Rounding","PH Primary Care Ctr","NTT-Deskside Services-PortHardy-Local","Desktop","Dell OPTIPLEX 7000 MICRO V1",""
"PC078616","HSS-1043848","CF0LPR3","VIHA-PHH-Port Hardy Hospital-Main Building-1st Floor","Port Hardy","Main Building","Room 11 acute care wing","1","REQ1070485-RITM1126443-SCTASK1800418","06/30/2027","Operational","08/11/2026","","","General Rounding","Ambulatory","NTT-Deskside Services-PortHardy-Staffed","Desktop","Dell OPTIPLEX 7000 MICRO V1","HSS-1043848 - Dell Optiplex 7000 Micro w/TYPE-C - i5-12500, 16GB, 512"
"PC026576","HSS-8087943","6TW5724","VIHA-PHPCC-Port Hardy Primary Care Centre-Main Building-1st Floor","Port Hardy","Main Building","Room 12","1","VIHATRP20240624-022","07/31/2028","Operational","08/17/2026","","","General Rounding","Medical Staff Cred and Priv","NTT-Deskside Services-PortHardy-Local","Desktop","Dell OptiPlex Micro Plus 7010 V2",""
"PC021644","HSS-8074209","4L25XP3","VIHA-PHPCC-Port Hardy Primary Care Centre-Main Building-1st Floor","Port Hardy","Main Building","Room 14","1","VIHATRP20230509-024","01/31/2027","Operational","07/23/2026","","","General Rounding","PH Primary Care Ctr","NTT-Deskside Services-PortHardy-Local","Desktop","Dell OPTIPLEX 7000 MICRO V1","Dell Optiplex 7000 Micro w/TYPE-C - i5-12500, 16GB, 512"
"PC026578","HSS-8074223","G5BMPR3","VIHA-PHPCC-Port Hardy Primary Care Centre-Main Building-1st Floor","Port Hardy","Main Building","Room 15","1","VIHATRP20230509-038","06/30/2027","Operational","08/19/2026","","","General Rounding","PH Primary Care Ctr","NTT-Deskside Services-PortHardy-Local","Desktop","Dell OPTIPLEX 7000 MICRO V1",""
"PC022058","HSS-8074224","7WZ0KQ3","VIHA-PHPCC-Port Hardy Primary Care Centre-Main Building-1st Floor","Port Hardy","Main Building","Room 16","1","VIHATRP20230509-039","06/30/2027","Operational","06/24/2026","","","General Rounding","PH Primary Care Ctr","NTT-Deskside Services-PortHardy-Local","Desktop","Dell OPTIPLEX 7000 MICRO V1","LENOVO THINKCENTRE M910q i5-7500T 2.5GHZ"
"PC021652","HSS-8074218","2XZ0KQ3","VIHA-PHPCC-Port Hardy Primary Care Centre-Main Building-1st Floor","Port Hardy","Main Building","Room 2","1","VIHATRP20230509-033","06/30/2027","Operational","08/19/2026","Dymo_Connect_1.4.6.3_Gen_P0 installed and required for Dymo 550 label printer.","","General Rounding","PHC/CDM Pt McNeill","NTT-Deskside Services-PortHardy-Local","Desktop","Dell OPTIPLEX 7000 MICRO V1","Dell OPTIPLEX 7000 MICRO V1"
"PC035265","HSS-8058321","GRG6VH3","VIHA-SHC-Sointula Health Clinic-Main Building-1st Floor","Sointula","Main Building","Room 2","1","VIHATRP20220425-038","08/31/2026","Operational","05/16/2025","","","General Rounding","ACN Mt Waddington Reg Admin","NTT-Deskside Services-PortHardy-Remote","Desktop","Dell OPTIPLEX 7090 MICRO V1",""
"LD066634","HSS-8087929","HLFQCW3","VIHA-PMAPCC-Port McNeill A'ekakila'as Primary Care Centre-Main Building-1st Floor","Port McNeill","Main Building","Room 2","1","VIHATRP20240624-008","07/31/2028","Operational","04/21/2026","","","General Rounding","COV Device Management - PHSA","NTT-Deskside Services-PortHardy-Remote","Laptop","Dell LATITUDE 7440 V7",""
"LD104946","HSS-1110662","J0WHX64","VIHA-PHHC-Port Hardy Health Centre-Main Building-1st Floor","Port Hardy","Main Building","Room 2","1","REQ1700893-RITM1795173-SCTASK2881400","03/31/2029","Operational","07/16/2026","","","General Rounding","PHN PH Public Health Nursing","NTT-Deskside Services-PortHardy-Local","Laptop","Dell LATITUDE 7450 V4",""
"PC021643","HSS-8074207","F3KQQN3","VIHA-PHPCC-Port Hardy Primary Care Centre-Main Building-1st Floor","Port Hardy","Main Building","Room 3","1","VIHATRP20230509-022","01/31/2027","Operational","06/24/2026","","","General Rounding","PHC/CDM Pt McNeill","NTT-Deskside Services-PortHardy-Local","Desktop","Dell OPTIPLEX 7000 MICRO V1","Dell Optiplex 7000 Micro w/TYPE-C - i5-12500, 16GB, 512"
"LD066635","HSS-8087930","398QCW3","VIHA-PMAPCC-Port McNeill A'ekakila'as Primary Care Centre-Main Building-1st Floor","Port McNeill","Main Building","Room 3","1","VIHATRP20240624-009","07/31/2028","Operational","04/21/2026","","","General Rounding","ACV Med Staff Cred and Priv","NTT-Deskside Services-PortHardy-Remote","Laptop","Dell LATITUDE 7440 V7",""
"PC021642","HSS-8074208","FNQ5XP3","VIHA-PHPCC-Port Hardy Primary Care Centre-Main Building-1st Floor","Port Hardy","Main Building","Room 4","1","VIHATRP20230509-023","01/31/2027","Operational","06/24/2026","","","General Rounding","PH Primary Care Ctr","NTT-Deskside Services-PortHardy-Local","Desktop","Dell OPTIPLEX 7000 MICRO V1","Dell Optiplex 7000 Micro w/TYPE-C - i5-12500, 16GB, 512"
"LD100217","HSS-1040580","CH4JLN3","VIHA-PMAPCC-Port McNeill A'ekakila'as Primary Care Centre-Main Building-1st Floor","Port McNeill","Main Building","Room 4","1","REQ0793763-RITM0834020-SCTASK1357664","04/30/2027","Operational","04/21/2026","","","General Rounding","Primary Care","NTT-Deskside Services-PortHardy-Remote","Laptop","Dell LATITUDE 7420 V3",""
"PC021518","HSS-8087944","9JS5724","VIHA-PHPCC-Port Hardy Primary Care Centre-Main Building-1st Floor","Port Hardy","Main Building","Room 5","1","VIHATRP20240624-023","07/31/2028","Operational","08/19/2026","","","General Rounding","Mt Waddington Indig Hlth","NTT-Deskside Services-PortHardy-Local","Desktop","Dell OptiPlex Micro Plus 7010 V2",""
"LD035974","HSS-8098514","PF621KAQ","VIHA-PAH-Port Alice Health Center-Main Building-1st Floor","Port Alice","Main Building","Room 5","1","ISLHTRP20260427-019","06/30/2030","Operational","07/07/2026","","","General Rounding","PAH Emergency/Ambulatory Care","NTT-Deskside Services-PortHardy-Remote","Laptop","LENOVO THINKPAD T14 GEN6 NT FPR 2x1",""
"LD035966","HSS-8093734","8LMTFW3","VIHA-PMHC-Port McNeill Health Centre-Main Building-1st Floor","Port McNeill","Main Building","Room 5","1","ISLHTRP20250609-052","03/31/2029","Operational","04/21/2026","","","General Rounding","PM Public Health Nursing","NTT-Deskside Services-PortHardy-Remote","Laptop","Dell LATITUDE 7450 V4",""
"LD024927","HSS-8087946","49MQCW3","VIHA-PHPCC-Port Hardy Primary Care Centre-Main Building-1st Floor","Port Hardy","Main Building","Room 6","1","VIHATRP20240624-025","07/31/2028","Operational","05/04/2026","","","General Rounding","NVI Port Hardy Primary Care","NTT-Deskside Services-PortHardy-Local","Laptop","Dell LATITUDE 7440 V7",""
"PC035267","HSS-8074244","7YQMPR3","VIHA-PMAPCC-Port McNeill A'ekakila'as Primary Care Centre-Main Building-1st Floor","Port McNeill","Main Building","Room 6","1","VIHATRP20230509-059","06/30/2027","Operational","04/21/2026","","","General Rounding","PHC/CDM Pt McNeill","NTT-Deskside Services-PortHardy-Remote","Desktop","Dell OPTIPLEX 7000 MICRO V1","Dell Optiplex 7000 Micro w/TYPE-C - i5-12500, 16GB, 512"
"LD038223","HSS-8098508","PF621MHV","VIHA-PHPCC-Port Hardy Primary Care Centre-Main Building-1st Floor","Port Hardy","Main Building","Room 7","1","ISLHTRP20260427-013","05/31/2030","Operational","07/23/2026","","","General Rounding","Primary Care","NTT-Deskside Services-PortHardy-Local","Laptop","LENOVO THINKPAD T14 GEN6 NT FPR 2x1",""
"PC064205","HSS-8087924","10C6724","VIHA-PMAPCC-Port McNeill A'ekakila'as Primary Care Centre-Main Building-1st Floor","Port McNeill","Main Building","Room 7","1","VIHATRP20240624-003","07/31/2028","Operational","04/21/2026","","","General Rounding","NVI Port McNeill","NTT-Deskside Services-PortHardy-Remote","Desktop","Dell OptiPlex Micro Plus 7010 V2",""
"PC076689","HSS-8098565","MZ03CFDK","VIHA-PMAPCC-Port McNeill A'ekakila'as Primary Care Centre-Main Building-1st Floor","Port McNeill","Main Building","Room 8","1","ISLHTRP20260504-013","05/31/2030","Operational","","","","General Rounding","Primary Care","NTT-Deskside Services-PortHardy-Remote","Desktop","LENOVO M90q Gen 5 Desktop 512HD",""
"LD085565","HSS-1043339","4M9Z4X3","VIHA-PHPCC-Port Hardy Primary Care Centre-Main Building-1st Floor","Port Hardy","Main Building","Room 8","1","REQ1002333-RITM1054435-SCTASK1708652","08/31/2027","Operational","07/09/2026","","","General Rounding","Primary Health care","NTT-Deskside Services-PortHardy-Local","Laptop","Dell LATITUDE 7430 V1",""
"PC026580","HSS-8087947","6GS5724","VIHA-PHPCC-Port Hardy Primary Care Centre-Main Building-1st Floor","Port Hardy","Main Building","Room 9","1","VIHATRP20240624-026","07/31/2028","Operational","06/24/2026","","","General Rounding","Mt Waddington Indig Hlth","NTT-Deskside Services-PortHardy-Local","Desktop","Dell OptiPlex Micro Plus 7010 V2",""
"PC031987","HSS-8058384","6SDNMH3","VIHA-PMH-Port McNeill Hospital-Main Building-1st Floor","Port McNeill","Admin Trailer","Room to left of entrance HCC","1","VIHATRP20220502-004","08/31/2026","Operational","06/15/2026","","","General Rounding","Home & Community Care","NTT-Deskside Services-PortHardy-Remote","Desktop","Dell OPTIPLEX 7090 MICRO V1",""
"LD042746","HSS-1960764","PC1FCPCJ","VIHA-PMHC-Port McNeill Health Centre-Main Building-1st Floor","Port McNeill","Main building","Room#5","1","","04/30/2023","Operational","02/11/2025","","","General Rounding"," ","NTT-Deskside Services-PortHardy-Remote","Laptop","LENOVO THINKPAD T490S",""
"LD067832","HSS-1046745","9VKVCW3","VIHA-PHPCC-Port Hardy Primary Care Centre-Main Building-1st Floor","Port Hardy","Main Building","Rooms 4 and 8","1","REQ1328222-RITM1400778-SCTASK2250099","06/30/2028","Operational","08/17/2026","","","General Rounding","CSN PH Primary Care Ctr","NTT-Deskside Services-PortHardy-Local","Laptop","Dell LATITUDE 7440 V7",""
"PC072501","HSS-1042255","GK03XP3","VIHA-PMH-Port McNeill Hospital-Main Building-1st Floor","Port McNeill","Main Building","Security Office","1","REQ0841846-RITM0884429-SCTASK1516601","10/31/2026","Operational","06/22/2026","","","General Rounding","Security(By Reception)","NTT-Deskside Services-PortHardy-Remote","Desktop","Dell OPTIPLEX 7000 MICRO V1",""
"PC079094","HSS-1045026","BYV13Z3","VIHA-PMH-Port McNeill Hospital-Main Building-1st Floor","Port McNeill","Main Building","Security Office-Next to Reception","1","REQ1194174-RITM1257654-SCTASK2017769","02/29/2028","Operational","06/22/2026","","","General Rounding","ACV Protection Svcs Admin","NTT-Deskside Services-PortHardy-Remote","Desktop","Dell OptiPlex Micro Plus 7010 V2",""
"LD048265","HSS-8093716","FGMTFW3","VIHA-PHHC-Port Hardy Health Centre-Main Building-1st Floor","Port Hardy","Main Building","Shared","1","ISLHTRP20250609-034","03/31/2029","Operational","02/05/2026","","","General Rounding","Mt Waddington Reg Admin","NTT-Deskside Services-PortHardy-Local","Laptop","Dell LATITUDE 7450 V4",""
"LD048278","HSS-8093714","FFMTFW3","VIHA-PHHC-Port Hardy Health Centre-Main Building-1st Floor","Port Hardy","Main Building","shared","1","ISLHTRP20250609-032","03/31/2029","Operational","07/16/2026","","","General Rounding","Mt Waddington Reg Admin","NTT-Deskside Services-PortHardy-Local","Laptop","Dell LATITUDE 7450 V4",""
"LD027179","HSS-8087958","C8MQCW3","VIHA-PAH-Port Alice Health Center-Main Building-1st Floor","Port Alice","Main Building","Social Work Office","1","VIHATRP20240624-037","07/31/2028","Operational","07/07/2026","","","General Rounding","NVI Primary Care","NTT-Deskside Services-PortHardy-Remote","Laptop","Dell LATITUDE 7440 V7",""
"LD030967","HSS-8087972","5H0TCW3","VIHA-PHH-Port Hardy Hospital-Main Building-1st Floor","Port Hardy","Main Building","Solarium","1","VIHATRP20240624-051","07/31/2028","Operational","08/18/2026","","Moved from Covid CC Feb 13/26 RITM2180238","General Rounding","PHH Combined Medical/Surgical","NTT-Deskside Services-PortHardy-Staffed","Laptop","Dell LATITUDE 7440 V7",""
"LD030245","HSS-8098570","PF61ZSL6","VIHA-PHH-Port Hardy Hospital-Main Building-1st Floor","Port Hardy","Main Building","Solarium","1","ISLHTRP20260504-018","05/31/2030","Operational","07/21/2026","","","General Rounding","PHH Combined Medical/Surgical","NTT-Deskside Services-PortHardy-Staffed","Laptop","LENOVO THINKPAD T14 GEN6 NT FPR 2x1","ThinkPad T14 Gen 6 Intel (14?)"
"LD034722","HSS-8098521","PF620CZX","VIHA-PHH-Port Hardy Hospital-Main Building-1st Floor","Port Hardy","Main Building","Solarium","1","ISLHTRP20260427-026","05/31/2030","Operational","08/13/2026","","","General Rounding","Indigenous Liaison Nurses","NTT-Deskside Services-PortHardy-Staffed","Laptop","LENOVO THINKPAD T14 GEN6 NT FPR 2x1","CUSTOMER OWNED LENOVO THINKPAD T14 GEN6 NT FPR 2x1"
"LD055524","HSS-8093731","JQSTFW3","VIHA-PHH-Port Hardy Hospital-Main Building-1st Floor","Port Hardy","Main Building","Solarium - Shared","1","ISLHTRP20250609-049","03/31/2029","Operational","08/19/2026","","","General Rounding","Indigenous Health NI Adm","NTT-Deskside Services-PortHardy-Staffed","Laptop","Dell LATITUDE 7450 V4",""
"PC060937","HSS-8098586","MZ03FL2X","VIHA-WRH-Woss Rural Health-Main Building-1st Floor","Woss","Main building","TBD","1","ISLHTRP20260504-034","05/31/2030","Operational","","","","General Rounding","Public Health","NTT-Deskside Services-PortHardy-Remote","Desktop","LENOVO M90q Gen 5 Desktop 512HD",""
"AO001005","C011533","C21617M032","VIHA-PHH-Port Hardy Hospital-Main Building-1st Floor","Port Hardy","Main Building","TBD","1","Lease Information Extract - HPFS Tangent","09/30/2024","Operational","06/22/2026","This workstation has been configured to enable Controlled Prescription Printing (CPP) to a dedicated CPP printer. The workstation must be manually mapped in Olympus to print on CPP Printer(s): cpp_rvhslp4","RP3-RJH","Mobile Cart","DI","NTT-Deskside Services-PortHardy-Staffed","All-in-One","Tangent MEDIX T22B V4","S/N C21617M032"
"LD071025","HSS-8098578","PF61ZAH0","VIHA-PHFP-Port Hardy Family Practice-Main Building-1st Floor","Port Hardy","Main Building","TBD","2","ISLHTRP20260504-026","05/31/2030","Operational","","","Above Salvation Army.","General Rounding","SUN Port Hardy Youth Outreach","NTT-Deskside Services-PortHardy-Local","Laptop","LENOVO THINKPAD T14 GEN6 NT FPR 2x1","LENOVO THINKPAD T14 GEN6 NT FPR 2x1"
"LD031574","HSS-8098542","PF61LXDE","VIHA-CICHC-Cormorant Island Community Health Centre-Main Building-1st Floor","Alert Bay","Main Building","TBD","1","ISLHTRP20260504-036","05/31/2030","Operational","08/12/2026","","","General Rounding","ACN NVI Reg Admin","NTT-Deskside Services-PortHardy-Remote","Laptop","LENOVO THINKPAD T14 GEN6 NT FPR 2x1","Changed ownership and location to Sandhya Malanthra as per SCTASK1509730 requested by Rebekka Zagami"
"LD090445","HSS-1045378","D52B9W3","VIHA-PHH-Port Hardy Hospital-Main Building-1st Floor","Port Hardy","Main Building","TBD","1","REQ1217481-RITM1282518-SCTASK2065271","02/29/2028","Operational","07/20/2026","","","General Rounding","ACV Clinical Mentors","NTT-Deskside Services-PortHardy-Staffed","Laptop","DELL LATITUDE 7440 V2",""
"LD060361","HSS-8098518","PF621MJ7","VIHA-PHFP-Port Hardy Family Practice-Main Building-1st Floor","Port Hardy","Main Building","TBD","1","ISLHTRP20260427-023","05/31/2030","Operational","","","","Excluded","MCN Port Hardy Youth Outreach","NTT-Deskside Services-PortHardy-Local","Laptop","LENOVO THINKPAD T14 GEN6 NT FPR 2x1","Laptop + docking station and 2 x 24"" monitors
LENOVO THINKPAD T14 GEN6 NT FPR 2x1"
"LD071010","HSS-8098575","PF61ZQB3","VIHA-PMAPCC-Port McNeill A'ekakila'as Primary Care Centre-Main Building-1st Floor","Port McNeill","Main Building","TBD","1","ISLHTRP20260504-023","05/31/2030","Operational","","","","General Rounding","ACV Med Staff Cred and Priv","NTT-Deskside Services-PortHardy-Remote","Laptop","LENOVO THINKPAD T14 GEN6 NT FPR 2x1",""
"LD021446","HSS-8098560","PF621960","VIHA-PHMHAS-Port Hardy Mental Health & Addiction Services-Main Building-1st Floor","Port Hardy","Main Building","TBD","1","ISLHTRP20260504-008","05/31/2030","Operational","","","","General Rounding","NI ICMT","NTT-Deskside Services-PortHardy-Local","Laptop","LENOVO THINKPAD T14 GEN6 NT FPR 2x1","Dell Lat 7430 i5-1245 58Whr 16GB 512GB 14.0""FHD"
"LD035983","HSS-8098412","PF62199T","VIHA-PHMHAS-Port Hardy Mental Health & Addiction Services-Main Building-1st Floor","Port Hardy","Main Building","TBD","1","ISLHTRP20260504-019","05/31/2030","Operational","","","","General Rounding","Clinical Svc Mt Waddington","NTT-Deskside Services-PortHardy-Local","Laptop","LENOVO THINKPAD T14 GEN6 NT FPR 2x1","LENOVO THINKPAD T14 GEN6 NT FPR 2x1"
"LD035972","HSS-8098567","PF621CJJ","VIHA-PMH-Port McNeill Hospital-Main Building-1st Floor","Port McNeill","Main Building","TBD","1","ISLHTRP20260504-015","05/31/2030","Operational","","","","General Rounding","MCN Clinical Svc NVI","NTT-Deskside Services-PortHardy-Remote","Laptop","LENOVO THINKPAD T14 GEN6 NT FPR 2x1",""
"LD035991","HSS-8098553","PF620HW0","VIHA-PHFP-Port Hardy Family Practice","Port Hardy","Main Building","TBD","1","ISLHTRP20260504-001","05/31/2030","Operational","","","","General Rounding","Youth Addictions Treatment","NTT-Deskside Services-PortHardy-Local","Laptop","LENOVO THINKPAD T14 GEN6 NT FPR 2x1","LENOVO THINKPAD T14 GEN6 NT FPR 2x1"
"LD002767","HSS-8098559","PF621KA1","VIHA-PHMHAS-Port Hardy Mental Health & Addiction Services-Main Building-1st Floor","Port Hardy","Main Building","TBD","1","ISLHTRP20260504-007","05/31/2030","Operational","","","","General Rounding","MCN NVI ACT Team","NTT-Deskside Services-PortHardy-Local","Laptop","LENOVO THINKPAD T14 GEN6 NT FPR 2x1",""
"LD035979","HSS-8098819","PF620NMR","VIHA-PHMHAS-Port Hardy Mental Health & Addiction Services-Main Building-1st Floor","Port Hardy","Main Building","TBD","1","ISLHTRP20260504-021","05/31/2030","Operational","","","","General Rounding","NI ICMT","NTT-Deskside Services-PortHardy-Local","Laptop","LENOVO THINKPAD T14 GEN6 NT FPR 2x1","LENOVO THNKPD T480s i5-8350 1.7GHZ 6MB 1"
"LD035993","HSS-8098541","PF620R2Y","VIHA-CICHC-Cormorant Island Community Health Centre-Main Building-1st Floor","Alert Bay","Main Building","TBD","1","ISLHTRP20260504-035","05/31/2030","Operational","","","","General Rounding","ACN NVI Reg Admin","NTT-Deskside Services-PortHardy-Remote","Laptop","LENOVO THINKPAD T14 GEN6 NT FPR 2x1",""
"LD065365","HSS-8098562","PF621952","VIHA-PHMHAS-Port Hardy Mental Health & Addiction Services-Main Building-1st Floor","Port Hardy","Main Building","TBD","1","ISLHTRP20260504-010","05/31/2030","Operational","","","","General Rounding","MCN Clinical Svc NVI","NTT-Deskside Services-PortHardy-Local","Laptop","LENOVO THINKPAD T14 GEN6 NT FPR 2x1","LENOVO THINKPAD T14 GEN6 NT FPR 2x1"
"LD035992","HSS-8098555","PF620TE2","VIHA-PHFP-Port Hardy Family Practice-Main Building-1st Floor","Port Hardy","Main Building","TBD","2","ISLHTRP20260504-003","05/31/2030","Operational","","","","General Rounding","Port Hardy Youth Outreach","NTT-Deskside Services-PortHardy-Local","Laptop","LENOVO THINKPAD T14 GEN6 NT FPR 2x1","LENOVO THINKPAD T14 GEN6 NT FPR 2x1"
"LD035985","HSS-8098818","PF620NPS","VIHA-PHMHAS-Port Hardy Mental Health & Addiction Services-Main Building-1st Floor","Port Hardy","Main Building","TBD","1","ISLHTRP20260504-020","05/31/2030","Operational","","","","General Rounding","MRS CCH Intensive Outreach Tm","NTT-Deskside Services-PortHardy-Local","Laptop","LENOVO THINKPAD T14 GEN6 NT FPR 2x1",""
"LD060605","HSS-8098554","PF620NPD","VIHA-PHFP-Port Hardy Family Practice-Main Building","Port Hardy","Main Building","TBD","1","ISLHTRP20260504-002","05/31/2030","Operational","","","Local user: Peter Carter","Excluded","7305 Market Street - second floor","NTT-Deskside Services-PortHardy-Local","Laptop","LENOVO THINKPAD T14 GEN6 NT FPR 2x1","Laptop bundle (laptop, docking station + 2 x 24"" monitors)
LENOVO THINKPAD T14 GEN6 NT FPR 2x1"
"LD030960","HSS-8098561","PF620TFL","VIHA-PHMHAS-Port Hardy Mental Health & Addiction Services-Main Building-1st Floor","Port Hardy","Main Building","TBT","1","ISLHTRP20260504-009","05/31/2030","Operational","","","","General Rounding","ACN NVI Rural&Remote Svcs Adm","NTT-Deskside Services-PortHardy-Local","Laptop","LENOVO THINKPAD T14 GEN6 NT FPR 2x1",""
"PC030247","HSS-8087957","J746724","VIHA-PAH-Port Alice Health Center-Main Building-1st Floor","Port Alice","Main Building","Telehealth Room","1","VIHATRP20240624-036","07/31/2028","Operational","07/07/2026","","","General Rounding","Medical Staff Contracts","NTT-Deskside Services-PortHardy-Remote","Desktop","Dell OptiPlex Micro Plus 7010 V2",""
"LD080745","HSS-1042902","CB6LTV3","VIHA-PMH-Port McNeill Hospital-Main Building-1st Floor","Port McNeill","Main Building","Telehealth room","1","REQ0975161-RITM1025779-SCTASK1632115","07/31/2026","Operational","09/16/2025","","","General Rounding","'-","NTT-Deskside Services-PortHardy-Remote","Laptop","Dell LATITUDE 7430 V1",""
"LD030962","HSS-8074241","F6SSQV3","VIHA-PMH-Port McNeill Hospital-Main Building-1st Floor","Port McNeill","Main Building","Telehealth room","1","VIHATRP20230509-056","07/31/2026","Operational","04/21/2026","","","General Rounding","Scheduling Services Admin","NTT-Deskside Services-PortHardy-Remote","Laptop","Dell LATITUDE 7430 V1",""
"PC047062","HSS-8087967","JP76724","VIHA-PHH-Port Hardy Hospital-Main Building-1st Floor","Port Hardy","Main Building","Trauma Room","1","VIHATRP20240624-046","07/31/2028","Operational","08/24/2026","","","Critical Clinical","Device Acquisition","NTT-Deskside Services-PortHardy-Staffed","Desktop","Dell OptiPlex Micro Plus 7010 V2",""
"PC031993","HSS-8074238","JKWKPR3","VIHA-PMH-Port McNeill Hospital-Main Building-1st Floor","Port McNeill","Main Building","Trauma Room","1","VIHATRP20230509-053","06/30/2027","Operational","07/06/2026","Please NOTE that the following software applications are incompatible with the Cerner 724 Downtime application:
-Downtime Patient Index (DTPI)
-Dragon Medical One Extensions (DMO)
-Imprivata OneSign Software/Card Reader (Tap In/Out)
-Inteleviewer (Medical Imaging)

If the software is requested to be installed, the Incident or Request should be assigned to the ""VIHA-Client Experience"" assignment group so the request can be evaluated.","ED-PMH","Critical Clinical","Combined Medical/Surgical","NTT-Deskside Services-PortHardy-Remote","Desktop","Dell OPTIPLEX 7000 MICRO V1","Dell Optiplex 7000 Micro w/TYPE-C - i5-12500, 16GB, 512"
"PC034006","HSS-8026811","JJC6VH3","VIHA-SHC-Sointula Health Clinic-Main Building-1st Floor","Sointula","Main Building","TV","1","VIHATRP20220221-031","08/31/2026","Operational","05/16/2025","Suspect PC034751 (this entry) was created in error as this serial number JJC6VH3 is Online at SHC under PC034006. This appears to have been confused with PC034751DUP / 	MJ065N0J / HSS-8010546 which is at RJH with Sandra Mondor. I have renamed to the correct Host Name PC034006.","","General Rounding"," ","NTT-Deskside Services-PortHardy-Remote","Desktop","Dell OPTIPLEX 7090 MICRO V1",""
"PC076200","HSS-8087961","FP76724","VIHA-PHH-Port Hardy Hospital-Main Building-1st Floor","Port Hardy","Main Building","Ultrasound","1","VIHATRP20240624-040","07/31/2028","Operational","08/24/2026","","","Critical Clinical","NI Medical Imaging","NTT-Deskside Services-PortHardy-Staffed","Desktop","Dell OptiPlex Micro Plus 7010 V2",""
"PC037392","HSS-8074188","7S33XP3","VIHA-PHFP-Port Hardy Family Practice-Main Building-1st Floor","Port Hardy","Main Building","Unit A (Center for Hope)","2","VIHATRP20230509-003","01/31/2027","Operational","03/04/2024","","","General Rounding","PH Public Health Nursing","NTT-Deskside Services-PortHardy-Local","Desktop","Dell OPTIPLEX 7000 MICRO V1","Dell Optiplex 7000 Micro w/TYPE-C - i5-12500, 16GB, 512"
"LD1000529","HSS-8098581","PF61M0S4","VIHA-PMH-Port McNeill Hospital-Main Building-1st Floor","Port McNeill","Main Building","Unknown","1","ISLHTRP20260504-029","05/31/2030","Operational","","","","General Rounding","Clinical Nutrition","NTT-Deskside Services-PortHardy-Remote","Laptop","LENOVO THINKPAD T14 GEN6 NT FPR 2x1","CUSTOMER OWNED LENOVO THINKPAD T470s i5-"
"PC024299","HSS-1952968","MJ0531K3","VIHA-KYU-Kyuquot Health Centre-Main Building-1st Floor","Kyuquot","Main Building","UNKNOWN","1","","06/30/2020","Operational","","","","General Rounding","Information Management/Information Technology (IM/IT)","NTT-Deskside Services-PortHardy-Remote","Desktop","LENOVO THINKCENTRE M900",""
"LD065284","HSS-8098505","PF620R22","VIHA-PHH-Port Hardy Hospital-Main Building-1st Floor","Port Hardy","Main Building","Variable","1","ISLHTRP20260427-010","05/31/2030","Operational","06/15/2026","","FWL","General Rounding","CSN NVI ADP","NTT-Deskside Services-PortHardy-Staffed","Laptop","LENOVO THINKPAD T14 GEN6 NT FPR 2x1",""
"LD048246","HSS-1967561","FS4DP73","VIHA-PHHC-Port Hardy Health Centre","Port Hardy","","West Block 56","","COVID19W-07-0055","06/30/2025","Operational","","","","Excluded","","NTT-Deskside Services-PortHardy-Local","Laptop","Dell LATITUDE 7410 V1",""
"LD085679","HSS-1044769","40M1QV3","VIHA-PMH-Port McNeill Hospital-Main Building-1st Floor","Port McNeill","Admin Trailer","WFH","1","REQ1155659-RITM1216786-SCTASK1948063","12/31/2027","Operational","02/24/2026","","","Excluded","COV Agency Coordination","NTT-Deskside Services-PortHardy-Remote","Laptop","DELL LATITUDE 7440 V2",""
"LD045957","HSS-8085346","9N3YCW3","VIHA-PHH-Port Hardy Hospital-Main Building-1st Floor","Port Hardy","Main Building","WFH","1","VIHATRP20240408-101","05/31/2028","Operational","04/24/2026","","","Excluded","ACS Lab Quality Management","NTT-Deskside Services-PortHardy-Staffed","Laptop","Dell LATITUDE 7440 V7",""
"LD091562","HSS-1048390","57L2WH3","VIHA-PHMHAS-Port Hardy Mental Health & Addiction Services-Main Building-1st Floor","Port Hardy","Main Building","WFH","1","REQ1525321-RITM1609140-SCTASK2584162","12/31/2028","Operational","","","","Excluded","WFH","NTT-Deskside Services-PortHardy-Local","Laptop","Dell LATITUDE 7450 V4",""
"LD039572","HSS-8098585","PF62GFFC","VIHA-PMH-Port McNeill Hospital-Main Building-1st Floor","Port McNeill","Main Building","WFH","1","ISLHTRP20260504-033","05/31/2030","Operational","05/07/2026","","Temp Loaner to Ian Wood for Catherine Green until ordered laptop arrives. November 29/2024","Excluded","Public Health","NTT-Deskside Services-PortHardy-Remote","Laptop","LENOVO THINKPAD T14 GEN6 NT FPR 2x1",""
"LD066334","HSS-8087931","9PKPCW3","VIHA-PMH-Port McNeill Hospital-Main Building-1st Floor","Port McNeill","Main Building","WFH","1","VIHATRP20240624-010","07/31/2028","Operational","02/19/2026","","","Excluded","NVI Home & Comm Care","NTT-Deskside Services-PortHardy-Remote","Laptop","Dell LATITUDE 7440 V7",""
"LD080550","HSS-1042061","91DWDK3","VIHA-PHPCC-Port Hardy Primary Care Centre-Main Building-1st Floor","Port Hardy","Main Building","WFH","1","REQ0881161-RITM0926178-SCTASK1493650","05/31/2027","Operational","08/16/2023","","","Excluded","COV Talent Experience","NTT-Deskside Services-PortHardy-Local","Laptop","Dell LATITUDE 7430 V1",""
"LD040992","HSS-8087932","H68QCW3","VIHA-PMH-Port McNeill Hospital-Main Building-1st Floor","Port McNeill","Main Building","WFH","1st Floor","VIHATRP20240624-011","07/31/2028","Operational","","","","Excluded","Workforce Optimization","NTT-Deskside Services-PortHardy-Remote","Laptop","Dell LATITUDE 7440 V7",""
"LD068604","HSS-1048335","JMD2WH3","VIHA-PMH-Port McNeill Hospital-Main Building-1st Floor","Port McNeill","Admin trailer","WFH","1","REQ1516362-RITM1599685-SCTASK2571328","11/30/2028","Operational","04/16/2026","","","Excluded","MCN Clinical Svc NVI","NTT-Deskside Services-PortHardy-Remote","Laptop","Dell LATITUDE 7450 V4",""
"LD061442","HSS-8098493","PF620FC3","VIHA-PHH-Port Hardy Hospital-Main Building-1st Floor","Port Hardy","Main Building","WFH","1","ISLHTRP20260427-051","05/31/2030","Operational","","","","Excluded","ACN NVI Rural&Remote Svcs Adm","NTT-Deskside Services-PortHardy-Staffed","Laptop","LENOVO THINKPAD T14 GEN6 NT FPR 2x1",""
"LD035388","HSS-8090978","FG62WH3","VIHA-PMH-Port McNeill Hospital-Main Building-1st Floor","Port McNeill","Main Building","WFH","1","VIHATRP20241007-092","10/31/2028","Operational","02/24/2026","","","Excluded","LR Specialists","NTT-Deskside Services-PortHardy-Remote","Laptop","Dell LATITUDE 7450 V4",""
"LD059374","HSS-8098496","PF621K8L","VIHA-PAH-Port Alice Health Center-Main Building-1st Floor","Port Alice","Main Building","WFH","1","ISLHTRP20260427-001","05/31/2030","Operational","","","Laptop is in Rm 300 MDO but will be for home use.","General Rounding","COV HR Team 3","NTT-Deskside Services-PortHardy-Remote","Laptop","LENOVO THINKPAD T14 GEN6 NT FPR 2x1","Laptop is in Rm 300 MDO"
"LD057561","HSS-1030511","73GM7G3","VIHA-PHH-Port Hardy Hospital-Main Building-1st Floor","Port Hardy","Main Building","WFH","1","REQ0363034-RITM0380295-SCTASK0613014","01/31/2026","Operational","04/27/2026","April 27/2026 Assigned to Lydia Neubauer and Operational, Lydea picked up the rest of the bundle.","","Excluded","CCN Home Support Admin","NTT-Deskside Services-PortHardy-Staffed","Laptop","Dell LATITUDE 7420 V3","16Apr2024 - Shipped from CRG to PHH via RITM1375783, Shiplink 18854, Purolator 334663308818
17Apr2024 - Received at PHH
14Oct2025 - Reimaged to Win11"
"LD066636","HSS-8087950","778QCW3","VIHA-PHPCC-Port Hardy Primary Care Centre-Main Building-1st Floor","Port Hardy","Main Building","With Dr","1","VIHATRP20240624-029","07/31/2028","Operational","06/26/2026","This device goes home with Dr","","Excluded","Primary care","NTT-Deskside Services-PortHardy-Local","Laptop","Dell LATITUDE 7440 V7",""
"LD045866","HSS-8087960","BM5TCW3","VIHA-PHH-Port Hardy Hospital","Port Hardy","Main Building","Work From Home","1st Floor","VIHATRP20240624-039","07/31/2028","Operational","10/02/2024","","","Excluded","Clinical Risk Management","NTT-Deskside Services-PortHardy-Staffed","Laptop","Dell LATITUDE 7440 V7",""
"PC047881","HSS-8098512","MZ03CFDM","VIHA-PAH-Port Alice Health Center-Main Building-1st Floor","Port Alice","Main Building","XRAY","1","ISLHTRP20260427-017","06/30/2030","Operational","","","","Excluded","Medical imaging","NTT-Deskside Services-PortHardy-Remote","Desktop","LENOVO M90q Gen 5 Desktop 512HD","Both monitors removed and shipped to Gold River August 20,25"
"PC067140","HSS-8080289","9W9VPR3","VIHA-PMH-Port McNeill Hospital-Main Building-1st Floor","Port McNeill","Main Building","Xray (Back of Lab - Window)","1st Floor","VIHATRP20231106-105","06/30/2027","Operational","07/28/2026","","","General Rounding","PMH Lab","NTT-Deskside Services-PortHardy-Remote","Desktop","Dell OPTIPLEX 7000 MICRO V1","Dell OPTIPLEX 7000 MICRO V1"
"PC047071","HSS-8098511","MZ03CFDW","VIHA-PMH-Port McNeill Hospital-Main Building-1st Floor","Port McNeill","Main Building","Xray (Beside Front Desk)","1","ISLHTRP20260427-016","05/31/2030","Operational","06/15/2026","","","General Rounding","Medical Imaging","NTT-Deskside Services-PortHardy-Remote","Desktop","LENOVO M90q Gen 5 Desktop 512HD",""
"PC030105","HSS-8074239","HWZ0KQ3","VIHA-PMH-Port McNeill Hospital-Main Building-1st Floor","Port McNeill","Main Building","Xray (Front Desk)","1","VIHATRP20230509-054","06/30/2027","Operational","06/01/2026","","","General Rounding","X-Ray","NTT-Deskside Services-PortHardy-Remote","Desktop","Dell OPTIPLEX 7000 MICRO V1",""
"PC047853","HSS-8058289","B75F2G3","VIHA-PHH-Port Hardy Hospital-Main Building-1st Floor","Port Hardy","Main Building","XRAY (Tech Room)","1","VIHATRP20220425-006","09/30/2026","Operational","08/17/2026","","","General Rounding","Medical Imaging","NTT-Deskside Services-PortHardy-Staffed","Desktop","Dell OPTIPLEX 7090 MICRO V1","HSS-8058289 - Dell OPTIPLEX 7090"
"PC047075","HSS-8058290","B9TD2G3","VIHA-PHH-Port Hardy Hospital-Main Building-1st Floor","Port Hardy","Main Building","XRAY Back desk","1","VIHATRP20220425-007","09/30/2026","Operational","08/18/2026","","Belongs to Home & Community","General Rounding","Medical Imaging","NTT-Deskside Services-PortHardy-Staffed","Desktop","Dell OPTIPLEX 7090 MICRO V1",""
"PC031991","HSS-8074243","FLWKPR3","VIHA-PMH-Port McNeill Hospital-Main Building-1st Floor","Port McNeill","Main Building","XRAY LAB (Hematology bench top computer)","1","VIHATRP20230509-058","06/30/2027","Operational","07/28/2026","","","General Rounding","Medical Imag Site Admin","NTT-Deskside Services-PortHardy-Remote","Desktop","Dell OPTIPLEX 7000 MICRO V1","Dell Optiplex 7000 Micro w/TYPE-C - i5-12500, 16GB, 512"
"PC047067","HSS-8098507","MZ034L5J","VIHA-PHH-Port Hardy Hospital-Main Building-1st Floor","Port Hardy","Main Building","XRAY main","1","ISLHTRP20260427-012","04/30/2030","Operational","08/24/2026","","","Critical Clinical","Medical Imaging","NTT-Deskside Services-PortHardy-Staffed","Desktop","LENOVO M90q Gen 5 Desktop 512HD","LENOVO M90q Gen 5 Desktop 512HD"
"LD032213","HSS-8098531","PF620HWJ","VIHA-PHH-Port Hardy Hospital-Main Building-1st Floor","Port Hardy","Main Building","Yellow room","1","ISLHTRP20260427-036","05/31/2030","Operational","08/13/2026","","","General Rounding","ACN NVI Reg Admin","NTT-Deskside Services-PortHardy-Staffed","Laptop","LENOVO THINKPAD T14 GEN6 NT FPR 2x1","LENOVO THINKPAD T14 GEN6 NT FPR 2x1"
"LD101840","HSS-1046040","3Z1WCW3","VIHA-PHH-Port Hardy Hospital-Main Building-1st Floor","Port Hardy","Main Building","Yellow Room-ERM","1","REQ1263620-RITM1332185-SCTASK2135702","04/30/2028","Operational","07/06/2026","","","General Rounding","Admin","NTT-Deskside Services-PortHardy-Staffed","Laptop","Dell LATITUDE 7440 V7",""
