"SlNo","Asset Tag"
"4368","HSS-8027545"
"249598","HSS-8091864"
"83573","HSS-8074884"
"288497","HSS-8099467"
"133473","HSS-8025746"
"288368","HSS-8099479"
"249806","HSS-8091367"
"35164","HSS-8027744"
"288396","HSS-8099481"
"235169","HSS-8093774"
"53938","C003147"
"6415","C003180"
"240336","HSS-8085582"
"256420","HSS-8093007"
"248202","HSS-8090195"
"240333","HSS-8085566"
"270902","HSS-8097286"
"236489","HSS-8087484"
"64374","HSS-8064831"
"117424","HSS-8066620"
"235405","HSS-8090192"
"235396","HSS-8090181"
"238061","HSS-8093046"
"45504","HSS-8079336"
"266161","HSS-1110586"
"253909","HSS-8092078"
"44819","HSS-1964322"
"106918","HSS-8025031"
"240331","HSS-8085558"
"285225","HSS-8097843"
"249826","HSS-8091374"
"270710","HSS-8096973"
"64630","HSS-1990596"
"288108","HSS-8099478"
"270941","HSS-8097275"
"267115","HSS-8096975"
"248219","HSS-8090200"
"249565","HSS-8091373"
"22133","HSS-8074726"
"254083","HSS-8092076"
"230885","HSS-8085603"
"270570","HSS-8096440"
"270824","HSS-8096977"
"270805","HSS-8096438"
"247755","HSS-8091050"
"178056","HSS-8018644"
"64665","HSS-8068898"
"191911","HSS-8027531"
"290085","HSS-8098643"
"9507","HSS-8064833"
"253918","HSS-8092081"
"88809","HSS-8064834"
"256357","HSS-8093775"
"13565","HSS-8064832"
"178062","HSS-1040933"
"246025","HSS-8089571"
"282247","HSS-8097530"
"234017","HSS-8086202"
"285349","HSS-8098477"
"278409","HSS-8096624"
"122674","HSS-8078456"
"257876","HSS-8092778"
"15459","HSS-8074891"
"247797","HSS-8090746"
"236882","HSS-8087506"
"92803","HSS-8059185"
"131502","C003278"
"285214","HSS-8097844"
"288121","HSS-8100319"
"311891","HSS-8099462"
"230661","HSS-8085612"
"257630","HSS-8093777"
"230744","HSS-8085618"
"283102","HSS-8099498"
"271050","HSS-8097851"
"247099","HSS-8090752"
"290041","HSS-8098653"
"288422","HSS-8100311"
"288392","HSS-8100316"
"37152","HSS-8068905"
"261758","HSS-8096138"
"270765","HSS-8097303"
"39112","HSS-8059181"
"182434","C003153"
"249543","HSS-8090781"
"96847","HSS-8059162"
"288194","HSS-8100315"
"247027","HSS-8090757"
"288493","HSS-8100307"
"230656","HSS-8085594"
"154771","C003154"
"267214","HSS-8096145"
"145267","HSS-8026134"
"288412","HSS-8100310"
"55772","HSS-8074889"
"115579","C003152"
"237599","HSS-8087491"
"285341","HSS-8097845"
"192271","C003158"
"288136","HSS-8099209"
"249835","HSS-8091382"
"281866","HSS-8097848"
"45294","HSS-8059165"
"62836","HSS-8059190"
"261776","HSS-8096146"
"256417","HSS-1110710"
"84938","C003155"
"190669","HSS-8069796"
"270728","HSS-8098137"
"270738","HSS-8098136"
"187155","HSS-8059145"
"41142","HSS-8059184"
"142700","C003156"
"273484","HSS-8095366"
"43474","HSS-8074252"
"28015","HSS-8074251"
"249545","HSS-8091051"
"285138","HSS-8097458"
"120618","HSS-8074768"
"2061","HSS-8074877"
"288174","HSS-8099460"
"249842","HSS-8091365"
"230960","HSS-8085567"
"248211","HSS-8090187"
"247814","HSS-8091047"
"248089","HSS-8090186"
"188212","HSS-8072899"
"231094","HSS-8085587"
"235659","HSS-8087482"
"231089","HSS-8085595"
"86423","HSS-8064817"
"144602","HSS-8068900"
"288094","HSS-8099466"
"248087","HSS-8090179"
"231028","HSS-8085572"
"233274","HSS-8094103"
"288245","HSS-8100128"
"288210","HSS-8100126"
"288252","HSS-8099167"
"270666","HSS-8098479"
"272646","HSS-8095796"
"45660","HSS-8068772"
"32630","HSS-8023416"
"236896","HSS-1046532"
"236966","HSS-1046522"
"234512","HSS-8086192"
"234518","HSS-8086186"
"121240","HSS-8078472"
"121627","HSS-8068779"
"150142","HSS-1044217"
"107358","HSS-8078471"
"106491","HSS-8078457"
"140822","HSS-8068774"
"64500","HSS-8078458"
"95224","HSS-1040985"
"285340","HSS-8097517"
"74101","HSS-8078499"
"102302","HSS-8068780"
"102805","HSS-8078493"
"117813","HSS-8068753"
"148983","HSS-8078492"
"158463","HSS-8068782"
"159803","HSS-8058620"
"71087","HSS-8073666"
"226670","HSS-8086171"
"233247","HSS-8094094"
"294437","HSS-8099170"
"233235","HSS-8094093"
"233240","HSS-8094107"
"234503","HSS-8086166"
"233229","HSS-8094104"
"233230","HSS-8094102"
"192203","HSS-8073637"
"181402","HSS-8078484"
"225306","HSS-8086177"
"234525","HSS-8086170"
"235227","HSS-8086168"
"288398","HSS-8100159"
"288583","HSS-8100156"
"288588","HSS-8100151"
"288593","HSS-8100149"
"288278","HSS-8100157"
"288575","HSS-8100130"
"288410","HSS-8099160"
"175713","HSS-8025809"
"269264","HSS-8096249"
"288271","HSS-8100140"
"247115","HSS-8089580"
"247136","HSS-8089573"
"288354","HSS-8099168"
"288367","HSS-8099177"
"144508","HSS-8078476"
"143394","HSS-8068783"
"38893","HSS-8025814"
"52223","HSS-8078503"
"52228","HSS-8078480"
"53042","HSS-8073636"
"235213","HSS-8086183"
"270690","HSS-8098481"
"288176","HSS-8100155"
"283094","HSS-8100146"
"283049","HSS-8100377"
"314870","HSS-8100141"
"314893","HSS-8100142"
"314888","HSS-8100143"
"288454","HSS-8100127"
"288455","HSS-8099159"
"270912","HSS-8098480"
"270849","HSS-8098482"
"269127","HSS-8096255"
"269196","HSS-8096248"
"34971","HSS-8068754"
"35986","HSS-8073638"
"49269","HSS-8078465"
"51178","HSS-8025801"
"123473","HSS-8078494"
"125335","HSS-8078464"
"171574","HSS-8058591"
"93269","HSS-8073673"
"234527","HSS-8086193"
"313292","HSS-8100154"
"235214","HSS-8086174"
"261747","HSS-8092848"
"244790","HSS-8091044"
"261826","HSS-8092845"
"261769","HSS-8092843"
"172601","HSS-8078489"
"283098","HSS-8100137"
"288097","HSS-8099158"
"188936","HSS-8079394"
"133037","HSS-8078481"
"234709","HSS-8086622"
"225309","HSS-8082609"
"28020","HSS-8074220"
"36926","HSS-8074211"
"89113","HSS-1043848"
"256760","HSS-8093999"
"194297","HSS-1042979"
"237160","HSS-8087969"
"115882","HSS-8058301"
"62010","HSS-8058308"
"236410","HSS-8087967"
"237275","HSS-8087965"
"192996","HSS-8058311"
"286790","HSS-8098529"
"21393","HSS-8058310"
"201995","HSS-8080846"
"88059","HSS-8058300"
"621","HSS-8074195"
"237579","HSS-8087966"
"235800","HSS-8087961"
"285387","HSS-8098507"
"280273","HSS-1112981"
"227695","HSS-8093854"
"244822","HSS-8090947"
"235313","HSS-8093373"
"230854","HSS-8086390"
"241748","HSS-8087029"
"201618","HSS-1988755"
"254234","HSS-8092311"
"136750","HSS-8081651"
"6666","HSS-8027184"
"152928","HSS-8060633"
"182901","HSS-8027185"
"288285","HSS-8100206"
"75070","HSS-8077646"
"245530","HSS-8089167"
"288081","HSS-8099567"
"288564","HSS-8099564"
"288087","HSS-8099566"
"247052","HSS-8089399"
"4377","HSS-8081649"
"288137","HSS-8099568"
"287571","HSS-8098694"
"288512","HSS-8099146"
"282184","HSS-8097954"
"40951","HSS-8077644"
"66188","HSS-8077645"
"228167","HSS-8094035"
"91649","HSS-8081647"
"137395","HSS-8077641"
"237337","HSS-8087251"
"83519","HSS-8081653"
"38532","HSS-8078357"
"97107","HSS-8078356"
"157192","HSS-8078359"
"167105","HSS-8078355"
"243476","HSS-8093496"
"233147","HSS-8094908"
"283106","HSS-8099368"
"280241","HSS-8098278"
"280100","HSS-8098281"
"244569","HSS-8090597"
"230903","HSS-8086992"
"283146","HSS-8099372"
"258287","HSS-8091780"
"11569","HSS-8076411"
"232005","HSS-8083638"
"98684","HSS-8078951"
"241732","HSS-8086791"
"89600","HSS-8074893"
"267365","HSS-8096139"
"101384","HSS-1042472"
"270917","HSS-8097296"
"33064","HSS-8070651"
"199619","HSS-8080302"
"245472","HSS-8089284"
"230232","HSS-8085018"
"189006","HSS-8080299"
"124193","HSS-8065465"
"271002","HSS-8097304"
"266942","HSS-8096413"
"229257","HSS-8093572"
"131125","HSS-8078950"
"174452","HSS-8078956"
"230932","HSS-8093567"
"244750","HSS-8089530"
"198687","HSS-8078892"
"143079","HSS-8026141"
"288306","HSS-8099492"
"288544","HSS-8099473"
"111523","C003169"
"203962","HSS-8070650"
"207048","HSS-8070606"
"230893","HSS-8083139"
"235323","HSS-8093569"
"227721","HSS-8093585"
"68202","HSS-8074894"
"249750","HSS-8091870"
"228394","HSS-8093573"
"244567","HSS-8089540"
"95391","HSS-1038974"
"47537","HSS-8060268"
"43306","HSS-8070632"
"72872","HSS-8074895"
"245465","HSS-8089283"
"266968","HSS-8096420"
"137672","HSS-8064844"
"230109","HSS-8085017"
"270811","HSS-8097298"
"79195","C003172"
"270926","HSS-8097301"
"267363","HSS-8096418"
"23994","C003171"
"257138","HSS-8094948"
"288229","HSS-8100325"
"270653","HSS-8097297"
"19590","HSS-8070636"
"35197","HSS-8070610"
"183018","HSS-1985499"
"10242","HSS-8070631"
"47427","HSS-8070633"
"46399","HSS-8065464"
"142215","HSS-8078937"
"103922","HSS-8024930"
"21837","HSS-8070637"
"166070","HSS-8065463"
"103603","HSS-8070611"
"82517","HSS-8078936"
"238465","HSS-1998340"
"247058","HSS-8089538"
"178226","HSS-8065468"
"116042","HSS-8070625"
"207178","HSS-8065467"
"168719","HSS-8070641"
"13135","HSS-8078948"
"144114","HSS-1037425"
"147603","HSS-8070644"
"267145","HSS-8096424"
"267022","HSS-8096150"
"270715","HSS-8097300"
"200853","HSS-8078889"
"160245","HSS-1985099"
"66166","HSS-8027538"
"281878","HSS-8097868"
"273261","HSS-8094950"
"288107","HSS-8099471"
"245457","HSS-1047562"
"288432","HSS-8099491"
"254262","HSS-8092387"
"261803","HSS-8096000"
"267305","HSS-8096147"
"267265","HSS-8096416"
"266875","HSS-8096411"
"279025","HSS-8096695"
"285178","HSS-8098028"
"277992","HSS-8096680"
"277973","HSS-8096676"
"261748","HSS-8096001"
"277935","HSS-8096685"
"277987","HSS-8096684"
"271023","HSS-8097850"
"17570","C003170"
"270661","HSS-8097299"
"257207","HSS-8094951"
"245466","HSS-8089285"
"154676","HSS-8079853"
"231120","HSS-8086967"
"106502","HSS-8079852"
"244764","HSS-8089503"
"126707","HSS-8079840"
"196992","HSS-8073706"
"110617","HSS-8079842"
"181456","HSS-8079849"
"146500","HSS-8057931"
"312607","HSS-8099724"
"123613","HSS-8061471"
"103800","HSS-8061475"
"282161","HSS-8097874"
"116667","HSS-8061469"
"149391","HSS-8061472"
"143835","HSS-8061473"
"157985","HSS-8061476"
"261760","HSS-8095995"
"270896","HSS-8096428"
"270796","HSS-8097838"
"283037","HSS-8099495"
"229371","HSS-1045302"
"134647","HSS-8074732"
"140182","HSS-8068263"
"36595","HSS-1041691"
"27965","HSS-8066618"
"112418","HSS-8072896"
"119616","HSS-8066609"
"149288","HSS-8068903"
"111783","HSS-8068899"
"62594","HSS-8066613"
"230925","HSS-1045661"
"266856","HSS-8096389"
"183916","HSS-8074771"
"261739","HSS-8096388"
"266843","HSS-8096393"
"84870","HSS-8079841"
"235292","HSS-8093302"
"235295","HSS-8093300"
"271055","HSS-8097280"
"267123","HSS-8096390"
"270916","HSS-8097281"
"67783","HSS-8026130"
"267012","HSS-8096386"
"280466","HSS-8098646"
"289985","HSS-8098644"
"270794","HSS-8097842"
"270842","HSS-8096430"
"266918","HSS-8096414"
"146935","HSS-1039633"
"270933","HSS-8096987"
"109776","HSS-8079838"
"147728","HSS-8061727"
"33067","HSS-8061731"
"2786","HSS-8068518"
"66825","HSS-1992509"
"89758","HSS-8077607"
"18702","HSS-8077604"
"124295","HSS-1992511"
"249550","HSS-8091289"
"234712","HSS-1046910"
"73403","HSS-8077606"
"175065","HSS-1992513"
"106526","HSS-8077600"
"168538","HSS-8077609"
"14085","HSS-8081675"
"193430","HSS-1990615"
"84487","HSS-1038959"
"293779","HSS-8098566"
"118389","HSS-8074238"
"261778","HSS-8095370"
"138721","HSS-8074240"
"92300","HSS-8080289"
"293275","HSS-8098496"
"62837","HSS-1992510"
"273195","HSS-8095215"
"249542","HSS-8091288"
"277823","HSS-8096562"
"248253","HSS-8090288"
"183779","HSS-8077612"
"112619","HSS-8077603"
"197532","HSS-8068519"
"204352","HSS-8070363"
"100813","HSS-1039290"
"96110","HSS-8077608"
"278342","HSS-8096569"
"287605","HSS-8098716"
"249874","HSS-8091290"
"248286","HSS-8090447"
"51892","HSS-8074426"
"225181","HSS-1045472"
"64573","HSS-8071513"
"169134","HSS-1036752"
"126138","HSS-1043959"
"287835","HSS-8098622"
"237843","HSS-8088703"
"80244","HSS-8079871"
"124315","HSS-8079869"
"98516","HSS-1040153"
"280971","HSS-8096796"
"312530","HSS-8099760"
"8026","HSS-8067086"
"75886","HSS-8062347"
"124842","HSS-8079828"
"58690","HSS-8060957"
"229713","HSS-1045832"
"231079","HSS-8083700"
"273463","HSS-8095632"
"96713","HSS-1038908"
"288185",""
"257112","HSS-1111524"
"249861","HSS-8091140"
"249828","HSS-8091134"
"247761","HSS-8090020"
"244252","HSS-8089002"
"245316","HSS-8089031"
"243947","HSS-8089019"
"254253","HSS-1110079"
"249830","HSS-8091142"
"249821","HSS-8091242"
"254229","HSS-1110080"
"272229","HSS-1111330"
"237716","HSS-8087014"
"100956","HSS-1038395"
"256376","HSS-1110756"
"249597","HSS-8091765"
"15153","HSS-1038585"
"33740","HSS-1038584"
"118637","HSS-8071484"
"227391","HSS-8083671"
"31173","HSS-8072758"
"257212","HSS-8095038"
"288535","HSS-8099570"
"245536","HSS-8089140"
"35894","HSS-8070109"
"271056","HSS-8097055"
"46722","HSS-8058160"
"236662","HSS-8088463"
"159659","HSS-8058154"
"204485","HSS-8058161"
"41041","HSS-8058153"
"161180","HSS-8058146"
"57599","HSS-8058172"
"112474","HSS-8058142"
"130374","HSS-8058171"
"52438","HSS-8058147"
"137724","HSS-8058173"
"43012","HSS-8058176"
"132567","HSS-8058144"
"187687","HSS-8058174"
"226666","HSS-8084316"
"682","HSS-8083352"
"235419","HSS-8088847"
"25933","HSS-8081088"
"61046","HSS-8068490"
"113042","HSS-8070089"
"177187","HSS-8069526"
"148427","HSS-8072760"
"249884","HSS-8091272"
"120102","HSS-1992436"
"59307","HSS-1992440"
"184561","HSS-1992441"
"147996","HSS-1992443"
"86053","HSS-8074631"
"147013","HSS-8081173"
"69643","HSS-8076102"
"193901","HSS-8060259"
"249570","HSS-8091682"
"114223","HSS-8076123"
"33840","HSS-8076107"
"29993","HSS-8060280"
"102272","HSS-8060283"
"254241","HSS-1110430"
"201108","HSS-8060282"
"197473","HSS-8074633"
"118306","HSS-8074632"
"21690","HSS-8074457"
"168251","HSS-8060285"
"66282","HSS-8058145"
"63200","HSS-8076111"
"68295","HSS-8060271"
"64137","HSS-8081170"
"227728","HSS-8094120"
"92239","HSS-8078314"
"156355","HSS-8078315"
"158096","HSS-8074465"
"202108","HSS-8076103"
"73944","HSS-8059935"
"117967","HSS-8059934"
"81597","HSS-8058138"
"157950","HSS-8058141"
"166297","HSS-8058030"
"93827","HSS-8060263"
"251492","HSS-1047625"
"74815","HSS-8079645"
"124285","HSS-8081897"
"111029","HSS-8025973"
"92855","HSS-8081893"
"178734","HSS-8079636"
"231044","HSS-8093447"
"140724","HSS-8073394"
"479","HSS-1044603"
"233259","HSS-8094405"
"229136","HSS-8093866"
"25079","HSS-8061710"
"162720","HSS-8078521"
"258367","HSS-1110683"
"244590","HSS-8091768"
"167076","HSS-1043655"
"166942","HSS-8078515"
"233168","HSS-8096941"
"19894","HSS-8078528"
"159636","HSS-8079884"
"121658","HSS-8060180"
"35306","HSS-8079896"
"14383","HSS-8078525"
"236518","HSS-8087006"
"250663","HSS-1903192"
"237412","HSS-8087004"
"138507","HSS-8079899"
"180403","HSS-8075719"
"244807","HSS-8090590"
"229861","HSS-8082643"
"225685","HSS-8082624"
"253925","HSS-1049039"
"90981","HSS-8062120"
"256366","HSS-1110947"
"69140","HSS-8061898"
"67033","HSS-8061446"
"280849","HSS-8097119"
"229381","HSS-8082638"
"61078","HSS-8061930"
"11459","HSS-8067139"
"187574","HSS-8061896"
"228089","HSS-8082640"
"230936","HSS-8084101"
"229151","HSS-8082635"
"229526","HSS-8082642"
"230026","HSS-8082657"
"230840","HSS-8086577"
"240292","HSS-8087022"
"56609","HSS-8078416"
"233164","HSS-8096934"
"235297","HSS-8093457"
"230806","HSS-8086354"
"185219","HSS-8072297"
"137054","HSS-8072339"
"21982","HSS-1990627"
"229244","HSS-8093595"
"18215","HSS-1985507"
"112954","HSS-1035649"
"244742","HSS-8089543"
"250911","HSS-1049963"
"66867","HSS-1036527"
"229249","HSS-8093582"
"165510","HSS-8080331"
"227679","HSS-8093587"
"63685","HSS-1985540"
"90065","HSS-1985504"
"107035","HSS-1985100"
"230157","HSS-8083165"
"152507","HSS-8080333"
"31909","HSS-1985538"
"58756","HSS-1985539"
"191988","HSS-8065484"
"48881","HSS-1985506"
"70327","HSS-8065486"
"50745","HSS-8065480"
"203207","HSS-1985505"
"3993","HSS-8065493"
"227558","HSS-8093590"
"228980","HSS-8093584"
"77755","HSS-1036981"
"230259","HSS-8093596"
"229189","HSS-8093592"
"270774","HSS-8096434"
"230010","HSS-8093586"
"41943","HSS-8080334"
"163428","HSS-8074737"
"256898","HSS-8093208"
"132737","HSS-8065487"
"92140","HSS-1035648"
"7008","HSS-1044165"
"247168","HSS-1047807"
"240616","HSS-8086842"
"100259","HSS-1044166"
"244604","HSS-8090960"
"280465","HSS-8098816"
"261749","HSS-8092546"
"284257","HSS-8100386"
"280473","HSS-8098817"
"244753","HSS-8090967"
"232865","HSS-8086351"
"235290","HSS-8093299"
"155273","HSS-8072322"
"156456","HSS-8080759"
"150901","HSS-8080762"
"232843","HSS-8083167"
"280621","HSS-8096714"
"45442","HSS-1043534"
"107838","HSS-1044354"
"125962","HSS-1044117"
"39191","HSS-1044119"
"195211","HSS-8078899"
"77936","HSS-1035237"
"41275","HSS-1039574"
"237424","HSS-1901112"
"247090","HSS-8089541"
"280940","HSS-8096772"
"190185","HSS-8027540"
"205247","HSS-8026144"
"24370","HSS-8027537"
"267076","HSS-8096149"
"267197","HSS-8096151"
"249568","HSS-8091868"
"271044","HSS-8096426"
"270722","HSS-8098126"
"270901","HSS-8096432"
"270759","HSS-8096425"
"45123","HSS-8026286"
"111652","HSS-8026281"
"166990","C003176"
"257812","HSS-8092779"
"288352","HSS-8100328"
"288449","HSS-8100320"
"235255","HSS-1997608"
"245473","HSS-8089281"
"270837","HSS-8097302"
"267308","HSS-8096417"
"270909","HSS-8096427"
"92223","C003174"
"267374","HSS-8096148"
"271032","HSS-8098140"
"288096","HSS-8100322"
"288386","HSS-8100324"
"270756","HSS-8096429"
"253902","HSS-8091867"
"267372","HSS-8096946"
"58691","HSS-8027542"
"270997","HSS-8098139"
"288085","HSS-8100329"
"288370","HSS-8100326"
"49329","HSS-8066608"
"261741","HSS-8095999"
"27893","HSS-1041184"
"27053","HSS-8027536"
"271022","HSS-8098125"
"234543","HSS-1997618"
"201932","HSS-8027539"
"257511","HSS-8093759"
"245467","HSS-8089282"
"288572","HSS-8100321"
"79560","HSS-8075454"
"195914","HSS-8075441"
"288484","HSS-8100048"
"79031","HSS-8070913"
"55217","HSS-8062168"
"149433","HSS-8070916"
"288140","HSS-8100050"
"129214","C003145"
"118830","C003142"
"176033","C003143"
"16021","C003146"
"43358","C003144"
"257635","HSS-8093773"
"249544","HSS-8091378"
"147530","HSS-8064828"
"54583","HSS-8074725"
"288248","HSS-8100305"
"312597","HSS-8099722"
"240320","HSS-8086578"
"11087","HSS-8081886"
"31718","HSS-8074770"
"248387","HSS-8090188"
"249673","HSS-8091372"
"267763","HSS-1110867"
"230758","HSS-8085578"
"2243","HSS-1988133"
"40398","HSS-8066619"
"55416","HSS-8074731"
"189151","HSS-8064836"
"16628","HSS-8068512"
"248092","HSS-8090197"
"249686","HSS-8091379"
"248085","HSS-8090189"
"248204","HSS-8090183"
"249782","HSS-8091865"
"63688","HSS-8064829"
"73647","HSS-8074733"
"288486","HSS-8099200"
"248091","HSS-8090178"
"105572","HSS-8074876"
"260668","HSS-8092080"
"288231","HSS-8099199"
"248386","HSS-1903204"
"91161","HSS-1043021"
"232831","HSS-8084090"
"225680","HSS-8082665"
"162015","HSS-1041112"
"140257","HSS-8061969"
"126536","HSS-1043041"
"122191","HSS-8026053"
"788","HSS-8060191"
"287612","HSS-8098615"
"229431","HSS-8084093"
"230120","HSS-8084013"
"120343","HSS-8061929"
"50139","HSS-8067140"
"281917","HSS-8097136"
"235796","HSS-8088232"
"225100","HSS-8084071"
"139400","HSS-1039393"
"287509","HSS-8098208"
"97912","HSS-8061004"
"104867","HSS-8061974"
"257847","HSS-8093618"
"234724","HSS-8086614"
"149829","HSS-8075757"
"28649","HSS-8061958"
"193402","HSS-1043701"
"183185","HSS-8081049"
"180771","HSS-1034873"
"142682","HSS-8081039"
"230978","HSS-8083696"
"173518","HSS-8081044"
"203892","HSS-1036961"
"240570","HSS-8086604"
"185651","HSS-8081036"
"141024","HSS-8061957"
"63710","HSS-8081050"
"63711","HSS-8081048"
"95412","HSS-8081043"
"36790","HSS-8081046"
"75500","HSS-8061945"
"136289","HSS-8081035"
"17555","HSS-8081037"
"2311","HSS-8081042"
"229122","HSS-8084106"
"49088","HSS-8081040"
"4698","HSS-8081047"
"53109","HSS-8081045"
"24723","HSS-8081032"
"85697","HSS-8081038"
"142585","HSS-8061959"
"143490","HSS-8081033"
"162705","HSS-8061956"
"205040","HSS-8081034"
"240303","HSS-8086995"
"228534","HSS-8082645"
"225304","HSS-8082614"
"232852","HSS-8084104"
"230957","HSS-8084066"
"162061","HSS-8079893"
"225302","HSS-8082615"
"225300","HSS-8082610"
"260317","HSS-8091988"
"232850","HSS-8084102"
"232834","HSS-8084103"
"232866","HSS-8084083"
"233119","HSS-8096935"
"240293","HSS-8088653"
"230813","HSS-8084064"
"231076","HSS-8083703"
"230970","HSS-8084086"
"230900","HSS-8084085"
"230058","HSS-8082647"
"225307","HSS-8082613"
"231125","HSS-8084112"
"283081","HSS-8099541"
"240300","HSS-8086965"
"283024","HSS-8099369"
"283114","HSS-8099520"
"231127","HSS-8083711"
"283034","HSS-8099761"
"230906","HSS-8088665"
"240294","HSS-8086993"
"283089","HSS-8099335"
"95939","HSS-8060927"
"288082","HSS-8099327"
"180686","HSS-8060489"
"288332","HSS-8099365"
"248243","HSS-1048143"
"288180","HSS-8099528"
"288403","HSS-8099539"
"288416","HSS-8099744"
"235210","HSS-8086980"
"288152","HSS-8099362"
"288193","HSS-8099536"
"75252","HSS-8061482"
"288405","HSS-8099360"
"288528","HSS-8099547"
"288496","HSS-8099358"
"288407","HSS-8099950"
"166889","HSS-8061456"
"164370","HSS-8061461"
"288361","HSS-8099513"
"288341","HSS-8099339"
"288267","HSS-8099361"
"288597","HSS-8099340"
"288112","HSS-8099337"
"35108","HSS-8060930"
"87370","HSS-8060493"
"288138","HSS-8099537"
"182935","HSS-8061914"
"288128","HSS-8099526"
"288146","HSS-8099956"
"249735","HSS-8091762"
"288563","HSS-8099518"
"248218","HSS-8090598"
"288560","HSS-8099970"
"110810","HSS-8073296"
"288092","HSS-8099745"
"249845","HSS-8091133"
"288312","HSS-8099933"
"288441","HSS-8099937"
"288236","HSS-8099932"
"288531","HSS-8099546"
"86234","HSS-8062125"
"132107","HSS-8061010"
"288219","HSS-8099357"
"288265","HSS-8099934"
"184304","HSS-8060560"
"288251","HSS-8099519"
"288390","HSS-8099338"
"288258","HSS-8099527"
"192356","HSS-8081135"
"150321","HSS-8060591"
"136408","HSS-8061195"
"11960","HSS-8083328"
"288516","HSS-8099571"
"191522","HSS-8081165"
"233170","HSS-8094508"
"233192","HSS-8094477"
"256436","HSS-8092935"
"251694","HSS-1049937"
"230701","HSS-8084321"
"138720","HSS-8083312"
"93034","HSS-8070943"
"130986","HSS-8076110"
"195877","HSS-8081083"
"95609","HSS-8069510"
"94750","HSS-8070942"
"29377","HSS-8067570"
"175968","HSS-8070095"
"205341","HSS-8081095"
"46708","HSS-8072771"
"135792","HSS-8059994"
"238449","HSS-1998312"
"7596","HSS-8058023"
"147571","HSS-8083345"
"203943","HSS-1992500"
"161449","HSS-8059997"
"188194","HSS-8059991"
"117592","HSS-8081120"
"59562","HSS-8069359"
"238383","HSS-1998277"
"67999","HSS-8059998"
"807","HSS-8074469"
"260671","HSS-8092096"
"270622","HSS-8097057"
"238437","HSS-1998301"
"238439","HSS-1998304"
"203030","HSS-8081114"
"36000","HSS-8059917"
"238461","HSS-1998322"
"27300","HSS-8069518"
"190585","HSS-8081086"
"270812","HSS-8097056"
"238369","HSS-1998268"
"237344","HSS-8087204"
"250711","HSS-1048332"
"241739","HSS-8087211"
"146629","HSS-8083321"
"253905","HSS-8092015"
"95464","HSS-8060596"
"238416","HSS-1998262"
"247742","HSS-8089789"
"250725","HSS-1048451"
"240602","HSS-8086795"
"245534","HSS-8089141"
"247767","HSS-8089793"
"238373","HSS-1998263"
"244773","HSS-8090274"
"8427","HSS-1039100"
"282171","HSS-8097581"
"249854","HSS-1049140"
"254079","HSS-1049284"
"226691","HSS-8084842"
"14072","HSS-1038998"
"41915","HSS-8081136"
"94837","HSS-8069582"
"155819","HSS-8081150"
"282088","HSS-8097390"
"240271","HSS-1046278"
"244765","HSS-8090272"
"233212","HSS-8094475"
"238413","HSS-1998253"
"256259","HSS-8091594"
"35524","HSS-8081157"
"95715","HSS-8081159"
"256257","HSS-8091596"
"238390","HSS-1998284"
"37117","HSS-8081149"
"256258","HSS-8091597"
"244741","HSS-8090269"
"256260","HSS-8091591"
"192959","HSS-8060590"
"244772","HSS-8090270"
"313845","HSS-8091574"
"256261","HSS-8091590"
"244771","HSS-8090275"
"230060","HSS-8083327"
"67252","HSS-8081142"
"195435","HSS-8075154"
"35263","HSS-8072768"
"247062","HSS-8089393"
"61542","HSS-8060272"
"184940","HSS-8081166"
"6597","HSS-8074634"
"66272","HSS-8072767"
"283021","HSS-8097052"
"103770","HSS-8014488"
"98350","HSS-8069378"
"170370","HSS-8060264"
"187504","HSS-8069513"
"203529","HSS-8083357"
"60154","HSS-8076124"
"78092","HSS-8076120"
"179284","HSS-8072772"
"247750","HSS-8089797"
"257514","HSS-1111404"
"265791","HSS-1110349"
"233353","HSS-8084320"
"148870","HSS-1974940"
"8871","HSS-8078311"
"36859","HSS-8083349"
"18640","HSS-8081104"
"144446","HSS-8078310"
"173325","HSS-8067568"
"162497","HSS-1974939"
"288192","HSS-8099599"
"288088","HSS-8099614"
"288302","HSS-8099610"
"288472","HSS-8099586"
"119430","HSS-1992516"
"237225","HSS-8087202"
"136423","HSS-8058015"
"117324","HSS-1992534"
"71200","HSS-8077577"
"277813","HSS-8096593"
"183767","HSS-1992532"
"236461","HSS-8087243"
"35187","HSS-8067564"
"8581","HSS-8066361"
"174354","HSS-8058492"
"283048","HSS-8099826"
"254221","HSS-8092393"
"165580","HSS-1044272"
"235345","HSS-8093464"
"100333","HSS-8072761"
"34254","HSS-1992409"
"36444","HSS-8070936"
"238440","HSS-1998307"
"139944","HSS-8060588"
"79157","HSS-1988123"
"176461","HSS-1992403"
"233196","HSS-8094507"
"73138","HSS-8069520"
"82843","HSS-8069507"
"283147","HSS-8099828"
"102898","HSS-8081175"
"199035","HSS-8081171"
"327","HSS-8058020"
"15279","HSS-8078316"
"93237","HSS-8076199"
"114001","HSS-8081425"
"244141","HSS-8088844"
"249462","HSS-8090886"
"247067","HSS-8089656"
"244260","HSS-8088843"
"236466","HSS-8087181"
"247108","HSS-8089655"
"247746","HSS-8090100"
"249413","HSS-8090885"
"236528","HSS-8087180"
"247071","HSS-8089641"
"249453","HSS-8090858"
"249421","HSS-8090871"
"64709","HSS-8081421"
"237360","HSS-8088841"
"247135","HSS-8089635"
"247105","HSS-8089640"
"247110","HSS-8089643"
"247782","HSS-8090096"
"247783","HSS-8090097"
"247784","HSS-8090098"
"247785","HSS-8090095"
"116685","HSS-8081417"
"247036","HSS-8089642"
"247745","HSS-8090099"
"247080","HSS-8089653"
"253922","HSS-8092090"
"102896","HSS-8081415"
"237315","HSS-8087175"
"247786","HSS-8090094"
"247138","HSS-8089636"
"131013","HSS-8081388"
"247054","HSS-8089634"
"247098","HSS-8089632"
"247802","HSS-8090087"
"236322","HSS-8087177"
"247091","HSS-8089637"
"247095","HSS-8089633"
"53349","HSS-8081419"
"256410","HSS-8092087"
"237276","HSS-8088840"
"228511","HSS-8084297"
"256425","HSS-8092082"
"227582","HSS-8084296"
"249437","HSS-8090862"
"256406","HSS-8092084"
"256428","HSS-8092083"
"249433","HSS-8090860"
"235820","HSS-8087176"
"237629","HSS-8087173"
"256349","HSS-8092085"
"281964","HSS-8097099"
"249440","HSS-8090861"
"256414","HSS-8092086"
"152495","HSS-8081379"
"4612","HSS-8078275"
"20605","HSS-8078278"
"170179","HSS-8078271"
"25460","HSS-8078269"
"244737","HSS-8090870"
"57857","HSS-8078263"
"233224","HSS-8094891"
"244770","HSS-8090864"
"244747","HSS-8090856"
"244752","HSS-8090876"
"244740","HSS-8090867"
"57856","HSS-8078266"
"200166","HSS-8078265"
"244572","HSS-8090865"
"244574","HSS-8090873"
"105738","HSS-8078279"
"98519","HSS-8078281"
"72485","HSS-8078274"
"203384","HSS-8078273"
"164306","HSS-8078284"
"24650","HSS-8078267"
"244598","HSS-8090854"
"183099","HSS-8078276"
"166885","HSS-8078283"
"159509","HSS-8079845"
"147445","HSS-8059323"
"133413","HSS-8078422"
"10659","HSS-8061470"
"231997","HSS-8083698"
"163979","HSS-8075743"
"48374","HSS-8079917"
"238829","HSS-8087031"
"68450","HSS-8073705"
"154594","HSS-8059322"
"153664","HSS-8075742"
"156925","HSS-8073709"
"181392","HSS-8073708"
"204166","HSS-8079911"
"240209","HSS-8087028"
"258373","HSS-8091781"
"197864","HSS-8079843"
"155176","HSS-8061480"
"23214","HSS-8079916"
"245365","HSS-8089034"
"92512","HSS-8061467"
"32007","HSS-8079913"
"179828","HSS-8079915"
"198031","HSS-8079912"
"22992","HSS-8073704"
"193525","HSS-8025794"
"98935","HSS-8067576"
"68148","HSS-8081092"
"233219","HSS-8094506"
"146274","HSS-8069530"
"80176","HSS-8058159"
"123919","HSS-8058191"
"83666","HSS-8058194"
"56772","HSS-8058192"
"67235","HSS-8061171"
"257098","HSS-8095042"
"12817","HSS-1044361"
"238402","HSS-1998248"
"238400","HSS-1998297"
"93359","HSS-8081091"
"10481","HSS-8072765"
"43934","HSS-8019150"
"248301","HSS-8090476"
"161862","HSS-1992530"
"134992","HSS-8076194"
"248294","HSS-8090475"
"285262","HSS-8097357"
"46303","HSS-1992537"
"141092","HSS-8083403"
"78541","HSS-8059805"
"58205","HSS-8059808"
"163736","HSS-8070398"
"283182","HSS-8096836"
"144542","HSS-8059804"
"66287","HSS-8069357"
"85909","HSS-8059806"
"9574","HSS-1041682"
"157262","HSS-8059807"
"114890","HSS-8070396"
"21465","HSS-8062188"
"23093","HSS-8062190"
"140203","HSS-8062187"
"20743","HSS-8062340"
"294292","HSS-8098608"
"288181","HSS-8099904"
"230633","HSS-8082839"
"167777","HSS-8070831"
"288206","HSS-8099902"
"20312","HSS-8070845"
"151959","HSS-1991930"
"89393","HSS-8070835"
"257438","HSS-8094272"
"288550","HSS-8100058"
"273711","HSS-8095203"
"257509","HSS-8094490"
"130799","HSS-1991926"
"250802","HSS-8092448"
"273275","HSS-8095207"
"273447","HSS-8095204"
"257753","HSS-8094494"
"250816","HSS-8092623"
"257792","HSS-8094493"
"288294","HSS-8099900"
"269011","HSS-8096205"
"273851","HSS-8095205"
"273867","HSS-8095202"
"273856","HSS-8095210"
"230799","HSS-8085313"
"312874","HSS-8099891"
"185668","HSS-8059435"
"257622","HSS-8094492"
"288417","HSS-8100101"
"86460","HSS-8078698"
"285385","HSS-8097521"
"288239","HSS-8099176"
"119761","HSS-8078474"
"288446","HSS-8100153"
"25575","HSS-1045029"
"66413","HSS-8073639"
"236504","HSS-1047447"
"171270","HSS-1042524"
"247949","HSS-1048225"
"240626","HSS-1998542"
"191841","HSS-1042883"
"233120","HSS-8094890"
"197226","HSS-8081397"
"138731","HSS-8081398"
"142471","HSS-8081396"
"233146","HSS-8094889"
"22382","HSS-8081380"
"249805","HSS-8091680"
"235802","HSS-1110961"
"145740","HSS-8077317"
"84655","HSS-8077335"
"12297","HSS-8079321"
"248327","HSS-1049125"
"168175","HSS-8074863"
"132771","HSS-8074862"
"26147","HSS-8077365"
"273106","HSS-8096006"
"191667","HSS-8066561"
"36050","HSS-1043630"
"44123","HSS-8011769"
"250577","HSS-1048608"
"239733","HSS-8089298"
"205572","HSS-8068880"
"285448","HSS-8098112"
"147665","HSS-1038112"
"272035","HSS-8096965"
"181243","HSS-8077333"
"290071","HSS-8098360"
"153826","HSS-8074864"
"17180","HSS-1040263"
"176541","HSS-8077371"
"290260","HSS-8099189"
"289978","HSS-8098377"
"290017","HSS-8098359"
"83298","HSS-1043611"
"52222","HSS-8068887"
"138502","HSS-8068881"
"109706","HSS-8068885"
"250647","HSS-1048511"
"196347","HSS-1040264"
"256913","HSS-8093220"
"29372","HSS-8077326"
"190094","HSS-8074865"
"119594","HSS-1040266"
"136819","HSS-8077325"
"92715","HSS-8077367"
"89631","HSS-8077352"
"74733","HSS-8068888"
"288209","HSS-8099359"
"288537","HSS-8099363"
"283203","HSS-8096881"
"288420","HSS-8099971"
"4467","HSS-8060954"
"288373","HSS-8099342"
"196373","HSS-8064842"
"2937","HSS-8059192"
"85746","HSS-8072529"
"205244","HSS-8072525"
"206012","HSS-8072527"
"192353","HSS-8072531"
"101185","HSS-8072526"
"256423","HSS-8092527"
"33005","HSS-8072528"
"36891","HSS-8072530"
"104094","HSS-8059166"
"231021","HSS-8085874"
"257613","HSS-8094547"
"249870","HSS-8090779"
"313140","HSS-8100024"
"249858","HSS-8090778"
"235417","HSS-8087446"
"233610","HSS-8085079"
"101957","HSS-8022896"
"147438","HSS-8074791"
"227858","HSS-8085006"
"233609","HSS-8085069"
"15798","HSS-8066823"
"253914","HSS-8092072"
"153620","HSS-8027573"
"247520","HSS-8090751"
"249863","HSS-8090776"
"193742","HSS-8064853"
"124616","HSS-8066815"
"267172","HSS-8095492"
"237858","HSS-8087452"
"245541","HSS-8089307"
"66612","HSS-1042978"
"237603","HSS-8087504"
"230715","HSS-8085609"
"249480","HSS-8090763"
"290306","HSS-8099191"
"9927","HSS-1037416"
"229297","HSS-8085083"
"89382","HSS-8066804"
"230951","HSS-8085632"
"229923","HSS-8085082"
"254085","HSS-1049570"
"230728","HSS-8085617"
"249418","HSS-8090765"
"88156","C003151"
"249424","HSS-8090767"
"153496","HSS-8066802"
"155735","HSS-8066848"
"230884","HSS-8085616"
"257128","HSS-8094716"
"249857","HSS-8090777"
"237058","HSS-8090749"
"230952","HSS-8085615"
"288464","HSS-8099489"
"201743","HSS-8059164"
"235657","HSS-8087502"
"257147","HSS-8094715"
"288362","HSS-8099364"
"166787","HSS-8060928"
"167880","HSS-8066853"
"55127","HSS-8068943"
"74760","HSS-8066824"
"107190","HSS-8066840"
"76894","HSS-8066839"
"59266","HSS-8066808"
"247776","HSS-8091046"
"144813","HSS-8066832"
"44603","HSS-8059302"
"176472","HSS-8059306"
"177563","HSS-8027746"
"285140","HSS-8097470"
"94864","HSS-8066841"
"285231","HSS-8097474"
"68960","HSS-8059303"
"288536","HSS-8100336"
"230222","HSS-8085080"
"98166","HSS-8068938"
"230944","HSS-8085634"
"135870","HSS-8066806"
"188069","HSS-8068534"
"25482","HSS-1038756"
"235768","HSS-1046718"
"235204","HSS-8085923"
"237074","HSS-8091589"
"188189","HSS-8072557"
"56865","HSS-1044889"
"273324","HSS-8096056"
"237285","HSS-8087741"
"85898","HSS-8082359"
"230780","HSS-8085339"
"242905","HSS-1047228"
"139975","HSS-1041575"
"240604","HSS-8087193"
"104529","HSS-8058481"
"273140","HSS-8096053"
"3626","HSS-8061706"
"233270","HSS-8094404"
"123690","HSS-8079642"
"131429","HSS-8081898"
"235308","HSS-8093280"
"235269","HSS-8093362"
"235275","HSS-8093364"
"235272","HSS-8093358"
"123034","HSS-8069567"
"101848","HSS-8082328"
"270712","HSS-8097109"
"233565","HSS-1045803"
"248315","HSS-1048730"
"56560","HSS-1018064"
"250479","HSS-1049392"
"250481","HSS-1049390"
"250472","HSS-1049341"
"250522","HSS-1049342"
"250482","HSS-1049387"
"250584","HSS-1049386"
"40033","HSS-8078893"
"250470","HSS-1049340"
"166322","HSS-8070630"
"228876","HSS-8083178"
"238216","HSS-8086799"
"229820","HSS-8083182"
"12639","HSS-8027398"
"65860","HSS-8027396"
"244756","HSS-8089535"
"198009","HSS-8080324"
"240598","HSS-8086801"
"240603","HSS-8086805"
"30787","HSS-8027390"
"227381","HSS-8083146"
"234127","HSS-8084211"
"250788","HSS-1049966"
"234037","HSS-8084114"
"42749","HSS-1040056"
"161114","HSS-1025014"
"250789","HSS-1049967"
"189571","HSS-8027413"
"140921","HSS-8027391"
"256767","HSS-1111590"
"8532","HSS-8083121"
"226534","HSS-8083177"
"227402","HSS-8083120"
"227410","HSS-8083119"
"227406","HSS-8083118"
"36712","HSS-8023586"
"145301","HSS-1040282"
"97386","HSS-8012366"
"183423","HSS-8021907"
"60066","HSS-1029440"
"120827","HSS-1984549"
"26207","HSS-1984394"
"231172","HSS-8083116"
"15732","HSS-1036262"
"237111","HSS-8089547"
"1608","HSS-8080338"
"155627","HSS-8065512"
"166344","HSS-8065517"
"132028","HSS-8065513"
"193782","HSS-8025000"
"46457","HSS-8027407"
"22497","HSS-8070601"
"227409","HSS-8083117"
"43423","HSS-8078896"
"237586","HSS-8087521"
"198292","HSS-8066834"
"133251","HSS-8073855"
"173416","HSS-8073835"
"37515","HSS-8073834"
"10577","HSS-1040377"
"288478","HSS-8098320"
"162072","HSS-8073833"
"288466","HSS-8098308"
"74640","HSS-8073847"
"248252","HSS-8090371"
"36643","HSS-8059304"
"54405","HSS-8068939"
"228858","HSS-8084816"
"229902","HSS-8084823"
"231068","HSS-8093428"
"40986","HSS-8066082"
"183333","HSS-8080836"
"288105","HSS-8100018"
"229922","HSS-8084820"
"148716","HSS-8073856"
"94952","HSS-8073867"
"281987","HSS-8097775"
"288330","HSS-8098306"
"282031","HSS-8097774"
"281995","HSS-8097779"
"61029","HSS-1041149"
"230580","HSS-8084818"
"229437","HSS-8084828"
"159653","HSS-8073827"
"12944","HSS-8073848"
"27135","HSS-1040876"
"228225","HSS-8084829"
"226673","HSS-8084822"
"205933","HSS-8073844"
"64238","HSS-8073853"
"45034","HSS-8073863"
"285264","HSS-8097780"
"151756","HSS-8073838"
"226685","HSS-8084817"
"70659","HSS-8025793"
"285368","HSS-8098309"
"229323","HSS-8084825"
"15510","HSS-8073845"
"82037","HSS-8073832"
"227833","HSS-8084815"
"280091","HSS-8098316"
"280157","HSS-8098315"
"139241","HSS-1040871"
"199781","HSS-8066809"
"290053","HSS-8098675"
"256433","HSS-8092492"
"245463","HSS-8089312"
"54499","HSS-1040872"
"18247","HSS-1041150"
"282004","HSS-8096906"
"37367","HSS-1043426"
"142335","HSS-1043219"
"288213","HSS-8098431"
"140618","HSS-8073843"
"288305","HSS-8100021"
"288372","HSS-8100035"
"233171","HSS-8094381"
"238445","HSS-1998317"
"228895","HSS-8084821"
"117536","HSS-8073846"
"288415","HSS-8100033"
"288578","HSS-8100016"
"288344","HSS-8100034"
"288324","HSS-8100032"
"229856","HSS-1045444"
"283197","HSS-8096862"
"270688","HSS-8097110"
"283186","HSS-8096863"
"240579","HSS-1046613"
"236005","HSS-8087711"
"249551","HSS-8091454"
"230236","HSS-8084797"
"241747","HSS-8087712"
"283187","HSS-8096860"
"112008","HSS-8076875"
"283181","HSS-8096858"
"234087","HSS-8085284"
"285218","HSS-8097782"
"137918","HSS-1041619"
"283184","HSS-8096861"
"205388","HSS-8076891"
"233209","HSS-8094380"
"288409","HSS-8100019"
"228691","HSS-8084819"
"288201","HSS-8098317"
"235848","HSS-8087716"
"80722","HSS-8073851"
"290083","HSS-8098978"
"47557","HSS-8073858"
"16244","HSS-8073837"
"248240","HSS-8090453"
"247813","HSS-8089808"
"243998","HSS-8088862"
"33329","HSS-1992544"
"28348","HSS-8060631"
"87752","HSS-8060629"
"132696","HSS-8077613"
"28454","HSS-1992547"
"135102","HSS-8077619"
"104538","HSS-8077620"
"198538","HSS-8068524"
"60613","HSS-8081718"
"160334","HSS-8077616"
"237544","HSS-8088861"
"88137","HSS-8082335"
"6212","HSS-8062173"
"288530","HSS-8099281"
"40317","HSS-8081717"
"24190","HSS-1043148"
"288540","HSS-8099282"
"206842","HSS-8070140"
"287615","HSS-8098691"
"84893","HSS-8077615"
"87683","HSS-8077614"
"166183","HSS-1985053"
"67893","HSS-8073854"
"121470","HSS-8073842"
"280101","HSS-8098312"
"280202","HSS-8098314"
"12105","HSS-8073836"
"280477","HSS-8098310"
"280300","HSS-8098313"
"228788","HSS-8084856"
"229120","HSS-8084814"
"187075","HSS-8073850"
"248215","HSS-8090454"
"280493","HSS-8098311"
"280188","HSS-8098319"
"147359","HSS-8074431"
"225462","HSS-1044722"
"12687","HSS-1992512"
"258353","HSS-8091801"
"187030","HSS-8074356"
"227553","HSS-8094029"
"283139","HSS-8099835"
"288221","HSS-8099283"
"248230","HSS-8090468"
"40171","HSS-8071803"
"182393","HSS-8073420"
"288391","HSS-8100037"
"31363","HSS-1036006"
"244856","HSS-8091314"
"171224","HSS-8078348"
"230928","HSS-8093492"
"73538","HSS-8078349"
"182519","HSS-8078352"
"128338","HSS-8077563"
"79669","HSS-8073531"
"285392","HSS-8097475"
"245547","HSS-8089301"
"245519","HSS-8089304"
"249747","HSS-8091507"
"183176","HSS-8077557"
"60296","HSS-1992565"
"169093","HSS-8060653"
"247335","HSS-1902542"
"233351","HSS-8085074"
"230695","HSS-8085638"
"206416","HSS-8066816"
"285379","HSS-8097472"
"229201","HSS-8085081"
"256416","HSS-8092784"
"288244","HSS-8099184"
"64607","HSS-8079407"
"254074","HSS-8091875"
"290016","HSS-8098667"
"43540","HSS-8083316"
"238983","HSS-1046991"
"238173","HSS-1046204"
"59130","HSS-1041577"
"237052","HSS-8087227"
"20278","HSS-8074455"
"229405","HSS-1045094"
"54349","HSS-8025800"
"79430","HSS-8066357"
"237646","HSS-8087443"
"278682","HSS-8097034"
"97923","HSS-1042270"
"247234","HSS-1047899"
"146438","HSS-8025798"
"73336","HSS-1961995"
"28519","105746"
"45855","HSS-8083356"
"198232","HSS-8081174"
"231077","HSS-8093465"
"257156","HSS-8095039"
"292953","HSS-8098433"
"99999","HSS-8070941"
"238362","HSS-1998245"
"132019","HSS-1992434"
"293066","HSS-8098446"
"190836","HSS-8081106"
"157929","HSS-8060260"
"254132","HSS-8091183"
"186421","HSS-8083344"
"259544","HSS-1049378"
"249822","HSS-8091626"
"29216","HSS-1992433"
"257165","HSS-8094290"
"228287","HSS-8093993"
"259493","HSS-8091955"
"244795","HSS-8091317"
"233110","HSS-8094498"
"13112","HSS-8076106"
"11362","HSS-8080078"
"206620","HSS-8067600"
"244075","HSS-8088859"
"49643","HSS-8069529"
"108611","HSS-1978773"
"138243","HSS-1978765"
"62724","HSS-8068501"
"6424","HSS-8073513"
"25236","HSS-1978764"
"69773","HSS-8069350"
"287644","HSS-8098158"
"285293","HSS-8097580"
"93021","HSS-8081108"
"190840","HSS-8067563"
"925","HSS-8080075"
"283039","HSS-8099548"
"283057","HSS-8099336"
"233163","HSS-8094909"
"158803","HSS-8061450"
"282245","HSS-8097909"
"240196","HSS-8087007"
"182983","HSS-8079922"
"288126","HSS-8099551"
"244224","HSS-8089020"
"104961","HSS-8060179"
"60125","HSS-8061488"
"73473","HSS-8061495"
"74948","HSS-8060185"
"227375","HSS-1045350"
"3978","HSS-8062358"
"288230","HSS-8099942"
"10295","HSS-8062136"
"104639","HSS-8067117"
"122404","HSS-8075734"
"25081","HSS-8070375"
"25028","HSS-1043112"
"39239","HSS-8062331"
"68137","HSS-1043124"
"170341","HSS-8062324"
"238857","HSS-8087046"
"178308","HSS-8059320"
"107164","HSS-8062330"
"15807","HSS-1043109"
"843","HSS-8062337"
"230730","HSS-1045864"
"17823","HSS-8060195"
"125029","HSS-8062185"
"170513","HSS-8062192"
"139446","HSS-8062191"
"237264","HSS-8088231"
"179906","HSS-8062329"
"248222","HSS-8091000"
"256354","HSS-1111329"
"281793","HSS-8097920"
"287699","HSS-8098627"
"64697","HSS-8062184"
"312573","HSS-8099748"
"8764","HSS-8065521"
"202142","HSS-8026066"
"111398","HSS-8027414"
"25658","HSS-8070576"
"41695","HSS-8027408"
"102364","HSS-8026065"
"10380","HSS-8065516"
"145826","HSS-8027415"
"39838","HSS-8065524"
"194839","HSS-8080362"
"129283","HSS-8065523"
"157643","HSS-1039508"
"184012","HSS-8065522"
"227377","HSS-8083123"
"13993","HSS-8025652"
"157419","HSS-8025651"
"143726","HC1Y2Q3"
"228399","HSS-8084535"
"227622","HSS-8084533"
"227659","HSS-8084536"
"228496","HSS-8084534"
"19308","HSS-8068929"
"31823","HSS-8066872"
"104659","HSS-8025531"
"288388","HSS-8099192"
"247132","HSS-8090631"
"236467","HSS-8087464"
"249738","HSS-8091519"
"273023","HSS-8096043"
"288501","HSS-8099196"
"183170","HSS-8066858"
"46757","HSS-1040961"
"154624","HSS-8078496"
"229738","HSS-8086165"
"79107","HSS-8073633"
"103360","HSS-1040966"
"193862","HSS-1040965"
"17849","HSS-1040962"
"193932","HSS-1045063"
"238828","HSS-1046983"
"285148","HSS-8097522"
"288122","HSS-8100148"
"234511","HSS-8086207"
"50059","HSS-8078466"
"249839","HSS-8091369"
"190645","HSS-8066866"
"285328","HSS-8097486"
"83244","HSS-8073059"
"124076","HSS-8058592"
"187366","HSS-8078491"
"79712","HSS-8058594"
"85394","HSS-1984572"
"234513","HSS-8086200"
"59368","HSS-8068768"
"9752","HSS-8078473"
"234506","HSS-8086172"
"28068","HSS-8078469"
"233245","HSS-8094098"
"233896","HSS-8086163"
"234509","HSS-8086164"
"234039","HSS-8086184"
"52809","HSS-8078461"
"63909","HSS-8078470"
"21319","HSS-8073634"
"179558","HSS-8068750"
"167472","HSS-8068761"
"96393","HSS-8074729"
"274036","HSS-8095794"
"175671","HSS-8025548"
"84232","HSS-8072568"
"235212","HSS-8086176"
"234098","HSS-8086185"
"234528","HSS-8086173"
"292580","HSS-8098489"
"190218","HSS-1984571"
"234507","HSS-8086180"
"157689","C003150"
"235226","HSS-8086169"
"244851","HSS-8091228"
"261744","HSS-8092847"
"233252","HSS-8094097"
"45507","HSS-8064838"
"233253","HSS-8094096"
"283128","HSS-8100147"
"68185","HSS-8075448"
"74205","HSS-8069799"
"228350","HSS-8082336"
"206485","HSS-8071804"
"205992","HSS-8024567"
"176988","HSS-8082331"
"233275","HSS-8094379"
"233216","HSS-8094378"
"285291","HSS-8097653"
"285198","HSS-8097420"
"285211","HSS-8097434"
"78270","HSS-8081881"
"160326","HSS-8073058"
"23325","HSS-8072582"
"19259","HSS-8072722"
"23277","HSS-8072584"
"285167","HSS-8097864"
"7382","HSS-8072565"
"256411","HSS-8093004"
"197021","HSS-8074738"
"254255","HSS-8092384"
"256443","HSS-8093005"
"288568","HSS-8100296"
"288456","HSS-8100295"
"122995","HSS-8074926"
"4629","HSS-8073057"
"257146","HSS-8094721"
"249674","HSS-8091883"
"158819","HSS-8026184"
"77226","HSS-8068740"
"235233","HSS-8086151"
"234501","HSS-8086142"
"116972","HSS-8068738"
"235225","HSS-8086154"
"234141","HSS-8086152"
"234519","HSS-8086140"
"235232","HSS-8086143"
"96960","HSS-1041671"
"129696","HSS-8068732"
"235224","HSS-8086158"
"235216","HSS-8086137"
"234530","HSS-8086134"
"234505","HSS-8086138"
"228701","HSS-1045223"
"230440","HSS-8086157"
"122508","HSS-8068729"
"235244","HSS-8086145"
"273355","HSS-8095804"
"105754","HSS-8079316"
"177911","HSS-8068731"
"234514","HSS-8086148"
"261866","HSS-8096245"
"234535","HSS-8086147"
"159478","HSS-8068728"
"147102","HSS-8068733"
"11747","HSS-8068739"
"234108","HSS-8086139"
"234534","HSS-8086146"
"176620","HSS-8068221"
"228752","HSS-8083195"
"107303","HSS-8071486"
"13989","HSS-8060159"
"8060","HSS-8060924"
"56806","HSS-8075729"
"237414","HSS-8088640"
"46248","HSS-8075728"
"248288","HSS-8090600"
"237288","HSS-8088645"
"6935","HSS-8062344"
"9338","HSS-8062356"
"160763","HSS-8075720"
"235421","HSS-8088638"
"285199","HSS-8097734"
"204438","HSS-8067340"
"290108","HSS-8098995"
"105786","HSS-8027704"
"290068","HSS-8098780"
"34368","HSS-8027711"
"16935","HSS-8071180"
"123722","HSS-8078644"
"51748","HSS-8067337"
"37764","HSS-8067338"
"172259","HSS-8065879"
"204392","HSS-8067333"
"185031","HSS-8078656"
"71643","HSS-1040839"
"4090","HSS-8078662"
"157886","HSS-1040778"
"149729","HSS-8061447"
"228322","HSS-8082801"
"177621","HSS-8061463"
"100934","HSS-8061455"
"116360","HSS-8061464"
"14335","HSS-8027368"
"203423","HSS-8061460"
"178503","HSS-8061477"
"137583","HSS-8076416"
"20283","HSS-8067128"
"158159","HSS-8067133"
"67310","HSS-8067130"
"256389","HSS-1111209"
"137436","HSS-8067131"
"15530","HSS-8067129"
"188488","HSS-8067126"
"71267","HSS-8067127"
"143159","HSS-8060649"
"84259","HSS-8079596"
"249601","HSS-8091863"
"85650","HSS-8066624"
"230943","HSS-8085569"
"237037","HSS-8087485"
"230956","HSS-8085585"
"247349","HSS-1048048"
"294400","HSS-8098639"
"281025","HSS-8096771"
"257796","HSS-8093925"
"240334","HSS-8085589"
"267319","HSS-8096134"
"270663","HSS-8097291"
"277946","HSS-8096486"
"261846","HSS-8095991"
"311899","HSS-8099487"
"248235","HSS-8090191"
"281762","HSS-8097831"
"280532","HSS-8098649"
"230770","HSS-8085592"
"29289","HSS-1044789"
"64933","HSS-8066617"
"249555","HSS-8091368"
"163995","HSS-1039689"
"288458","HSS-8099459"
"230737","HSS-8085557"
"311783","HSS-8099858"
"290212","HSS-8099860"
"25661","HSS-8079356"
"290308","HSS-8099206"
"257550","HSS-8094543"
"294347","HSS-8098638"
"196487","HSS-8064854"
"199929","HSS-1044888"
"281892","HSS-8097826"
"287961","HSS-8099207"
"271024","HSS-8097837"
"180937","HSS-1041280"
"275137","HSS-8093755"
"147211","HSS-8018124"
"80693","HSS-8083196"
"289994","HSS-8099252"
"247231","HSS-8091043"
"105549","HSS-8077331"
"158426","HSS-8077356"
"205431","HSS-1038923"
"6941","HSS-1036337"
"248083","HSS-8091520"
"97508","HSS-8077370"
"272681","HSS-8095462"
"108772","HSS-8077355"
"20457","HSS-8077321"
"148832","HSS-8077337"
"133044","HSS-8077347"
"167488","HSS-8077320"
"129779","HSS-8077351"
"124790","HSS-1014530"
"19701","HSS-8077369"
"246027","HSS-8089295"
"247317","HSS-8090356"
"238910","HSS-8089256"
"240965","HSS-1046466"
"158504","HSS-8077342"
"100730","HSS-8077336"
"127365","HSS-8077315"
"163838","HSS-1038388"
"175517","HSS-1039575"
"256927","HSS-8093011"
"132988","HSS-8077348"
"247314","HSS-8090354"
"4384","HSS-8059286"
"63964","HSS-8066560"
"250487","HSS-8092069"
"106676","HSS-8077343"
"177784","HSS-8072507"
"270634","HSS-8098113"
"233591","HSS-1045882"
"228430","HSS-8084620"
"229071","HSS-8084631"
"230438","HSS-8084633"
"150227","HSS-8077339"
"152629","HSS-8072510"
"186545","HSS-1988144"
"66180","HSS-8066558"
"49451","HSS-8079320"
"200500","HSS-8066566"
"178376","HSS-8066559"
"31402","HSS-8079318"
"45804","HSS-8066565"
"9872","HSS-1043149"
"57167","HSS-8066557"
"88856","HSS-8072877"
"101304","HSS-8066563"
"192569","HSS-8079319"
"288222","HSS-8099214"
"162123","HSS-8072879"
"161887","HSS-1031095"
"67308","HSS-8066553"
"248281","HSS-8090357"
"25126","HSS-8059283"
"229047","HSS-8093571"
"236343","HSS-8087518"
"196789","HSS-1044248"
"246076","HSS-8089293"
"290265","HSS-8099213"
"313681","HSS-8100291"
"236922","HSS-8089258"
"163491","HSS-8072880"
"228513","HSS-8084626"
"91537","HSS-8066554"
"52528","HSS-8072509"
"288515","HSS-8100292"
"159695","HSS-8072511"
"203632","HSS-8066562"
"227807","HSS-8084623"
"228038","HSS-8084624"
"234730","HSS-1046546"
"97822","HSS-8079566"
"103559","HSS-8078077"
"285269","HSS-8097704"
"25190","HSS-8078073"
"283061","HSS-8097164"
"76931","HSS-8065632"
"285372","HSS-8097701"
"285294","HSS-8097702"
"285331","HSS-8097697"
"290007","HSS-8098845"
"229494","HSS-8082922"
"240627","HSS-8086832"
"285390","HSS-8097700"
"285170","HSS-8097685"
"247086","HSS-8089548"
"282002","HSS-8097695"
"281934","HSS-8097694"
"280627","HSS-8097166"
"285299","HSS-8097703"
"235669","HSS-8098045"
"240619","HSS-8086831"
"283208","HSS-8097162"
"113990","HSS-1973685"
"281068","HSS-8097165"
"81566","HSS-8080321"
"95550","HSS-8078072"
"285327","HSS-8097696"
"174866","HSS-8058771"
"40655","HSS-8078069"
"290000","HSS-8098848"
"290019","HSS-8098847"
"288585","HSS-8099524"
"236138","HSS-8087210"
"240613","HSS-8086830"
"178097","HSS-8078075"
"151100","HSS-8078066"
"130121","HSS-8057870"
"270830","HSS-8097691"
"270848","HSS-8097693"
"119074","HSS-8078074"
"270629","HSS-8097692"
"225482","HSS-8078067"
"53560","HSS-8078068"
"285381","HSS-8097698"
"187759","HSS-3030842"
"290262","HSS-8099101"
"166824","HSS-8069587"
"25726","HSS-1039896"
"235412","HSS-8087206"
"233207","HSS-8094485"
"130861","HSS-8067579"
"59699","HSS-8069584"
"235304","HSS-8093475"
"9653","HSS-8083322"
"123486","HSS-8081865"
"229872","HSS-8084846"
"235410","HSS-8087208"
"261761","HSS-8092631"
"81489","HSS-8059926"
"123656","HSS-1039406"
"18659","HSS-8070370"
"248238","HSS-8090470"
"151420","HSS-8077642"
"147978","HSS-8081646"
"183217","HSS-8067629"
"32142","HSS-8074449"
"248223","HSS-8090469"
"245525","HSS-8089166"
"27618","HSS-8060634"
"56614","HSS-1985051"
"175546","HSS-8027177"
"98422","HSS-8081648"
"98088","HSS-8027183"
"163500","HSS-8077643"
"287589","HSS-8098693"
"154445","HSS-8081650"
"288371","HSS-8099295"
"228359","HSS-8093583"
"75829","HSS-8080332"
"244754","HSS-8089536"
"238452","HSS-1998323"
"238417","HSS-1998298"
"238356","HSS-1998240"
"235284","HSS-8093568"
"235280","HSS-8093566"
"113185","HSS-8080357"
"10455","HSS-1973965"
"23191","HSS-8070566"
"141061","HSS-8070567"
"47522","HSS-8080335"
"227554","HSS-8093601"
"3131","HSS-8065495"
"86016","HSS-8027403"
"47263","HSS-1985430"
"32083","HSS-8065503"
"250666","HSS-1903194"
"244925","HSS-1047449"
"152801","HSS-8074617"
"153023","HSS-8061648"
"273468","HSS-8096047"
"273476","HSS-8096039"
"273047","HSS-8096046"
"273402","HSS-8095715"
"280555","HSS-8099695"
"137553","HSS-1044593"
"141094","HSS-8079119"
"238937","HSS-8089117"
"116786","HSS-8075427"
"250690","HSS-1048256"
"248936","HSS-1048228"
"273128","HSS-8095697"
"238929","HSS-8089116"
"12580","HSS-8068243"
"195396","HSS-8075428"
"293863","HSS-8098557"
"231086","HSS-8085880"
"39113","HSS-1992566"
"196630","HSS-8027153"
"150512","HSS-8076176"
"118677","HSS-1985057"
"79603","HSS-8077562"
"11512","HSS-8077568"
"125653","HSS-8060655"
"9801","HSS-8026132"
"230826","HSS-8085591"
"230649","HSS-8085571"
"229601","HSS-8082884"
"199212","HSS-8076162"
"177232","HSS-8068498"
"90267","HSS-8076161"
"32912","HSS-8067597"
"117045","HSS-1992426"
"250661","HSS-1048306"
"251243","HSS-8092452"
"177839","HSS-8067595"
"104478","HSS-1037989"
"2422","HSS-1038073"
"238783","HSS-8088855"
"273642","HSS-8096366"
"238980","HSS-8087247"
"57498","HSS-8066077"
"47277","HSS-8081645"
"74057","HSS-8066371"
"74377","HSS-1973764"
"73392","HSS-1988141"
"11521","HSS-8026981"
"278413","HSS-8096603"
"6917","HSS-8068496"
"24355","HSS-8076165"
"175305","HSS-8026797"
"131950","HSS-1041245"
"256690","HSS-8094136"
"277833","HSS-8096602"
"233925","HSS-1045940"
"272637","HSS-8096364"
"21077","HSS-8076204"
"228700","HSS-8084867"
"281904","HSS-8097577"
"250969","HSS-8092550"
"282221","HSS-8097983"
"79057","HSS-8066398"
"72845","C018811"
"195653","HSS-8079889"
"98826","HSS-8012842"
"238343","HSS-1998231"
"254502","HSS-8092037"
"111667","HSS-1043742"
"247212","HSS-8089810"
"196725","HSS-8076178"
"287601","HSS-8098710"
"186781","HSS-8076177"
"49217","HSS-8078347"
"24066","HSS-8078346"
"249852","HSS-1048663"
"131285","HSS-8068522"
"288387","HSS-8099774"
"160651","HSS-8070371"
"312590","HSS-8099776"
"193266","HSS-8070378"
"285263","HSS-8097410"
"168340","HSS-1992541"
"90032","HSS-8070380"
"81233","HSS-8070379"
"142958","HSS-8070374"
"285192","HSS-8097370"
"288031","HSS-8100165"
"185190","HSS-8081096"
"72165","HSS-8081085"
"244244","HSS-8088848"
"229162","HSS-8094121"
"28991","HSS-8059944"
"97098","HSS-8074453"
"8281","HSS-8070938"
"62139","HSS-8059943"
"124720","HSS-8081101"
"249457","HSS-1903178"
"148643","HSS-8074636"
"257142","HSS-8094287"
"235277","HSS-8093258"
"22195","HSS-1985105"
"56553","HSS-1040069"
"233165","HSS-8094470"
"260322","HSS-8092014"
"233167","HSS-8094469"
"189748","HSS-8060940"
"46770","HSS-8078120"
"235576","HSS-8088304"
"199394","HSS-8060936"
"75138","HSS-8060530"
"237443","HSS-8086962"
"71820","HSS-8060526"
"27622","HSS-8071455"
"25547","HSS-8060528"
"38410","HSS-8060529"
"82494","HSS-8060938"
"175936","HSS-8060937"
"34250","HSS-8071441"
"93333","HSS-8078086"
"130144","HSS-1044292"
"236373","HSS-8088298"
"156099","HSS-8071469"
"288584","HSS-8099514"
"155820","HSS-8075717"
"69629","HSS-8058643"
"171365","HSS-8073716"
"54351","HSS-8075723"
"62496","HSS-8075718"
"229913","HSS-8083653"
"141778","HSS-8078508"
"283060","HSS-8099962"
"125865","HSS-8079905"
"284108","HSS-8099984"
"284180","HSS-8099961"
"45162","HSS-1988734"
"122154","HSS-1988747"
"187485","HSS-1988733"
"288157","HSS-8099553"
"288032","HSS-8100367"
"287994","HSS-8100357"
"245304","HSS-8089032"
"183840","HSS-8062353"
"56262","HSS-8062372"
"238779","HSS-1048111"
"167953","HSS-8062374"
"170863","HSS-8067042"
"104204","HSS-8062382"
"46525","HSS-8062380"
"170343","HSS-8060547"
"95922","HSS-8078091"
"196831","HSS-8078092"
"273732","HSS-8094921"
"134501","HSS-8078098"
"263266","HSS-8094726"
"273296","HSS-8095625"
"159749","HSS-1033370"
"84658","HSS-8071443"
"226696","HSS-8084026"
"7453","HSS-8067941"
"69725","HSS-8067939"
"142069","HSS-8078118"
"185789","HSS-8060284"
"188633","HSS-1039091"
"238389","HSS-1998281"
"145124","HSS-8070864"
"282252","HSS-8097790"
"257850","HSS-8094607"
"173571","HSS-8070861"
"145981","HSS-8070865"
"72559","HSS-8065146"
"191892","HSS-8070852"
"184493","HSS-8070862"
"311954","HSS-8100200"
"228337","HSS-8084337"
"278350","HSS-8096570"
"135348","HSS-8070859"
"3525","HSS-8068163"
"312454","HSS-8099678"
"187987","HSS-8070856"
"282042","HSS-8096921"
"278756","HSS-8096571"
"141353","HSS-8070863"
"283084","HSS-8097021"
"14285","HSS-8079159"
"281918","HSS-8097788"
"233563","HSS-1045801"
"188716","HSS-8065154"
"311958","HSS-8100201"
"282220","HSS-8097787"
"33586","HSS-8065147"
"141494","HSS-8075098"
"282039","HSS-8097793"
"187627","HSS-8065155"
"282244","HSS-8097792"
"156197","HSS-8070854"
"99236","HSS-8070855"
"38977","HSS-8079156"
"171469","HSS-8080501"
"282051","HSS-8097789"
"311716","HSS-8100199"
"278418","HSS-8096614"
"58512","HSS-8070858"
"103027","HSS-8070860"
"312296","HSS-8100226"
"281813","HSS-8097791"
"170695","HSS-8075093"
"282168","HSS-8096919"
"256819","HSS-8093065"
"272783","HSS-8095902"
"69973","HSS-8065183"
"76163","HSS-1044128"
"282205","HSS-8097082"
"225271","HSS-1045327"
"98811","HSS-1040152"
"161552","HSS-8070875"
"229107","HSS-8084346"
"48210","HSS-8070876"
"121915","HSS-8065195"
"93199","HSS-1044126"
"312455","HSS-8099663"
"250699","HSS-8090884"
"110728","HSS-1044125"
"239729","HSS-8089651"
"78299","HSS-8079163"
"312464","HSS-8099660"
"48715","HSS-8065186"
"66502","HSS-8065363"
"312458","HSS-8099657"
"312461","HSS-8099667"
"312490","HSS-8099679"
"89327","HSS-8065212"
"100750","HSS-8065184"
"133578","HSS-8065167"
"166706","HSS-8065191"
"143087","HSS-8065209"
"7605","HSS-8065163"
"312478","HSS-8099690"
"273868","HSS-8095903"
"107214","HSS-8079170"
"140651","HSS-8070881"
"312460","HSS-8099661"
"312479","HSS-8099691"
"257558","HSS-8094610"
"146374","HSS-8079164"
"157521","HSS-8065379"
"58395","HSS-8065189"
"287675","HSS-8098303"
"312468","HSS-8099658"
"312457","HSS-8099665"
"277101","HSS-8094612"
"312474","HSS-8099702"
"228402","HSS-8084342"
"230063","HSS-8084341"
"277089","HSS-8094611"
"311950","HSS-8100173"
"50786","HSS-8079168"
"312486","HSS-8099714"
"22975","HSS-8065166"
"100283","HSS-8065193"
"176054","HSS-8065165"
"102127","HSS-8069171"
"87762","HSS-8079167"
"103933","HSS-8075122"
"313872","HSS-8100393"
"312465","HSS-8099664"
"234057","HSS-1045934"
"312473","HSS-8099703"
"153641","HSS-8075123"
"230674","HSS-1045865"
"92584","HSS-8075103"
"152052","HSS-8075112"
"17258","HSS-8065185"
"257390","HSS-1110702"
"67429","HSS-8024539"
"127190","HSS-8075129"
"240274","HSS-1046209"
"116832","HSS-8079155"
"282254","HSS-8096922"
"288067","HSS-8098341"
"225267","HSS-1045322"
"206157","HSS-8065211"
"312175","HSS-8100185"
"312459","HSS-8099680"
"311909","HSS-8100187"
"279672","HSS-8096320"
"282181","HSS-8096923"
"281815","HSS-8097798"
"151646","HSS-8070874"
"107526","HSS-8079150"
"75470","HSS-8065198"
"77454","HSS-8070857"
"47232","HSS-1044876"
"111185","HSS-8065164"
"126673","HSS-8065179"
"238784","HSS-1047333"
"288033","HSS-8098342"
"256815","HSS-8093063"
"205284","HSS-8079171"
"312483","HSS-8099716"
"312453","HSS-8099666"
"171116","HSS-8079153"
"48762","HSS-8075108"
"32553","HSS-8079154"
"90160","HSS-8075135"
"177193","HSS-8075133"
"47816","HSS-8075102"
"175043","HSS-8079169"
"126768","HSS-8079151"
"249866","HSS-8091628"
"204012","HSS-8079166"
"52343","HSS-8079152"
"83324","HSS-8079165"
"237075","HSS-1046214"
"122530","HSS-8071540"
"247749","HSS-8090018"
"185379","HSS-8061912"
"107981","HSS-8058759"
"244768","HSS-8089504"
"41260","HSS-8066049"
"11541","HSS-8076887"
"195152","HSS-8075146"
"156420","HSS-8078133"
"6376","HSS-8082622"
"235124","HSS-1046238"
"284203","HSS-8099767"
"288056","HSS-8098953"
"154297","HSS-8078130"
"257849","HSS-8093523"
"190272","HSS-8071466"
"240304","HSS-8086991"
"138148","HSS-8078131"
"240296","HSS-8086989"
"288315","HSS-8099978"
"39952","HSS-8027359"
"144699","HSS-8078129"
"288132","HSS-8099977"
"8017","HSS-8062333"
"240301","HSS-8086556"
"75701","HSS-8062335"
"95653","HSS-8062336"
"112351","HSS-8062334"
"195122","HSS-8075659"
"244813","HSS-8090596"
"240317","HSS-8086964"
"232002","HSS-8083684"
"82121","HSS-8061419"
"81664","HSS-8060923"
"283111","HSS-8099345"
"283117","HSS-8099347"
"231085","HSS-8083636"
"230964","HSS-8086555"
"283052","HSS-8099350"
"283027","HSS-8099353"
"261804","HSS-8092558"
"284286","HSS-8099981"
"261792","HSS-8092552"
"280890","HSS-8096883"
"277978","HSS-8096294"
"114958","HSS-8081633"
"69577","HSS-8074414"
"30506","HSS-8081638"
"66626","HSS-8081634"
"101779","HSS-8070146"
"164041","HSS-8081637"
"180204","HSS-8081639"
"230143","HSS-8082871"
"37936","HSS-8092112"
"80531","HSS-8081636"
"67246","HSS-8092113"
"227383","HSS-8082869"
"230647","HSS-8082872"
"235772","HSS-1047297"
"289980","HSS-8098874"
"240556","HSS-8086411"
"63911","HSS-8066391"
"289974","HSS-8098921"
"198696","HSS-8067637"
"85462","HSS-8026514"
"244796","HSS-8091308"
"285190","HSS-8097346"
"95659","HSS-8092114"
"233213","HSS-8094462"
"109110","HSS-8067574"
"285250","HSS-8097384"
"141152","HSS-1990619"
"293251","HSS-8098434"
"60473","HSS-8083315"
"7110","HSS-8067565"
"93900","HSS-8081090"
"178690","HSS-8076109"
"103530","HSS-8081167"
"40031","HSS-8083339"
"112642","HSS-8069522"
"3231","HSS-8081168"
"244806","HSS-8091319"
"230986","HSS-8083660"
"240312","HSS-8087035"
"260283","HSS-8091987"
"231986","HSS-8083661"
"244814","HSS-8090581"
"240316","HSS-8086601"
"240326","HSS-8086600"
"244801","HSS-8090582"
"46092","HSS-8061891"
"228016","HSS-8082631"
"228272","HSS-8082655"
"266473","HSS-1111239"
"189185","HSS-8078417"
"256407","HSS-8092891"
"148155","HSS-8058763"
"112854","HSS-8071480"
"236231","HSS-8088221"
"280781","HSS-8097123"
"161061","HSS-8061953"
"235117","HSS-8091683"
"8476","HSS-8060281"
"257237","HSS-8094289"
"196749","HSS-8060262"
"51984","HSS-8062163"
"206662","HSS-8062370"
"195185","HSS-8061420"
"27578","HSS-8061942"
"250503","HSS-1048600"
"237427","HSS-8087055"
"232864","HSS-8084072"
"240557","HSS-8086557"
"54556","HSS-8060170"
"227849","HSS-1045550"
"131406","HSS-8062159"
"279872","HSS-8096505"
"279870","HSS-8096504"
"283217","HSS-8097265"
"279857","HSS-8096506"
"283234","HSS-8097268"
"279869","HSS-8096503"
"280362","HSS-8096494"
"279860","HSS-8096490"
"283230","HSS-8097264"
"283221","HSS-8097266"
"133112","HSS-8078938"
"278584","HSS-8096645"
"175933","HSS-8070638"
"190596","HSS-1044444"
"18063","HSS-8078953"
"112879","HSS-8065471"
"156365","HSS-8080326"
"90119","HSS-1035203"
"69761","HSS-1028662"
"43802","HSS-1026436"
"24075","HSS-1044686"
"159617","HSS-1047227"
"312313","HSS-8099630"
"229108","HSS-1045297"
"235203","HSS-8086798"
"235102","HSS-8086792"
"250449","H7L2WH3"
"30856","HSS-1030492"
"161840","HSS-1030267"
"61880","HSS-8070640"
"84378","HSS-8080300"
"10114","HSS-1042784"
"46119","HSS-1041738"
"109885","HSS-8069174"
"168127","HSS-8026022"
"1597","HSS-8078894"
"236710","HSS-1046740"
"76564","HSS-8077182"
"76998","HSS-8070626"
"69264","HSS-8027399"
"163534","HSS-8078946"
"172843","HSS-8080328"
"120321","HSS-8078943"
"32477","HSS-8070604"
"206707","HSS-8065477"
"33871","HSS-1973710"
"95797","HSS-1029076"
"160288","HSS-8078941"
"78319","HSS-8078939"
"113557","HSS-1031306"
"86432","HSS-1038083"
"99266","HSS-8027394"
"51420","HSS-8070629"
"15895","HSS-8027389"
"228141","HSS-8093574"
"235206","HSS-8086793"
"230374","HSS-1046114"
"249865","HSS-8091127"
"240593","HSS-8086803"
"158689","HSS-8078944"
"312382","HSS-8099625"
"167495","HSS-8025795"
"180580","HSS-8069175"
"249547","HSS-8091126"
"161239","HSS-8080329"
"117443","HSS-8069172"
"227602","HSS-8083181"
"171703","HSS-1039750"
"229568","HSS-8089532"
"108285","HSS-8025650"
"4594","HSS-1985098"
"282340","HSS-8096708"
"249819","HSS-1048444"
"237670","HSS-8088285"
"137994","HSS-8073703"
"109925","HSS-1037002"
"132246","HSS-8078511"
"91326","HSS-8078530"
"51379","HSS-8079904"
"174350","HSS-8062323"
"149720","HSS-8062142"
"139274","HSS-8026032"
"137086","HSS-8079832"
"167767","HSS-8071479"
"83342","HSS-8080529"
"72060","HSS-8073380"
"133004","HSS-8068769"
"118847","HSS-8078479"
"314863","HSS-8100144"
"68781","HSS-8058605"
"313342","HSS-8100136"
"66777","HSS-8068751"
"3299","HSS-1038593"
"148387","HSS-8078463"
"56933","HSS-8068760"
"234504","HSS-8086197"
"234537","HSS-8086205"
"137971","HSS-8024919"
"249572","HSS-8091647"
"230734","HSS-1046033"
"121916","HSS-1984570"
"234520","HSS-8086162"
"234517","HSS-8086181"
"269050","HSS-8096251"
"235231","HSS-8086201"
"235228","HSS-8086195"
"83465","HSS-8078460"
"233208","HSS-8094505"
"269053","HSS-8096213"
"278363","HSS-8096595"
"33055","HSS-8067546"
"128942","HSS-8068766"
"314881","HSS-8100145"
"270991","HSS-8097045"
"230373","HSS-8093986"
"235340","HSS-8093472"
"249409","HSS-1048519"
"248382","HSS-1048198"
"238414","HSS-1998256"
"283038","HSS-8099451"
"288334","HSS-8099290"
"288111","HSS-8099288"
"288116","HSS-8099291"
"288438","HSS-8099285"
"233127","HSS-8095053"
"176780","HSS-1961956"
"288514","HSS-8099292"
"20999","HSS-1042533"
"238985","HSS-8087970"
"249671","HSS-1048899"
"282121","HSS-8098274"
"66694","HSS-8074102"
"139799","HSS-8067143"
"9802","HSS-8078429"
"174839","HSS-8062160"
"62027","HSS-8062186"
"7880","HSS-8062165"
"283092","HSS-8096826"
"283209","HSS-8096891"
"88815","HSS-8075756"
"287577","HSS-8098626"
"111308","HSS-8062171"
"240542","HSS-8086620"
"283078","HSS-8097132"
"131199","HSS-8027197"
"288482","HSS-8099258"
"127830","HSS-8027198"
"187518","HSS-8027191"
"144074","HSS-8027193"
"167270","HSS-8027190"
"287583","HSS-8098712"
"123538","HSS-8077572"
"33057","HSS-1985050"
"11628","HSS-8027189"
"237319","HSS-8087254"
"287603","HSS-8098185"
"248248","HSS-8090471"
"86473","HSS-8077574"
"288286","HSS-8099297"
"13895","HSS-8027206"
"188375","HSS-8081661"
"288090","HSS-8099582"
"288227","HSS-8099323"
"195063","HSS-8077571"
"287939","HSS-8100181"
"119817","HSS-8081656"
"248284","HSS-8090473"
"248247","HSS-8090472"
"236143","HSS-8087253"
"46073","HSS-8073533"
"288582","HSS-8099322"
"4982","HSS-8081662"
"285273","HSS-8097955"
"133358","HSS-8074450"
"197079","HSS-8077573"
"288208","HSS-8099324"
"184671","HSS-8070141"
"84684","HSS-8081657"
"105870","HSS-8060315"
"129901","HSS-8070099"
"288165","HSS-8099287"
"288347","HSS-8099286"
"288297","HSS-8099289"
"254238","HSS-8092699"
"250630","HSS-1903189"
"250629","HSS-1903190"
"195518","HSS-8065494"
"117023","HSS-1985508"
"140654","HSS-8079388"
"162282","HSS-8025648"
"205307","HSS-1033134"
"5288","HSS-1040554"
"47540","HSS-8079387"
"240599","HSS-8086845"
"294188","HSS-8098647"
"11012","HSS-8077187"
"190983","HSS-8070565"
"239039","HSS-1046296"
"159953","HSS-1028665"
"65453","HSS-8065500"
"250724","HSS-1048450"
"139118","HSS-1027831"
"229475","HSS-8093603"
"248055","HSS-1049033"
"197044","HSS-1044115"
"124626","HSS-1031102"
"170391","HSS-8065501"
"152074","HSS-8080356"
"92621","HSS-8078955"
"229474","HSS-8093598"
"177042","HSS-8025649"
"229448","HSS-8083194"
"238466","HSS-1998343"
"247084","HSS-8089539"
"77360","HSS-8065497"
"238344","HSS-1998226"
"55372","HSS-8027402"
"164193","HSS-8077186"
"207357","HSS-1044095"
"110921","HSS-8021915"
"84607","HSS-8070568"
"128856","HSS-1985095"
"131392","HSS-8065498"
"30764","HSS-1035928"
"64608","HSS-8065502"
"95495","HSS-8080358"
"230273","HSS-8093600"
"240606","HSS-8086796"
"256405","HSS-8092698"
"73065","HSS-8066884"
"1825","HSS-8068931"
"110037","HSS-8068927"
"249817","HSS-8091388"
"134823","C004609"
"190872","HSS-8068964"
"202566","HSS-8066859"
"103588","HSS-8066865"
"188225","HSS-8066868"
"228951","HSS-8083180"
"240692","HSS-8086616"
"140262","C004627"
"270581","HSS-8097003"
"28790","HSS-8066864"
"247546","HSS-8090647"
"76417","HSS-8066885"
"62650","HSS-1037368"
"253910","HSS-8092074"
"38676","HSS-8066794"
"153616","HSS-8068961"
"254219","HSS-8092395"
"270736","HSS-8096788"
"197567","HSS-8027572"
"247558","HSS-8090646"
"247097","HSS-8090635"
"279128","HSS-8096755"
"261768","HSS-8096008"
"34823","HSS-8024388"
"131618","HSS-8069164"
"180450","HSS-8025804"
"228713","HSS-8084100"
"206095","HSS-8026149"
"156822","HSS-8059308"
"237178","HSS-8090621"
"90266","HSS-1043592"
"237364","HSS-8090619"
"249844","HSS-8091073"
"57412","HSS-8066891"
"236578","HSS-8090622"
"237162","HSS-8090620"
"171472","HSS-8025541"
"79244","C004618"
"247076","HSS-8090625"
"281993","HSS-8097601"
"147930","HSS-1040936"
"75566","HSS-8061487"
"118518","HSS-8062140"
"162353","HSS-8076444"
"170780","HSS-8061490"
"150676","HSS-8060177"
"249654","HSS-8091718"
"110824","HSS-8071476"
"248496","HSS-1049331"
"201960","HSS-8058762"
"80087","HSS-1043698"
"201111","HSS-8067947"
"228097","HSS-8084115"
"238862","HSS-8089033"
"227734","HSS-8084118"
"238970","HSS-1046995"
"235243","HSS-1046310"
"240972","HSS-1046489"
"263232","HSS-8094680"
"159587","HSS-1040722"
"281772","HSS-8097876"
"257761","HSS-8093531"
"41331","HSS-8061948"
"35165","HSS-1038110"
"229665","HSS-8084082"
"183738","HSS-8061944"
"186045","HSS-8062149"
"9984","HSS-8061943"
"167897","HSS-8079875"
"167032","HSS-1040171"
"235242","HSS-1046311"
"171598","HSS-8061951"
"64325","HSS-8066892"
"64990","HSS-8021806"
"267112","HSS-8095439"
"114792","C004648"
"247117","HSS-8090636"
"254237","HSS-8092399"
"26649","HSS-8026150"
"277979","HSS-8096990"
"247104","HSS-8090626"
"240605","HSS-8090623"
"254265","HSS-8092397"
"247512","HSS-8090637"
"154251","HSS-1042153"
"240553","HSS-8086573"
"234721","HSS-8086603"
"26987","HSS-8074101"
"206325","HSS-8061941"
"28678","HSS-8079183"
"122267","HSS-8076454"
"41497","HSS-8076397"
"138307","HSS-8082556"
"228191","HSS-8084087"
"111804","HSS-1037047"
"49647","HSS-8061950"
"134006","HSS-8060944"
"257478","HSS-8093609"
"250793","HSS-8093941"
"280732","HSS-8096811"
"37355","HSS-8076396"
"225290","HSS-8082573"
"110280","HSS-8076482"
"257815","HSS-8093623"
"32207","HSS-8076466"
"263391","HSS-8094681"
"61530","HSS-8076470"
"282155","HSS-8097877"
"39485","HSS-8076463"
"147165","HSS-8076480"
"79951","HSS-8027371"
"103137","HSS-8061940"
"151002","HSS-8076471"
"72889","HSS-8076457"
"82818","HSS-8076455"
"143661","HSS-8061884"
"206033","HSS-8076405"
"50199","HSS-8076394"
"979","HSS-8076456"
"25840","HSS-8076484"
"99657","HSS-8069166"
"93653","HSS-8082575"
"244011","HSS-8088996"
"244226","HSS-8088995"
"312007","HSS-8099506"
"236199","HSS-1046726"
"312046","HSS-8099509"
"248341","HSS-1048660"
"288366","HSS-8099505"
"225707","HSS-8082585"
"65951","HSS-8076399"
"149675","HSS-8076465"
"225679","HSS-8082586"
"91064","HSS-8076406"
"101476","HSS-8076403"
"159273","HSS-8076395"
"234035","HSS-8086208"
"312027","HSS-8099508"
"269276","HSS-8096187"
"288309","HSS-8099504"
"75919","HSS-8076404"
"171576","HSS-8076477"
"50468","HSS-8076460"
"180385","HSS-8076479"
"49629","HSS-8076473"
"87625","HSS-8074915"
"111254","HSS-8076468"
"55162","HSS-8076464"
"198447","HSS-8076474"
"57658","HSS-8076478"
"140326","HSS-1039742"
"34700","HSS-1042273"
"287505","HSS-8098228"
"11658","HSS-8082587"
"132033","HSS-8076475"
"102305","HSS-8076160"
"121789","HSS-8073115"
"67616","HSS-8074933"
"20437","HSS-1044824"
"250563","HSS-8090651"
"104676","HSS-1044838"
"253908","HSS-8091972"
"47264","HSS-8069159"
"281968","HSS-8097609"
"282348","HSS-8097305"
"247513","HSS-8090650"
"247544","HSS-8090638"
"245880","HSS-1047565"
"261871","HSS-8096016"
"115877","HSS-8026181"
"117200","C004647"
"132622","HSS-8074914"
"147942","HSS-1041239"
"148953","HSS-8074927"
"158627","HSS-8074922"
"249442","HSS-8090655"
"236002","HSS-8087528"
"250560","HSS-8090649"
"250562","HSS-8090629"
"270596","HSS-8097310"
"270717","HSS-8098123"
"249410","HSS-8090656"
"250607","HSS-1049817"
"250485","HSS-8092282"
"249475","HSS-8090660"
"249469","HSS-8090662"
"249484","HSS-8090653"
"267176","HSS-8096128"
"50993","HSS-8074925"
"236763","HSS-8088513"
"123492","HSS-8074932"
"2675","HSS-8026185"
"31822","HSS-1039173"
"236861","HSS-8087527"
"106074","HSS-8074930"
"189182","HSS-8074931"
"254256","HSS-8092401"
"273422","HSS-8095443"
"270566","HSS-8097307"
"270782","HSS-8097312"
"270607","HSS-8097866"
"187294","C004608"
"19778","HSS-8066812"
"236000","HSS-8087526"
"94612","C004611"
"254246","HSS-8092400"
"261814","HSS-8096015"
"257347","HSS-8092787"
"100490","HSS-8074929"
"145656","HSS-1039904"
"142987","HSS-8026182"
"52627","HSS-8068954"
"24625","HSS-8074934"
"266849","HSS-8096126"
"245934","HSS-1047946"
"149366","HSS-8074924"
"160561","HSS-8074928"
"249443","HSS-8090661"
"64589","C004603"
"248048","HSS-8091759"
"249820","HSS-8091135"
"227707","HSS-1044962"
"228400","HSS-8083309"
"230749","HSS-8085849"
"271029","HSS-8097719"
"236399","HSS-8087700"
"228117","HSS-8083311"
"230824","HSS-8085851"
"35342","HSS-8066064"
"283068","HSS-8100006"
"235346","HSS-8093499"
"231994","HSS-8083697"
"283040","HSS-8100005"
"290038","HSS-8098382"
"286791","HSS-8098502"
"257885","HSS-8093715"
"293642","HSS-8098520"
"124894","HSS-8061008"
"123867","HSS-8059316"
"13906","HSS-8076407"
"199227","HSS-8079829"
"288523","HSS-8099516"
"45194","HSS-8079831"
"235880","HSS-8088704"
"57749","HSS-8059317"
"287814","HSS-8098590"
"236742","HSS-8088639"
"162952","HSS-8060163"
"46332","HSS-8061007"
"202424","HSS-8071517"
"14442","HSS-8067109"
"240576","HSS-8086548"
"828","HSS-8067957"
"199656","HSS-8079876"
"12441","HSS-8059314"
"176073","HSS-8060161"
"120006","HSS-8059313"
"69770","HSS-8059318"
"77492","HSS-8062350"
"229326","HSS-8083681"
"171466","HSS-8060990"
"288269","HSS-8099517"
"139866","HSS-8060989"
"155877","HSS-8059319"
"240560","HSS-8086535"
"25605","HSS-8060160"
"152897","HSS-1043339"
"236574","HSS-8088697"
"237302","HSS-8088698"
"227574","HSS-8083678"
"227916","HSS-8083677"
"51973","HSS-8060988"
"237283","HSS-8088666"
"248209","HSS-8090450"
"238117","HSS-8086551"
"157428","HSS-8077611"
"4717","HSS-8062348"
"287729","HSS-8098593"
"240563","HSS-1046616"
"106275","HSS-8073293"
"283082","HSS-8096806"
"293813","HSS-8098570"
"43114","HSS-8075727"
"229783","HSS-8082327"
"233968","HSS-8086550"
"160969","HSS-1040317"
"2884","HSS-8067108"
"227398","HSS-8083679"
"120417","HSS-8069163"
"173816","HSS-8058575"
"17691","HSS-8079830"
"196560","HSS-8062357"
"95393","HSS-8058576"
"235384","HSS-8088706"
"51912","HSS-8060987"
"43511","HSS-8060162"
"142153","HSS-8075732"
"124204","HSS-8079836"
"185865","HSS-8067037"
"249613","HSS-8091527"
"226672","HSS-8086549"
"141714","HSS-8060176"
"235400","HSS-8088701"
"287585","HSS-8098601"
"161800","HSS-8060993"
"225128","HSS-1995864"
"237437","HSS-8088641"
"225171","HSS-1995843"
"236689","HSS-1047188"
"225107","HSS-1995862"
"225253","HSS-1995852"
"226503","HSS-1995878"
"138715","HSS-8082010"
"129379","HSS-8061215"
"225162","HSS-1995841"
"230710","HSS-8085940"
"225089","HSS-1995858"
"288200","HSS-8100124"
"225167","HSS-1995845"
"285397","HSS-8097371"
"225094","HSS-1995834"
"237400","HSS-1047186"
"225124","HSS-1995846"
"225153","HSS-1995842"
"237268","HSS-8088500"
"225159","HSS-1995844"
"76029","HSS-8061216"
"228106","HSS-8093988"
"24971","HSS-8081164"
"128598","HSS-8083346"
"76783","HSS-8083351"
"55766","HSS-8069524"
"202815","HSS-8074468"
"62921","HSS-8067610"
"254507","HSS-8092013"
"233215","HSS-8094471"
"233134","HSS-8094483"
"270878","HSS-8097054"
"233198","HSS-8094482"
"172239","HSS-8076113"
"233175","HSS-8094481"
"252068","HSS-8092012"
"293020","HSS-8098432"
"232829","HSS-8084092"
"3786","HSS-8062328"
"38368","HSS-8062189"
"22239","HSS-8058464"
"111693","HSS-1991921"
"99311","HSS-8058465"
"257139","HSS-8094271"
"135060","HSS-8069855"
"136917","HSS-8069367"
"2037","HSS-8068450"
"285257","HSS-8097391"
"282102","HSS-8097667"
"3442","HSS-1991922"
"125581","HSS-8068451"
"126113","HSS-8069851"
"282013","HSS-8097928"
"175337","HSS-8067542"
"192265","HSS-8080589"
"193878","HSS-1043533"
"11685","HSS-1042700"
"41196","HSS-8058455"
"206969","HSS-1991927"
"33861","HSS-8078115"
"169729","HSS-8078426"
"167265","HSS-8078424"
"198948","HSS-8078421"
"76199","HSS-8078423"
"79483","HSS-8078420"
"256943","HSS-8092894"
"225197","HSS-1045435"
"108912","HSS-8062367"
"294463","HSS-8099367"
"294423","HSS-8098631"
"71378","HSS-1038907"
"126256","HSS-8079880"
"288164","HSS-8099341"
"58420","HSS-8075724"
"77895","HSS-8061415"
"14487","HSS-8061413"
"154537","HSS-8062355"
"179362","HSS-8079873"
"288161","HSS-8099329"
"26193","HSS-8071483"
"225220","HSS-8083680"
"15305","HSS-8079868"
"135894","HSS-8079879"
"79788","HSS-8071518"
"227552","HSS-1045036"
"294164","HSS-8098630"
"280308","HSS-8098273"
"280272","HSS-8098272"
"228861","HSS-8083659"
"5709","HSS-8067948"
"230754","HSS-1046062"
"150959","HSS-8079866"
"155740","HSS-8079874"
"165517","HSS-8067113"
"24940","HSS-8061908"
"167014","HSS-8067952"
"166170","HSS-8078529"
"187352","HSS-8079901"
"125613","HSS-8075740"
"109958","HSS-8079907"
"140858","HSS-8060173"
"179213","HSS-8076442"
"91327","HSS-8078522"
"233174","HSS-8096939"
"231016","HSS-8083707"
"201255","HSS-8079821"
"24688","HSS-8062138"
"8132","HSS-8079892"
"288321","HSS-8099940"
"288369","HSS-8099972"
"200957","HSS-8062139"
"200918","HSS-8078509"
"42639","HSS-8060183"
"59351","HSS-8060182"
"202691","HSS-8061493"
"245392","HSS-8090754"
"283135","HSS-8099496"
"266999","HSS-8096144"
"132162","HSS-8059182"
"247053","HSS-8090753"
"248388","HSS-8090744"
"273029","HSS-8094942"
"236498","HSS-8087500"
"13944","HSS-8066606"
"270630","HSS-8097295"
"57766","C003157"
"13141","HSS-8026135"
"249824","HSS-8090782"
"256728","HSS-8094252"
"30518","HSS-8059148"
"235969","HSS-8087503"
"249812","HSS-8090784"
"267387","HSS-8096387"
"39971","HSS-8059149"
"235826","HSS-8090748"
"245538","HSS-8090755"
"266932","HSS-8096392"
"230851","HSS-8086391"
"92777","HSS-8065641"
"200395","HSS-8070583"
"169263","HSS-8065633"
"137653","HSS-1043373"
"124087","HSS-8070582"
"67075","HSS-8065635"
"52893","HSS-8065637"
"283070","HSS-8097222"
"133765","HSS-8065636"
"44072","HSS-8078929"
"277991","HSS-8096651"
"123297","HSS-8065638"
"183839","HSS-8065640"
"277797","HSS-8096658"
"169884","HSS-8078928"
"240620","HSS-8086820"
"130821","HSS-8080351"
"227419","HSS-8083104"
"184011","HSS-8078930"
"277969","HSS-8096659"
"184572","HSS-8065639"
"74180","HSS-8078932"
"164328","HSS-8078935"
"240611","HSS-8086819"
"1382","HSS-1040033"
"15144","HSS-8078933"
"229016","HSS-1045118"
"197588","HSS-8078886"
"21413","HSS-1042042"
"227405","HSS-8083102"
"239878","HSS-1046365"
"232004","HSS-8083103"
"230850","HSS-8083105"
"33121","HSS-8078934"
"230086","HSS-1045099"
"113303","HSS-8061725"
"254227","HSS-1110082"
"233272","HSS-8094408"
"254094","HSS-1049571"
"244573","HSS-8090922"
"230976","HSS-8093453"
"244561","HSS-8090929"
"135500","HSS-1961967"
"271713","HSS-8096382"
"280575","HSS-8098801"
"187929","HSS-8067572"
"244861","HSS-8090927"
"57895","HSS-8078300"
"94702","HSS-8072312"
"235317","HSS-8093450"
"235276","HSS-8093448"
"225","HSS-8072310"
"244587","HSS-8090928"
"27484","HSS-8061224"
"229612","HSS-8093874"
"227730","HSS-8093876"
"12332","HSS-8072290"
"270915","HSS-8097095"
"235352","HSS-8093451"
"106754","HSS-8080848"
"293038","HSS-8098455"
"124932","HSS-1043402"
"233243","HSS-8094403"
"230567","HSS-1045251"
"261830","HSS-8092561"
"244866","HSS-8090920"
"279650","HSS-8096332"
"67852","HSS-8072304"
"144518","HSS-8058056"
"270880","HSS-8097097"
"235335","HSS-8093452"
"270955","HSS-8097092"
"271077","HSS-8097089"
"229191","HSS-8093872"
"227710","HSS-8093875"
"178012","HSS-8069551"
"231056","HSS-8093449"
"69762","HSS-8078302"
"198238","HSS-8058061"
"99764","HSS-8069561"
"238041","HSS-8087752"
"84268","HSS-8072293"
"52896","HSS-8069574"
"273715","HSS-8096038"
"171435","HSS-8079590"
"236900","HSS-1047044"
"143752","HSS-8074913"
"145200","HSS-8072581"
"154645","HSS-8074916"
"155011","HSS-8074918"
"162000","C004628"
"157073","C004644"
"128268","HSS-8074910"
"142852","HSS-8072573"
"98739","HSS-8026174"
"111686","HSS-8072569"
"70258","HSS-8072559"
"68730","HSS-8072571"
"175274","HSS-8072558"
"45230","HSS-8074920"
"151958","HSS-8026176"
"136360","C004642"
"77567","HSS-8027580"
"202761","HSS-8072567"
"189866","HSS-8026170"
"34547","HSS-8072576"
"50708","HSS-8072556"
"4989","HSS-8074919"
"230771","HSS-1045608"
"249816","HSS-8091074"
"6529","HSS-8072574"
"171912","C004604"
"141279","HSS-8074912"
"81928","HSS-8072583"
"109217","HSS-8072570"
"66774","HSS-8074917"
"78390","HSS-8072580"
"240339","HSS-8085648"
"50858","HSS-8072572"
"49986","C004641"
"198086","HSS-8072579"
"285305","HSS-8097501"
"53233","HSS-8072575"
"277932","HSS-8096989"
"183374","HSS-8072577"
"12789","C004639"
"26222","HSS-8074911"
"26356","C004636"
"56541","HSS-8072566"
"44375","HSS-1042118"
"87626","HSS-8074909"
"85989","HSS-8074921"
"102623","C004622"
"118063","C004643"
"24913","HSS-8072578"
"280588","HSS-8098369"
"290073","HSS-8098664"
"229119","HSS-8085085"
"246935","HSS-1047895"
"102941","C009377"
"235241","HSS-1046450"
"240614","HSS-8086835"
"150848","HSS-1975587"
"256369","HSS-1110964"
"263144","HSS-8094677"
"240607","HSS-8086834"
"288430","HSS-8099651"
"281833","HSS-8097184"
"236296","HSS-1046742"
"90112","HSS-1043843"
"67114","HSS-6001441"
"141084","HSS-1041720"
"290077","HSS-8098837"
"288129","HSS-8099652"
"240623","HSS-8086833"
"227382","HSS-8083115"
"290036","HSS-8098853"
"289997","HSS-8098852"
"285380","HSS-8097690"
"289981","HSS-8098838"
"173526","HSS-8070584"
"200335","HSS-8080315"
"162091","HSS-8080314"
"285150","HSS-8097689"
"45080","HSS-8080313"
"228499","HSS-8083155"
"231117","HSS-8093484"
"288298","HSS-8099888"
"232775","HSS-8091950"
"104673","HSS-8069508"
"150685","HSS-8077591"
"238957","HSS-8087232"
"235339","HSS-8093471"
"168870","HSS-8081078"
"288359","HSS-8100194"
"16930","HSS-8081057"
"238412","HSS-1998250"
"38646","HSS-8060327"
"238448","HSS-1998314"
"293104","HSS-8097948"
"288518","HSS-8100196"
"247780","HSS-8089799"
"238377","HSS-1998273"
"8975","HSS-8021977"
"288125","HSS-8099877"
"288052","HSS-8099870"
"288539","HSS-8099885"
"67110","HSS-8081075"
"278754","HSS-8096555"
"66339","HSS-8060309"
"65517","HSS-8081052"
"94360","HSS-8024763"
"235414","HSS-8087234"
"256373","HSS-8093525"
"167571","HSS-8060660"
"203270","HSS-8060661"
"235409","HSS-8091294"
"30531","HSS-8070377"
"45684","HSS-8081703"
"118791","HSS-8067624"
"248224","HSS-8090451"
"182937","HSS-8060658"
"159773","HSS-8070369"
"185385","HSS-8060657"
"126963","HSS-8074442"
"248295","HSS-8090560"
"127980","HSS-8060317"
"136369","HSS-8083395"
"179757","HSS-8070131"
"6746","HSS-8070368"
"83395","HSS-8070921"
"175885","HSS-8077553"
"15424","HSS-8076105"
"70312","HSS-8072759"
"184369","HSS-8074629"
"118270","HSS-8076104"
"270890","HSS-8097341"
"244868","HSS-8090266"
"120047","HSS-8059930"
"172882","HSS-8083337"
"105349","HSS-8081087"
"34115","HSS-8059992"
"199973","HSS-8059993"
"271076","HSS-8096475"
"178537","HSS-6001272"
"228719","HSS-8093983"
"267347","HSS-8096422"
"257793","HSS-8093714"
"226526","HSS-1045030"
"138796","HSS-1044901"
"189690","HSS-8077852"
"235798","HSS-8088235"
"150335","HSS-8077898"
"247207","HSS-8089996"
"241743","HSS-8088255"
"204675","HSS-8077829"
"122248","HSS-8069133"
"58384","HSS-8069132"
"132331","HSS-8077886"
"250523","HSS-8091976"
"247238","HSS-8089994"
"282118","HSS-8098070"
"281791","HSS-8098068"
"233301","HSS-8089999"
"247178","HSS-8089908"
"188267","HSS-8069125"
"148738","HSS-8077863"
"195870","HSS-8069136"
"111032","HSS-8024368"
"206865","HSS-8069137"
"278286","HSS-8096627"
"247187","HSS-8089920"
"247793","HSS-8089912"
"247807","HSS-8089926"
"41420","HSS-8077835"
"236585","HSS-8088252"
"236953","HSS-8088246"
"228927","HSS-8094028"
"150197","HSS-8065876"
"135464","HSS-8078637"
"179844","HSS-1992554"
"227717","HSS-8093987"
"287582","HSS-8098708"
"247790","HSS-8089806"
"288325","HSS-8099305"
"287613","HSS-8098704"
"288149","HSS-8099303"
"244850","HSS-8091305"
"247341","HSS-1902543"
"288130","HSS-8099310"
"107284","HSS-1992552"
"238462","HSS-1998342"
"288158","HSS-8099309"
"233200","HSS-8094368"
"270806","HSS-8097220"
"132930","HSS-8067327"
"118904","HSS-8067332"
"76221","HSS-8070137"
"150286","HSS-8092108"
"244798","HSS-8091301"
"285285","HSS-8097630"
"252063","HSS-8091816"
"196671","HSS-8092107"
"280152","HSS-8098192"
"280140","HSS-8098722"
"288167","HSS-8099304"
"280458","HSS-8099247"
"229251","HSS-8094021"
"287611","HSS-8098709"
"288098","HSS-8099302"
"247789","HSS-8089807"
"227637","HSS-8094027"
"288592","HSS-8099306"
"288263","HSS-8099308"
"280198","HSS-8098727"
"290163","HSS-8099075"
"238361","HSS-1998235"
"288188","HSS-8099300"
"238380","HSS-1998279"
"160884","HSS-1992507"
"238393","HSS-1998290"
"287590","HSS-8098705"
"260311","HSS-8092033"
"230541","HSS-8094023"
"230201","HSS-8094024"
"238447","HSS-1998319"
"237104","HSS-8087248"
"184547","HSS-8027164"
"280467","HSS-8098730"
"80672","HSS-8060643"
"121820","HSS-1992568"
"16311","HSS-1985055"
"247064","HSS-8089525"
"254493","HSS-8092032"
"257563","HSS-1110345"
"288442","HSS-8099226"
"243980","HSS-8088860"
"75802","HSS-1992567"
"238366","HSS-1998243"
"238425","HSS-1998350"
"128814","HSS-8060627"
"283050","HSS-8099805"
"287607","HSS-8098707"
"14069","C003795"
"237042","HSS-8087250"
"229250","HSS-8094026"
"189180","HSS-8027167"
"280143","HSS-8098725"
"280266","HSS-8098726"
"280540","HSS-8098719"
"287569","HSS-8098706"
"267047","HSS-8097252"
"244841","HSS-8091303"
"198342","HSS-8060647"
"6318","HSS-8027165"
"19211","HSS-1975589"
"151522","HSS-8067961"
"76640","HSS-8062181"
"34341","HSS-8058733"
"31372","HSS-1040820"
"281839","HSS-8097816"
"119913","HSS-1042149"
"285423","HSS-8098198"
"281944","HSS-8097815"
"290130","HSS-8099183"
"237403","HSS-8087053"
"19597","HSS-8060985"
"270894","HSS-8098119"
"270937","HSS-8096761"
"270716","HSS-8097254"
"270704","HSS-8096757"
"270732","HSS-8098121"
"270831","HSS-8098118"
"270981","HSS-8097258"
"261861","HSS-8096011"
"267248","HSS-8096124"
"270825","HSS-8096760"
"270781","HSS-8097507"
"270659","HSS-8096762"
"270788","HSS-8097865"
"270929","HSS-8097308"
"270856","HSS-8096756"
"166447","HSS-8060194"
"159771","C001116"
"117561","HSS-1041014"
"263506","HSS-8094709"
"267334","HSS-8096125"
"270799","HSS-8097257"
"267007","HSS-8096123"
"77995","C002799"
"270940","HSS-8096782"
"270650","HSS-8097306"
"273734","HSS-8095440"
"267168","HSS-8096159"
"265775","HSS-8092786"
"270727","HSS-8096758"
"119870","HSS-1042152"
"256895","HSS-8093222"
"111560","C004612"
"271066","HSS-8097261"
"267310","HSS-8095441"
"273340","HSS-8095442"
"267278","HSS-8096157"
"29321","HSS-1042150"
"270762","HSS-8097256"
"267131","HSS-8096158"
"279624","HSS-8096996"
"186263","HSS-1042151"
"265774","HSS-8092790"
"261845","HSS-8096013"
"270707","HSS-8097255"
"82374","HSS-1043376"
"249880","HSS-1048584"
"185726","HSS-1040992"
"257634","HSS-8093729"
"273703","HSS-8095364"
"236183","HSS-8087937"
"79959","HSS-1043139"
"64159","HSS-8076154"
"35760","HSS-8066372"
"250803","HSS-8092456"
"97051","HSS-8082018"
"285146","HSS-8097674"
"68894","HSS-8076211"
"111864","HSS-8076206"
"37996","HSS-8076150"
"205105","HSS-8067598"
"12323","HSS-8076205"
"272734","HSS-8096093"
"256717","HSS-8094135"
"101195","HSS-8067592"
"73562","HSS-8082021"
"293098","HSS-8097950"
"137533","HSS-8076159"
"20872","HSS-8067594"
"49192","HSS-1038075"
"282096","HSS-8097620"
"13159","HSS-8076151"
"172447","HSS-1992442"
"28977","HSS-8076108"
"205083","HSS-8060258"
"167201","HSS-8074466"
"258361","HSS-8091813"
"270588","HSS-8097590"
"121383","HSS-8076122"
"238364","HSS-1998246"
"238774","HSS-8088845"
"230886","HSS-8084257"
"96896","HSS-8068143"
"157002","HSS-8068144"
"190493","HSS-8025351"
"200578","HSS-1040511"
"131057","HSS-1025189"
"240608","HSS-8086808"
"196172","HSS-8077162"
"240996","HSS-8085847"
"225632","HSS-8083111"
"186519","HSS-1041866"
"236666","HSS-8087697"
"227374","HSS-8083108"
"244581","HSS-8090545"
"175240","HSS-8080311"
"184377","HSS-8066017"
"227416","HSS-8083113"
"148658","HSS-1043223"
"128284","HSS-8070591"
"229912","HSS-8083310"
"163015","HSS-8011466"
"21033","HSS-1041828"
"102122","HSS-1041237"
"53926","HSS-8070585"
"16753","HSS-8070589"
"177701","HSS-8080307"
"16099","HSS-8080305"
"197489","HSS-8070587"
"9719","HSS-8080308"
"43985","HSS-8077160"
"180279","HSS-8070586"
"227393","HSS-8083112"
"125810","HSS-8070592"
"227379","HSS-8083109"
"73776","HSS-8067605"
"51836","HSS-8077159"
"196010","HSS-8070596"
"33691","HSS-8080309"
"273691","HSS-8096169"
"203558","HSS-8070588"
"227704","HSS-8093602"
"229153","HSS-1045139"
"144718","HSS-8025647"
"285156","HSS-8097688"
"235590","HSS-8086848"
"235230","HSS-8086846"
"68390","HSS-8077161"
"235215","HSS-8086847"
"124080","HSS-8071706"
"249541","HSS-8091128"
"8887","HSS-8080306"
"189719","HSS-8065499"
"111464","HSS-8070590"
"31066","HSS-8065504"
"237852","HSS-1047128"
"228338","HSS-8084832"
"124141","HSS-8070593"
"230856","HSS-8083138"
"240625","HSS-8086807"
"230805","HSS-8083188"
"231136","HSS-8083192"
"227386","HSS-8083107"
"232842","HSS-8083140"
"240592","HSS-8086809"
"227705","HSS-8093597"
"227415","HSS-8083106"
"231060","HSS-8083137"
"227421","HSS-8083110"
"231135","HSS-8083184"
"231139","HSS-8083187"
"240589","HSS-8086806"
"231134","HSS-8083191"
"230043","HSS-8093606"
"116492","HSS-8065506"
"180579","HSS-1985429"
"170352","HSS-8080336"
"230626","HSS-8093604"
"228835","HSS-8093599"
"231131","HSS-8083189"
"231133","HSS-8083190"
"231140","HSS-8083186"
"231132","HSS-8083193"
"231141","HSS-8083185"
"280585","HSS-8098687"
"280592","HSS-8098738"
"280449","HSS-8098739"
"280523","HSS-8098749"
"259491","HSS-8091954"
"207426","HSS-8083397"
"280597","HSS-8098737"
"288427","HSS-8099560"
"288487","HSS-8099561"
"245550","HSS-8089165"
"158021","HSS-8070384"
"40901","HSS-8077554"
"159557","HSS-8082356"
"104938","HSS-1992570"
"34663","HSS-8077558"
"101827","HSS-8077566"
"20578","HSS-1992569"
"280541","HSS-8098735"
"244831","HSS-8091299"
"280486","HSS-8098758"
"244816","HSS-8091297"
"280542","HSS-8098750"
"280499","HSS-8098756"
"280548","HSS-8098754"
"280522","HSS-8098759"
"280574","HSS-8099388"
"280564","HSS-8098736"
"68241","HSS-8070134"
"280552","HSS-8098753"
"192110","HSS-8078483"
"282111","HSS-8097322"
"91087","HSS-8076941"
"234003","HSS-8085304"
"273921","HSS-8095875"
"68932","HSS-8067353"
"3223","HSS-8067359"
"286802","HSS-8098537"
"293331","HSS-8098508"
"286795","HSS-8098526"
"59145","HSS-8074221"
"204911","HSS-8074209"
"286812","HSS-8098820"
"225195","HSS-1045376"
"43773","HSS-1043233"
"87685","HSS-8071712"
"312578","HSS-8099770"
"30184","HSS-8065838"
"234516","HSS-8086179"
"234510","HSS-8086188"
"135245","HSS-8068756"
"136644","HSS-8076893"
"257226","HSS-8095795"
"288147","HSS-8099178"
"58610","HSS-8068777"
"254090","HSS-1049559"
"247121","HSS-8089589"
"247123","HSS-8089577"
"247113","HSS-8089586"
"288178","HSS-8100129"
"288545","HSS-8100158"
"288408","HSS-8099173"
"247106","HSS-8089570"
"247122","HSS-8089576"
"247111","HSS-8089587"
"235219","HSS-8086189"
"38043","HSS-8068755"
"248380","HSS-1048368"
"185814","HSS-8078495"
"288171","HSS-8099175"
"288451","HSS-8099179"
"80102","HSS-8073665"
"232853","HSS-8084111"
"240309","HSS-8086579"
"524","HSS-8062131"
"228891","HSS-8082633"
"228039","HSS-8082646"
"225308","HSS-8082612"
"225305","HSS-8087045"
"236654","HSS-8088230"
"225310","HSS-8082608"
"116093","HSS-8062157"
"244605","HSS-8089579"
"230540","HSS-8072046"
"113123","HSS-8060188"
"207461","HSS-8061409"
"6568","HSS-1039487"
"43764","HSS-8078685"
"234726","HSS-8086602"
"256387","HSS-1111542"
"115473","HSS-8062155"
"249659","HSS-8091775"
"244815","HSS-8095359"
"247316","HSS-1048044"
"130300","HSS-1042483"
"11670","HSS-8025805"
"285323","HSS-8097392"
"143173","HSS-8025808"
"256351","HSS-1049903"
"84879","HSS-8083353"
"237305","HSS-8087225"
"177228","HSS-8025797"
"236328","HSS-8087229"
"226491","HSS-8082858"
"238132","HSS-8085872"
"54966","HSS-1041240"
"52036","HSS-8025817"
"206480","HSS-8070093"
"35234","HSS-8081084"
"283064","HSS-8097025"
"282180","HSS-8097636"
"257582","HSS-8094288"
"49421","HSS-8024067"
"70966","HSS-1961973"
"235778","HSS-1047209"
"174483","105089"
"178302","HSS-1961972"
"225724","HSS-1045250"
"257813","HSS-8094504"
"200814","HSS-8081659"
"257572","HSS-8094296"
"238840","HSS-8087255"
"112997","HSS-1961971"
"230874","HSS-8083705"
"26244","HSS-8073688"
"181044","HSS-8078134"
"98470","HSS-8071464"
"244748","HSS-8088688"
"230872","HSS-8086971"
"45680","HSS-8073690"
"83147","HSS-8073684"
"170393","HSS-8067106"
"231984","HSS-8083622"
"9435","HSS-8073686"
"56204","HSS-8073689"
"100095","HSS-8057918"
"200111","HSS-8073694"
"116738","HSS-8078136"
"43994","HSS-8073693"
"78826","HSS-8075649"
"66795","HSS-8073695"
"108851","HSS-8060976"
"133651","HSS-8071468"
"228324","HSS-8083626"
"249553","HSS-8091132"
"112096","HSS-8071470"
"97717","HSS-8073692"
"194881","HSS-8078132"
"229238","HSS-8083625"
"44840","HSS-8073698"
"17230","HSS-8075651"
"244220","HSS-8089005"
"244044","HSS-8089003"
"155895","HSS-8060947"
"182475","HSS-1988736"
"127782","HSS-1988738"
"241727","HSS-8086987"
"166337","HSS-1988737"
"22556","HSS-8058029"
"80989","HSS-8060269"
"288502","HSS-8099613"
"283019","HSS-8097050"
"36374","HSS-8058169"
"238443","HSS-1998313"
"238381","HSS-1998285"
"28530","HSS-8067571"
"253906","HSS-8092011"
"257145","HSS-8095040"
"285337","HSS-8097379"
"233193","HSS-8094480"
"78972","HSS-8070124"
"86867","HSS-8070937"
"288268","HSS-8099612"
"201129","C004003"
"254317","HSS-8092217"
"176151","HSS-8080767"
"235164","HSS-8086350"
"62783","HSS-1992561"
"249603","HSS-8091588"
"82462","HSS-1992550"
"230869","HSS-8093398"
"230898","HSS-8093400"
"235285","HSS-8093395"
"228257","HSS-1045101"
"230950","HSS-8093393"
"235379","HSS-8087197"
"123041","HSS-8076112"
"117744","HSS-1992432"
"280580","HSS-8098803"
"235282","HSS-8093396"
"235283","HSS-8093399"
"153672","HSS-1992428"
"235165","HSS-8087200"
"235420","HSS-8087198"
"235380","HSS-8087201"
"235320","HSS-8093401"
"237123","HSS-8087196"
"14000","HSS-8067665"
"23357","HSS-8072315"
"99751","HSS-8061733"
"110064","HSS-8067664"
"130339","HSS-8072328"
"229689","HSS-8093868"
"235302","HSS-8093363"
"257868","HSS-1111319"
"198834","HSS-1038728"
"139554","HSS-1038741"
"67116","HSS-8067655"
"51888","HSS-1038729"
"231051","HSS-8093357"
"68611","HSS-8079609"
"230899","HSS-8093279"
"207030","HSS-1043894"
"235319","HSS-8093446"
"17299","HSS-1038734"
"46780","HSS-1038732"
"230996","HSS-8093359"
"199207","HSS-1038740"
"229097","HSS-8093859"
"230600","HSS-8093863"
"242907","HSS-1047221"
"230923","HSS-8093265"
"242906","HSS-1047222"
"244817","HSS-8090962"
"230915","HSS-8093366"
"125421","HSS-1040205"
"273536","HSS-8095595"
"225219","HSS-8084284"
"38817","HSS-8059468"
"18984","HSS-1044011"
"69048","HSS-1040216"
"76851","HSS-8080776"
"273651","HSS-8095596"
"129170","HSS-8059489"
"272739","HSS-8095597"
"225216","HSS-8084285"
"38071","HSS-8070891"
"88076","HSS-8080774"
"226487","HSS-8084286"
"136376","HSS-8080773"
"73548","HSS-8080775"
"71852","HSS-8080771"
"170291","HSS-8080770"
"273552","HSS-8095598"
"206354","HSS-8059482"
"169918","HSS-8059486"
"225198","HSS-8084287"
"272853","HSS-8095594"
"8433","HSS-8059485"
"230927","HSS-8084289"
"290096","HSS-8099007"
"273219","HSS-8095599"
"313605","HSS-8100104"
"240609","HSS-1046750"
"240618","HSS-1046754"
"20466","HSS-8060926"
"118058","HSS-8060925"
"109240","HSS-8079813"
"240601","HSS-1046751"
"240549","HSS-8086546"
"159461","HSS-8060958"
"237366","HSS-1047271"
"227648","HSS-8083693"
"121054","HSS-8062352"
"228504","HSS-8082821"
"13221","HSS-8075647"
"236192","HSS-1047316"
"288483","HSS-8100089"
"52540","HSS-1035930"
"54999","HSS-8026060"
"69078","HSS-1036980"
"249571","HSS-1048958"
"94459","HSS-8062338"
"139321","HSS-8062325"
"149942","HSS-8062342"
"75053","HSS-1988139"
"189584","HSS-8061977"
"249651","HSS-1048796"
"71112","HSS-1041635"
"282141","HSS-8097139"
"227698","HSS-8082860"
"249683","HSS-8091684"
"182595","HSS-8060594"
"36688","HSS-8070925"
"147754","HSS-8081134"
"117680","HSS-8060595"
"270972","HSS-8097048"
"233180","HSS-8094484"
"270798","HSS-8097041"
"261853","HSS-8092632"
"233183","HSS-8094487"
"270966","HSS-8097042"
"270889","HSS-8097039"
"261841","HSS-8092560"
"261822","HSS-8092644"
"252067","HSS-8091942"
"261819","HSS-8092553"
"68428","HSS-8069379"
"270741","HSS-8097043"
"261860","HSS-8092633"
"57219","HSS-8078320"
"182786","HSS-8060592"
"104008","HSS-1992413"
"167375","HSS-8081153"
"276164","HSS-8060593"
"196845","HSS-8060598"
"173604","HSS-8078319"
"283079","HSS-8099814"
"270698","HSS-8097046"
"270924","HSS-8097049"
"228904","HSS-8093985"
"261781","HSS-8092636"
"261854","HSS-8092627"
"258366","HSS-8091810"
"238378","HSS-1998276"
"260268","HSS-8092005"
"261752","HSS-8092629"
"261754","HSS-8092628"
"229035","HSS-8084315"
"52100","HSS-1992499"
"38358","HSS-8077586"
"6734","HSS-8077588"
"26672","HSS-8077581"
"235350","HSS-8093470"
"259490","HSS-8091946"
"102154","HSS-8077583"
"144559","C003910"
"192977","HSS-8081876"
"28173","HSS-8077589"
"145909","HSS-8083317"
"203472","HSS-8083320"
"285370","HSS-8097588"
"285158","HSS-8097587"
"75022","HSS-8059933"
"252052","HSS-8091941"
"260269","HSS-8092008"
"233195","HSS-8094474"
"148736","HSS-8069589"
"181306","HSS-8061191"
"233155","HSS-8094476"
"233217","HSS-8094486"
"231034","HSS-8093476"
"252065","HSS-8091805"
"162274","HSS-8081160"
"158699","HSS-8077584"
"261849","HSS-8092637"
"233162","HSS-8094473"
"233204","HSS-8094472"
"271000","HSS-8097589"
"261795","HSS-8092635"
"235353","HSS-8093467"
"203750","HSS-8077579"
"252057","HSS-8091807"
"244809","HSS-8091273"
"238996","HSS-8087165"
"261828","HSS-8092643"
"230637","HSS-8082861"
"258369","HSS-8091817"
"252056","HSS-8091818"
"259383","HSS-8091943"
"261753","HSS-8092630"
"271020","HSS-8097586"
"261833","HSS-8092645"
"233256","HSS-8094138"
"258364","HSS-8091809"
"252046","HSS-8091944"
"260300","HSS-8092030"
"233189","HSS-8094362"
"234727","HSS-8086615"
"1809","HSS-1041752"
"102450","HSS-1032934"
"185432","HSS-8062170"
"157592","HSS-8062146"
"47546","HSS-8061416"
"229308","HSS-8083623"
"240564","HSS-8086618"
"240698","HSS-8086619"
"145873","HSS-1034384"
"47947","HSS-8062167"
"311781","HSS-8099253"
"99828","HSS-8075111"
"175646","HSS-8075113"
"111975","HSS-8075109"
"155152","HSS-8075092"
"116435","HSS-8079158"
"237860","HSS-8088820"
"163467","HSS-8067336"
"81491","HSS-1036264"
"33263","HSS-8024932"
"108606","HSS-1044935"
"227394","HSS-8083142"
"3512","HSS-8070569"
"227403","HSS-8083144"
"97445","HSS-8070571"
"41883","HSS-8080337"
"247068","HSS-8089544"
"75681","HSS-8065511"
"73022","HSS-1984562"
"273062","HSS-8095139"
"97800","HSS-8083153"
"263660","HSS-8094673"
"174623","HSS-1960892"
"227378","HSS-8083147"
"273087","HSS-8096180"
"282144","HSS-8097190"
"236496","HSS-8086836"
"105166","HSS-8083148"
"235552","HSS-8086837"
"294007","HSS-8098839"
"180643","HSS-8023595"
"206578","HSS-8077173"
"269182","HSS-8096182"
"146403","HSS-1036239"
"133680","HSS-8065699"
"71264","HSS-8077176"
"227397","HSS-8083150"
"56469","HSS-8065701"
"48346","HSS-8083149"
"294330","HSS-8098832"
"269029","HSS-8096183"
"84572","HSS-8065698"
"257270","HSS-8092695"
"92946","HSS-1025018"
"273310","HSS-8096178"
"135826","HSS-1033299"
"124816","HSS-8077174"
"143951","HSS-8070577"
"237175","HSS-8086855"
"178536","HSS-8080330"
"108921","HSS-8077171"
"148119","HSS-1043516"
"265784","HSS-8092694"
"167889","HSS-1044896"
"56372","HSS-8023598"
"236885","HSS-1046689"
"2302","HSS-8077177"
"148823","HSS-1028670"
"140118","HSS-1964220"
"161030","HSS-8019921"
"159871","HSS-8065478"
"91104","HSS-8065489"
"47764","HSS-8065696"
"97163","HSS-1033521"
"84964","HSS-8065507"
"228881","HSS-1045133"
"189768","HSS-8065505"
"247239","HSS-1047960"
"281821","HSS-8097189"
"247073","HSS-8089546"
"281902","HSS-8097188"
"233567","HSS-8086968"
"273490","HSS-8096181"
"170427","HSS-1042515"
"272791","HSS-8096179"
"174589","HSS-8021906"
"265790","HSS-8092696"
"118859","HSS-8080360"
"170246","HSS-8083152"
"125008","HSS-8027406"
"256799","HSS-8093114"
"136629","HSS-1029064"
"273211","HSS-8096177"
"154821","HSS-8065496"
"256817","HSS-8093113"
"63904","HSS-8065510"
"127401","HSS-8077175"
"227691","HSS-8083154"
"92720","HSS-8080318"
"192571","HSS-8078611"
"79164","HSS-1985514"
"263375","HSS-1940386"
"28056","HSS-8021912"
"233928","HSS-8086818"
"120976","HSS-1030532"
"138439","HSS-1037598"
"203296","HSS-1024159"
"281922","HSS-8097676"
"230356","HSS-8082923"
"157144","HSS-1031769"
"282108","HSS-8097565"
"257517","HSS-1940356"
"237209","HSS-8086849"
"263596","HSS-1940395"
"1537","HSS-8065509"
"263577","HSS-1940400"
"141950","HSS-1044631"
"234107","HSS-8085544"
"263258","HSS-1940397"
"118849","HSS-8065508"
"263676","HSS-1940396"
"1958","HSS-1036240"
"263194","HSS-1940398"
"263289","HSS-1940394"
"227412","HSS-8083145"
"263572","HSS-1940393"
"236193","HSS-1047212"
"94962","HSS-1985510"
"263432","HSS-1940391"
"86236","HSS-8070572"
"198322","C010267"
"251499","HSS-1902721"
"141410","HSS-1044483"
"164293","HSS-1044421"
"98893","HSS-8070573"
"15533","HSS-1985513"
"150014","HSS-8080359"
"176427","HSS-1985512"
"247072","HSS-8089545"
"234492","HSS-1046046"
"256364","HSS-1110962"
"290172","HSS-8098941"
"139083","HSS-8076433"
"10509","HSS-8072099"
"107098","HSS-8076437"
"15278","HSS-8067055"
"19408","HSS-1041936"
"207071","HSS-1043956"
"225691","HSS-8082592"
"84274","HSS-1043958"
"116876","HSS-8076432"
"166160","HSS-1043955"
"56888","HSS-8076438"
"112012","HSS-8024929"
"12168","HSS-8027392"
"147195","HSS-8066845"
"254127","HSS-1048329"
"254129","HSS-1048337"
"112932","HSS-8059299"
"248229","HSS-1048367"
"254128","HSS-1048331"
"36648","HSS-8066819"
"237920","HSS-8087450"
"266888","HSS-8095470"
"62864","HSS-8027550"
"200891","HSS-8059300"
"270865","HSS-8097499"
"254130","HSS-1048336"
"233145","HSS-8094553"
"238771","HSS-1048127"
"248203","HSS-8090368"
"272713","HSS-8095476"
"204393","HSS-8027584"
"257549","HSS-8092782"
"57981","HSS-1044511"
"118000","HSS-8072918"
"53754","HSS-1044159"
"257833","HSS-8093770"
"273528","HSS-8094962"
"1450","HSS-8066867"
"257735","HSS-8093928"
"189858","HSS-8066844"
"237924","HSS-8087520"
"272946","HSS-8095495"
"151062","HSS-1037415"
"45368","HSS-8071749"
"229599","HSS-8085084"
"267370","HSS-8095494"
"21744","HSS-8021101"
"272793","HSS-8095499"
"229754","HSS-8085075"
"12835","HSS-8027551"
"266863","HSS-8095505"
"245459","HSS-8089308"
"186786","HSS-8059301"
"257590","HSS-8094555"
"250561","HSS-8091077"
"257527","HSS-8094620"
"229037","HSS-8084808"
"234000","HSS-8085071"
"267095","HSS-8095474"
"257199","HSS-8094961"
"267219","HSS-8095493"
"257790","HSS-8093768"
"64041","HSS-1037412"
"280503","HSS-8099185"
"17869","HSS-8074906"
"47938","HSS-8066822"
"1901","HSS-8059307"
"267143","HSS-8095486"
"238043","HSS-8087445"
"14047","HSS-8066836"
"270963","HSS-8097002"
"245493","HSS-8089302"
"233111","HSS-8094551"
"191430","HSS-8066852"
"248212","HSS-8090370"
"76994","HSS-8066849"
"237840","HSS-8088699"
"147724","HSS-8079857"
"253901","HSS-8091873"
"143663","HSS-1041072"
"249660","HSS-8091877"
"24181","HSS-8066847"
"249749","HSS-8091876"
"257425","HSS-8094554"
"111572","HSS-8066843"
"256435","HSS-8093012"
"253912","HSS-8092073"
"84353","HSS-8059305"
"254240","HSS-8092383"
"257494","HSS-8093781"
"49563","HSS-8066813"
"118311","HSS-8066803"
"231002","HSS-8085631"
"248228","HSS-8090367"
"257536","HSS-8093769"
"249678","HSS-8091856"
"256426","HSS-8093013"
"85994","HSS-1034883"
"260306","HSS-8092039"
"280268","HSS-8098333"
"280195","HSS-8098338"
"228605","HSS-8094034"
"280141","HSS-8098337"
"280154","HSS-8098335"
"230161","HSS-8094038"
"280207","HSS-8098336"
"233242","HSS-8094039"
"252066","HSS-8092040"
"230292","HSS-8094037"
"280203","HSS-8098184"
"283108","HSS-8099452"
"229723","HSS-8093497"
"104327","HSS-8078362"
"280278","HSS-8098334"
"116920","HSS-1992502"
"44507","HSS-8092111"
"283138","HSS-8099454"
"246578","HSS-1047720"
"80171","HSS-8078358"
"129713","HSS-1992504"
"33891","HSS-1042460"
"246577","HSS-1047698"
"36928","HSS-8078353"
"197852","HSS-8067630"
"17695","HSS-8078354"
"75006","HSS-1992556"
"132215","HSS-1992551"
"32697","HSS-1992555"
"246579","HSS-1047721"
"142567","HSS-1992549"
"110796","HSS-8078360"
"260312","HSS-8092038"
"29633","HSS-8078361"
"112758","HSS-8027182"
"256355","HSS-1111213"
"234051","HSS-8084855"
"237087","HSS-8088457"
"229017","HSS-8084854"
"235239","HSS-8085939"
"64561","HSS-8058458"
"250814","HSS-8092624"
"257239","HSS-8094277"
"228920","HSS-8082850"
"245514","HSS-8089173"
"236448","HSS-8087163"
"285357","HSS-8097671"
"171540","HSS-8068477"
"49621","HSS-8068475"
"225673","HSS-8082292"
"257152","HSS-8096319"
"1557","HSS-1034187"
"245528","HSS-8089135"
"247741","HSS-8094604"
"163145","HSS-8075377"
"257111","HSS-8095713"
"257234","HSS-8095712"
"244794","HSS-8091453"
"244826","HSS-8090553"
"244777","HSS-8091456"
"293715","HSS-8098498"
"237280","HSS-8087957"
"286797","HSS-8098500"
"280491","HSS-8098516"
"286796","HSS-8098499"
"236664","HSS-8087958"
"293541","HSS-8098514"
"286793","HSS-8098491"
"287894","HSS-8098490"
"280498","HSS-8098515"
"293656","HSS-8098513"
"261847","HSS-8092646"
"57720","HSS-1045249"
"238994","HSS-8087249"
"238457","HSS-1998341"
"232771","HSS-8091956"
"193775","HSS-1961979"
"87229","HSS-1961980"
"238365","HSS-1998242"
"250967","HSS-8092563"
"3967","HSS-8081714"
"66869","HSS-8067628"
"149306","HSS-1042639"
"238450","HSS-1998316"
"139411","HSS-1962009"
"288225","HSS-8099979"
"287986","HSS-8098943"
"228470","HSS-8083621"
"287804","HSS-8098619"
"287955","HSS-8098945"
"91492","HSS-8060158"
"66441","HSS-8057915"
"237317","HSS-1047363"
"149497","HSS-8078128"
"293966","HSS-8098628"
"177111","HSS-8016522"
"54281","HSS-8060949"
"24226","HSS-1012669"
"42487","HSS-8062124"
"192608","HSS-8015825"
"61886","HSS-8060973"
"257508","HSS-8093616"
"71055","HSS-8060941"
"183513","HSS-8061892"
"129858","HSS-8057910"
"158408","HSS-8057917"
"73900","HSS-8081692"
"121131","HSS-8027708"
"198199","HSS-8073554"
"88288","HSS-8067334"
"290042","HSS-8098786"
"288063","HSS-8100178"
"288106","HSS-8099831"
"288364","HSS-8099899"
"167830","HSS-8081055"
"201412","HSS-8060278"
"71308","HSS-8015802"
"184056","HSS-8067582"
"235810","HSS-8087240"
"235588","HSS-8087956"
"181458","HSS-8077144"
"51125","HSS-8062162"
"76032","HSS-8079886"
"134004","HSS-1039353"
"27877","HSS-8060166"
"235205","HSS-8087012"
"2470","HSS-8061442"
"170308","HSS-8060184"
"240295","HSS-8086569"
"240315","HSS-8086570"
"237727","HSS-8087010"
"235589","HSS-8087009"
"240194","HSS-8087005"
"240956","HSS-1046389"
"248503","HSS-1048807"
"257486","HSS-8093323"
"247089","HSS-8089520"
"290024","HSS-8098826"
"24938","HSS-8074032"
"273093","HSS-8096173"
"278786","HSS-8096655"
"21404","HSS-8080349"
"198431","HSS-8078913"
"85299","HSS-1043105"
"107919","HSS-8078922"
"256789","HSS-8093117"
"143056","HSS-8070653"
"183600","HSS-1043824"
"277928","HSS-8096299"
"281818","HSS-8097180"
"101184","HSS-8077359"
"109704","HSS-8080352"
"204537","HSS-8065666"
"285179","HSS-8097680"
"33884","HSS-8070659"
"185255","HSS-8078919"
"131975","HSS-8078915"
"155406","HSS-1040838"
"290004","HSS-8098840"
"238252","HSS-8086816"
"29406","HSS-8077163"
"139295","HSS-8077164"
"132843","HSS-1039115"
"163244","HSS-1039114"
"137542","HSS-1037605"
"240612","HSS-8086813"
"118803","HSS-8080348"
"90057","HSS-8065663"
"227387","HSS-8083126"
"94450","HSS-8077167"
"25645","HSS-8080345"
"136580","HSS-1024302"
"14274","HSS-8077166"
"185487","HSS-8077165"
"29592","HSS-8080347"
"95496","HSS-8080355"
"37352","HSS-8080304"
"183577","HSS-1042469"
"294223","HSS-8098841"
"288162","HSS-8099645"
"227380","HSS-8083129"
"199994","HSS-8065650"
"227396","HSS-8083130"
"99357","HSS-8078925"
"227400","HSS-8083127"
"154247","HSS-8077151"
"166355","HSS-8080350"
"207206","HSS-8065655"
"227413","HSS-8083132"
"257618","HSS-8093758"
"250979","HSS-1049959"
"228403","HSS-8084582"
"265771","HSS-8094548"
"245495","HSS-8089288"
"245482","HSS-8089278"
"238971","HSS-8087508"
"228142","HSS-8084576"
"257610","HSS-8093764"
"236888","HSS-8087511"
"279858","HSS-8097294"
"175715","C002596"
"228189","HSS-8084584"
"228109","HSS-8084581"
"112713","HSS-8079340"
"240332","HSS-8085563"
"108181","HSS-1043319"
"126656","HSS-8068911"
"229149","HSS-8084577"
"190208","HSS-8064802"
"257881","HSS-8096002"
"245501","HSS-8089276"
"245491","HSS-8089271"
"131019","HSS-8074728"
"180956","HSS-8066614"
"204424","HSS-8072521"
"63794","HSS-8072901"
"163427","HSS-8074767"
"140674","HSS-8066611"
"21719","HSS-8068897"
"147065","HSS-8079337"
"230782","HSS-8085605"
"27322","HSS-8072895"
"112927","HSS-8074734"
"176249","HSS-8066612"
"115879","HSS-8079339"
"93661","HSS-8074730"
"248093","HSS-8090202"
"234028","HSS-8085590"
"170342","HSS-8066610"
"140341","HSS-8066623"
"163650","HSS-8066622"
"14100","HSS-8066621"
"231121","HSS-8085575"
"237191","HSS-8087768"
"235846","HSS-8087734"
"285259","HSS-8097440"
"230849","HSS-8085350"
"185818","HSS-8014404"
"240546","HSS-8086415"
"235847","HSS-8087749"
"240551","HSS-8086416"
"240678","HSS-8086386"
"237296","HSS-8087743"
"237401","HSS-8087748"
"237274","HSS-8087762"
"285378","HSS-8097438"
"10257","HSS-8073707"
"100993","HSS-8079846"
"271003","HSS-8097212"
"285143","HSS-8097439"
"234050","HSS-8085341"
"254225","HSS-8092216"
"236408","HSS-8087742"
"270835","HSS-8097214"
"32968","HSS-1040318"
"70923","C011645"
"163936","C010241"
"233148","HSS-8095581"
"233226","HSS-8094395"
"238050","HSS-8087732"
"236580","HSS-8088830"
"237278","HSS-8087769"
"12265","HSS-8079624"
"70476","HSS-8079626"
"200555","HSS-8079623"
"240978","HSS-1047074"
"240976","HSS-1047073"
"52543","HSS-8067342"
"44377","HSS-8067339"
"285187","HSS-8097742"
"202892","HSS-8067335"
"240318","HSS-8087024"
"244778","HSS-8090589"
"83480","HSS-1041320"
"188987","HSS-8062151"
"121600","HSS-8062154"
"249808","HSS-8091234"
"200966","HSS-8067043"
"30433","HSS-8072517"
"35531","HSS-8079335"
"230973","HSS-8085581"
"203571","HSS-8072897"
"64248","HSS-8061946"
"34407","C003149"
"120394","C003141"
"270793","HSS-8096988"
"44816","HSS-8074882"
"54937","HSS-8074881"
"92501","HSS-8069781"
"190047","HSS-8079338"
"238251","HSS-8086815"
"4679","HSS-8078927"
"240615","HSS-8086814"
"288591","HSS-8099644"
"136052","HSS-8065671"
"186422","HSS-8078926"
"278776","HSS-8096657"
"88583","HSS-8076885"
"13071","HSS-8080354"
"44071","HSS-8078917"
"51456","HSS-8078916"
"173002","HSS-8070661"
"247082","HSS-8089522"
"285164","HSS-8097679"
"115182","HSS-8078920"
"280856","HSS-8097170"
"91914","HSS-8065672"
"173244","HSS-8077152"
"201965","HSS-8065653"
"164191","HSS-8065657"
"288577","HSS-8099643"
"172313","HSS-1043224"
"60841","HSS-8065667"
"107809","HSS-8065654"
"57092","HSS-8070664"
"173311","HSS-8065659"
"133354","HSS-8065661"
"146963","HSS-8065651"
"117715","HSS-8070662"
"166851","HSS-8065668"
"247083","HSS-8089518"
"311754","HSS-8099224"
"293731","HSS-8098524"
"293859","HSS-8098560"
"293716","HSS-8098535"
"293722","HSS-8098523"
"293900","HSS-8098561"
"20880","HSS-8081056"
"92551","HSS-8058294"
"45974","HSS-8058292"
"21406","HSS-8074227"
"202682","HSS-8058296"
"238819","HSS-8087976"
"236970","HSS-8087974"
"240213","HSS-8087975"
"293735","HSS-8098533"
"236405","HSS-8087964"
"106764","HSS-8058314"
"293807","HSS-8098494"
"293814","HSS-8098495"
"293738","HSS-8098532"
"293725","HSS-8098534"
"3970","HSS-8071487"
"288319","HSS-8099515"
"297","HSS-8069300"
"181982","HSS-8078924"
"185313","HSS-8065660"
"160484","HSS-8065670"
"288521","HSS-8099642"
"95681","HSS-8059023"
"312342","HSS-8099631"
"280608","HSS-8096880"
"51952","HSS-8078918"
"111383","HSS-8086371"
"227399","HSS-8083131"
"1141","HSS-8080518"
"111417","HSS-8080593"
"240586","HSS-8086823"
"250778","HSS-8092612"
"139398","HSS-8078363"
"187823","HSS-8068201"
"225177","HSS-8083863"
"311760","HSS-8099234"
"294248","HSS-8098939"
"311784","HSS-8099244"
"233324","HSS-8090259"
"311770","HSS-8099235"
"311786","HSS-8099264"
"182895","HSS-8071752"
"290624","HSS-8098880"
"225176","HSS-8083837"
"290590","HSS-8098878"
"290276","HSS-8098918"
"106150","HSS-8080519"
"41006","HSS-8080525"
"145292","HSS-8080524"
"290011","HSS-8098882"
"164186","HSS-8074202"
"293820","HSS-8098558"
"233988","HSS-8087971"
"293539","HSS-8098522"
"288500","HSS-8099611"
"94692","HSS-8058165"
"68436","HSS-8070116"
"180300","HSS-8069549"
"201119","HSS-8069542"
"102192","HSS-1042595"
"37054","HSS-8067951"
"8308","HSS-8074878"
"241006","HSS-1046506"
"230972","HSS-8085562"
"231029","HSS-8085561"
"288480","HSS-8099480"
"248094","HSS-8090198"
"234074","HSS-8085568"
"311902","HSS-8099476"
"267092","HSS-8096135"
"64714","HSS-8082651"
"267202","HSS-8096133"
"234129","HSS-8085596"
"256925","HSS-8093207"
"282246","HSS-8097477"
"177177","HSS-8061882"
"233117","HSS-8095983"
"76710","HSS-8064810"
"238831","HSS-1046841"
"247299","HSS-8090182"
"293943","HSS-8098641"
"256694","HSS-8094251"
"256733","HSS-8094249"
"234060","HSS-8085577"
"234116","HSS-8085560"
"312377","HSS-8099627"
"312345","HSS-8099632"
"263394","HSS-1940382"
"263299","HSS-1940380"
"238386","HSS-1998286"
"238388","HSS-1998278"
"238411","HSS-1998258"
"238374","HSS-1998267"
"238396","HSS-1998296"
"238368","HSS-1998266"
"263143","HSS-1940381"
"79685","HSS-1032217"
"238429","HSS-1998302"
"238370","HSS-1998270"
"234132","HSS-8086817"
"263655","HSS-1940389"
"238919","HSS-8089517"
"147116","HSS-8058022"
"25031","HSS-1041860"
"228269","HSS-1045222"
"238376","HSS-1998271"
"238934","HSS-8089521"
"272763","HSS-8096172"
"263706","HSS-1940390"
"263117","HSS-1940388"
"263180","HSS-1940402"
"263622","HSS-1940399"
"257551","HSS-1940354"
"263492","HSS-1940387"
"263095","HSS-1940401"
"263759","HSS-1940385"
"263471","HSS-1940384"
"168258","HSS-8075737"
"164036","HSS-8077197"
"263514","HSS-1940392"
"263288","HSS-1940379"
"164482","HSS-8073559"
"263537","HSS-1940369"
"263664","HSS-1940370"
"263458","HSS-1940374"
"190913","HSS-8065878"
"263542","HSS-1940371"
"68618","HSS-8027716"
"263179","HSS-1940373"
"263319","HSS-1940372"
"196191","HSS-8071184"
"263581","HSS-1940375"
"142660","HSS-1988136"
"263469","HSS-1940367"
"263461","HSS-1940366"
"263374","HSS-1940365"
"263672","HSS-1940364"
"233206","HSS-8094363"
"261821","HSS-1940495"
"263687","HSS-1940363"
"263171","HSS-1940362"
"53689","HSS-8068257"
"263402","HSS-1940361"
"263314","HSS-1940368"
"16893","HSS-8071179"
"261855","HSS-1940494"
"233184","HSS-8094355"
"263604","HSS-1940360"
"263549","HSS-1940378"
"263649","HSS-1940377"
"263779","HSS-1940376"
"257627","HSS-1940355"
"263605","HSS-1940358"
"263383","HSS-1940357"
"263169","HSS-1940359"
"247777","HSS-1903199"
"248299","HSS-1903197"
"254272","HSS-1904962"
"263462","HSS-1940383"
"256950","HSS-8092898"
"235139","HSS-8087239"
"127350","HSS-8070100"
"127077","HSS-8081072"
"253921","HSS-1049569"
"31980","HSS-8073511"
"106083","HSS-8066365"
"240566","HSS-1046658"
"109365","HSS-8074460"
"143858","HSS-8081073"
"285296","HSS-8097344"
"9264","HSS-8077570"
"80432","HSS-8081069"
"155508","HSS-8070169"
"279652","HSS-8096260"
"238420","HSS-1998351"
"94163","HSS-8081105"
"96900","HSS-1988143"
"230688","HSS-8085933"
"47550","HSS-8072773"
"283143","HSS-8097026"
"58076","HSS-8083407"
"187007","HSS-8068539"
"11401","HSS-1985073"
"105408","HSS-8081099"
"204317","HSS-8072764"
"180258","HSS-8081103"
"235252","HSS-8085936"
"287600","HSS-8098681"
"62494","HSS-8081098"
"237329","HSS-8087242"
"187160","HSS-8058143"
"189930","HSS-8074451"
"228143","HSS-8084318"
"178782","HSS-8081089"
"240727","HSS-8088090"
"163142","HSS-8069511"
"235248","HSS-8085934"
"37610","HSS-8070096"
"256421","HSS-8092936"
"89841","HSS-8083341"
"181569","HSS-8083405"
"71072","HSS-8083406"
"233227","HSS-8094041"
"280081","HSS-8098328"
"240269","HSS-1046380"
"280254","HSS-8098326"
"233234","HSS-8094042"
"230646","HSS-8082865"
"280107","HSS-8098325"
"167312","HSS-8076213"
"71569","HSS-1992505"
"240270","HSS-1046467"
"142833","HSS-8078345"
"244854","HSS-8091320"
"233257","HSS-8094040"
"170567","HSS-8076218"
"115131","HSS-8076182"
"186719","HSS-8076216"
"173847","HSS-8076217"
"238912","HSS-1047597"
"171400","C011533"
"82898","HSS-8076185"
"261785","HSS-8092648"
"32698","HSS-1992560"
"153098","HSS-1992562"
"132133","HSS-8065466"
"256393","HSS-8093653"
"203053","HSS-8070648"
"178290","HSS-8070649"
"117087","HSS-8078887"
"65361","HSS-1985536"
"126720","HSS-1985535"
"109100","HSS-8065492"
"27268","HSS-8065491"
"171370","HSS-1985500"
"280358","HSS-8099638"
"280353","HSS-8099636"
"280346","HSS-8099637"
"244738","HSS-8089534"
"199917","HSS-8078952"
"227652","HSS-8093577"
"8885","HSS-8080297"
"35886","HSS-1985101"
"250978","HSS-1049960"
"229688","HSS-8093576"
"225299","HSS-8082607"
"181690","HSS-8080298"
"227555","HSS-8093578"
"228887","HSS-8093575"
"123001","HSS-1985498"
"109743","HSS-8027397"
"64434","HSS-8077184"
"118674","HSS-8078890"
"280235","HSS-8098293"
"120239","HSS-8061454"
"1368","HSS-8061452"
"231013","HSS-8083687"
"230967","HSS-8083690"
"231969","HSS-8083691"
"195793","HSS-8078419"
"231995","HSS-8083686"
"247297","HSS-1902540"
"116064","HSS-8027186"
"110953","HSS-8027199"
"134245","HSS-8073534"
"287568","HSS-8098746"
"153099","HSS-1992558"
"173372","HSS-8081663"
"87992","HSS-1992557"
"287608","HSS-8098695"
"247287","HSS-1902548"
"247348","HSS-1902547"
"235305","HSS-8093473"
"199043","HSS-8076184"
"252049","HSS-8091824"
"244736","HSS-8091322"
"167183","HSS-1044402"
"228538","HSS-1045163"
"235580","HSS-8087947"
"11291","HSS-8074224"
"230645","HSS-8082864"
"235830","HSS-8087948"
"235579","HSS-8087942"
"206541","HSS-8074207"
"72982","HSS-8076183"
"156589","HSS-8076214"
"172120","HSS-8074208"
"260266","HSS-8092016"
"256750","HSS-1111527"
"280183","HSS-8098329"
"280572","HSS-8098321"
"280234","HSS-8098282"
"280239","HSS-8098331"
"244860","HSS-8091771"
"280506","HSS-8098322"
"240268","HSS-1046379"
"280271","HSS-8098324"
"244575","HSS-8091770"
"260271","HSS-8092017"
"244825","HSS-8091766"
"127654","HSS-1988745"
"57173","HSS-1988748"
"244767","HSS-8090532"
"244821","HSS-8091318"
"106609","HSS-1988746"
"179388","HSS-1988731"
"127430","HSS-1988728"
"11368","HSS-1988740"
"135715","HSS-1988741"
"280080","HSS-8098323"
"293618","HSS-8098505"
"52485","HSS-1988732"
"259492","HSS-8091958"
"234488","HSS-1046040"
"260301","HSS-8095357"
"280108","HSS-8098327"
"99924","HSS-1992506"
"231988","HSS-8083642"
"44865","HSS-1992518"
"254491","HSS-8095360"
"256929","HSS-8092890"
"150336","HSS-1990620"
"179669","HSS-8066374"
"24711","HSS-8073512"
"238367","HSS-1998264"
"277925","HSS-8096669"
"288554","HSS-8099125"
"41636","HSS-8083332"
"238391","HSS-1998287"
"162713","HSS-8070122"
"39326","HSS-8078321"
"238418","HSS-1998347"
"250601","HSS-1049692"
"38225","HSS-8070113"
"238415","HSS-1998259"
"43864","HSS-8081655"
"248068","HSS-8091936"
"231052","HSS-8083645"
"113886","HSS-8079848"
"125873","HSS-8079854"
"240299","HSS-8086966"
"141783","HSS-8079847"
"230937","HSS-8083708"
"287458","HSS-8098088"
"77221","HSS-8068146"
"235574","HSS-8088060"
"234143","HSS-8085586"
"267339","HSS-8096131"
"47617","HSS-8071227"
"249843","HSS-8091376"
"94217","HSS-8024800"
"24780","HSS-8006862"
"185003","HSS-8071226"
"250508","HSS-1049383"
"250712","HSS-1048351"
"238434","HSS-1998300"
"290234","HSS-8099378"
"184322","HSS-8081063"
"200547","HSS-8081066"
"235413","HSS-8087235"
"250731","HSS-1048188"
"247209","HSS-8089800"
"226667","HSS-8084317"
"42207","HSS-8069517"
"166700","HSS-8076116"
"285321","HSS-8097345"
"290145","HSS-8099068"
"9614","HSS-8067586"
"81209","HSS-8081071"
"98338","HSS-8076117"
"179390","HSS-8081058"
"288571","HSS-8099113"
"287574","HSS-8098700"
"198983","HSS-8081062"
"159855","HSS-8081067"
"243975","HSS-8088850"
"180316","HSS-8074461"
"194060","HSS-8081059"
"62123","HSS-8080766"
"269498","HSS-8098701"
"172221","HSS-1032074"
"139227","HSS-8015681"
"27286","HSS-6001511"
"245551","HSS-1047599"
"244155","HSS-8089010"
"77462","HSS-8062346"
"143319","HSS-8062377"
"244149","HSS-8089011"
"248244","HSS-8090999"
"58331","HSS-8067110"
"235863","HSS-8088692"
"38227","HSS-8057925"
"235849","HSS-8086973"
"71555","HSS-8061005"
"53746","HSS-8062143"
"7049","HSS-8062133"
"256368","HSS-1111240"
"226496","HSS-1995877"
"225102","HSS-1995857"
"123753","HSS-8061424"
"121806","HSS-8060995"
"188805","HSS-8080046"
"229745","HSS-8083674"
"51230","HSS-8060585"
"236423","HSS-8087054"
"176798","HSS-8079833"
"140425","HSS-8061423"
"4570","HSS-8061014"
"106190","HSS-8057906"
"151825","HSS-8061909"
"237430","HSS-8088700"
"106549","HSS-8082027"
"231063","HSS-8093474"
"77759","HSS-8079816"
"178259","HSS-8061016"
"180115","HSS-8079935"
"148482","HSS-8079862"
"59614","HSS-8005443"
"228131","HSS-8083695"
"179506","HSS-8061911"
"228856","HSS-8083654"
"253911","HSS-8091983"
"230133","HSS-8083655"
"14238","HSS-8061011"
"283121","HSS-8099763"
"280293","HSS-8098280"
"107480","HSS-8079914"
"283042","HSS-8099334"
"185451","HSS-8061949"
"170939","HSS-8062158"
"26352","HSS-8061973"
"288316","HSS-8099939"
"228770","HSS-8083650"
"236413","HSS-8087162"
"15578","HSS-8075149"
"270983","HSS-8098055"
"270870","HSS-8098054"
"270961","HSS-8098075"
"270597","HSS-8098059"
"39557","HSS-8076215"
"270968","HSS-8098034"
"270673","HSS-8098056"
"233136","HSS-8094912"
"5218","HSS-8077853"
"228736","HSS-1045321"
"230206","HSS-1045119"
"248086","HSS-1048071"
"160849","HSS-8077828"
"41955","HSS-8069118"
"197250","HSS-8069114"
"126205","HSS-8069112"
"195224","HSS-8077834"
"28335","HSS-8077826"
"182054","HSS-8077833"
"32169","HSS-8069113"
"61722","HSS-1043140"
"25220","HSS-8083340"
"285204","HSS-8097381"
"14494","HSS-8083350"
"288505","HSS-8099572"
"62784","HSS-1992548"
"66681","HSS-1992545"
"177314","HSS-1992540"
"79062","HSS-1992559"
"110720","HSS-8062194"
"205681","HSS-8060994"
"230609","HSS-1045301"
"146177","HSS-8079835"
"176721","HSS-1034757"
"272563","HSS-8098609"
"237710","HSS-8087209"
"33912","HSS-8078143"
"283054","HSS-8099525"
"231976","HSS-8083635"
"233238","HSS-8094123"
"252050","HSS-8091948"
"93347","HSS-1044485"
"235344","HSS-8093478"
"71540","HSS-8071477"
"87446","HSS-1040394"
"118839","HSS-8079837"
"237395","HSS-1047459"
"235097","HSS-8086978"
"240338","HSS-8086609"
"234151","HSS-8086974"
"57166","HSS-8069162"
"235209","HSS-8086977"
"235208","HSS-8086975"
"235207","HSS-8086976"
"235406","HSS-8090021"
"145553","HSS-8061418"
"103916","HSS-8061975"
"53530","HSS-8062153"
"7888","HSS-1039392"
"225273","HSS-8083656"
"257560","HSS-8093615"
"283047","HSS-8097137"
"5771","HSS-8061428"
"252787","HSS-8092895"
"101836","HSS-8061907"
"44182","HSS-8061410"
"240208","HSS-8087060"
"68979","HSS-8060952"
"294067","HSS-8098595"
"80627","HSS-8061965"
"198599","HSS-8062343"
"281072","HSS-8097122"
"170036","HSS-8062326"
"91174","HSS-8062152"
"275254","HSS-8093942"
"225223","HSS-8083712"
"284015","HSS-8097133"
"280780","HSS-8096799"
"84279","HSS-1041690"
"136167","HSS-8061971"
"101727","HSS-8061978"
"99103","HSS-8082629"
"165999","HSS-8075758"
"227668","HSS-8084099"
"234689","HSS-8089038"
"227722","HSS-8084095"
"229940","HSS-8084096"
"71262","HSS-8067137"
"237433","HSS-8086827"
"27600","HSS-8078897"
"236892","HSS-8086828"
"235766","HSS-8086826"
"240629","HSS-8086825"
"294240","HSS-8098827"
"98752","HSS-8080370"
"294457","HSS-8098843"
"119651","HSS-8070617"
"278680","HSS-8096647"
"294048","HSS-8098830"
"294397","HSS-8098828"
"18075","HSS-8078903"
"202305","HSS-8078901"
"294089","HSS-8098831"
"282127","HSS-8097172"
"43434","HSS-8081962"
"250914","HSS-8092337"
"269080","HSS-8096189"
"65106","HSS-8076486"
"160583","HSS-8076461"
"256805","HSS-8093115"
"188937","HSS-8079184"
"173163","HSS-8076485"
"206179","HSS-8076488"
"116798","HSS-8082589"
"256795","HSS-8093116"
"225481","HSS-8078083"
"224514","HSS-1044991"
"252079","HSS-8091753"
"244093","HSS-8088999"
"269128","HSS-8096188"
"2585","HSS-1042274"
"225721","HSS-8082582"
"226533","HSS-8082577"
"64888","HSS-8076392"
"80293","HSS-8076401"
"8510","HSS-8076452"
"32428","HSS-1042280"
"167477","HSS-8076469"
"136805","HSS-8076402"
"225676","HSS-8082583"
"159341","HSS-8076462"
"121044","HSS-8076458"
"245885","HSS-1047560"
"225695","HSS-8082576"
"62105","HSS-8010844"
"70489","HSS-8078081"
"244140","HSS-8088997"
"130232","HSS-8076459"
"288292","HSS-8099313"
"135023","HSS-8082579"
"189217","HSS-8069157"
"86008","HSS-8076472"
"244182","HSS-8088994"
"183364","HSS-1040363"
"2843","HSS-8076467"
"68901","HSS-8078076"
"143874","HSS-8078071"
"120513","HSS-8078079"
"251200","HSS-1110037"
"277931","HSS-8096681"
"87495","HSS-8078078"
"50316","HSS-1039282"
"282153","HSS-8097686"
"9588","HSS-8057874"
"194488","HSS-8068209"
"8436","HSS-8074222"
"249665","HSS-8091526"
"237419","HSS-8090633"
"247102","HSS-8090634"
"249564","HSS-8091387"
"249600","HSS-8091384"
"236876","HSS-8087466"
"249648","HSS-8091518"
"249471","HSS-8090667"
"185187","HSS-8026169"
"85175","HSS-8026167"
"249612","HSS-8091857"
"158201","HSS-8026163"
"285260","HSS-8097500"
"155010","HSS-8026161"
"156706","HSS-8026165"
"13170","HSS-8026164"
"90641","HSS-8026168"
"107028","HSS-8026162"
"27406","HSS-8026166"
"92008","HSS-8058606"
"285306","HSS-8097526"
"234533","HSS-8086203"
"112598","HSS-1044666"
"247128","HSS-8089578"
"234532","HSS-8086187"
"256719","HSS-1111698"
"234531","HSS-8086190"
"122715","HSS-8078482"
"64398","HSS-8073640"
"257204","HSS-1112384"
"195011","HSS-1043217"
"278404","HSS-8096631"
"269043","HSS-8096236"
"269044","HSS-8096239"
"13629","HSS-8072036"
"186732","HSS-8073682"
"269183","HSS-8096238"
"881","HSS-8072052"
"15919","HSS-8072039"
"269143","HSS-8096231"
"207506","HSS-8072043"
"114265","HSS-8073678"
"269081","HSS-8096240"
"269249","HSS-8096241"
"287070","HSS-8098472"
"87223","HSS-8068748"
"286938","HSS-8098466"
"313291","HSS-8100133"
"100117","HSS-8073668"
"285433","HSS-8098467"
"101166","HSS-8072045"
"278534","HSS-8096630"
"230177","HSS-1045446"
"60358","HSS-8078434"
"119454","HSS-8072050"
"149727","HSS-8068743"
"4929","HSS-8072047"
"292729","HSS-8098483"
"269208","HSS-8096242"
"129338","HSS-8058613"
"145468","HSS-8073669"
"82805","HSS-8073672"
"176599","HSS-8073681"
"292457","HSS-8098486"
"292669","HSS-8098485"
"287627","HSS-8098469"
"281884","HSS-8097520"
"269133","HSS-8096234"
"288173","HSS-8100132"
"186731","HSS-8073674"
"278382","HSS-8096629"
"5516","HSS-8073667"
"292565","HSS-8098462"
"287617","HSS-8098471"
"269087","HSS-8096235"
"285361","HSS-8097518"
"73968","HSS-8072055"
"44493","HSS-8073680"
"268978","HSS-8096237"
"288203","HSS-8100134"
"292403","HSS-8098464"
"292730","HSS-8098484"
"269082","HSS-8096232"
"202150","HSS-1043341"
"287619","HSS-8098468"
"177883","HSS-8073676"
"107524","HSS-8069170"
"89192","HSS-8021910"
"120342","HSS-1044152"
"20310","HSS-8071160"
"234544","HSS-1997624"
"292893","HSS-8098461"
"238869","HSS-1047427"
"64407","HSS-8084035"
"167149","HSS-8065515"
"52985","HSS-8084034"
"53780","HSS-8027410"
"168587","HSS-8065519"
"160203","HSS-8077178"
"27984","HSS-8080341"
"237327","HSS-8086851"
"101054","HSS-8065520"
"194567","HSS-8027409"
"227414","HSS-8083122"
"166894","HSS-1035108"
"67446","HSS-1032591"
"36065","HSS-8066600"
"129325","HSS-8066580"
"98477","HSS-8068722"
"247775","HSS-1903195"
"257189","HSS-1940254"
"257176","HSS-1940259"
"251238","HSS-1940508"
"257163","HSS-1940248"
"257198","HSS-1940255"
"257197","HSS-1940249"
"263765","HSS-1940257"
"257230","HSS-1940247"
"257181","HSS-1940250"
"257182","HSS-1940251"
"263175","HSS-1940258"
"273959","HSS-1940509"
"257236","HSS-1940252"
"256745","HSS-1940507"
"248384","HSS-1903196"
"257206","HSS-1940256"
"256782","HSS-1940506"
"257215","HSS-1940253"
"72923","HSS-8073535"
"273917","HSS-8095868"
"107938","HSS-8079657"
"5674","HSS-8078645"
"238878","HSS-1047581"
"204592","HSS-8066028"
"287161","HSS-8098091"
"237927","HSS-8087693"
"282130","HSS-8097767"
"272999","HSS-8095228"
"194117","HSS-8066024"
"84502","HSS-8075372"
"26715","HSS-8066027"
"8314","HSS-8066039"
"230781","HSS-1046061"
"48739","HSS-8079404"
"230755","HSS-8085637"
"173057","HSS-8072925"
"230789","HSS-8085635"
"238322","HSS-1046271"
"245502","HSS-8089303"
"185915","HSS-8066833"
"249851","HSS-8091508"
"110792","HSS-8074061"
"247759","HSS-8090019"
"45122","HSS-8078155"
"89833","HSS-8060983"
"38529","HSS-8074051"
"27782","HSS-8067044"
"13727","HSS-8074055"
"71122","HSS-8074062"
"240565","HSS-1046630"
"288357","HSS-8099534"
"174713","HSS-8067045"
"144716","HSS-8067091"
"55265","HSS-8062169"
"117921","HSS-8062174"
"58985","HSS-8061931"
"240582","HSS-8086612"
"227376","HSS-8084097"
"122958","HSS-8061933"
"3115","HSS-8061970"
"7102","HSS-8073714"
"240311","HSS-8088652"
"230807","HSS-8084109"
"232835","HSS-8084107"
"8170","HSS-1041638"
"56574","C23131M016"
"225301","HSS-8082611"
"139132","HSS-8066825"
"236476","HSS-8087447"
"245520","HSS-8089310"
"257191","HSS-8094960"
"228633","HSS-8085073"
"172275","HSS-1042492"
"227650","HSS-8095351"
"188381","HSS-8074904"
"231189","HSS-1045540"
"176247","HSS-8074899"
"270992","HSS-8096753"
"267149","HSS-8095481"
"270980","HSS-8096777"
"253913","HSS-8092071"
"257460","HSS-8093767"
"257832","HSS-8093933"
"265762","HSS-8093780"
"263533","HSS-8094718"
"256731","HSS-8094246"
"237466","HSS-1047325"
"256706","HSS-8094245"
"257530","HSS-8093930"
"246104","HSS-8089309"
"273354","HSS-8094959"
"69093","HSS-1042701"
"230722","HSS-8085633"
"267084","HSS-8095491"
"266831","HSS-8095444"
"257854","HSS-8093779"
"257440","HSS-8095977"
"257757","HSS-8093931"
"237661","HSS-8087449"
"237250","HSS-1047287"
"254260","HSS-8092394"
"267277","HSS-8095482"
"176026","HSS-1038633"
"23176","HSS-8080769"
"177198","HSS-8066807"
"233894","HSS-8085076"
"70443","HSS-1037399"
"267338","HSS-8095472"
"205698","HSS-8074790"
"249827","HSS-8091076"
"249876","HSS-8091071"
"249867","HSS-8091069"
"26879","HSS-8079622"
"235331","HSS-8093260"
"168092","HSS-8077567"
"280470","HSS-8098752"
"244845","HSS-8091296"
"280471","HSS-8098755"
"280526","HSS-8099390"
"230881","HSS-8093491"
"233154","HSS-8095047"
"280568","HSS-8099389"
"228595","HSS-8094031"
"283073","HSS-8099385"
"124725","HSS-8076180"
"280587","HSS-8098729"
"244804","HSS-8091302"
"206996","HSS-8060628"
"244786","HSS-8091306"
"228783","HSS-8094022"
"101916","HSS-1044966"
"35874","HSS-1038565"
"5419","HSS-8068215"
"249781","HSS-8091866"
"204429","HSS-8026142"
"281049","HSS-8096848"
"233221","HSS-8094356"
"202776","HSS-8078337"
"240990","HSS-8085862"
"154375","HSS-8075957"
"175437","HSS-8066251"
"229780","HSS-8094352"
"233199","HSS-8094353"
"230410","HSS-8083798"
"228522","HSS-8083803"
"229125","HSS-8083800"
"154426","HSS-1040938"
"22168","HSS-8074398"
"60295","HSS-1992528"
"120880","HSS-8073378"
"45505","HSS-1992542"
"238925","HSS-8089162"
"248207","HSS-8090261"
"48297","HSS-8080533"
"102013","HSS-8080530"
"109420","HSS-1043851"
"131686","HSS-8080535"
"163459","HSS-8080545"
"248332","HSS-1049127"
"5040","HSS-1043816"
"124542","HSS-8080543"
"184736","HSS-8073377"
"166569","HSS-1043828"
"26703","HSS-1043826"
"195825","HSS-8076932"
"38750","HSS-8080536"
"188869","HSS-8073382"
"20610","HSS-8073376"
"44963","HSS-8080537"
"18802","HSS-8071764"
"196446","HSS-8080523"
"176824","HSS-1043827"
"257626","HSS-1111210"
"290203","HSS-8098913"
"133665","HSS-8076951"
"139814","HSS-8071756"
"104498","HSS-8071753"
"250774","HSS-8092609"
"172741","HSS-1990594"
"1303","HSS-1043453"
"280607","HSS-8096879"
"239732","HSS-8090258"
"225175","HSS-8083840"
"293243","HSS-8098897"
"288072","HSS-8098881"
"252778","HSS-8092182"
"93795","HSS-1036958"
"252782","HSS-8092181"
"288187","HSS-8099618"
"44397","HSS-8025904"
"288150","HSS-8099620"
"244763","HSS-8090290"
"232783","HSS-8091953"
"260305","HSS-8092027"
"260302","HSS-8092026"
"283116","HSS-8097081"
"169939","HSS-8075094"
"244818","HSS-8090595"
"194278","HSS-8060951"
"179013","HSS-8060974"
"118171","HSS-8024933"
"137935","HSS-8019374"
"57616","HSS-8024436"
"238455","HSS-1998335"
"231138","HSS-8083179"
"228279","HSS-1045627"
"157585","HSS-1044597"
"230984","HSS-1045622"
"199636","HSS-1044153"
"256967","HSS-1110717"
"22795","HSS-1044250"
"100697","HSS-1043912"
"178580","HSS-8081909"
"118188","HSS-1044156"
"256901","HSS-1110783"
"238879","HSS-1047428"
"109768","HSS-1044155"
"6964","HSS-1971398"
"108497","HSS-8024434"
"235566","HSS-8086850"
"150320","HSS-1042396"
"229518","HSS-8082648"
"14915","HSS-8080340"
"250913","HSS-1049971"
"94449","HSS-8016043"
"57476","HSS-8059171"
"248232","HSS-8090452"
"81000","HSS-8080862"
"244871","HSS-8091298"
"280514","HSS-8098741"
"15432","HSS-8070381"
"230579","HSS-8093990"
"280525","HSS-8098751"
"280507","HSS-8098686"
"260303","HSS-8092031"
"229054","HSS-8093992"
"231126","HSS-8093488"
"288199","HSS-8099562"
"240319","HSS-8093489"
"227689","HSS-8094020"
"244849","HSS-8091295"
"117886","HSS-8061417"
"95271","HSS-8062122"
"287979","HSS-8099037"
"207360","HSS-8060490"
"288339","HSS-8099559"
"288163","HSS-8099563"
"55831","HSS-8077561"
"290028","HSS-8099074"
"245512","HSS-1047649"
"181608","HSS-8074215"
"83452","HSS-8074213"
"240617","HSS-8087945"
"165499","HSS-8074218"
"23531","HSS-8074223"
"65547","HSS-8074212"
"56961","HSS-8074217"
"235544","HSS-8087951"
"236432","HSS-8087944"
"69242","HSS-8074216"
"180032","HSS-8074219"
"55679","HSS-8074214"
"257890","HSS-8093731"
"244793","HSS-8095358"
"244823","HSS-8091283"
"249657","HSS-8091575"
"258362","HSS-8091811"
"285283","HSS-8097637"
"245513","HSS-8089156"
"180784","HSS-8061206"
"191850","HSS-8061203"
"171115","HSS-8083325"
"25801","HSS-8081873"
"188964","HSS-8061205"
"189804","HSS-8061199"
"2278","HSS-8061197"
"140962","HSS-1992526"
"122598","HSS-8081869"
"119478","HSS-8081877"
"237213","HSS-8087221"
"237097","HSS-8087219"
"90636","HSS-8061192"
"169104","HSS-8061201"
"235348","HSS-8093468"
"83553","HSS-8069581"
"70879","HSS-8061196"
"154318","HSS-8077580"
"155557","HSS-8061204"
"40504","HSS-8069578"
"59531","HSS-1992531"
"58700","HSS-8081868"
"168516","HSS-8081867"
"148771","HSS-8061207"
"65536","HSS-8061194"
"110123","HSS-8025948"
"37538","HSS-8081871"
"235411","HSS-8087214"
"35516","HSS-8069590"
"249740","HSS-8091576"
"9756","HSS-1992535"
"237318","HSS-8087218"
"178627","HSS-8069364"
"24613","HSS-8081866"
"105366","HSS-8077559"
"245521","HSS-8089164"
"127280","HSS-8081712"
"40952","HSS-8077556"
"293254","HSS-8098883"
"311916","HSS-8099412"
"71703","HSS-8071774"
"235823","HSS-8088448"
"123133","HSS-8071765"
"233337","HSS-1045745"
"144270","HSS-8073402"
"247224","HSS-8091473"
"247307","HSS-8090208"
"194015","HSS-1040959"
"188378","HSS-8074897"
"162368","HSS-1043206"
"183543","HSS-8064804"
"251210","HSS-8092388"
"74865","HSS-8026294"
"227950","HSS-8084572"
"266887","HSS-8096423"
"231031","HSS-8085626"
"228629","HSS-8084585"
"230697","HSS-8085627"
"229937","HSS-8084578"
"229506","HSS-8084579"
"227791","HSS-8084573"
"245504","HSS-8089286"
"237592","HSS-8087510"
"271597","HSS-8096969"
"251208","HSS-8092390"
"184926","HSS-8079342"
"231003","HSS-8085625"
"273449","HSS-8095450"
"271852","HSS-8096501"
"256963","HSS-8093009"
"282362","HSS-8096979"
"34459","HSS-8026283"
"257431","HSS-8095994"
"273135","HSS-8095449"
"148566","HSS-1985054"
"4809","HSS-8071237"
"153019","HSS-8071796"
"247806","HSS-8089779"
"43497","HSS-8079565"
"239823","HSS-8087972"
"287848","HSS-8098506"
"123169","HSS-8058299"
"111694","HSS-8058290"
"233223","HSS-8095352"
"140947","HSS-8074200"
"229885","HSS-8093591"
"232841","HSS-8083136"
"231082","HSS-8083161"
"231137","HSS-8083175"
"3340","HSS-1985077"
"134029","HSS-8078947"
"230974","HSS-8083172"
"237282","HSS-8087963"
"230844","HSS-8083162"
"293808","HSS-8098492"
"230931","HSS-8083159"
"286801","HSS-8098530"
"231975","HSS-8083168"
"230917","HSS-8083170"
"115044","HSS-1037601"
"232844","HSS-8083164"
"232846","HSS-8083158"
"194352","HSS-8024931"
"118043","HSS-8065483"
"232845","HSS-8083171"
"230304","HSS-8093593"
"232847","HSS-8083169"
"77225","HSS-1985501"
"99462","HSS-8027401"
"120404","HSS-1985537"
"37404","HSS-8065485"
"229342","HSS-8093589"
"139642","HSS-8065488"
"171783","HSS-8027400"
"228055","HSS-8083160"
"104596","HSS-8070562"
"240610","HSS-8086843"
"230401","HSS-8083183"
"240596","HSS-8086839"
"230431","HSS-8083157"
"280861","HSS-8097124"
"285356","HSS-8097619"
"87294","HSS-8060606"
"160789","HSS-1037990"
"43726","HSS-8076148"
"26670","HSS-8026987"
"47385","HSS-1038077"
"235568","HSS-8088488"
"106901","HSS-8076207"
"91784","HSS-1041247"
"74651","HSS-8076201"
"135011","HSS-8076155"
"47828","HSS-8076166"
"173917","HSS-8076149"
"238785","HSS-8088856"
"273882","HSS-8096094"
"169057","HSS-1992429"
"26546","HSS-1033727"
"72184","HSS-8076152"
"171459","HSS-8076163"
"239502","HSS-8085327"
"238963","HSS-1047029"
"198552","HSS-8081644"
"265834","HSS-8094496"
"271356","HSS-8096369"
"236388","HSS-8088459"
"45310","HSS-8072336"
"153873","HSS-1992519"
"280131","HSS-8098197"
"90464","HSS-1992564"
"98542","HSS-1992563"
"280221","HSS-8098181"
"238458","HSS-1998333"
"238463","HSS-1998334"
"238436","HSS-1998306"
"283126","HSS-8099429"
"203584","HSS-8078338"
"200373","HSS-8078340"
"51700","HSS-8078339"
"202775","HSS-8078341"
"235343","HSS-8093485"
"53171","C003181"
"186470","HSS-8068909"
"290065","HSS-8098658"
"249736","HSS-8091511"
"124437","HSS-8068906"
"270792","HSS-8096978"
"231045","HSS-8093424"
"235354","HSS-8093425"
"60741","HSS-8067122"
"281781","HSS-8096903"
"236752","HSS-8088262"
"38838","HSS-8067084"
"54187","HSS-8067083"
"237457","HSS-8087008"
"100324","HSS-8079891"
"231041","HSS-8086568"
"284092","HSS-8099982"
"100325","HSS-8079898"
"39682","HSS-8067121"
"204165","HSS-8078507"
"129922","HSS-8079900"
"240322","HSS-8088646"
"139409","HSS-8078526"
"230933","HSS-8087011"
"227567","HSS-8086963"
"284147","HSS-8099983"
"157799","HSS-8078514"
"240306","HSS-8087019"
"161899","HSS-8078527"
"143628","HSS-8079883"
"182468","HSS-8058055"
"235294","HSS-8093296"
"235293","HSS-8093295"
"234146","HSS-8086352"
"33101","HSS-8074607"
"85256","HSS-8071781"
"107798","HSS-8069565"
"170120","HSS-8069553"
"237298","HSS-8087943"
"235765","HSS-8087949"
"236904","HSS-1046745"
"233261","HSS-8095354"
"233239","HSS-8095353"
"122794","HSS-8058289"
"54898","HSS-8080779"
"139309","HSS-8074199"
"124852","HSS-8025807"
"63542","HSS-1038575"
"57159","HSS-8083338"
"5617","HSS-8058034"
"194143","HSS-1036525"
"101396","HSS-8069516"
"116734","HSS-8069515"
"70912","HSS-8070091"
"312907","HSS-8099898"
"294111","HSS-8098683"
"230959","HSS-8093438"
"288433","HSS-8099585"
"278638","HSS-8097010"
"120369","HSS-8083347"
"107734","HSS-8069512"
"290236","HSS-8099099"
"85221","HSS-1041248"
"112283","HSS-8058489"
"143592","HSS-8058035"
"157277",""
"287662","HSS-8099098"
"294251","HSS-8098900"
"293144","HSS-8097947"
"283099","HSS-8099812"
"283071","HSS-8097007"
"225122","HSS-1995861"
"92189","HSS-8079134"
"82569","HSS-8079142"
"21927","HSS-8075075"
"285129","HSS-8097313"
"126771","HSS-8065359"
"207429","HSS-8079128"
"122388","HSS-8060580"
"77152","HSS-8075733"
"33958","HSS-8060553"
"6065","HSS-8071446"
"179303","HSS-1044689"
"88788","HSS-8060955"
"225677","HSS-8082627"
"15896","HSS-8060979"
"108079","HSS-8060165"
"254078","HSS-1049367"
"254081","HSS-1049368"
"250777","HSS-8092617"
"285326","HSS-8097805"
"273570","HSS-8095900"
"250775","HSS-8092616"
"249576","HSS-1048731"
"188091","HSS-8061966"
"249650","HSS-1048798"
"160758","HSS-8062147"
"225303","HSS-8082606"
"232854","HSS-8084113"
"140892","HSS-8061924"
"41813","HSS-8061967"
"224515","HSS-1044992"
"249669","HSS-1048795"
"14136","HSS-8062161"
"231006","HSS-8084070"
"228758","HSS-8083652"
"237736","HSS-8086979"
"200106","HSS-8060169"
"199901","HSS-8057928"
"10908","HSS-8058595"
"249885","HSS-1048631"
"288289","HSS-8099293"
"280112","HSS-8098723"
"135436","HSS-8070135"
"152331","HSS-1992571"
"283180","HSS-8096847"
"198484","HSS-1992538"
"249667","HSS-1048959"
"288195","HSS-8099301"
"237039","HSS-8088102"
"288256","HSS-8099311"
"252048","HSS-8092034"
"280133","HSS-8098728"
"53569","HSS-8060650"
"256402","HSS-1110709"
"20404","HSS-1043700"
"235237","HSS-8085930"
"71825","HSS-1038076"
"105415","HSS-1039378"
"201451","HSS-8079921"
"44832","HSS-8071475"
"24130","HSS-8079856"
"22987","HSS-8071519"
"22764","HSS-8026023"
"68578","HSS-8026027"
"237322","HSS-8088705"
"120653","HSS-8024064"
"150712","HSS-8071481"
"56274","HSS-8061000"
"100845","HSS-8060975"
"130722","HSS-8069154"
"97776","HSS-8060999"
"64912","HSS-8024063"
"77271","HSS-8026036"
"177643","HSS-8026030"
"139563","HSS-8079906"
"171737","HSS-8073701"
"154367","HSS-8067115"
"188830","HSS-8079894"
"85925","HSS-8061427"
"240321","HSS-8087023"
"87559","HSS-1037291"
"248070","HSS-8091803"
"60897","HSS-8081696"
"285486","HSS-8097635"
"104895","HSS-1992517"
"117323","HSS-8078344"
"238394","HSS-1998292"
"256356","HSS-1961919"
"261750","HSS-1961932"
"256367","HSS-1961909"
"256347","HSS-1961910"
"256358","HSS-1961911"
"256413","HSS-1961913"
"256388","HSS-1961914"
"261755","HSS-1940001"
"261843","HSS-1961931"
"261751","HSS-1940000"
"256391","HSS-1961921"
"256403","HSS-1961908"
"256360","HSS-1961917"
"256382","HSS-1961916"
"267139","HSS-1940053"
"261782","HSS-1961929"
"256444","HSS-1961906"
"256916","HSS-1961903"
"261862","HSS-1961937"
"256375","HSS-1961920"
"256445","HSS-1961907"
"261770","HSS-1961933"
"256372","HSS-1961922"
"256378","HSS-1961923"
"256362","HSS-1961912"
"256379","HSS-1961915"
"256396","HSS-1961905"
"256415","HSS-1961904"
"261811","HSS-1961928"
"230265","HSS-8082906"
"236312","HSS-8087257"
"290186","HSS-8099116"
"236146","HSS-8087261"
"237341","HSS-8087259"
"236307","HSS-8087258"
"288217","HSS-8099575"
"16891","HSS-1044220"
"78249","HSS-8059910"
"201001","HSS-8069599"
"34256","HSS-8069604"
"125023","HSS-8059911"
"117737","HSS-8059912"
"160978","HSS-8059921"
"174133","HSS-8059915"
"229543","HSS-8083368"
"230022","HSS-8083363"
"153481","HSS-8081132"
"51884","HSS-8081129"
"99778","HSS-8081107"
"58266","HSS-8069609"
"147600","HSS-8059923"
"74494","HSS-1042581"
"227417","HSS-1045226"
"231025","HSS-8085321"
"31308","HSS-8069594"
"46087","HSS-8076121"
"59917","HSS-8067590"
"239499","HSS-8085319"
"174267","HSS-1036637"
"253916","HSS-8092098"
"68191","HSS-8069596"
"37661","HSS-8059922"
"88791","HSS-8059924"
"285314","HSS-8097382"
"123123","HSS-8074462"
"123236","HSS-8068491"
"172136","HSS-8073096"
"78258","HSS-1033525"
"2577","HSS-8081131"
"187599","HSS-8069593"
"244857","HSS-8091321"
"36088","HSS-8069340"
"249744","HSS-1049138"
"67903","HSS-8081144"
"27720","HSS-8067581"
"257604","HSS-8094292"
"35805","HSS-8061677"
"112978","HSS-8072295"
"225699","HSS-8082375"
"39953","105383"
"81668","105382"
"186373","HSS-8058486"
"235286","HSS-8093392"
"157751","146700"
"159669","HSS-8079630"
"280237","HSS-1112980"
"84469","HSS-8074608"
"153860","146648"
"225643","HSS-8082284"
"198169","HSS-8069319"
"229969","HSS-1045093"
"290167","HSS-8098983"
"233559","HSS-1045810"
"273720","HSS-8094806"
"272715","HSS-8095235"
"71405","HSS-1040542"
"235586","HSS-8087698"
"228478","HSS-1045110"
"234044","HSS-1046515"
"248216","HSS-1048370"
"234583","HSS-1997583"
"246089","HSS-1047724"
"42926","HSS-8061232"
"14813","106670"
"152595","HSS-8080789"
"152755","HSS-1043311"
"267212","HSS-8096051"
"272644","HSS-8094805"
"248300","HSS-1048373"
"148631","HSS-8067410"
"115692","HSS-8080765"
"272896","HSS-8094811"
"53331","HSS-8069322"
"176914","HSS-8079652"
"207114","HSS-1044601"
"225214","HSS-1045437"
"247164","HSS-1047815"
"71313","HSS-1008726"
"62036","HSS-8061457"
"50296","HSS-8067088"
"26593","HSS-8061001"
"256013","HSS-1049096"
"240572","HSS-8086613"
"127223","HSS-8075741"
"129838","HSS-8061451"
"190424","HSS-8071511"
"233904","HSS-8086981"
"148928","HSS-8073541"
"200840","HSS-8065857"
"192410","HSS-1044657"
"230689","HSS-8085556"
"228626","HSS-8084605"
"228294","HSS-8085549"
"21153","HSS-8074712"
"228885","HSS-8085548"
"225254","HSS-1045326"
"227912","HSS-8084602"
"228940","HSS-8084608"
"230912","HSS-8085545"
"247295","HSS-8090364"
"81768","C004638"
"116268","HSS-8061020"
"235418","HSS-8088670"
"235387","HSS-8088671"
"176701","HSS-8061018"
"81625","HSS-8061017"
"145555","HSS-1991924"
"73000","HSS-8070840"
"90970","HSS-8070841"
"56491","HSS-8078692"
"76698","HSS-8078696"
"155875","HSS-8078693"
"228124","HSS-8084276"
"288469","HSS-8099901"
"233843","HSS-8084599"
"234734","HSS-8084597"
"136965","HSS-8074936"
"228547","HSS-8084613"
"4577","HSS-8074937"
"250800","HSS-8092449"
"238382","HSS-1998274"
"229453","HSS-8093858"
"227801","HSS-8084600"
"273848","HSS-8095469"
"228588","HSS-8084601"
"285194","HSS-8097473"
"233222","HSS-8094383"
"257193","HSS-8094956"
"248298","HSS-8090365"
"136661","HSS-8066798"
"270691","HSS-8097823"
"70514","HSS-8076901"
"233231","HSS-8094400"
"233214","HSS-8094375"
"288102","HSS-8100036"
"288151","HSS-8100020"
"238359","HSS-1998241"
"136218","HSS-1961965"
"290049","HSS-8099991"
"280360","HSS-8096752"
"280352","HSS-8096751"
"250519","HSS-8091977"
"281978","HSS-8097535"
"230173","HSS-8084612"
"285216","HSS-8097449"
"230341","HSS-8084592"
"230773","HSS-8085645"
"285302","HSS-8097447"
"228553","HSS-8084606"
"227780","HSS-8084614"
"134188","HSS-8072920"
"277984","HSS-8096991"
"240328","HSS-8085555"
"230783","HSS-8085553"
"44952","HSS-8079398"
"229242","HSS-8084610"
"227854","HSS-8084593"
"285304","HSS-8097448"
"246091","HSS-8089305"
"33627","HSS-8079399"
"176048","HSS-8079400"
"135345","HSS-1043320"
"229663","HSS-8084594"
"267299","HSS-8096962"
"263234","HSS-8094710"
"238427","HSS-1998326"
"312925","HSS-8100022"
"288175","HSS-8100039"
"238431","HSS-1998325"
"280521","HSS-8099685"
"113689","HSS-8079653"
"288553","HSS-8100031"
"68118","HSS-8070905"
"96529","HSS-1043202"
"64792","HSS-8071793"
"65332","HSS-8071800"
"288197","HSS-8100038"
"238438","HSS-1998324"
"61107","HSS-1042847"
"150900","HSS-8080809"
"59644","HSS-8080811"
"134228","HSS-8069573"
"46964","HSS-8061646"
"247772","HSS-8089781"
"96318","HSS-8079553"
"7518","HSS-8022576"
"152887","HSS-8069335"
"172948","HSS-8071244"
"15284","HSS-8058046"
"34343","HSS-8017100"
"134944","HSS-8071246"
"127746","HSS-8071250"
"185779","HSS-8079585"
"187413","HSS-8082358"
"21159","HSS-8069550"
"119302","HSS-8079584"
"176325","HSS-1042458"
"16225","HSS-8067400"
"15293","HSS-8071247"
"191039","HSS-8061229"
"666","HSS-8069572"
"195968","HSS-8025356"
"47127","HSS-8071820"
"20175","HSS-1988149"
"95451","HSS-1988153"
"162993","HSS-1988154"
"43591","HSS-1988151"
"130149","HSS-8071786"
"27627","HSS-1039443"
"233912","HSS-8085259"
"203116","HSS-8079575"
"273944","HSS-8095717"
"246083","HSS-1047725"
"273405","HSS-8095602"
"273854","HSS-8095583"
"263727","HSS-8094783"
"66323","HSS-8069337"
"15030","HSS-1039294"
"609","HSS-8071790"
"66606","HSS-1031571"
"206949","HSS-1031567"
"84560","HSS-1031572"
"176406","HSS-8024801"
"257196","HSS-8095237"
"272722","HSS-8094955"
"257493","HSS-8094542"
"266994","HSS-8095468"
"278586","HSS-8096995"
"229715","HSS-8084595"
"228708","HSS-8084615"
"288326","HSS-8099626"
"107400","HSS-1042775"
"238794","HSS-1046987"
"249677","HSS-1048797"
"161910","HSS-8065470"
"234526","HSS-8086794"
"8511","HSS-8070560"
"44494","HSS-1030400"
"206256","HSS-8065469"
"11079","HSS-8021221"
"281779","HSS-8097183"
"118255","HSS-8026025"
"170041","HSS-8026028"
"109789","HSS-8078940"
"147403","HSS-8077179"
"137108","HSS-8070635"
"172201","HSS-8027395"
"178081","HSS-8077181"
"182492","HSS-8070642"
"202211","HSS-8070607"
"198535","HSS-8017644"
"145821","HSS-8026062"
"65515","HSS-8080325"
"104024","HSS-1043476"
"170318","HSS-1022278"
"199785","HSS-8065475"
"103769","HSS-1985062"
"234038","HSS-8086804"
"290315","HSS-8098917"
"121107","HSS-8059034"
"64107","HSS-8071755"
"194572","HSS-8059016"
"250494","HSS-8092179"
"141103","HSS-8080528"
"75548","HSS-8071757"
"41135","HSS-8069310"
"144641","HSS-8073375"
"244582","HSS-8095355"
"260281","HSS-8095363"
"160904","HSS-8075751"
"204646","HSS-8065902"
"64445","HSS-8067330"
"46781","HSS-8065874"
"285315","HSS-8097732"
"235841","HSS-8088515"
"89904","HSS-8065476"
"179679","HSS-1985532"
"62598","HSS-1985529"
"47774","HSS-1985528"
"44607","HSS-1985527"
"20285","HSS-1985524"
"178795","HSS-1985521"
"60152","HSS-1985520"
"159914","HSS-1985519"
"7039","HSS-1985518"
"87164","HSS-8026064"
"149123","HSS-8070603"
"240622","HSS-8086802"
"77177","HSS-1985523"
"82865","HSS-1985531"
"25641","HSS-1985525"
"3593","HSS-1985530"
"118685","HSS-1985526"
"143147","HSS-1985522"
"126360","HSS-8078942"
"99372","HSS-1985515"
"108153","HSS-1985516"
"125017","HSS-1985517"
"238430","HSS-1998305"
"73404","HSS-1044443"
"162184","HSS-1033711"
"159246","HSS-8077183"
"132171","HSS-8027393"
"38490","HSS-8080327"
"250655","HSS-1048194"
"54434","HSS-1985503"
"26238","HSS-8077185"
"229261","HSS-1110423"
"260669","HSS-8092091"
"63744","HSS-8065479"
"99935","HSS-8079573"
"254259","HSS-1110429"
"280253","HSS-8098442"
"145996","HSS-8061221"
"232811","HSS-8086786"
"136323","HSS-8066084"
"48580","HSS-8024066"
"273104","HSS-8095241"
"112659","HSS-8074616"
"183927","HSS-8071794"
"285251","HSS-8097654"
"235881","HSS-8088829"
"99888","HSS-8079602"
"247762","HSS-8090106"
"66232","HSS-8082357"
"230719","HSS-8085336"
"114781","HSS-8080840"
"30925","HSS-8071788"
"189803","HSS-8061225"
"23886","HSS-8082353"
"22418","HSS-8080818"
"235840","HSS-8088480"
"250702","HSS-1048327"
"68513","HSS-8067331"
"283127","HSS-8099708"
"24975","HSS-8082343"
"279648","HSS-8096323"
"239802","HSS-8085922"
"235158","HSS-8085921"
"234566","HSS-1997590"
"235256","HSS-1997575"
"234577","HSS-1997616"
"98622","HSS-1044160"
"57452","HSS-8078137"
"247290","HSS-8090255"
"113705","HSS-8080538"
"273534","HSS-8095708"
"121906","HSS-8026279"
"267153","HSS-8096141"
"267383","HSS-8096402"
"288177","HSS-8099469"
"278019","HSS-8096972"
"157632","HSS-8067649"
"14169","HSS-8079644"
"186740","HSS-8067645"
"147348","HSS-8072283"
"89131","HSS-8072287"
"206994","HSS-8072279"
"225133","HSS-1995865"
"225180","HSS-1995867"
"237171","HSS-1047185"
"236082","HSS-1047190"
"225106","HSS-1995851"
"225123","HSS-1995859"
"225119","HSS-1995863"
"225279","HSS-1995855"
"225238","HSS-1995856"
"76753","HSS-8072266"
"288397","HSS-8099669"
"3712","HSS-8072303"
"288342","HSS-8099677"
"288259","HSS-8099675"
"288313","HSS-8099672"
"50202","HSS-8072309"
"288492","HSS-8099673"
"156675","HSS-8072278"
"288590","HSS-8099670"
"288351","HSS-8099668"
"201291","HSS-8067654"
"57000","HSS-8067648"
"84551","HSS-8072288"
"24990","HSS-8061688"
"233929","HSS-8085345"
"232626","HSS-8083173"
"173562","HSS-8072285"
"229451","HSS-8093588"
"18498","HSS-8061682"
"108198","HSS-1985502"
"141047","HSS-1985509"
"228316","HSS-8093581"
"283142","HSS-8097101"
"227563","HSS-8093580"
"68545","HSS-8072276"
"247088","HSS-8089542"
"8770","HSS-8082370"
"86991","HSS-1044936"
"230794","HSS-8085925"
"202375","HSS-8072264"
"18331","HSS-8082361"
"288250","HSS-8099676"
"193996","HSS-8080844"
"55011","HSS-8061690"
"202318","HSS-8072282"
"34376","HSS-8082362"
"74460","HSS-8072284"
"3656","HSS-8079620"
"43256","HSS-8061695"
"151388","HSS-8067647"
"118517","HSS-8079621"
"4609","HSS-8067415"
"254258","HSS-1110305"
"247077","HSS-8089676"
"247131","HSS-8089666"
"247055","HSS-8089664"
"247037","HSS-8089673"
"247035","HSS-8089660"
"247141","HSS-8089658"
"247103","HSS-8089665"
"247057","HSS-8089659"
"247075","HSS-8089675"
"247038","HSS-8089668"
"230032","HSS-8083829"
"229551","HSS-8083808"
"230019","HSS-8083822"
"229465","HSS-8083804"
"32568","HSS-1041768"
"35178","HSS-8065354"
"228564","HSS-8083807"
"227982","HSS-8083799"
"4676","HSS-1045004"
"249679","HSS-8091738"
"230006","HSS-8083823"
"229426","HSS-8083796"
"229531","HSS-8083814"
"247119","HSS-8089661"
"247066","HSS-8089674"
"247065","HSS-8089671"
"230446","HSS-8083811"
"228262","HSS-8083819"
"229728","HSS-8083810"
"229204","HSS-8083815"
"229542","HSS-8083832"
"229552","HSS-8083809"
"228206","HSS-8083830"
"229742","HSS-8083801"
"229676","HSS-8083821"
"227740","HSS-8083835"
"229593","HSS-8083833"
"230241","HSS-8083802"
"228540","HSS-8083827"
"230530","HSS-8083797"
"229113","HSS-8083824"
"228686","HSS-8083812"
"228669","HSS-8083820"
"230289","HSS-8083831"
"230585","HSS-8083805"
"229658","HSS-8083828"
"227896","HSS-8083816"
"282012","HSS-8097037"
"258363","HSS-8095356"
"85626",""
"40878",""
"83982",""
"3061","C008334"
"27725","HSS-8074206"
"261823","HSS-8095365"
"49581","HSS-1040937"
"293753","HSS-8098531"
"293453","HSS-8098521"
"108170","HSS-1042074"
"234046","HSS-8087973"
"75197","HSS-8074205"
"228779","HSS-1045835"
"244833","HSS-8091764"
"229398","HSS-8096930"
"258285","HSS-8091779"
"283088","HSS-8100003"
"3331","HSS-1988752"
"185220","HSS-8076448"
"119711","HSS-1988751"
"141232","HSS-1988749"
"283063","HSS-8100002"
"36128","HSS-1988750"
"280520","HSS-8100004"
"175418","HSS-1988742"
"155595","HSS-1988743"
"84409","HSS-1988753"
"177849","HSS-1988730"
"282218","HSS-8097716"
"17311","HSS-1043075"
"235310","HSS-8093284"
"58800","HSS-1962007"
"179123","HSS-1038530"
"133618","HSS-8081708"
"236479","HSS-8088101"
"141794","HSS-8067626"
"287602","HSS-8098688"
"69331","HSS-1962005"
"128300","HSS-1962008"
"5576","HSS-8081709"
"235235","HSS-8085881"
"287630","HSS-8098162"
"287604","HSS-8098717"
"197125","HSS-8077555"
"239766","HSS-1046399"
"235401","HSS-8089805"
"54082","HSS-8070383"
"14945","HSS-8081711"
"117120","HSS-1962006"
"100716","HSS-8060654"
"195454","HSS-8067584"
"90105","HSS-8069521"
"17239","HSS-8069527"
"21008","HSS-8069525"
"124642","HSS-8069528"
"75508","HSS-8069509"
"106847","HSS-8066364"
"288419","HSS-8099114"
"91004","HSS-8081070"
"97108","HSS-8021979"
"36809","HSS-8083331"
"288470","HSS-8099887"
"287988","HSS-8099873"
"57706","HSS-8081061"
"237622","HSS-8087238"
"237361","HSS-8088468"
"17922","HSS-8081074"
"5396","HSS-8060294"
"237323","HSS-8087236"
"244176","HSS-8088851"
"256786","HSS-8093109"
"109136","HSS-8071460"
"60760","HSS-8060509"
"230894","HSS-8084040"
"174622","HSS-8071458"
"237126","HSS-8088306"
"225125","HSS-8084043"
"230517","HSS-8084047"
"57095","HSS-8060939"
"240734","HSS-1047053"
"105573","HSS-8060511"
"80259","HSS-8071453"
"171193","HSS-8071449"
"116304","HSS-8078122"
"273613","HSS-8095629"
"35881","HSS-8060507"
"64702","HSS-8079903"
"251506","HSS-1048135"
"15058","HSS-8073711"
"53561","HSS-8078062"
"37360","HSS-8061915"
"206213","HSS-8078063"
"28576","HSS-8062320"
"195018","HSS-8061889"
"227634","HSS-8082656"
"236427","HSS-8087038"
"232039","HSS-8083688"
"121937","HSS-8062319"
"184678","HSS-8073713"
"102510","HSS-8082639"
"288567","HSS-8099876"
"270776","HSS-8097210"
"235211","HSS-8086182"
"18222","HSS-8068781"
"247100","HSS-8089582"
"234536","HSS-8086191"
"233228","HSS-8094090"
"249676","HSS-8091522"
"249655","HSS-8091524"
"285205","HSS-8097860"
"254075","HSS-1049558"
"128325","HSS-8066871"
"161231","HSS-8066869"
"279591","HSS-8096778"
"237937","HSS-8087459"
"50264","HSS-8025556"
"249574","HSS-8091878"
"237651","HSS-8087525"
"237914","HSS-8087463"
"257102","HSS-8094965"
"109435","HSS-8025543"
"190529","HSS-8066876"
"249652","HSS-8092493"
"233262","HSS-8094110"
"249649","HSS-8091516"
"249647","HSS-8091385"
"247540","HSS-8090663"
"103359","HSS-8027571"
"279136","HSS-8096779"
"288561","HSS-8099193"
"247139","HSS-8090632"
"249664","HSS-8091509"
"247517","HSS-8090665"
"13010","HSS-8022919"
"237667","HSS-8087462"
"240340","HSS-8085646"
"249853","HSS-8091515"
"249476","HSS-8090666"
"41753","HSS-8072926"
"230727","HSS-8085644"
"230823","HSS-8085642"
"249434","HSS-8090668"
"288534","HSS-8099195"
"285241","HSS-8097487"
"290177","HSS-8099194"
"81753","C004650"
"45510","HSS-8076418"
"68067","C000206"
"280515","HSS-8098740"
"280563","HSS-8098757"
"66935","HSS-8061187"
"106385","HSS-1044937"
"281785","HSS-8097059"
"250664","HSS-1903163"
"250668","HSS-1903164"
"250730","HSS-1903167"
"250734","HSS-1903168"
"250623","HSS-1903171"
"250620","HSS-1903172"
"250618","HSS-1903173"
"250621","HSS-1903175"
"74558","HSS-1041617"
"103167","HSS-1038114"
"239036","HSS-1046298"
"271417","HSS-8096518"
"245546","HSS-8089123"
"5881","HSS-8018665"
"12970","HSS-8079601"
"179215","HSS-8066087"
"156304","HSS-8066086"
"75637","HSS-1992437"
"10088","HSS-1992439"
"228491","HSS-8093725"
"246888","HSS-8089783"
"287841","HSS-8098552"
"229938","HSS-8082344"
"287819","HSS-8098543"
"287851","HSS-8098550"
"287768","HSS-8098545"
"43638","HSS-8070160"
"293864","HSS-8098542"
"227559","HSS-8093720"
"142180","HSS-8070153"
"6214","HSS-1042371"
"282080","HSS-8097646"
"234574","HSS-1997612"
"229480","HSS-8093723"
"228543","HSS-8093728"
"235278","HSS-8093435"
"230627","HSS-8093722"
"272790","HSS-8096069"
"287117","HSS-8098237"
"287203","HSS-8098250"
"56353","C011723"
"232808","HSS-8092528"
"10332","HSS-8067966"
"233260","HSS-8094399"
"229436","HSS-8093721"
"228211","HSS-8093724"
"103182","HSS-8070170"
"286787","HSS-8098544"
"287649","HSS-8098546"
"287726","HSS-8098548"
"287826","HSS-8098551"
"287698","HSS-8098549"
"171327","HSS-1043147"
"230602","HSS-8093727"
"132997","HSS-8066206"
"121250","HSS-8071222"
"230662","HSS-8085866"
"195720","HSS-8081118"
"280889","HSS-8097053"
"294037","HSS-8098605"
"33706","HSS-8061426"
"88379","HSS-1034807"
"155413","HSS-8062182"
"233899","HSS-1046647"
"120049","HSS-8076898"
"280193","HSS-8098196"
"232833","HSS-8084075"
"280282","HSS-8098222"
"288002","HSS-8099025"
"148355","HSS-1990606"
"287940","HSS-8099023"
"232830","HSS-8084074"
"290225","HSS-8099022"
"280214","HSS-8098227"
"256430","HSS-8092332"
"47491","HSS-8060492"
"142483","HSS-8062126"
"280256","HSS-8098213"
"231072","HSS-8084088"
"230804","HSS-8083699"
"280286","HSS-8098217"
"105163","HSS-8027690"
"230366","HSS-8083617"
"288039","HSS-8098951"
"288035","HSS-8098944"
"73591","HSS-8057895"
"4512","HSS-8062121"
"230949","HSS-8084073"
"280116","HSS-8098225"
"280223","HSS-8098221"
"22154","HSS-8071527"
"53800","HSS-8060487"
"288047","HSS-8099024"
"250954","HSS-1110033"
"2819","C008924"
"240569","HSS-8086564"
"240583","HSS-8086565"
"44740","HSS-1043424"
"96750","HSS-8060486"
"287544","HSS-8098204"
"238772","HSS-1047056"
"227870","HSS-8083615"
"280109","HSS-8098223"
"232832","HSS-8084076"
"280180","HSS-8098215"
"250678","HSS-1048504"
"244830","HSS-8091304"
"282243","HSS-8097603"
"175904","HSS-8060978"
"274034","HSS-8094919"
"229222","HSS-8083616"
"160210","HSS-8062123"
"135053","HSS-1042528"
"288517","HSS-8099294"
"180118","HSS-8061886"
"48108","HSS-8073712"
"256695","HSS-8094134"
"247313","HSS-1048121"
"281008","HSS-8097038"
"252044","HSS-8092097"
"238406","HSS-1998260"
"238371","HSS-1998272"
"247302","HSS-1048046"
"77046","HSS-1043056"
"272700","HSS-8095361"
"108833","HSS-8074204"
"64567","HSS-8066877"
"142668","HSS-8066857"
"249685","HSS-8091358"
"249561","HSS-8091360"
"84978","HSS-8066882"
"82836","HSS-8068932"
"62122","HSS-8066874"
"104189","HSS-8066862"
"77989","HSS-1037340"
"285336","HSS-8097485"
"282035","HSS-8097858"
"272741","HSS-8095498"
"266890","HSS-8096964"
"266986","HSS-8096963"
"270876","HSS-8097004"
"251215","HSS-8092595"
"244755","HSS-8088672"
"288133","HSS-8099938"
"283032","HSS-8099370"
"60587","HSS-8079819"
"283145","HSS-8099371"
"105276","HSS-1040284"
"231987","HSS-8083643"
"10358","HSS-8073074"
"102628","HSS-8073078"
"116261","HSS-8073066"
"247185","HSS-1047901"
"149024","HSS-8025732"
"288084","HSS-8099532"
"93800","HSS-8071190"
"245359","HSS-8089039"
"100561","HSS-8061936"
"60365","HSS-1962001"
"30350","HSS-1040267"
"79134","HSS-1961976"
"240302","HSS-8093490"
"188919","HSS-1961977"
"240307","HSS-8093493"
"272893","HSS-8094779"
"31725","HSS-1036611"
"229853","HSS-8083323"
"247794","HSS-8089809"
"145843","HSS-1962000"
"280594","HSS-8098743"
"280488","HSS-8098745"
"252054","HSS-8091815"
"178067","HSS-8070139"
"244863","HSS-8091316"
"244743","HSS-8092109"
"293110","HSS-8097953"
"19981","HSS-1040161"
"283103","HSS-8099384"
"283133","HSS-8099834"
"228034","HSS-8084273"
"102973","HSS-8070836"
"256755","HSS-8094000"
"114368","HSS-1991928"
"160718","HSS-8073849"
"98496","HSS-1038559"
"84830","HSS-8082568"
"237841","HSS-8087739"
"280530","HSS-8098731"
"229659","HSS-8094032"
"159657","HSS-8078351"
"280545","HSS-8099391"
"258360","HSS-8091812"
"280565","HSS-8099383"
"92284","HSS-8080788"
"261831","HSS-8092543"
"6620","HSS-8061728"
"72002","HSS-8072333"
"232627","HSS-8086345"
"174322","HSS-1043767"
"260282","HSS-8091984"
"235273","HSS-8093370"
"230981","HSS-8093367"
"235263","HSS-8093369"
"230877","HSS-8086388"
"228639","HSS-8093862"
"233254","HSS-8094388"
"238405","HSS-1998257"
"271057","HSS-8097111"
"228161","HSS-8093855"
"82897","HSS-8078295"
"69664","HSS-1114056"
"81885","HSS-8080837"
"198055","HSS-8080842"
"283077","HSS-8097116"
"283110","HSS-8098907"
"233210","HSS-8094377"
"261787","HSS-8092531"
"235328","HSS-8093272"
"166385","HSS-8078623"
"203687","HSS-8065868"
"182625","HSS-8065845"
"290033","HSS-8098998"
"148969","HSS-8071718"
"15250","HSS-1043657"
"230624","HSS-1045616"
"233211","HSS-8094365"
"230663","HSS-1045615"
"227392","HSS-1045617"
"232855","HSS-1045614"
"237071","HSS-8094714"
"240337","HSS-8085614"
"243966","HSS-8090750"
"247005","HSS-8090747"
"98314","HSS-8068910"
"289969","HSS-8098650"
"256365","HSS-1049905"
"235824","HSS-8087228"
"235392","HSS-8089152"
"96113","HSS-1041579"
"122397","HSS-8025799"
"36944","HSS-8082012"
"157995","HSS-8083343"
"947","C005744"
"237092","HSS-8087230"
"44951","HSS-1991918"
"119847","HSS-8024069"
"76151","HSS-8072769"
"250907","HSS-8092309"
"167734","HSS-8027128"
"72301","HSS-8025802"
"150343","HSS-8081082"
"24344","HSS-8058181"
"278702","HSS-8097335"
"233344","HSS-1045761"
"84136","HSS-8058152"
"144567","HSS-8074635"
"204575","HSS-8081102"
"39795","HSS-8070933"
"111365","HSS-8022572"
"62467","HSS-8074467"
"194107","HSS-8027373"
"233133","HSS-8096936"
"229538","HSS-8082637"
"233279","HSS-8096938"
"229725","HSS-8082623"
"229083","HSS-8082621"
"94188","HSS-8076409"
"105975","HSS-8073702"
"144876","HSS-8076413"
"83049","HSS-8069354"
"11552","HSS-8073718"
"72034","HSS-8073725"
"56304","HSS-8073699"
"196855","HSS-8076412"
"127941","HSS-8073720"
"183485","HSS-8078112"
"136058","HSS-8076446"
"152020","HSS-8076673"
"35084","HSS-8062144"
"65641","HSS-1043855"
"141063","HSS-8060175"
"207179","HSS-8069347"
"235842","HSS-8087217"
"257211","HSS-8094291"
"244864","HSS-8091279"
"21689","HSS-1037253"
"68951","HSS-8073700"
"176557","HSS-8060171"
"17676","HSS-8062373"
"105482","HSS-8067119"
"231996","HSS-8083706"
"230919","HSS-8086571"
"166996","HSS-8076415"
"191837","HSS-8076671"
"244039","HSS-8089008"
"153339","HSS-8079882"
"81003","HSS-8079890"
"33174","HSS-8076414"
"134483","HSS-8076449"
"24465","HSS-8076451"
"199497","HSS-8076447"
"19249","HSS-8079902"
"137177","HSS-8079888"
"16074","HSS-8079897"
"188115","HSS-1045023"
"49366","HSS-8062375"
"231111","HSS-8093487"
"238454","HSS-1998338"
"258368","HSS-8091800"
"105588","HSS-8060659"
"280231","HSS-8098190"
"280134","HSS-8098191"
"280219","HSS-8098194"
"280290","HSS-8098195"
"21812","HSS-8092105"
"184184","HSS-8078343"
"104734","HSS-8081687"
"197890","HSS-8077627"
"247757","HSS-8089804"
"258354","HSS-8091802"
"244829","HSS-8091292"
"230643","HSS-8082863"
"141157","HSS-8060322"
"62992","HSS-8060321"
"244852","HSS-8091293"
"238464","HSS-1998337"
"235351","HSS-8093483"
"230644","HSS-8082862"
"19081","HSS-8027142"
"85522","HSS-8069362"
"35744","HSS-8027143"
"249837","HSS-8091291"
"67676","HSS-8077628"
"288182","HSS-8099606"
"230753","HSS-8085877"
"184385","HSS-8077633"
"260292","HSS-8092041"
"232826","HSS-8091952"
"252059","HSS-8092028"
"235347","HSS-8093482"
"196689","HSS-8077632"
"235338","HSS-8093481"
"88237","HSS-8081683"
"37518","HSS-8069575"
"288086","HSS-8099619"
"156624","HSS-8077631"
"17554","HSS-8077625"
"228936","HSS-8083673"
"229708","HSS-8083694"
"19790","HSS-8061952"
"143273","HSS-8060192"
"235247","HSS-8085947"
"121845","HSS-8078280"
"27810","HSS-8078285"
"37529","HSS-8078262"
"260670","HSS-8092093"
"252072","HSS-8092094"
"167003","HSS-8082634"
"101684","HSS-8062318"
"79590","HSS-8075749"
"238855","HSS-1046992"
"279629","HSS-8096315"
"11121","HSS-8061928"
"312610","HSS-8099733"
"234130","HSS-8086982"
"155000","HSS-8069585"
"144314","HSS-8070101"
"234153","HSS-8085260"
"235584","HSS-8088485"
"126640","HSS-8076647"
"54075","HSS-8072360"
"186573","HSS-8072355"
"247061","HSS-8089415"
"171720","HSS-8068259"
"285151","HSS-8097659"
"273207","HSS-8094808"
"240323","HSS-8086417"
"283141","HSS-8098909"
"244810","HSS-8090959"
"244800","HSS-8090966"
"244808","HSS-8090964"
"244819","HSS-8090965"
"244603","HSS-8090968"
"235289","HSS-8093298"
"231083","HSS-8093301"
"273069","HSS-8094809"
"273376","HSS-8096068"
"273020","HSS-8096066"
"272701","HSS-8096067"
"273025","HSS-8096065"
"225093","HSS-1995860"
"293185","HSS-8098459"
"161679","HSS-1038733"
"200188","HSS-1988134"
"33844","HSS-8072316"
"46041","HSS-8072317"
"54855","HSS-8080768"
"273472","HSS-8094810"
"42575","HSS-8072323"
"239095","HSS-1046352"
"238274","HSS-1046540"
"231010","HSS-8093570"
"230811","HSS-8083163"
"101805","HSS-1042433"
"229353","HSS-8093594"
"231084","HSS-8083156"
"230980","HSS-8083174"
"228962","HSS-8093579"
"183690","HSS-8078954"
"273726","HSS-8096174"
"176297","HSS-8065691"
"257276","HSS-8092704"
"151872","HSS-8080372"
"63782","HSS-8078882"
"109518","HSS-8078906"
"130699","HSS-8070621"
"273151","HSS-8095128"
"192054","HSS-8070620"
"67421","HSS-8078870"
"90333","HSS-8077201"
"256792","HSS-8093121"
"70634","HSS-8078875"
"126106","HSS-8070616"
"78020","HSS-8078904"
"140765","HSS-8078868"
"44653","HSS-8078876"
"169215","HSS-8080371"
"273223","HSS-8095132"
"83757","HSS-8077205"
"7696","HSS-8078880"
"21187","HSS-8078878"
"149028","HSS-8070619"
"150456","HSS-8078877"
"294257","HSS-8098861"
"112413","HSS-8078931"
"108474","HSS-1037486"
"171855","HSS-1042043"
"236860","HSS-1047244"
"120862","HSS-8077208"
"76016","HSS-1043763"
"73636","HSS-8067371"
"67241","HSS-8067347"
"273198","HSS-8095878"
"32440","HSS-1043761"
"282097","HSS-8097721"
"282225","HSS-8097723"
"97187","HSS-1043830"
"273828","HSS-8095879"
"118821","HSS-1032723"
"234126","HSS-8085300"
"254244","HSS-1049873"
"254235","HSS-1049872"
"254284","HSS-1049871"
"228420","HSS-8086770"
"248285","HSS-8090459"
"248206","HSS-8090456"
"249804","HSS-8091676"
"135853","HSS-8079185"
"272654","HSS-8095872"
"273057","HSS-8095873"
"250446","HSS-8092211"
"35900","HSS-8073872"
"63552","HSS-8073871"
"227676","HSS-8084831"
"8695","HSS-8073869"
"250572","HSS-8090457"
"273037","HSS-8095874"
"257843","HSS-8093621"
"193660","HSS-8075752"
"71479","HSS-8071776"
"85665","HSS-1039327"
"270577","HSS-8097741"
"273861","HSS-8094949"
"111131","HSS-1037342"
"189505","HSS-8068925"
"142572","HSS-8059309"
"166623","HSS-8078669"
"230047","HSS-8084242"
"270984","HSS-8097219"
"230628","HSS-8084328"
"45580","c011834"
"235337","HSS-8093477"
"193341","HSS-8066345"
"233218","HSS-8094488"
"8540","HSS-1992533"
"194051","HSS-8074448"
"237219","HSS-8087203"
"29812","HSS-8082013"
"95120","HSS-8060597"
"51094","C010242"
"226684","HSS-8084841"
"78419","HSS-8083393"
"230846","HSS-8085879"
"59029","HSS-8070372"
"288280","HSS-8099775"
"288426","HSS-8098307"
"273644","HSS-8095871"
"61127","HSS-8073864"
"9707","HSS-8073865"
"282038","HSS-8097783"
"48983","HSS-8073866"
"281975","HSS-8097777"
"80811","HSS-8078641"
"125929","HSS-8078660"
"184248","HSS-8065892"
"169125","HSS-1038573"
"123864","HSS-1042264"
"18981","HSS-1034067"
"257729","HSS-8093753"
"257781","HSS-8093754"
"188379","HSS-1038572"
"64113","HSS-1041958"
"12701","HSS-1042366"
"256935","HSS-8093000"
"256972","HSS-8093003"
"256959","HSS-8093001"
"257816","HSS-8092773"
"162849","HSS-8072881"
"263658","HSS-8094712"
"256945","HSS-8092999"
"256934","HSS-8093002"
"290121","HSS-8099188"
"197070","HSS-1036531"
"245509","HSS-8089257"
"248289","HSS-8090355"
"270817","HSS-8097213"
"225109","HSS-1995868"
"16781","HSS-1018673"
"44042","HSS-8073831"
"127626","HSS-1018664"
"48661","HSS-8073830"
"285431","HSS-8098134"
"169359","HSS-8074765"
"161223","HSS-8066615"
"108507","HSS-8023063"
"92030","HSS-8073868"
"281811","HSS-8097776"
"106485","HSS-8073829"
"26656","HSS-8066616"
"12098","HSS-8072900"
"281771","HSS-8097778"
"149769","HSS-8016160"
"273295","HSS-8095622"
"288124","HSS-8099736"
"191064","HSS-1037362"
"143155","HSS-1037345"
"245531","HSS-8089132"
"236457","HSS-8087195"
"273784","HSS-8094802"
"147863","HSS-8074604"
"33158","HSS-8074611"
"1716","HSS-8066414"
"225661","HSS-8082288"
"92655","HSS-8071235"
"256721","HSS-1111663"
"287453","HSS-8098259"
"289966","HSS-8098982"
"225665","HSS-8082289"
"225634","HSS-8082283"
"46947","HSS-8074610"
"285307","HSS-8097432"
"235833","HSS-8087194"
"244797","HSS-8090584"
"192914","HSS-8061722"
"257810","HSS-8093387"
"244782","HSS-8090603"
"257485","HSS-8093881"
"273768","HSS-8094799"
"54171","HSS-8069323"
"94166","HSS-8058068"
"91757","HSS-8074609"
"280246","HSS-8097924"
"280270","HSS-1112979"
"235274","HSS-8093384"
"230929","HSS-8093385"
"146785","HSS-8078286"
"280178","HSS-1112982"
"229813","HSS-8093884"
"230812","HSS-8093386"
"231067","HSS-8093379"
"235262","HSS-8093389"
"235296","HSS-8093391"
"235264","HSS-8093388"
"244869","HSS-8090957"
"235314","HSS-8093380"
"233249","HSS-8094413"
"235315","HSS-8093382"
"231113","HSS-8093383"
"230155","HSS-8093885"
"244805","HSS-8090954"
"228892","HSS-8086349"
"235312","HSS-8093390"
"280265","HSS-8097921"
"231114","HSS-8093378"
"46121","HSS-8074612"
"101917","HSS-8072334"
"134191","HSS-8082282"
"59901","HSS-8074606"
"59782","HSS-8061932"
"76627","HSS-8060558"
"237185","HSS-1047184"
"230987","HSS-8084011"
"312543","HSS-8099749"
"249849","HSS-8091146"
"312575","HSS-8099727"
"233265","HSS-8095973"
"9402","HSS-8065865"
"26365","HSS-8065866"
"24523","HSS-8065864"
"160696","HSS-8071158"
"273404","HSS-8095860"
"273483","HSS-8095861"
"53548","HSS-8078621"
"227939","HSS-8085271"
"237525","HSS-8088506"
"190972","HSS-8071710"
"205710","HSS-8071727"
"236588","HSS-8088505"
"126584","HSS-8071715"
"59575","HSS-8078622"
"103229","HSS-8071714"
"16081","HSS-8065869"
"137359","HSS-8071722"
"85363","HSS-1018993"
"236942","HSS-8088508"
"14864","HSS-1042856"
"97431","HSS-8078881"
"9586","C004617"
"248205","HSS-8090379"
"249868","HSS-8091078"
"248237","HSS-8090376"
"245554","HSS-8089311"
"72399","HSS-8078082"
"68165","HSS-8076706"
"288448","HSS-8099535"
"247744","HSS-8090005"
"1353","HSS-8071509"
"240567","HSS-8086597"
"288439","HSS-8099512"
"113765","HSS-8071510"
"21814","HSS-8076710"
"287945","HSS-8099038"
"169825","HSS-8076707"
"240544","HSS-8086594"
"155884","HSS-8076709"
"162442","HSS-8071508"
"247788","HSS-8090002"
"240578","HSS-8086595"
"240575","HSS-8086596"
"240555","HSS-8086593"
"195674","HSS-1044630"
"203037","HSS-8074637"
"246036","HSS-8089585"
"234521","HSS-8086130"
"247143","HSS-8089574"
"33256","HSS-8068749"
"113176","HSS-8078477"
"235221","HSS-8086167"
"246074","HSS-1047734"
"240198","HSS-8086129"
"56950","HSS-1034744"
"41738","HSS-8077596"
"238809","HSS-8088863"
"24763","HSS-8083386"
"24393","HSS-8068517"
"227411","HSS-8082897"
"227408","HSS-8082895"
"240562","HSS-1046656"
"193453","HSS-8073530"
"237169","HSS-8088498"
"237163","HSS-8088499"
"30836","HSS-8067615"
"111654","HSS-8069366"
"40705","HSS-1044808"
"267181","HSS-8095473"
"181277","HSS-8066814"
"248290","HSS-8090375"
"62095","C004629"
"267081","HSS-8095489"
"131346","HSS-8066801"
"248220","HSS-8090369"
"43871","HSS-1044811"
"311787","HSS-8099260"
"83379","HSS-8026057"
"69343","HSS-8065518"
"129913","HSS-8070105"
"47367","HSS-1042632"
"257756","HSS-1110350"
"233236","HSS-8094105"
"145420","HSS-1984573"
"26266","HSS-8068770"
"234524","HSS-8086206"
"111181","HSS-8068757"
"77693","HSS-8012839"
"155449","HSS-8072940"
"235774","HSS-8089266"
"81302","HSS-1040589"
"256917","HSS-8093212"
"247764","HSS-8090107"
"238387","HSS-1998275"
"238397","HSS-1998289"
"178643","HSS-8070345"
"181672","HSS-8073883"
"245527","HSS-8089137"
"74305","HSS-8070332"
"89231","HSS-8070342"
"205224","HSS-8072345"
"171978","HSS-8073877"
"44523","HSS-8075395"
"79416","HSS-8073133"
"49210","HSS-8081413"
"283193","HSS-8096828"
"58274","HSS-1044668"
"136628","HSS-8061223"
"238353","HSS-1998232"
"235356","HSS-8093433"
"235342","HSS-8093431"
"244865","HSS-8090924"
"231129","HSS-8093432"
"234585","HSS-1997617"
"270988","HSS-8097105"
"228968","HSS-8093861"
"230080","HSS-8093856"
"228608","HSS-8093857"
"233203","HSS-8094389"
"234548","HSS-1997589"
"235321","HSS-1049285"
"233190","HSS-8094371"
"283085","HSS-8099694"
"244774","HSS-8090533"
"145044","HSS-1961974"
"257893","HSS-8094463"
"312594","HSS-8099740"
"281798","HSS-8097878"
"9859","HSS-8067138"
"147766","HSS-1038571"
"290107","HSS-8098380"
"233128","HSS-8095979"
"267026","HSS-8095501"
"266869","HSS-8095500"
"281872","HSS-8097253"
"289998","HSS-8098365"
"233152","HSS-8095976"
"267218","HSS-8095487"
"266916","HSS-8095490"
"267078","HSS-8095471"
"282094","HSS-8097857"
"15471","HSS-8069336"
"159667","HSS-8079651"
"190215","HSS-8071792"
"267185","HSS-8095478"
"249684","HSS-8091583"
"172087","HSS-8079650"
"234584","HSS-1997581"
"235325","HSS-1049689"
"233135","HSS-8094869"
"261746","HSS-8092530"
"283072","HSS-8099710"
"238346","HSS-1998330"
"233179","HSS-8094370"
"233267","HSS-8094386"
"247338","HSS-1048073"
"247811","HSS-8089778"
"231046","HSS-8093429"
"84048","HSS-8015592"
"142726","HSS-8080757"
"28044","HSS-8078293"
"233311","HSS-8089583"
"187559","HSS-1033133"
"225660","HSS-8082280"
"128643","HSS-8074727"
"249546","HSS-1048521"
"250526","HSS-1049343"
"4019","HSS-1990605"
"104843","HSS-1038567"
"118944","HSS-1038570"
"206409","HSS-1038703"
"47982","HSS-1038561"
"225658","HSS-8083432"
"147485","HSS-8062322"
"256965","HSS-8092889"
"234718","HSS-8086617"
"144513","HSS-8060167"
"227566","HSS-1045830"
"225683","HSS-1045015"
"228222","HSS-1045833"
"274040","HSS-8095620"
"238848","HSS-8087002"
"202171","HSS-8071472"
"139361","HSS-8062180"
"245391","HSS-8089035"
"19933","HSS-8062341"
"207408","HSS-8061412"
"72805","HSS-1038718"
"281997","HSS-8097224"
"269263","HSS-8096282"
"67402","C004893"
"152878","C004038"
"36455","C003943"
"120643","C003940"
"133597","C003923"
"130397","C003912"
"107676","C003871"
"250625","HSS-1903170"
"60030","HSS-8081051"
"99182","HSS-8081658"
"124815","HSS-8081707"
"151731","HSS-8059979"
"123224","HSS-8081704"
"101064","HSS-1041190"
"245523","HSS-1047634"
"250570","HSS-8090477"
"285182","HSS-8097356"
"245529","HSS-1047633"
"226527","HSS-8082915"
"226494","HSS-8082885"
"229337","HSS-8082920"
"285278","HSS-8097644"
"290176","HSS-8098892"
"148552","HSS-8081705"
"285330","HSS-8097355"
"240203","HSS-8085894"
"285149","HSS-8097404"
"141116","HSS-8060622"
"112224","HSS-8082826"
"312286","HSS-8099593"
"190749","HSS-8081721"
"77011","HSS-1041013"
"228268","HSS-8082825"
"247228","HSS-1047991"
"225659","HSS-8082088"
"228335","HSS-8082827"
"131141","HSS-8066408"
"272742","HSS-8095056"
"126745","HSS-8074432"
"246065","HSS-1047752"
"175170","HSS-8082062"
"147691","HSS-1040029"
"203792","HSS-8076195"
"294020","HSS-8098822"
"282215","HSS-8097387"
"225664","HSS-8082087"
"250541","HSS-8092116"
"91853","HSS-8081695"
"280173","HSS-8098285"
"280211","HSS-8098276"
"280135","HSS-8098275"
"197008","HSS-8061453"
"231974","HSS-8083692"
"231977","HSS-8083701"
"230895","HSS-8087025"
"247153","HSS-1047812"
"228813","HSS-1045829"
"231004","HSS-8083704"
"280260","HSS-8098277"
"228568","HSS-1045834"
"231075","HSS-8084063"
"230803","HSS-8083689"
"239834","HSS-8085868"
"29722","HSS-8070399"
"112524","HSS-8061726"
"6685","HSS-8070395"
"134748","HSS-1988129"
"254220","HSS-8092221"
"246109","HSS-1047723"
"140574","HSS-8059599"
"272807","HSS-8094804"
"256894","HSS-8094374"
"97503","HSS-8072292"
"257841","HSS-8094382"
"257842","HSS-8094406"
"52610","HSS-8072338"
"245517","HSS-8089130"
"12449","HSS-8072331"
"247107","HSS-1047713"
"46924","HSS-8058054"
"280454","HSS-1112989"
"266969","HSS-8095502"
"3905","HSS-1988130"
"153928","HSS-1988131"
"36160","HSS-8080831"
"161580","HSS-8072291"
"280513","HSS-8098444"
"20193","HSS-8086344"
"230162","HSS-8093879"
"235279","HSS-8093454"
"240314","HSS-8086395"
"233263","HSS-8095245"
"280302","HSS-8097911"
"240310","HSS-8086397"
"231966","HSS-8086353"
"270905","HSS-8097091"
"230865","HSS-8086414"
"240325","HSS-8086394"
"235322","HSS-8093455"
"26651","HSS-8058067"
"3354","HSS-8072296"
"245518","HSS-8089131"
"240278","HSS-1046208"
"130726","HSS-8077617"
"272924","HSS-8095216"
"1761","HSS-1043150"
"239773","HSS-1046198"
"256748","HSS-8094033"
"114574","HSS-8070138"
"240164","HSS-1046205"
"201415","HSS-8069606"
"16552","HSS-8060639"
"204902","HSS-8070385"
"238360","HSS-1998234"
"287598","HSS-8098692"
"238348","HSS-1998238"
"270764","HSS-8097354"
"238340","HSS-1998236"
"97781","HSS-8079851"
"49399","HSS-1038942"
"240298","HSS-8086598"
"244781","HSS-8091464"
"244787","HSS-8091458"
"194023","HSS-8070318"
"159825","C21614M039"
"229289","HSS-8093843"
"244832","HSS-8090554"
"153230","HSS-1039375"
"140453","HSS-1038397"
"87994","HSS-8075393"
"289987","HSS-8098782"
"272869","HSS-8094803"
"283194","HSS-8096865"
"235217","HSS-8086348"
"143446","HSS-8078307"
"256797","HSS-1110672"
"225657","HSS-8082286"
"195360","HSS-1044397"
"230809","HSS-8086347"
"231999","HSS-8086346"
"235341","HSS-8093422"
"280546","HSS-8098812"
"280494","HSS-8098815"
"152101","HSS-1992435"
"244855","HSS-8090951"
"261788","HSS-8092544"
"280468","HSS-8098813"
"244812","HSS-8090958"
"244758","HSS-8090956"
"270993","HSS-8097094"
"131123","HSS-8081081"
"280578","HSS-8098802"
"280512","HSS-8098814"
"235334","HSS-8093423"
"233255","HSS-8094414"
"254278","HSS-1049694"
"963","HSS-8058484"
"70550","HSS-8072327"
"270996","HSS-8097096"
"244862","HSS-8090953"
"194173","HSS-8072335"
"7597","HSS-8074603"
"114063","HSS-8078306"
"273038","HSS-8095234"
"272904","HSS-8096062"
"273601","HSS-8096063"
"190853","HSS-8058485"
"145381","HSS-8072319"
"81134","HSS-8072325"
"23373","C003915"
"231112","HSS-8086419"
"228464","HSS-8093870"
"235288","HSS-8093297"
"238379","HSS-1998282"
"237290","HSS-8087689"
"110647","HSS-8070092"
"237393","HSS-8087688"
"79970","HSS-8081899"
"860","HSS-8080761"
"182343","HSS-8061701"
"237109","HSS-8087687"
"229926","HSS-8083285"
"228969","HSS-8083287"
"285177","HSS-8097546"
"71863","HSS-8080756"
"51651","HSS-8080750"
"53243","HSS-8080751"
"171311","HSS-1985075"
"7451","HSS-8069324"
"230053","HSS-8083289"
"245508","HSS-8089133"
"83720","HSS-8069320"
"227646","HSS-8083286"
"116702","HSS-8072359"
"228704","HSS-8083288"
"237697","HSS-8087686"
"62298","HSS-8080753"
"26492","HSS-8080755"
"141996","HSS-8080754"
"281773","HSS-8097417"
"169913","HSS-1038903"
"240590","HSS-8086797"
"240591","HSS-8086800"
"14863","HSS-8070646"
"280146","HSS-8098724"
"280579","HSS-8098718"
"238345","HSS-1998237"
"257491","HSS-8094618"
"257612","HSS-8094624"
"263536","HSS-8094777"
"258365","HSS-8091806"
"228105","HSS-8093495"
"287593","HSS-8098690"
"257505","HSS-8094270"
"257539","HSS-8094466"
"251211","HSS-1110035"
"229240","HSS-8094025"
"206023","HSS-8069315"
"134885","HSS-8065525"
"12989","HSS-8067409"
"179312","HSS-1044900"
"236098","HSS-1046663"
"44184","HSS-8078911"
"31459","HSS-8078884"
"14056","HSS-8078883"
"257380","HSS-8092707"
"194234","HSS-1044300"
"163670","HSS-1041211"
"238959","HSS-1047015"
"26190","HSS-8077194"
"108084","HSS-8083134"
"23891","HSS-8078908"
"250740","HSS-1048372"
"94231","HSS-8078873"
"124771","HSS-8078871"
"193911","HSS-8078898"
"78840","HSS-8078867"
"57647","HSS-8078879"
"24805","HSS-8078874"
"177399","HSS-8077202"
"64332","HSS-8077199"
"282115","HSS-8097708"
"106668","HSS-1044162"
"280489","HSS-8099683"
"263555","HSS-8094674"
"288463","HSS-8099431"
"265843","HSS-8092706"
"265818","HSS-8092705"
"131590","HSS-8078865"
"138604","HSS-8070622"
"164457","HSS-8078866"
"72315","HSS-8077206"
"25877","HSS-8065686"
"146339","HSS-8065646"
"278468","HSS-8096656"
"265777","HSS-8092701"
"195275","HSS-8078905"
"265815","HSS-8092702"
"273896","HSS-8095129"
"62545","HSS-8078872"
"272786","HSS-8095131"
"256781","HSS-8093120"
"278690","HSS-8096660"
"272883","HSS-8095130"
"155370","HSS-8070658"
"10972","HSS-8077192"
"109655","HSS-8077203"
"45390","HSS-1043129"
"288261","HSS-8099174"
"169110","HSS-8027171"
"115246","HSS-8068787"
"131345","HSS-8068771"
"34720","HSS-1043949"
"233278","HSS-8094108"
"61692","HSS-8076393"
"24872","HSS-8078462"
"273598","HSS-8095797"
"273144","HSS-8095798"
"247116","HSS-8089569"
"97744","HSS-8073635"
"247124","HSS-8089588"
"130375","HSS-8078907"
"256820","HSS-8093119"
"265797","HSS-8092703"
"46374","HSS-8077200"
"246030","HSS-8089527"
"44658","HSS-8068759"
"43430","HSS-1044301"
"256880","HSS-1110753"
"257562","HSS-8093926"
"290220","HSS-8099100"
"138988","HSS-8072731"
"225268","HSS-8083360"
"238297","HSS-8085937"
"239080","HSS-1046363"
"84253","HSS-8081113"
"166973","HSS-8072763"
"137288","HSS-8058162"
"113342","HSS-8081119"
"283131","HSS-8097051"
"238407","HSS-1998249"
"237631","HSS-8087231"
"106332","HSS-8059060"
"194004","HSS-8081111"
"25013","HSS-8081117"
"173486","C002366"
"278612","HSS-8096594"
"57528","HSS-8081116"
"278014","HSS-1046418"
"189667","HSS-8058491"
"229571","HSS-8083361"
"77551","HSS-8060261"
"105771","HSS-8074458"
"23859","HSS-8072762"
"24604","HSS-1992411"
"201020","HSS-8083313"
"73809","HSS-8081110"
"238956","HSS-8089290"
"257587","HSS-8093760"
"150373","HSS-8072289"
"69494","HSS-8080853"
"87351","HSS-8058058"
"250732","HSS-1903166"
"250590","HSS-1049427"
"248303","HSS-8091880"
"250513","HSS-8091990"
"100234","HSS-8080859"
"151669","HSS-8067657"
"11277","HSS-8066828"
"19878","HSS-8071729"
"103831","HSS-8078678"
"145174","HSS-8071170"
"171431","HSS-8071745"
"56625","HSS-8071746"
"142793","HSS-8071747"
"191487","HSS-8071737"
"59939","HSS-8067350"
"22536","HSS-8071744"
"13129","HSS-8067346"
"77237","HSS-8071741"
"128180","HSS-8071733"
"201605","HSS-8071736"
"132034","HSS-8071731"
"154211","HSS-8071168"
"67851","HSS-8071166"
"137021","HSS-8078520"
"147010","HSS-8079908"
"67646","HSS-8078517"
"129124","HSS-8078512"
"23058","HSS-8078519"
"280175","HSS-1113413"
"53290","HSS-8073721"
"282223","HSS-8097430"
"249548","HSS-1048446"
"100990","HSS-8078513"
"233186","HSS-8096940"
"240366","HSS-1046377"
"115195","HSS-8071720"
"59453","HSS-8071717"
"257428","HSS-1110944"
"68614","HSS-8079586"
"235551","HSS-1046727"
"244802","HSS-8090955"
"244739","HSS-8090875"
"16572",""
"244600","HSS-8090883"
"234069","HSS-8089654"
"249477","HSS-8090887"
"244775","HSS-8090868"
"183776","PC076162"
"247079","HSS-8089638"
"176109","HSS-8081420"
"47475","HSS-8081424"
"254490","HSS-8092092"
"256400","HSS-1049912"
"107897","HSS-8025810"
"283035","HSS-8097032"
"140794","HSS-8025806"
"229498","HSS-8084314"
"123563","HSS-1961996"
"270935","HSS-8097211"
"230833","HSS-8086396"
"234148","HSS-8086408"
"279631","HSS-8096329"
"238033","HSS-8087524"
"197309","HSS-8069168"
"235853","HSS-8086854"
"154861","HSS-8069178"
"179751","HSS-8069179"
"274045","HSS-8095716"
"60766","HSS-8079597"
"257762","HSS-1111255"
"257818","HSS-1111245"
"225698","HSS-8082374"
"75415","HSS-8069556"
"175576","HSS-8079557"
"249871","HSS-1048445"
"250639","HSS-1048442"
"10484","HSS-8074456"
"137772","HSS-8020549"
"272760","HSS-8095485"
"250569","HSS-8091072"
"273950","HSS-8094964"
"196350","C004633"
"191565","HSS-8066855"
"133951","C004637"
"247101","HSS-1048257"
"247235","HSS-8091045"
"180745","C004631"
"113981","C004621"
"175030","HSS-8066831"
"205817","C004634"
"179204","C004649"
"178045","HSS-8066829"
"189753","C004610"
"270785","HSS-8097001"
"267187","HSS-8095504"
"267030","HSS-8095506"
"267201","HSS-8095479"
"267364","HSS-8096160"
"267281","HSS-8095477"
"267206","HSS-8095488"
"267394","HSS-8095445"
"236453","HSS-8087926"
"229368","HSS-8093726"
"235829","HSS-8087927"
"173115","HSS-8074243"
"235386","HSS-8088693"
"76425","HSS-8071482"
"70613","HSS-8071152"
"197664","HSS-8071156"
"84024","HSS-8065861"
"109626","HSS-8065862"
"273129","HSS-8095862"
"95693","HSS-8071723"
"280682","HSS-8096707"
"27573","HSS-8071150"
"55123","HSS-8071154"
"246872","HSS-8089425"
"75260","HSS-8065849"
"189864","HSS-8065867"
"146511","HSS-8058890"
"45036","HSS-8081381"
"87392","HSS-8081387"
"163267","HSS-8081390"
"248254","HSS-8090455"
"230458","HSS-8084824"
"229829","HSS-8084826"
"250693","HSS-1048280"
"10693","HSS-8073852"
"272960","HSS-8095870"
"201144","HSS-8073860"
"281920","HSS-8097088"
"165979","HSS-8069783"
"164196","HSS-8068242"
"237120","HSS-8088056"
"233202","HSS-8094479"
"254088","HSS-1049369"
"256734","HSS-1111521"
"192407","HSS-8064840"
"115794","HSS-1988148"
"107636","HSS-1988150"
"240571","HSS-1046654"
"227981","HSS-8085003"
"228072","HSS-8085077"
"189883","HSS-8067578"
"229270","HSS-8083348"
"267016","HSS-8096948"
"233592","HSS-1045889"
"75397","HSS-8024061"
"77874","HSS-8067575"
"88380","HSS-8072730"
"101900","HSS-8072774"
"163346","HSS-1992408"
"239038","HSS-1046297"
"233126","HSS-8095037"
"238409","HSS-1998255"
"230630","HSS-1045252"
"48684","HSS-8069514"
"93632","HSS-8067573"
"93218","HSS-1037274"
"107204","HSS-8022570"
"63230","HSS-8058032"
"229774","HSS-1045288"
"256437","HSS-1049913"
"246075","HSS-1047776"
"164368","HSS-1961988"
"175367","HSS-8072775"
"62238","HSS-8081080"
"113214","HSS-8024062"
"94509","HSS-1039394"
"257598","HSS-8093356"
"67614","HSS-8062327"
"95096","HSS-8026031"
"186532","HSS-8069151"
"254224","HSS-1049874"
"67343","HSS-8061883"
"164245","HSS-8073710"
"225682","HSS-8082618"
"250701","HSS-1903191"
"22601","HSS-1988754"
"252042","HSS-8091777"
"250761","HSS-8090561"
"133058","HSS-1988739"
"256775","HSS-8094043"
"225255","HSS-8083400"
"153674","HSS-8081716"
"288594","HSS-8099280"
"230920","HSS-8093285"
"244757","HSS-8090921"
"293010","HSS-8098458"
"240696","HSS-8086393"
"47370","HSS-8078301"
"261870","HSS-8092551"
"230868","HSS-8086382"
"240305","HSS-8093494"
"261839","HSS-8092554"
"75220","HSS-8078350"
"228828","HSS-8093873"
"260304","HSS-8092035"
"252064","HSS-8092036"
"245962","HSS-1112225"
"234523","HSS-8086198"
"249848","HSS-8091648"
"269039","HSS-8096257"
"151948","HSS-8078449"
"288559","HSS-8099172"
"172820","HSS-1044723"
"65219","HSS-8071817"
"22718","HSS-8071818"
"285319","HSS-8097419"
"72611","HSS-8082339"
"162323","HSS-1038391"
"239048","HSS-1046305"
"250811","HSS-8092621"
"144524","HSS-8080793"
"62176","HSS-8080807"
"166782","HSS-8079591"
"153985","HSS-8079592"
"236233","HSS-8088479"
"196479","HSS-8080808"
"91065","HSS-8071805"
"38184","HSS-8071816"
"106008","HSS-8069554"
"4412","HSS-8069555"
"69797","HSS-8069560"
"119583","HSS-8072353"
"173769","HSS-8072351"
"230706","HSS-8085285"
"283223","HSS-8096909"
"283198","HSS-8096864"
"134447","HSS-8082348"
"283113","HSS-8097073"
"249120","HSS-1048169"
"236334","HSS-1047072"
"238995","HSS-8087190"
"225639","HSS-8082273"
"225654","HSS-8082272"
"248293","HSS-1048369"
"225722","HSS-8082271"
"41984","HSS-8080839"
"282085","HSS-8097427"
"281992","HSS-8097917"
"281857","HSS-8097651"
"273248","HSS-8094787"
"256804","HSS-8093061"
"235246","HSS-1046274"
"256412","HSS-1110605"
"256398","HSS-1110583"
"254245","HSS-1110498"
"58790","HSS-8061656"
"161741","HSS-8079654"
"12108","HSS-8080838"
"244586","HSS-8090602"
"124211","HSS-8061651"
"110075","HSS-8072077"
"78591","HSS-8072051"
"36792","HSS-8078447"
"278470","HSS-8096635"
"265829","HSS-1110575"
"290218","HSS-8099165"
"278779","HSS-8096637"
"248338","HSS-1048743"
"265835","HSS-1110572"
"246020","HSS-8089557"
"43390","HSS-8072078"
"73559","HSS-8072070"
"119075","HSS-8072064"
"77596","HSS-8072038"
"278762","HSS-8096636"
"189630","HSS-8072040"
"191338","HSS-8078450"
"265772","HSS-8094558"
"126950","HSS-8078451"
"272777","HSS-8095817"
"246032","HSS-8089559"
"246041","HSS-8089561"
"290143","HSS-8099166"
"148916","HSS-8061650"
"131204","HSS-1034884"
"151804","HSS-8074435"
"235402","HSS-8091276"
"138284","HSS-8066827"
"256408","HSS-8093014"
"192582","HSS-8066846"
"227945","HSS-8085072"
"156668","HSS-8066830"
"10049","HSS-8066810"
"37989","HSS-8066805"
"106181","HSS-8066821"
"8505","HSS-8066818"
"70814","HSS-8077314"
"273234","HSS-8096060"
"3962","HSS-8080830"
"272699","HSS-8094800"
"101533","HSS-8077357"
"263308","HSS-8094796"
"85954","HSS-8067661"
"272952","HSS-8094954"
"14718","HSS-8072337"
"119262","HSS-8077322"
"46833","HSS-8082373"
"281898","HSS-8097855"
"273387","HSS-8095687"
"41564","HSS-8077328"
"287337","HSS-8098248"
"290013","HSS-8098358"
"265832","HSS-8093882"
"311952","HSS-8099457"
"146525","HSS-8077329"
"251212","HSS-8092541"
"78198","HSS-8061736"
"271814","HSS-8096966"
"172075","HSS-8080828"
"20053","HSS-8058065"
"157578","HSS-8061735"
"42389","HSS-8077319"
"107944","HSS-8077364"
"244811","HSS-8090948"
"238936","HSS-8089129"
"100772","HSS-8077334"
"280264","HSS-8097914"
"271001","HSS-1113398"
"247325","HSS-1048050"
"235287","HSS-8093376"
"247087","HSS-8089414"
"142049","HSS-8080827"
"257805","HSS-1110880"
"87157","HSS-8062339"
"238915","HSS-1047518"
"95226","HSS-8077368"
"159990","HSS-8075754"
"183488","HSS-8077338"
"44790","HSS-8077349"
"2753","HSS-1072109"
"192283","HSS-8061968"
"78981","HSS-8077318"
"246033","HSS-8089299"
"33862","HSS-8077344"
"176977","HSS-8077345"
"174051","HSS-8077332"
"144062","HSS-8077363"
"89911","HSS-1033716"
"270620","HSS-8096967"
"103132","HSS-8077353"
"156882","HSS-8077366"
"257594","HSS-8093889"
"157096","HSS-8080856"
"280591","HSS-8098445"
"233246","HSS-8094412"
"250622","HSS-1903174"
"235257","HSS-1997574"
"244853","HSS-8091315"
"280479","HSS-8098711"
"91570","HSS-8079108"
"171203","HSS-8024077"
"81614","HSS-8073687"
"233299","HSS-8089501"
"128867","HSS-1044569"
"46754","HSS-8060967"
"19462","HSS-8071473"
"202281","HSS-8061962"
"183798","HSS-8061009"
"191078","HSS-8079825"
"131613","HSS-8078333"
"270675","HSS-8097058"
"196068","HSS-8079576"
"152092","HSS-8082067"
"70755","HSS-8079574"
"35821","HSS-8066415"
"124224","HSS-1045365"
"25376","HSS-1045364"
"140750","HSS-8061228"
"60272","HSS-8061640"
"146534","HSS-1039120"
"67483","HSS-8061657"
"130100","HSS-8071787"
"37809","HSS-1988155"
"198919","HSS-1988152"
"119698","HSS-8061230"
"249511","HSS-8090564"
"159154","HSS-8016621"
"246064","HSS-1047789"
"137504","HSS-1042743"
"256824","HSS-8093051"
"290246","HSS-8099130"
"60281","HSS-1035749"
"235599","HSS-1047348"
"112483","HSS-8079594"
"202056","HSS-8025956"
"279630","HSS-8096325"
"256813","HSS-8096044"
"207450","HSS-8071798"
"234131","HSS-8087020"
"228710","HSS-8083314"
"186261","HSS-1039772"
"82141","HSS-1034992"
"100611","HSS-1042059"
"196894","HSS-1032358"
"197572","HSS-1043024"
"198035","HSS-8024387"
"186116","HSS-8066811"
"51835","HSS-8074901"
"172772","HSS-8066573"
"123972","HSS-8066817"
"237885","HSS-8087523"
"4252","HSS-8068942"
"76413","HSS-8066571"
"98881","HSS-8074711"
"97319","HSS-8074715"
"69521","HSS-8027576"
"113577","HSS-8074902"
"154194","HSS-8074714"
"145472","HSS-8066820"
"25433","HSS-8074716"
"174449","HSS-8066576"
"107445","HSS-8068940"
"229875","HSS-8085078"
"230652","HSS-8085639"
"229076","HSS-1045628"
"46452","HSS-8074718"
"45461","HSS-8066574"
"16761","C004651"
"31771","HSS-8074903"
"137663","HSS-8074719"
"106272","HSS-8066568"
"167050","HSS-8066575"
"116431","HSS-8066569"
"73913","HSS-8066577"
"102698","HSS-8066570"
"58398","HSS-8066842"
"192957","HSS-8072553"
"38723","HSS-8074900"
"205113","HSS-8068936"
"90815","HSS-1042555"
"74981","HSS-8072552"
"236951","HSS-1046531"
"72758","HSS-8069165"
"177660","HSS-8080764"
"63864","HSS-8079634"
"6509","HSS-8072332"
"233237","HSS-8094393"
"230769","HSS-8085916"
"3498","HSS-8074580"
"128946","HSS-8079595"
"173960","HSS-8058188"
"58565","HSS-8079605"
"128454","HSS-1033520"
"70810","HSS-8022574"
"46473","HSS-8066083"
"117869","HSS-8022578"
"84390","HSS-8024068"
"230921","HSS-8085288"
"129826","HSS-8022579"
"246044","HSS-1047722"
"88176","HSS-1008578"
"57879","HSS-8069568"
"206921","HSS-8058045"
"122429","HSS-8079552"
"128117","HSS-8079551"
"236403","HSS-8087729"
"247804","HSS-8089780"
"237873","HSS-8087730"
"230667","HSS-8086339"
"6913","HSS-8061227"
"92434","HSS-8079571"
"163278","HSS-8079587"
"193606","HSS-8071807"
"54120","HSS-8082332"
"137968","HSS-8079649"
"202366","HSS-1992438"
"4857","HSS-8079562"
"235245","HSS-8086342"
"236974","HSS-1046743"
"249596","HSS-1904923"
"249860","HSS-1904924"
"254297","HSS-1904926"
"254289","HSS-1904925"
"254270","HSS-1904927"
"249662","HSS-1049083"
"254276","HSS-1904928"
"15815","HSS-8060977"
"283090","HSS-8097125"
"207315","HSS-1044844"
"21222","HSS-1044843"
"70691","HSS-1040813"
"173731","HSS-1041798"
"290066","HSS-8098854"
"154722","HSS-1041769"
"105941","HSS-8015771"
"294057","HSS-8098834"
"58506","HSS-8077155"
"10249","HSS-8077156"
"61967","HSS-8077158"
"237091","HSS-8088494"
"18240","HSS-8080497"
"146509","HSS-8018643"
"133463","HSS-8081076"
"52689","HSS-8081133"
"238044","HSS-8088094"
"31537","HSS-8071202"
"157488","HSS-8068165"
"282365","HSS-8096709"
"61681","HSS-8081127"
"238836","HSS-1046881"
"282368","HSS-8096710"
"227803","HSS-8084806"
"95966","HSS-8068155"
"62245","HSS-8071196"
"293055","HSS-8097885"
"235761","HSS-8088815"
"60708","HSS-8068153"
"27269","HSS-8078342"
"229227","HSS-8093989"
"15062","HSS-8080502"
"198356","HSS-8071198"
"280606","HSS-8096713"
"124695","HSS-8068156"
"203862","HSS-8071197"
"97405","HSS-8068164"
"280826","HSS-8096711"
"197825","HSS-8071206"
"79287","HSS-8080496"
"58656","HSS-8074736"
"240330","HSS-8085559"
"50448","HSS-8064827"
"266949","HSS-8096976"
"175550","HSS-8075937"
"181680","HSS-8081427"
"127789","HSS-8066227"
"225723","HSS-8082581"
"67009","HSS-8066863"
"96450","HSS-8075943"
"124001","HSS-8081455"
"89569","HSS-1043410"
"236346","HSS-1047133"
"52432","HSS-8081453"
"271513","HSS-8096512"
"112704","HSS-8075940"
"170919","HSS-8066217"
"151723","HSS-8066228"
"237066","HSS-1046679"
"236832","HSS-1047134"
"62082","HSS-8022672"
"76255","HSS-8075941"
"106915","HSS-8025353"
"261759","HSS-8093162"
"283058","HSS-8097065"
"151189","HSS-8075886"
"261794","HSS-8093160"
"261850","HSS-8093170"
"6117","HSS-8075885"
"199282","HSS-8075882"
"188605","HSS-8075887"
"104544","HSS-1042457"
"204540","HSS-8075884"
"261852","HSS-8093169"
"125559","HSS-8075883"
"138481","HSS-8077157"
"74082","HSS-8077154"
"243971","HSS-8089524"
"246011","HSS-1047786"
"52126","HSS-8071181"
"108625","HSS-1039355"
"286829","HSS-8098108"
"238876","HSS-8090343"
"152040","HSS-8068922"
"256765","HSS-8093919"
"289984","HSS-8098378"
"287753","HSS-8098661"
"290095","HSS-8098346"
"287688","HSS-8098345"
"285437","HSS-8098102"
"287503","HSS-8098109"
"197901","HSS-8068919"
"285443","HSS-8098144"
"273946","HSS-8095458"
"123556","HSS-8068917"
"16910","HSS-8068915"
"60508","HSS-8068916"
"201976","HSS-8068920"
"228443","HSS-1045318"
"238893","HSS-8090345"
"85325","HSS-8068921"
"247321","HSS-8090346"
"73887","HSS-8068923"
"290045","HSS-8098350"
"287901","HSS-8099216"
"290109","HSS-8098351"
"161455","HSS-8068914"
"250781","HSS-8092622"
"247347","HSS-1902545"
"293736","HSS-8098528"
"41786","HSS-8064805"
"245476","HSS-8089270"
"158865","HSS-8066604"
"240713","HSS-8087509"
"238949","HSS-8089287"
"251209","HSS-8092389"
"248097","HSS-8090203"
"230660","HSS-8085623"
"245539","HSS-8089272"
"73264","HSS-8070094"
"227809","HSS-8084868"
"73757","HSS-8081093"
"257200","HSS-8094957"
"5589","HSS-1990630"
"237421","HSS-1047392"
"233121","HSS-8095029"
"233194","HSS-8094367"
"233177","HSS-8094366"
"118356","HSS-8081985"
"133844","HSS-8067328"
"270858","HSS-8097216"
"270656","HSS-8097218"
"267171","HSS-8096951"
"225212","HSS-1045378"
"5022","HSS-8061180"
"226698","HSS-8084843"
"226692","HSS-8084840"
"261848","HSS-8092562"
"261817","HSS-8092555"
"235843","HSS-8087026"
"230793","HSS-8084089"
"231985","HSS-8083662"
"231055","HSS-8086599"
"233945","HSS-8086969"
"171600","HSS-8075677"
"192696","HSS-8027175"
"51008","HSS-8027176"
"134830","HSS-1985093"
"294389","HSS-8098938"
"233285","HSS-8089161"
"234020","HSS-8085330"
"5442","HSS-8080516"
"196334","HSS-8016977"
"100527","HSS-8062193"
"175004","HSS-8062363"
"34264","HSS-8061015"
"226507","HSS-8082912"
"256418","HSS-8092548"
"230890","HSS-8093394"
"55025","HSS-1040553"
"245447","HSS-1047517"
"204089","HSS-8074769"
"235381","HSS-8087199"
"252781","HSS-1048917"
"247172","HSS-1047814"
"252779","HSS-1048918"
"252786","HSS-1048919"
"247210","HSS-1047826"
"247148","HSS-1047817"
"247159","HSS-1047828"
"43693","HSS-8075456"
"281808","HSS-8098001"
"148202","HSS-8068252"
"206200","HSS-8068231"
"257858","HSS-8093426"
"230631","HSS-8082346"
"45570","HSS-8068236"
"234135","HSS-8085263"
"18313","HSS-8068228"
"163568","HSS-8068248"
"140808","HSS-8082307"
"206312","HSS-8075455"
"83154","HSS-8068230"
"30884","HSS-8068249"
"282030","HSS-8097999"
"193849","HSS-8068229"
"139443","HSS-8072754"
"43350","HSS-8070911"
"168715","HSS-1043651"
"282025","HSS-8098003"
"142169","HSS-8070909"
"141641","HSS-8068251"
"61047","HSS-8068225"
"117047","HSS-8068246"
"281864","HSS-8098002"
"149691","HSS-8068235"
"233924","HSS-8085265"
"281919","HSS-8098000"
"234084","HSS-8085264"
"61076","HSS-8068255"
"46482","HSS-8068247"
"228244","HSS-8082309"
"160255","HSS-8079925"
"230168","HSS-8082310"
"273521","HSS-8095724"
"256803","HSS-8093055"
"265839","HSS-1110691"
"235349","HSS-8093690"
"229994","HSS-8093707"
"277965","HSS-8096580"
"239728","HSS-8099412"
"122636","HSS-8071165"
"55785","HSS-1038938"
"285217","HSS-8097460"
"245526","HSS-8089273"
"228280","HSS-8084571"
"245488","HSS-8089275"
"266964","HSS-8096127"
"192919","HSS-8069860"
"57393","HSS-8069858"
"91517","HSS-8069863"
"45579","HSS-8069866"
"25419","HSS-8069865"
"198670","HSS-8069859"
"138812","HSS-8069868"
"7940","HSS-8069864"
"113111","HSS-8069861"
"161462","HSS-8069862"
"166415","HSS-8069867"
"32809","HSS-1044509"
"40585","HSS-8078639"
"136582","HSS-8061644"
"283100","HSS-8097207"
"280566","HSS-8098744"
"256384","HSS-1111256"
"2478","HSS-8078625"
"192826","HSS-8068476"
"247291","HSS-1048051"
"169475","HSS-8080570"
"265776","HSS-8094672"
"148477","HSS-1036020"
"7328","HSS-8080346"
"278311","HSS-8096666"
"257442","HSS-8094671"
"261777","HSS-8096014"
"270669","HSS-8096784"
"254310","HSS-1904954"
"251244","HSS-8092455"
"251245","HSS-8092454"
"278799","HSS-8096600"
"10644","HSS-8066070"
"68126","HSS-8075408"
"22681","HSS-8075383"
"154945","HSS-8070338"
"233569","HSS-8085845"
"1047","HSS-8075394"
"102983","HSS-8075406"
"201370","HSS-8075391"
"229042","HSS-8083304"
"2309","HSS-8072344"
"102849","HSS-8081408"
"65753","HSS-8075399"
"132756","HSS-8075379"
"17962","HSS-8075405"
"25100","HSS-8075407"
"76278","HSS-8075403"
"135126","HSS-8075413"
"287051","HSS-8098096"
"238903","HSS-1048119"
"228508","HSS-8083305"
"301","HSS-8075385"
"8386","HSS-8075396"
"80704","HSS-8075390"
"51152","HSS-8075404"
"45330","HSS-8075401"
"67570","HSS-8075398"
"290226","HSS-8098989"
"273954","HSS-8095230"
"256882","HSS-8093175"
"13065","HSS-8073112"
"150095","HSS-8070344"
"163621","HSS-8070339"
"287322","HSS-8098090"
"225711","HSS-8083292"
"90785","HSS-8066053"
"273328","HSS-8094858"
"4715","HSS-8027723"
"294365","HSS-8098776"
"69787","HSS-8071750"
"89674","HSS-8073392"
"244838","HSS-8090555"
"266819","HSS-8097221"
"270644","HSS-8097217"
"65554","HSS-8067341"
"249879","HSS-8091471"
"89900","HSS-8078624"
"54212","HSS-8073677"
"290273","HSS-8099171"
"278439","HSS-8096622"
"131934","HSS-8078438"
"106989","HSS-8078437"
"37662","HSS-8072056"
"273593","HSS-8095819"
"28164","HSS-8073670"
"246057","HSS-8089564"
"64981","HSS-8073675"
"145157","HSS-8081963"
"93443","HSS-8077150"
"229534","HSS-8095818"
"234687","HSS-8089519"
"170471","HSS-8065675"
"247085","HSS-8089516"
"280527","HSS-1112988"
"71688","HSS-8074883"
"4987","HSS-8074879"
"249559","HSS-1048630"
"261818","HSS-8095993"
"162337","HSS-8026129"
"280845","HSS-8096769"
"271073","HSS-8097269"
"270951","HSS-8096441"
"249739","HSS-1049139"
"257202","HSS-8094952"
"250505","HSS-1049422"
"234025","HSS-8085624"
"277975","HSS-8096702"
"277957","HSS-8096671"
"277959","HSS-8096703"
"277985","HSS-8096699"
"277929","HSS-8096673"
"256968","HSS-1110662"
"170","HSS-8067604"
"256401","HSS-8092937"
"245904","HSS-1048231"
"237291","HSS-8087050"
"126398","HSS-8075738"
"234578","HSS-1997586"
"271817","HSS-8096500"
"9098","HSS-8078144"
"187180","HSS-1043776"
"130287","HSS-1043312"
"85782","HSS-8078335"
"227727","HSS-8082876"
"192070","HSS-8059963"
"228364","HSS-8082882"
"230873","HSS-8085331"
"290093","HSS-8099014"
"278548","HSS-8096592"
"233205","HSS-8094354"
"235867","HSS-8088519"
"175125","HSS-1988137"
"30273","HSS-1988128"
"256969","HSS-8092958"
"227384","HSS-8082878"
"8712","HSS-8061217"
"29975","HSS-8076708"
"256807","HSS-8093123"
"235236","HSS-8085919"
"230485","HSS-8085257"
"196991","HSS-8061653"
"27285","HSS-8079561"
"3723","HSS-8071249"
"97995","HSS-1018865"
"97321","HSS-8079598"
"230858","HSS-8085918"
"238351","HSS-1998239"
"238363","HSS-1998225"
"29985","C003903"
"238408","HSS-1998252"
"75372","HSS-8074583"
"228658","HSS-8083408"
"145107","HSS-8082345"
"227588","HSS-1044963"
"111604","HSS-8071801"
"227589","HSS-1044965"
"69274","HSS-8071795"
"92146","HSS-1044995"
"198120","HSS-8070333"
"141949","HSS-8065194"
"285175","HSS-8097718"
"2705","HSS-1044495"
"285243","HSS-8097717"
"4907","HSS-8080795"
"158672","HSS-8079560"
"244840","HSS-8090543"
"228830","HSS-8093840"
"244559","HSS-8090546"
"250511","HSS-1049384"
"244803","HSS-8091459"
"244835","HSS-8090544"
"244843","HSS-8090557"
"123179","HSS-1036378"
"280289","HSS-8098226"
"280201","HSS-8098224"
"245278","HSS-8089030"
"278346","HSS-8096653"
"200304","HSS-8078902"
"82160","HSS-8077198"
"84097","HSS-8081977"
"230801","HSS-8084078"
"154989","HSS-1041681"
"233173","HSS-8094364"
"247081","HSS-8089416"
"104186","HSS-8078634"
"973","HSS-8065897"
"35703","HSS-8076881"
"237378","HSS-8088517"
"152715","HSS-8065901"
"102102","HSS-8065872"
"13939","HSS-8081978"
"250581","HSS-1049385"
"250478","HSS-1049393"
"285318","HSS-8097738"
"250580","HSS-1049388"
"79633","HSS-8069546"
"48051","HSS-8076945"
"285233","HSS-8097321"
"11377","HSS-8080505"
"115505","HSS-8058874"
"157497","HSS-8069540"
"248328","HSS-1049132"
"94586","HSS-8069311"
"95963","HSS-8068188"
"49206","HSS-8073391"
"30487","HSS-8080506"
"153276","HSS-8080507"
"288304","HSS-8099265"
"229116","HSS-8083866"
"229255","HSS-8083846"
"69359","HSS-8058909"
"290074","HSS-8098887"
"288566","HSS-8099221"
"176631","HSS-8076948"
"205448","HSS-8069536"
"288234","HSS-8099245"
"4420","HSS-8076942"
"237675","HSS-8088444"
"282199","HSS-8097806"
"257180","HSS-1111523"
"254271","HSS-1904964"
"248225","HSS-1904963"
"254307","HSS-1904965"
"254285","HSS-1904970"
"254266","HSS-1904971"
"249886","HSS-1904973"
"254279","HSS-1904972"
"249869","HSS-1904968"
"254268","HSS-1904974"
"254309","HSS-1904975"
"254296","HSS-1904969"
"249604","HSS-1049137"
"254281","HSS-1904959"
"254291","HSS-1904960"
"254304","HSS-1904961"
"254233","HSS-1906336"
"254290","HSS-1904956"
"254275","HSS-1904957"
"249666","HSS-1904958"
"249838","HSS-1904953"
"254288","HSS-1904952"
"254313","HSS-1904951"
"254299","HSS-1904949"
"254305","HSS-1904955"
"254293","HSS-1904966"
"257188","HSS-1111522"
"254312","HSS-1904967"
"254303","HSS-1904938"
"254269","HSS-1904937"
"249663","HSS-1904936"
"249862","HSS-1904935"
"254292","HSS-1904934"
"254300","HSS-1904933"
"254301","HSS-1904932"
"265768","HSS-8094497"
"14652","HSS-8067593"
"108961","HSS-8067599"
"59122","HSS-8076212"
"250579","HSS-1048606"
"187792","HSS-8026972"
"2864","HSS-8068497"
"124214","HSS-1040154"
"133530","HSS-8076203"
"117758","HSS-8068492"
"71551","HSS-8068499"
"170069","HSS-1039123"
"225205","HSS-1045486"
"225190","HSS-1045377"
"285384","HSS-8097578"
"254283","HSS-1904931"
"254311","HSS-1904940"
"249556","HSS-1904948"
"249881","HSS-1904941"
"249811","HSS-1904947"
"249599","HSS-1904942"
"260916","HSS-1904979"
"254295","HSS-1904946"
"254302","HSS-1904943"
"254277","HSS-1904945"
"254287","HSS-1904944"
"260911","HSS-1904978"
"18210","HSS-1988145"
"120863","HSS-8082340"
"233938","HSS-8085289"
"193039","HSS-8082326"
"38876","HSS-1042904"
"262230","HSS-1110963"
"199422","HSS-8071799"
"59009","HSS-8082342"
"28917","HSS-8082338"
"233564","HSS-1045806"
"176169","HSS-1040999"
"273465","HSS-8095242"
"191174","HSS-8071814"
"235229","HSS-8086341"
"159639","HSS-8024065"
"146515","HSS-8079570"
"41039","HSS-8080804"
"164126","HSS-8071802"
"40540","HSS-8071810"
"179934","HSS-8080817"
"191710","HSS-8079606"
"241659","HSS-8085917"
"239494","HSS-8086340"
"236670","HSS-8087728"
"134517","HSS-8079569"
"237897","HSS-1046984"
"238046","HSS-8087731"
"153599","HSS-8078288"
"236379","HSS-8088475"
"240746","HSS-8087726"
"112246","HSS-8066085"
"83780","HSS-8079550"
"32145","HSS-8082351"
"185446","HSS-8071151"
"257571","HSS-1111132"
"50002","HSS-8065855"
"263105","HSS-1111211"
"257873","HSS-1111133"
"43923","HSS-8065850"
"46944","HSS-8078617"
"100723","HSS-8071707"
"204772","HSS-8065852"
"51650","HSS-8067975"
"7300","HSS-1037494"
"190014","HSS-8073312"
"91018","HSS-8076690"
"86027","HSS-8067974"
"244015","HSS-8089013"
"244179","HSS-8089006"
"124164","HSS-8062379"
"227643","HSS-8083672"
"226701","HSS-8083668"
"233922","HSS-8086558"
"229241","HSS-8084028"
"231050","HSS-8086994"
"266972","HSS-1111489"
"240979","HSS-1046596"
"122273","HSS-8061960"
"185161","HSS-1044246"
"273850","HSS-8095143"
"160915","HSS-8061961"
"135340","HSS-8061979"
"277971","HSS-8096296"
"282017","HSS-8098017"
"282020","HSS-8098006"
"281988","HSS-8098008"
"238947","HSS-8089115"
"225645","HSS-8082302"
"230426","HSS-8082306"
"67107","HSS-8059622"
"225671","HSS-8082303"
"167320","HSS-8076914"
"132451","HSS-8069789"
"236271","HSS-8088059"
"311971","HSS-8099447"
"90629","HSS-8070903"
"282162","HSS-8098009"
"272996","HSS-8095721"
"11108","HSS-8070001"
"311701","HSS-8099374"
"250439","HSS-8090444"
"48155","HSS-8072748"
"33704","HSS-8070902"
"311975","HSS-8099449"
"118322","HSS-8072751"
"311906","HSS-8099408"
"287638","HSS-8098167"
"177174","HSS-8070897"
"168672","HSS-8070901"
"205175","HSS-8072747"
"130447","HSS-8070899"
"87701","HSS-8079612"
"10928","HSS-8070896"
"311963","HSS-8099436"
"206691","HSS-8069784"
"311948","HSS-8099448"
"176133","HSS-8059620"
"115961","HSS-8075369"
"282173","HSS-8098016"
"247255","HSS-8090443"
"282048","HSS-8098010"
"288579","HSS-8099416"
"230035","HSS-8082305"
"25370","HSS-8059615"
"234077","HSS-8085254"
"290290","HSS-8099139"
"168620","HSS-8059621"
"282100","HSS-8098020"
"273762","HSS-8095722"
"39304","HSS-8059618"
"106082","HSS-1042097"
"236091","HSS-8088058"
"287629","HSS-8098166"
"177676","HSS-8059617"
"294138","HSS-8098748"
"257581","HSS-8094596"
"247161","HSS-1047799"
"156287","HSS-8069791"
"57950","HSS-8068241"
"311919","HSS-8099414"
"29676","HSS-8059644"
"311959","HSS-8099450"
"1269","HSS-8059614"
"115993","HSS-8076919"
"278689","HSS-8096540"
"257566","HSS-8094598"
"65702","HSS-1037602"
"197536","HSS-8069790"
"234007","HSS-8085253"
"11425","HSS-8072749"
"311907","HSS-8099411"
"180780","HSS-8072750"
"225631","HSS-8082304"
"14733","HSS-8025952"
"237227","HSS-8087215"
"128938","HSS-1992536"
"187742","HSS-1992539"
"236318","HSS-8087216"
"145467","HSS-8066363"
"161079","HSS-8081875"
"61103","HSS-1992529"
"119468","HSS-8078264"
"140400","HSS-8081399"
"227856","HSS-8084294"
"244591","HSS-8090869"
"196256","HSS-8078272"
"233151","HSS-8094888"
"244599","HSS-8090877"
"189971","HSS-8061002"
"249431","HSS-8090880"
"249468","HSS-8090879"
"189710","HSS-8075686"
"32974","HSS-8079877"
"21129","HSS-8059925"
"254481","HSS-8091949"
"245898","HSS-1110455"
"110631","HSS-8081896"
"236650","HSS-8088483"
"285213","HSS-8097435"
"285139","HSS-8097433"
"106508","HSS-8081894"
"285268","HSS-8097421"
"79912","HSS-8081890"
"128320","HSS-1988138"
"90407","HSS-8066424"
"166133","HSS-8066425"
"61092","HSS-8081895"
"146682","HSS-8081889"
"247748","HSS-8090101"
"130659","HSS-8081905"
"99254","HSS-8081887"
"4625","HSS-8081902"
"230673","HSS-8085924"
"237284","HSS-8088486"
"249566","HSS-8091582"
"54577","HSS-8081903"
"171009","HSS-8081906"
"104132","HSS-8081891"
"285238","HSS-8097424"
"198620","HSS-8081900"
"293124","HSS-8098447"
"228174","HSS-8082836"
"14094","HSS-8075150"
"265764","HSS-1110959"
"34868","HSS-8079635"
"130088","HSS-8079628"
"280504","HSS-1112987"
"234561","HSS-1997606"
"21893","HSS-8080847"
"19651","HSS-8070172"
"273781","HSS-8095232"
"247337","HSS-8090104"
"256787","HSS-8093054"
"167011","HSS-8080852"
"92540","C21212mm133"
"247339","HSS-8090103"
"27876","HSS-8067658"
"247760","HSS-8090105"
"248278","HSS-8090465"
"273213","HSS-8096059"
"257118","HSS-8094936"
"106872","HSS-8079408"
"272902","HSS-8095496"
"250476","HSS-1049394"
"236003","HSS-8087453"
"71379","HSS-8021557"
"189290","HSS-8074591"
"175291","HSS-8080860"
"73375","HSS-1961969"
"128549","HSS-8058064"
"311960","HSS-8099432"
"238028","HSS-8087458"
"52655","HSS-8066888"
"110646","HSS-8077376"
"230817","HSS-8085643"
"237901","HSS-8087456"
"103493","HSS-8066870"
"247519","HSS-8090641"
"195288","HSS-8079604"
"230683","HSS-8085290"
"203865","HSS-8069330"
"231098","HSS-8085337"
"236001","HSS-8087457"
"249419","HSS-8090652"
"234033","HSS-1045958"
"249456","HSS-8090657"
"111128","HSS-8026153"
"2304","HSS-8077375"
"257619","HSS-8093932"
"281838","HSS-8097859"
"240376","HSS-8085542"
"265821","HSS-8092785"
"193666","HSS-1043511"
"281893","HSS-8097687"
"98913","HSS-8071812"
"18606","HSS-8024437"
"257633","HSS-1110909"
"51042","HSS-8079559"
"237116","HSS-8087727"
"257546","HSS-1110951"
"256774","HSS-8093994"
"204827","HSS-8065530"
"135608","HSS-8066633"
"282190","HSS-8098048"
"126590","HSS-1043457"
"166933","HSS-1041282"
"60711","HSS-1041330"
"142391","HSS-8080369"
"172514","HSS-8080368"
"63440","HSS-8065528"
"158729","HSS-8065526"
"417","HSS-1041283"
"123724","HSS-8065531"
"157184","HSS-8065527"
"38531","HSS-8065532"
"290128","HSS-8098977"
"230837","HSS-8085573"
"278459","HSS-8096983"
"273386","HSS-8095497"
"268984","HSS-8096193"
"190938","HSS-8068963"
"248502","HSS-8091858"
"270866","HSS-8098117"
"281805","HSS-8097519"
"140199","HSS-8078436"
"58923","HSS-8080816"
"25245","HSS-8071240"
"137969","HSS-8079558"
"283199","HSS-8096859"
"283244","HSS-8096908"
"230743","HSS-8085286"
"254263","HSS-8092396"
"149396","HSS-8068930"
"78381","HSS-8066851"
"162841","HSS-8066881"
"254261","HSS-8092398"
"237849","HSS-1047757"
"196680","HSS-8066883"
"13573","HSS-8066861"
"25835","HSS-8066886"
"85788","HSS-8066880"
"40536","HSS-8066887"
"145615","HSS-8068952"
"196332","HSS-8066860"
"44078","HSS-8066856"
"40046","HSS-8070144"
"257840","HSS-8094297"
"270952","HSS-8099162"
"157413","HSS-1044079"
"144246","HSS-8059154"
"290297","HSS-8099161"
"270751","HSS-8099163"
"225655","HSS-1048384"
"225137","HSS-1995837"
"225120","HSS-1995835"
"70340","HSS-8079583"
"105630","HSS-8072321"
"99677","HSS-1038082"
"225113","HSS-1995869"
"235300","HSS-8093436"
"63369","HSS-8071231"
"270893","HSS-8097108"
"235251","HSS-8086338"
"225132","HSS-1995849"
"225256","HSS-1995854"
"249840","HSS-8091474"
"2087","HSS-8059653"
"199170","HSS-8009101"
"75410","HSS-8079568"
"272567","HSS-8099119"
"236140","HSS-8087191"
"106164","HSS-8069569"
"204094","HSS-1035200"
"59823","HSS-1043145"
"66319","HSS-8080815"
"89922","HSS-8079563"
"227565","HSS-8093860"
"123988","HSS-8017324"
"140151","HSS-8071823"
"118743","HSS-8067653"
"257631","HSS-8094299"
"290253","HSS-8099138"
"177915","HSS-8072305"
"185877","HSS-8072271"
"170002","HSS-8076876"
"150585","HSS-8067646"
"261810","HSS-8093163"
"195193","HSS-8075878"
"100903","HSS-8066211"
"50617","HSS-8025234"
"27580","HSS-8075879"
"261868","HSS-8093167"
"261832","HSS-8093165"
"200318","HSS-1045027"
"162013","HSS-1045028"
"131959","HSS-8075950"
"134286","HSS-8078697"
"192678","HSS-8078700"
"230203","HSS-8082844"
"139017","HSS-8078694"
"170079","HSS-8059456"
"238793","HSS-1047055"
"250659","HSS-1048221"
"71222","HSS-8071163"
"175394","HSS-8071164"
"285130","HSS-8097731"
"123143","HSS-8071162"
"247747","HSS-8091049"
"230738","HSS-8085576"
"267341","HSS-8097835"
"270574","HSS-8097834"
"248385","HSS-8090175"
"115780","HSS-8074885"
"247799","HSS-8091056"
"248096","HSS-8090193"
"270746","HSS-8097271"
"280557","HSS-8098517"
"237306","HSS-1046882"
"7644","HSS-1038218"
"10239","HSS-1038396"
"77425","HSS-1038219"
"182522","HSS-1038405"
"87499","HSS-1038403"
"180031","HSS-1038216"
"143034","HSS-1038215"
"152336","HSS-1038401"
"88376","HSS-1038217"
"58024","HSS-1038399"
"4544","HSS-1038398"
"196431","HSS-1038407"
"237550","HSS-1047229"
"106662","HSS-8080059"
"238814","HSS-8087036"
"98332","HSS-8081719"
"140166","HSS-1961981"
"107211","HSS-8074347"
"124016","HSS-1043374"
"235408","HSS-8090944"
"239097","HSS-1046355"
"79849","HSS-8074348"
"225261","HSS-1045369"
"118919","HSS-8070376"
"206503","HSS-1961983"
"88281","HSS-8077560"
"48422","HSS-1039608"
"278491","HSS-8096613"
"81318","HSS-1043205"
"194646","HSS-8073316"
"7412","HSS-1037493"
"97920","HSS-8066854"
"233936","HSS-8086199"
"3304","HSS-8079648"
"148380","HSS-8023249"
"80034","HSS-8072330"
"250520","HSS-8091979"
"74326","HSS-8078251"
"285377","HSS-8097570"
"234549","HSS-1997619"
"233142","HSS-8094863"
"74985","HSS-8078260"
"279626","HSS-8096334"
"279646","HSS-8096336"
"233244","HSS-8094878"
"113827","HSS-8078256"
"233157","HSS-8094864"
"51377","HSS-8078257"
"233143","HSS-8094862"
"233116","HSS-8094861"
"38285","HSS-8078258"
"83384","HSS-8078250"
"28465","HSS-8078259"
"235254","HSS-1997601"
"48119","HSS-8078254"
"233112","HSS-8094876"
"233156","HSS-8094872"
"285169","HSS-8097567"
"285386","HSS-8097568"
"81509","HSS-8071465"
"33246","C003910"
"18255","HSS-1992525"
"235393","HSS-8089788"
"245544","HSS-8089155  "
"177533","HSS-8081870"
"134959","C003979"
"198976","HSS-1038078"
"282226","HSS-8097376"
"67922","HSS-1038875"
"127704","HSS-8061189"
"157226","HSS-8061188"
"9176","HSS-8069583"
"64388","HSS-8081864"
"247796","HSS-8089794"
"26011","HSS-8061178"
"58791","HSS-8074459"
"3634","HSS-8059909"
"279828","HSS-1111859"
"261765","HSS-1961927"
"261835","HSS-1961930"
"230907","HSS-8093289"
"21601","HSS-8072314"
"124484","HSS-8079638"
"109846","HSS-8067651"
"141297","HSS-8061729"
"95745","HSS-1974093"
"238961","HSS-8087244"
"245540","HSS-8089126"
"282172","HSS-8097443"
"21651","HSS-8079639"
"9822","HSS-1044219"
"273966","HSS-8095246"
"162248","C003914"
"44747","HSS-8079625"
"17111","HSS-8071252"
"28292","HSS-1042896"
"263692","HSS-8094782"
"142962","HSS-1040940"
"205770","HSS-8073421"
"236934","HSS-8087766"
"1990","HSS-8059927"
"256812","HSS-8093062"
"136207","HSS-8079631"
"75892","HSS-1031096"
"45743","HSS-8082334"
"200927","HSS-1992831"
"124530","HSS-8080845"
"235835","HSS-1046886"
"152783","HSS-8079593"
"177116","HSS-8072350"
"89910","HSS-8069563"
"230847","HSS-8093256"
"146722","HSS-8061642"
"233123","HSS-8094885"
"235330","HSS-8093263"
"267014","HSS-8096049"
"261796","HSS-8096958"
"158064","HSS-8079633"
"235327","HSS-8093267"
"230835","HSS-8093261"
"235332","HSS-8093259"
"235318","HSS-8093439"
"45365","HSS-8072280"
"231123","HSS-8093262"
"3261","HSS-8070827"
"105796","HSS-8078710"
"70980","HSS-8078706"
"283055","HSS-8097079"
"283132","HSS-8097077"
"48842","HSS-8070830"
"230098","HSS-8084308"
"12943","HSS-8078704"
"227758","HSS-8084303"
"265808","HSS-1111233"
"256816","HSS-8093043"
"120836","HSS-1043401"
"290317","HSS-8098963"
"19578","HSS-8075410"
"139828","HSS-8075387"
"152829","HSS-8075380"
"45384","HSS-8075409"
"124029","HSS-8071789"
"38209","HSS-1038562"
"62320","HSS-1038748"
"60579","HSS-1042522"
"167603","HSS-1042517"
"11344","HSS-1042523"
"42018","HSS-1042516"
"205206","HSS-1042513"
"139981","HSS-1043367"
"149253","HSS-1042514"
"246010","HSS-8089581"
"235572","HSS-1046100"
"285222","HSS-8097527"
"76788","HSS-8078468"
"178280","HSS-8068764"
"158494","HSS-8068765"
"288190","HSS-8099180"
"233241","HSS-8094402"
"235291","HSS-8093290"
"121260","HSS-1031826"
"233951","HSS-8085292"
"181872","HSS-8066078"
"103600","HSS-8082009"
"53251","HSS-8067405"
"238797","HSS-1047028"
"22297","HSS-8080810"
"194204","HSS-8079572"
"109573","HSS-1041722"
"279667","HSS-8096327"
"105739","HSS-8061639"
"235250","HSS-8086343"
"156010","HSS-8079556"
"170929","HSS-1039159"
"238249","HSS-8085920"
"102842","HSS-8069328"
"236291","HSS-1046728"
"256878","HSS-8093270"
"82443","HSS-1961963"
"47095","HSS-8061219"
"20463","HSS-8069571"
"117216","HSS-8082330"
"250602","HSS-1049435"
"19463","HSS-8069333"
"4752","HSS-8010137"
"205410","HSS-8076186"
"28275","HSS-8024570"
"263454","HSS-8094785"
"265779","HSS-8093852"
"27872","HSS-8082333"
"87758","HSS-8061264"
"272704","HSS-8095239"
"96025","HSS-8071797"
"158843","HSS-1043740"
"235307","HSS-8093275"
"235326","HSS-8093264"
"129478","HSS-8024099"
"228371","HSS-8093865"
"231066","HSS-8086384"
"229335","HSS-8093864"
"231078","HSS-8093266"
"232000","HSS-8086385"
"72530","HSS-8068237"
"244820","HSS-8090942"
"233233","HSS-8094111"
"244844","HSS-8091067"
"273419","HSS-8095863"
"80808","HSS-1037173"
"155495","HSS-1041076"
"14678","HSS-1042435"
"240202","HSS-8085890"
"250700","HSS-1903165"
"40149","HSS-8015554"
"282194","HSS-8097186"
"166635","HSS-8080367"
"134410","HSS-8077143"
"16714","HSS-1043515"
"155501","HSS-8080366"
"73130","HSS-1043510"
"13370","HSS-8080365"
"282236","HSS-8097187"
"282230","HSS-8097185"
"58551","HSS-8065529"
"240587","HSS-8086822"
"230866","HSS-8083166"
"55692","HSS-8080063"
"62468","HSS-8070403"
"179481","HSS-8074439"
"272953","HSS-8095046"
"250499","HSS-8092751"
"138427","HSS-8080149"
"184948","HSS-8081378"
"293332","HSS-8098504"
"65104","HSS-8066213"
"65256","HSS-8068487"
"63124","HSS-1042637"
"68316","HSS-1044807"
"287572","HSS-8098714"
"227862","HSS-1045673"
"228041","HSS-1045385"
"205147","HSS-8072738"
"288485","HSS-8099239"
"285153","HSS-8097584"
"277838","HSS-8096553"
"233291","HSS-8090256"
"87344","HSS-8079127"
"180481","HSS-8071821"
"22757","HSS-1113693"
"87177","HSS-1990626"
"108516","HSS-8076895"
"133852","HSS-8061421"
"32199","HSS-8059174"
"42766","HSS-8059175"
"7144","HSS-1041818"
"102905","HSS-8059172"
"76989","HSS-8059173"
"257151","HSS-8095461"
"12001","HSS-8079365"
"103829","HSS-8079363"
"87260","HSS-8079371"
"195854","HSS-8079369"
"173857","HSS-8079360"
"53972","HSS-1016763"
"274053","HSS-8096136"
"22334","HSS-8079367"
"236490","HSS-1047249"
"272765","HSS-8095459"
"79263","HSS-8079372"
"131523","HSS-8079370"
"58277","HSS-8079361"
"120284","HSS-1042138"
"228685","HSS-8085048"
"162277","HSS-8079358"
"125192","HSS-8070171"
"171923","HSS-8079368"
"119054","HSS-8079359"
"198984","HSS-8079366"
"107695","HSS-8079364"
"136593","HSS-8079362"
"192658","HSS-8059457"
"274012","HSS-8095209"
"54512","HSS-8068453"
"168536","PC076163"
"225696","HSS-1045014"
"95444","HSS-1038440"
"225720","HSS-1045016"
"225667","HSS-1045022"
"225684","HSS-1045021"
"282135","HSS-8097987"
"229052","HSS-8067943"
"194379","HSS-8060550"
"138381","HSS-8060552"
"4930","HSS-8060288"
"159524","HSS-8069153"
"117391","HSS-8079865"
"30213","HSS-8025370"
"118713","HSS-8025369"
"126765","HSS-1036614"
"122711","HSS-8073556"
"98514","HSS-1040997"
"170230","HSS-1040963"
"5834","HSS-8065887"
"198719","HSS-8027710"
"206517","HSS-8078659"
"233220","HSS-8094360"
"96070","HSS-8067344"
"250582","HSS-1049389"
"69578","HSS-8078661"
"168585","HSS-8078647"
"146086","HSS-8081967"
"196527","HSS-8078648"
"140443","HSS-8078649"
"249560","HSS-8091470"
"259494","HSS-8091957"
"87847","HSS-1992543"
"44357","C003924"
"18268","HSS-8070161"
"118148","HSS-8061255"
"165531","HSS-8061266"
"30803","HSS-8082354"
"103409","HSS-8061257"
"206750","HSS-8061267"
"93170","HSS-8074578"
"54552","HSS-8070167"
"30468","HSS-1985104"
"230795","HSS-8085332"
"53319","HSS-8073083"
"68083","HSS-1033132"
"53609","HSS-8065482"
"100130","HSS-1041770"
"182648","HSS-1044010"
"257130","HSS-8096184"
"282044","HSS-8097684"
"265826","HSS-8092693"
"272885","HSS-8096185"
"246049","HSS-8089528"
"5418","HSS-1038581"
"282064","HSS-8097683"
"282071","HSS-8097682"
"117063","HSS-1035919"
"195079","HSS-8061261"
"256809","HSS-8093058"
"48879","HSS-8058044"
"67381","HSS-1034886"
"63894","HSS-1039895"
"63217","HSS-8067398"
"273877","HSS-8096042"
"257871","HSS-8093851"
"237514","HSS-8088471"
"290238","HSS-8099108"
"201269","HSS-8070168"
"114897","HSS-8067397"
"161878","HSS-8078290"
"250654","HSS-1048748"
"239496","HSS-8085291"
"182619","HSS-8082337"
"157938","HSS-8061250"
"256399","HSS-8092532"
"170956","HSS-8061251"
"33930","HSS-8066412"
"283083","HSS-8097102"
"225165","HSS-1045429"
"256918","HSS-8094372"
"272898","HSS-8095233"
"263452","HSS-8094790"
"272805","HSS-8095240"
"263389","HSS-8094789"
"272712","HSS-8094801"
"1093","HSS-8069558"
"240995","HSS-8085850"
"67029","HSS-8071819"
"256920","HSS-8093269"
"58758","HSS-1038439"
"23816","HSS-8068239"
"261786","HSS-8095375"
"261816","HSS-8095371"
"152658","HSS-1041937"
"196301","HSS-8067618"
"235771","HSS-8088099"
"240184","HSS-8085876"
"281882","HSS-8097935"
"87854","HSS-8069361"
"121374","HSS-1033302"
"225242","HSS-8083388"
"287592","HSS-8098747"
"289990","HSS-8098919"
"234522","HSS-8086196"
"282056","HSS-8097528"
"246045","HSS-8089645"
"254084","HSS-8092279"
"148755","HSS-8066837"
"60853","HSS-8066835"
"114144","HSS-8073537"
"142321","HSS-8058062"
"31746","C003922"
"20007","HSS-8080858"
"249482","HSS-1048518"
"254087","HSS-1049562"
"256383","HSS-1111212"
"113192","HSS-8082016"
"250559","HSS-8092218"
"40073","HSS-1961990"
"111526","HSS-1961966"
"234558","HSS-1997593"
"234049","HSS-8085353"
"204577","HSS-8058053"
"248255","HSS-8090466"
"248239","HSS-8090467"
"246085","HSS-1047732"
"80863","HSS-1039136"
"273878","HSS-8096357"
"81346","HSS-8080826"
"273322","HSS-8095238"
"257482","HSS-8093883"
"256825","HSS-8094407"
"256796","HSS-8094410"
"265802","HSS-8093880"
"146367","HSS-8024250"
"257443","HSS-1111236"
"111463","HSS-8078305"
"228953","HSS-8084020"
"84527","HSS-8081128"
"229347","HSS-8083370"
"32406","HSS-8068226"
"11095","HSS-8068238"
"250957","HSS-1110041"
"5755","HSS-8072752"
"248475","HSS-1048794"
"250903","HSS-8091462"
"237402","HSS-1046739"
"136436","HSS-1990611"
"230694","HSS-8085551"
"9397","HSS-8084598"
"230942","HSS-8085630"
"229841","HSS-8084603"
"21584","HSS-8025905"
"135737","HSS-8070365"
"197439","HSS-8077629"
"164303","HSS-8073092"
"256821","HSS-8093048"
"120740","HSS-8075914"
"150735","HSS-1961992"
"144023","HSS-1992427"
"6357","HSS-8070910"
"34334","HSS-8067662"
"152434","HSS-8067663"
"272865","HSS-8096061"
"80139","HSS-1044167"
"246072","HSS-1047731"
"265767","HSS-8093890"
"272850","HSS-8094887"
"257568","HSS-8093891"
"257533","HSS-8093381"
"257755","HSS-8093887"
"256915","HSS-8094411"
"257607","HSS-8093888"
"234580","HSS-1997591"
"238038","HSS-8087753"
"165599","HSS-8082281"
"132023","HSS-8025840"
"257557","HSS-1110640"
"225184","HSS-1045404"
"225633","HSS-8082287"
"282189","HSS-8097660"
"120642","C003930"
"263584","HSS-8094781"
"257739","HSS-8093892"
"139043","HSS-1031570"
"204661","HSS-1031569"
"50311","HSS-1031568"
"225656","HSS-8082290"
"186967","HSS-1043408"
"240969","HSS-1046485"
"240162","HSS-1046541"
"19930","HSS-1035731"
"234568","HSS-1997596"
"149620","HSS-1043070"
"3921","HSS-1042662"
"290678","HSS-8098388"
"202484","HSS-1022198"
"257737","HSS-8092776"
"106053","HSS-8061429"
"230680","HSS-8085601"
"270934","HSS-8096433"
"248057","HSS-1049048"
"270721","HSS-8097288"
"233124","HSS-8095986"
"233571","HSS-1045811"
"273842","HSS-8095378"
"250521","HSS-8092019"
"227407","HSS-8082809"
"245516","HSS-8089153"
"281887","HSS-8097226"
"285160","HSS-8097393"
"225666","HSS-8082073"
"285247","HSS-8097743"
"137070","HSS-8027676"
"77749","HSS-8027703"
"237036","HSS-8088514"
"246079","HSS-1047743"
"257433","HSS-8094304"
"20214","C003944"
"233225","HSS-8094397"
"244834","HSS-8090939"
"250550","HSS-8090461"
"61744","HSS-8009749"
"272661","HSS-8096040"
"250762","HSS-8090462"
"247203","HSS-1047892"
"281787","HSS-8097631"
"281962","HSS-8097103"
"233600","HSS-1045887"
"281825","HSS-8096915"
"281950","HSS-8097657"
"261805","HSS-8095368"
"286806","HSS-8098580"
"87122","HSS-1042255"
"287822","HSS-8098579"
"229584","HSS-1045026"
"238349","HSS-1998228"
"282227","HSS-8097076"
"282059","HSS-8097647"
"282001","HSS-8097064"
"269030","HSS-8096250"
"281945","HSS-8097061"
"281983","HSS-8097063"
"281817","HSS-8097649"
"250733","HSS-1903169"
"238792","HSS-1047384"
"142738","HSS-8080794"
"238456","HSS-1998321"
"238385","HSS-1998283"
"238423","HSS-1998344"
"238442","HSS-1998311"
"238339","HSS-1998230"
"52476","HSS-1044020"
"256715","HSS-8094184"
"195260","HSS-8082554"
"8940","HSS-8078099"
"248479","HSS-8091652"
"237119","HSS-8088302"
"238920","HSS-1047592"
"248480","HSS-8091653"
"250726","HSS-1048176"
"226486","HSS-1045032"
"184148","HSS-8078124"
"88744","HSS-8062309"
"159290","HSS-8060510"
"159835","HSS-8067942"
"160648","HSS-8072116"
"27665","HSS-8072112"
"155965","HSS-8060932"
"144460","HSS-8072108"
"257785","HSS-8093657"
"194267","HSS-8082550"
"158065","HSS-8072106"
"225110","HSS-8084037"
"62200","HSS-8078125"
"76741","HSS-1020077"
"105118","HSS-8078119"
"191136","HSS-1042073"
"190879","HSS-8060933"
"199660","HSS-1044327"
"66390","HSS-8071456"
"225130","HSS-8084030"
"241726","HSS-8086961"
"185891","HSS-8071452"
"195573","HSS-8060569"
"196867","HSS-8062311"
"257589","HSS-8093660"
"35091","HSS-1042373"
"139428","HSS-8060520"
"96334","HSS-8078096"
"71502","HSS-8082559"
"57091","HSS-1042063"
"39608","HSS-8071445"
"273268","HSS-8095628"
"273187","HSS-8094913"
"179889","HSS-8060541"
"70267","HSS-8083335"
"250578","HSS-1048607"
"287912","HSS-8098301"
"273596","HSS-8095901"
"281843","HSS-8097640"
"193349","HSS-1043310"
"227675","HSS-8084343"
"112747","HSS-8075099"
"287999","HSS-8098300"
"287990","HSS-8098299"
"288009","HSS-8098302"
"282095","HSS-8097795"
"191009","HSS-8075091"
"229402","HSS-8084345"
"163564","HSS-8070866"
"285339","HSS-8097412"
"9131","HSS-8061198"
"285395","HSS-8097409"
"273626","HSS-8094886"
"273414","HSS-8096064"
"140767","HSS-8069334"
"200993","HSS-8072357"
"92169","HSS-1961994"
"233276","HSS-8095244"
"185716","HSS-8080763"
"149084","HSS-1961993"
"254131","HSS-8091188"
"231998","HSS-8083682"
"199050","HSS-1041749"
"281991","HSS-8097794"
"197800","HSS-1031666"
"140039","HSS-8067909"
"107128","HSS-8067908"
"237451","HSS-1046567"
"51741","HSS-8078148"
"149205","HSS-8067901"
"132078","HSS-8067902"
"6042","HSS-8067895"
"129093","HSS-8067906"
"204773","HSS-8067904"
"76795","HSS-8081959"
"197043","HSS-8070880"
"233176","HSS-8094500"
"240195","HSS-1046538"
"249856","HSS-8091281"
"249681","HSS-1048873"
"261807","HSS-8096012"
"65198","HSS-8066404"
"287567","HSS-8098713"
"235822","HSS-8089395"
"175832","HSS-8068531"
"111228","HSS-8081693"
"4443","HSS-8068530"
"248282","HSS-8090292"
"234099","HSS-8086412"
"285137","HSS-8097643"
"46216","HSS-8081691"
"75828","HSS-8060343"
"121150","HSS-8068533"
"283190","HSS-8096846"
"48407","HSS-8071809"
"233250","HSS-8094391"
"24645","HSS-8078297"
"45291","HSS-8069557"
"158667","HSS-8079588"
"167858","HSS-8061249"
"87154","HSS-8071824"
"47269","HSS-8071825"
"236117","HSS-8088496"
"238916","HSS-8089158"
"287296","HSS-8098241"
"226488","HSS-8082907"
"233902","HSS-1046524"
"290137","HSS-8098890"
"144531","HSS-8079580"
"90558","HSS-8082347"
"7375","HSS-8071243"
"283189","HSS-8096857"
"230675","HSS-8086336"
"78317","HSS-8082341"
"96467","HSS-8074424"
"235828","HSS-8087761"
"234699","HSS-1046545"
"234064","HSS-8085281"
"24178","HSS-1037255"
"173934","HSS-8061244"
"10105","HSS-8079577"
"168942","HSS-8070867"
"169791","HSS-8065141"
"230818","HSS-8084339"
"125173","HSS-8079149"
"228245","HSS-8082841"
"40034","HSS-8078699"
"25226","HSS-1992414"
"257480","HSS-8094282"
"230397","HSS-8082880"
"290210","HSS-8098922"
"237263","HSS-8088465"
"178616","HSS-8069348"
"108321","HSS-8075701"
"272855","HSS-8096088"
"155194","HSS-8069595"
"256350","HSS-1111335"
"256361","HSS-1111406"
"29073","HSS-8069592"
"238967","HSS-1901109"
"236085","HSS-1901116"
"102456","HSS-8069798"
"118970","HSS-1044328"
"238187","HSS-1046539"
"104741","HSS-1043924"
"131926","HSS-1042759"
"237090","HSS-1901111"
"237480","HSS-1901110"
"237481","HSS-1901113"
"236939","HSS-1901108"
"13369","HSS-1043474"
"235549","HSS-1901107"
"159175","HSS-1044642"
"39237","HSS-8059642"
"166210","HSS-1044355"
"16185","HSS-1043528"
"236324","HSS-1901115"
"238932","HSS-8089120"
"233114","HSS-8095584"
"267133","HSS-8096959"
"271037","HSS-8097107"
"6773","C009768"
"232764","HSS-8092754"
"104374","HSS-8065844"
"233185","HSS-8094376"
"281831","HSS-8097990"
"283123","HSS-8098908"
"233150","HSS-8094867"
"22571","C003668"
"231093","HSS-8085287"
"68902","HSS-8077605"
"4697","HSS-1043755"
"189795","HSS-8070602"
"26622","HSS-8076219"
"278330","HSS-8096537"
"36112","HSS-8060625"
"101626","HSS-8068493"
"100312","HSS-1039576"
"233346","HSS-1045760"
"269017","HSS-8096467"
"166163","HSS-8070110"
"290018","HSS-8099079"
"20808","HSS-8081053"
"117485","HSS-8067606"
"6884","HSS-8068508"
"34242","HSS-8068515"
"58487","HSS-8082046"
"174734","HSS-1044482"
"146356","HSS-1037330"
"122499","HSS-8068513"
"235385","HSS-8088079"
"229530","HSS-8082875"
"234557","HSS-1997613"
"46146","HSS-8079095"
"205655","HSS-8067907"
"257588","HSS-1111476"
"281900","HSS-8097365"
"24283","HSS-8079637"
"27410","HSS-8058059"
"81066","HSS-8080850"
"170407","HSS-8072268"
"35323","HSS-8081901"
"285308","HSS-8097437"
"241724","HSS-8088507"
"280914","HSS-8096706"
"59673","HSS-8065848"
"72577","HSS-8072286"
"247059","HSS-8089397"
"129147","HSS-8077597"
"293036","HSS-8097883"
"56267","HSS-8068197"
"12469","HSS-8068193"
"145935","HSS-8068206"
"157479","HSS-8080531"
"225473","HSS-8080544"
"196197","HSS-8068200"
"281814","HSS-8097326"
"279668","HSS-8096339"
"139256","HSS-8080548"
"117018","HSS-8069548"
"200780","HSS-8068207"
"201663","HSS-8068190"
"228530","HSS-8083865"
"172694","HSS-8068199"
"19549","HSS-8080521"
"277972","HSS-8096288"
"113969","HSS-8080534"
"111486","HSS-8068192"
"175551","HSS-8059037"
"133946","HSS-8068203"
"130920","HSS-8080526"
"247322","HSS-1048062"
"248347","HSS-1048895"
"230257","HSS-8094122"
"24123","HSS-8067370"
"233914","HSS-8085307"
"272834","HSS-8095880"
"200305","HSS-8067368"
"202705","HSS-8066572"
"121145","HSS-8078683"
"229850","HSS-8085302"
"178545","HSS-1043756"
"272801","HSS-8095877"
"180121","HSS-8071739"
"150977","HSS-8067365"
"85930","HSS-8067372"
"88709","HSS-8071734"
"234063","HSS-8085306"
"234056","HSS-8085305"
"202136","HSS-8078681"
"247112","HSS-8089639"
"238451","HSS-1998318"
"238426","HSS-1998352"
"121802","HSS-8081684"
"45976","HSS-8081685"
"24303","HSS-8077639"
"157255","HSS-1037649"
"188879","HSS-1035855"
"228292","HSS-8084291"
"46573","HSS-1044223"
"27649","HSS-8081402"
"64022","HSS-8081384"
"122846","HSS-8081382"
"41927","HSS-8081391"
"165508","HSS-8081386"
"257769","HSS-1111320"
"235110","HSS-8085946"
"124071","HSS-8081394"
"21460","HSS-8078331"
"238972","HSS-8087174"
"237521","HSS-8088839"
"82253","HSS-8081385"
"231007","HSS-8085944"
"228609","HSS-1994423"
"126760","HSS-8025059"
"237386","HSS-8088454"
"166980","HSS-1034967"
"165501","HSS-8079115"
"167282","HSS-8070886"
"176838","HSS-8079113"
"85784","HSS-8079112"
"12069","HSS-8070888"
"145964","HSS-8079114"
"59778","HSS-1044291"
"23962","HSS-1044363"
"248231","HSS-8090961"
"111511","HSS-8070883"
"180810","HSS-8079116"
"120796","HSS-8070847"
"256808","HSS-8093056"
"108476","HSS-8058384"
"32080","HSS-8074247"
"132513","HSS-8058388"
"286808","HSS-8098511"
"14333","HSS-8061664"
"281947","HSS-8097431"
"282198","HSS-8096912"
"247298","HSS-1902541"
"58178","HSS-8071191"
"101700","HSS-8084234"
"269248","HSS-8096276"
"187887","HSS-8084244"
"172599","HSS-8078253"
"198605","HSS-8078252"
"266848","HSS-8096957"
"25594","HSS-8080855"
"166438","HSS-8067656"
"180261","HSS-8058063"
"228627","HSS-8093877"
"256887","HSS-8093294"
"256900","HSS-8093293"
"256886","HSS-8093292"
"257591","HSS-8093375"
"287606","HSS-8098824"
"287610","HSS-8098823"
"125662","C22303M193"
"256735","HSS-8094036"
"55035","HSS-8061167"
"250628","HSS-1903188"
"202162","HSS-8014045"
"76025","105039"
"233905","HSS-1045936"
"69704","HSS-1042464"
"29465","HSS-1962004"
"146669","HSS-1961975"
"62037","HSS-1962003"
"148041","HSS-1992546"
"95369","HSS-1962002"
"214","HSS-8081652"
"230488","HSS-8082857"
"247340","HSS-1902539"
"227564","HSS-8093700"
"266897","HSS-8096952"
"78580","HSS-8065886"
"43284","HSS-8078627"
"40216","HSS-8067343"
"231047","HSS-8083663"
"230918","HSS-8087034"
"257617","HSS-8093526"
"200968","HSS-1961991"
"233269","HSS-8094387"
"273464","HSS-8094807"
"236204","HSS-1046792"
"282241","HSS-8097204"
"233172","HSS-8094501"
"233178","HSS-8094467"
"63494","HSS-8068535"
"277798","HSS-8096609"
"61372","HSS-8068536"
"228638","HSS-8082877"
"277937","HSS-8096610"
"235794","HSS-1048120"
"256923","HSS-8093314"
"72877","HSS-8066838"
"10965","HSS-8072093"
"73472","HSS-8072088"
"290204","HSS-8098942"
"80080","HSS-8072090"
"44950","HSS-8067052"
"107367","HSS-8082604"
"56042","HSS-8067050"
"169115","HSS-1043369"
"257887","HSS-8096457"
"95872","HSS-8067072"
"181523","HSS-8082603"
"225717","HSS-8082601"
"198019","HSS-8072103"
"250974","HSS-1049964"
"133488","HSS-8072091"
"40015","HSS-8067063"
"100282","HSS-8067060"
"142659","HSS-8067062"
"40463","HSS-8067068"
"41778","HSS-8082602"
"84920","HSS-8067065"
"191372","HSS-8067069"
"62819","HSS-8067064"
"120407","HSS-8067061"
"177050","HSS-1041753"
"180025","HSS-8067066"
"288029","HSS-8098952"
"249610","HSS-8091882"
"102006","HSS-8067644"
"285173","HSS-8097373"
"35102","HSS-1042037"
"283075","HSS-8096808"
"283091","HSS-8096797"
"283201","HSS-8096892"
"283206","HSS-8096893"
"53197","HSS-1037155"
"175773","HSS-8065896"
"107156",""
"279877","HSS-1046422"
"101443","HSS-8070853"
"44744",""
"201613",""
"279875","HSS-1046413"
"254247","HSS-1110306"
"277970","HSS-8097143"
"285253","HSS-8097372"
"236511","HSS-8088501"
"11116","HSS-8061173"
"256953","HSS-1110674"
"162825","HSS-8066601"
"77110","HSS-8069566"
"108697","HSS-8078891"
"63438","HSS-8082081"
"236931","HSS-1047187"
"241735","HSS-8088512"
"233201","HSS-8094357"
"228967","HSS-8082819"
"225257","HSS-1995874"
"225121","HSS-1995839"
"225168","HSS-1995838"
"225115","HSS-1995873"
"163152","HSS-8066591"
"247147","HSS-8091061"
"279563","HSS-8096767"
"81375","HSS-8066595"
"94667","HSS-8066590"
"129435","HSS-8066593"
"193445","HSS-8079377"
"247167","HSS-8091060"
"53996","HSS-8066579"
"197175","HSS-8066584"
"81044","HSS-8071434"
"40524","HSS-8066592"
"32123","HSS-8066581"
"1846","HSS-8079379"
"225229","HSS-1045433"
"58167","HSS-8066585"
"47442","HSS-8066596"
"90060","HSS-8079380"
"99443","HSS-8066589"
"131698","HSS-8066602"
"28900","HSS-8079381"
"15360","HSS-8066583"
"155756","HSS-8079378"
"207364","HSS-8066597"
"257574","HSS-8093927"
"163378","HSS-8027547"
"249502","HSS-8091063"
"247182","HSS-8091059"
"250556","HSS-8091062"
"257501","HSS-8092781"
"280808","HSS-8096768"
"122032","HSS-8066586"
"273951","HSS-8095456"
"250486","HSS-8092268"
"175412","HSS-8066578"
"83364","HSS-8066587"
"80886","HSS-8079383"
"263716","HSS-8094717"
"29463","HSS-8066594"
"248302","HSS-8091872"
"57980","HSS-8066582"
"93890","HSS-8066588"
"256729","HSS-8094247"
"281930","HSS-8097617"
"97713","HSS-8071496"
"97764","HSS-8071495"
"189310","HSS-1039336"
"226511","HSS-8082873"
"282209","HSS-8097389"
"229269","HSS-1045115"
"281800","HSS-8097988"
"285126","HSS-8097383"
"226513","HSS-8082870"
"290001","HSS-8099011"
"180417","HSS-8081635"
"273278","HSS-8095605"
"273665","HSS-8096119"
"40183","HSS-8071490"
"101018","HSS-8071493"
"34631","HSS-8071499"
"11826","HSS-8071498"
"81557","HSS-8071494"
"101574","HSS-8071492"
"281965","HSS-8098271"
"9134","HSS-8071497"
"204680","HSS-8081681"
"152642","HSS-8082366"
"249882","HSS-1048599"
"266915","HSS-1111490"
"202463","HSS-8070130"
"175554","HSS-8077624"
"87163","HSS-8081688"
"230377","HSS-8082856"
"238419","HSS-1998345"
"250806","HSS-8092439"
"285373","HSS-8097655"
"51563","HSS-8070828"
"159119","HSS-8070823"
"277980","HSS-8096586"
"229843","HSS-8084305"
"229296","HSS-8084302"
"285286","HSS-8097423"
"172462","HSS-8079617"
"128649","HSS-8082275"
"138572","HSS-8081888"
"74457","HSS-8079616"
"144349","HSS-8082371"
"146304","HSS-8072299"
"230713","HSS-8085348"
"225712","HSS-1045020"
"229121","HSS-8083198"
"40721","HSS-8071784"
"150198","HSS-8071232"
"256377","HSS-8093273"
"230788","HSS-8085906"
"256440","HSS-8092540"
"74119","HSS-8081883"
"246015","HSS-8089644"
"246047","HSS-8089646"
"290266","HSS-8098966"
"247787","HSS-1903198"
"238986","HSS-8087172"
"281786","HSS-8097100"
"249423","HSS-8090859"
"227569","HSS-8084293"
"11559","HSS-8075931"
"248389","HSS-8090086"
"244759","HSS-8090863"
"244779","HSS-8090855"
"237110","HSS-8087169"
"237324","HSS-8087168"
"282152","HSS-8097098"
"229692","HSS-8084243"
"236023","HSS-1046215"
"166938","HSS-8071188"
"229168","HSS-8084237"
"79247","HSS-8069305"
"13533","HSS-8069302"
"57557","HSS-8071719"
"16421","HSS-8071178"
"272920","HSS-8095027"
"198807","HSS-8065875"
"250694","HSS-8090893"
"172769","HSS-8065882"
"55005","HSS-8065881"
"206884","HSS-8071709"
"91144","HSS-8065891"
"248489","HSS-1049194"
"116804","HSS-8078631"
"147862","HSS-8078646"
"125736","HSS-8065890"
"45655","HSS-8058156"
"235299","HSS-8093692"
"277938","HSS-8096579"
"94688","HSS-8079098"
"277941","HSS-8096582"
"229068","HSS-8093702"
"228429","HSS-8093704"
"126601","HSS-8079092"
"277990","HSS-8096576"
"277949","HSS-8096575"
"235162","HSS-8085838"
"55584","HSS-8079096"
"229330","HSS-8093705"
"228212","HSS-8093709"
"228641","HSS-8093696"
"229967","HSS-8093699"
"277951","HSS-8096581"
"229812","HSS-8093708"
"229660","HSS-8093695"
"229824","HSS-8093694"
"227731","HSS-8093710"
"230094","HSS-8093698"
"238428","HSS-1998299"
"52053","HSS-8082082"
"196137","HSS-8067569"
"249836","HSS-8091178"
"249873","HSS-8091176"
"196549","HSS-8070397"
"249878","HSS-8091177"
"249554","HSS-8091179"
"283033","HSS-8097033"
"284059","HSS-8097030"
"283136","HSS-8097028"
"283137","HSS-8097027"
"261857","HSS-1961936"
"256409","HSS-8093059"
"181916","HSS-8058043"
"67842","HSS-8058057"
"293177","HSS-8098457"
"247312","HSS-1048045"
"293143","HSS-8098456"
"176003","HSS-8080849"
"166300","HSS-8080854"
"142944","HSS-1032927"
"273779","HSS-8095686"
"51557","HSS-8080857"
"272795","HSS-8095710"
"250713","HSS-1048350"
"238887","HSS-1047413"
"128339","HSS-8070147"
"247763","HSS-8090108"
"263493","HSS-8096045"
"273108","HSS-8095683"
"238865","HSS-1047414"
"279661","HSS-8096328"
"250807","HSS-8092494"
"142516","HSS-8069139"
"181173","HSS-8077873"
"69083","HSS-8077851"
"182882","HSS-8077819"
"18348","HSS-8077869"
"13758","HSS-8069126"
"161152","HSS-8077874"
"200076","HSS-1035911"
"236811","HSS-8088243"
"20405","HSS-8077878"
"154709","HSS-8077868"
"237510","HSS-8088248"
"247145","HSS-8089916"
"68217","HSS-8077818"
"52316","HSS-8077895"
"247232","HSS-8089991"
"247160","HSS-8089915"
"247756","HSS-8089927"
"145640","HSS-8077880"
"250727","HSS-1048175"
"261824","HSS-8092440"
"235271","HSS-8093371"
"111904","HSS-8078299"
"238357","HSS-1998328"
"231000","HSS-8093368"
"261743","HSS-8092539"
"247191","HSS-8089925"
"5767","HSS-8069129"
"256704","HSS-8094190"
"230993","HSS-8093374"
"227697","HSS-8086387"
"230989","HSS-8086392"
"231965","HSS-8086389"
"199676","C011416"
"280590","HSS-8098800"
"235333","HSS-8093456"
"230810","HSS-8086418"
"247217","HSS-8089992"
"235301","HSS-8093458"
"236955","HSS-8088234"
"238399","HSS-1998291"
"64257","HSS-8081680"
"247184","HSS-8089917"
"92075","HSS-1041688"
"67841","HSS-8025902"
"236188","HSS-8088256"
"190664","HSS-8070366"
"281915","HSS-8097251"
"112995","HSS-8067617"
"278798","HSS-8096639"
"46517","HSS-8077635"
"121859","HSS-8069128"
"121891","HSS-8069134"
"241722","HSS-8088250"
"73714","HSS-8075919"
"237218","HSS-8088251"
"95744","HSS-1040843"
"281969","HSS-8097808"
"248493","HSS-1049281"
"11655","HSS-8077889"
"265792","HSS-8092836"
"278462","HSS-8096641"
"237035","HSS-8088237"
"141866","HSS-8077905"
"237681","HSS-8088245"
"59842","HSS-8023431"
"146738","HSS-8069140"
"64489","HSS-1041648"
"11642","HSS-1039364"
"110553","HSS-8074040"
"163490","HSS-8060518"
"59036","HSS-8073104"
"85306","HSS-8026923"
"237167","HSS-1046528"
"74502","HSS-8080124"
"252776","HSS-8091978"
"248127","HSS-8091646"
"70845","HSS-8062303"
"248316","HSS-1048957"
"9011","HSS-8082555"
"98921","HSS-1037144"
"196750","HSS-8071447"
"18305","HSS-8011859"
"285244","HSS-8097733"
"75055","HSS-8078642"
"240977","HSS-1047109"
"97050","HSS-8081976"
"6337","HSS-8078653"
"282213","HSS-8097661"
"247060","HSS-8089422"
"60527","HSS-8078652"
"183149","HSS-8027712"
"181630","HSS-8065898"
"272075","HSS-8096980"
"250977","HSS-1049969"
"122164","HSS-8061190"
"230165","HSS-1994421"
"228258","HSS-1994405"
"229304","HSS-8082316"
"230068","HSS-8082313"
"228929","HSS-8082318"
"250444","HSS-8091171"
"257457","HSS-8092734"
"225182","HSS-8083842"
"198450","HSS-8079643"
"171204","HSS-8061200"
"257214","HSS-8094293"
"68693","HSS-8060543"
"47944","HSS-8078093"
"51148","HSS-8060575"
"177123","HSS-8082553"
"177980","HSS-8060522"
"176705","HSS-8067098"
"141927","HSS-8059332"
"239768","HSS-1046394"
"52336","HSS-8082367"
"256404","HSS-8092538"
"141254","HSS-8072049"
"141431","HSS-8058617"
"247175","HSS-8089924"
"55192","HSS-8077862"
"250748","HSS-8091136"
"90179","HSS-8024385"
"12135","HSS-1039736"
"35345","HSS-8008688"
"256007","HSS-8091468"
"233141","HSS-8098095"
"244799","HSS-8091466"
"256008","HSS-8091467"
"139722","C000674"
"58832","HSS-8077881"
"197036","HSS-8078323"
"168831","HSS-8074441"
"65648","HSS-8080126"
"69203","HSS-8077858"
"247181","HSS-8089921"
"12767","HSS-8058731"
"247778","HSS-8089903"
"157310","HSS-1035924"
"257728","HSS-1111246"
"239383","HSS-8088258"
"83463","HSS-8069124"
"247169","HSS-8089931"
"90482","HSS-8074029"
"26261","HSS-8074035"
"195776","HSS-8077859"
"250632","HSS-1048386"
"237197","HSS-8088241"
"84896","HSS-8077908"
"194600","HSS-8077860"
"247753","HSS-8089911"
"5154","HSS-8077877"
"16193","HSS-8058137"
"188674","HSS-8070932"
"165777","HSS-8072294"
"154927","HSS-8074237"
"182793","HSS-8074246"
"84239","HSS-8074239"
"245925","HSS-1110457"
"237145","HSS-8087968"
"261695","HSS-1904735"
"249606","HSS-1049021"
"249656","HSS-1049020"
"249780","HSS-1049030"
"259616","HSS-1904733"
"249668","HSS-1049081"
"156367","HSS-1035400"
"69493","HSS-1035399"
"93230","HSS-1035371"
"83270","HSS-1961968"
"53478","HSS-8074245"
"285454","HSS-8098129"
"248050","HSS-1048894"
"281018","HSS-8096834"
"71527","HSS-1043071"
"114791","C003159"
"230707","HSS-8085621"
"205301","HSS-8074892"
"249408","HSS-8090761"
"60837","HSS-1043184"
"83626","HSS-1042221"
"52635","HSS-8066059"
"269141","HSS-8096271"
"104504","HSS-8070343"
"200673","HSS-1034968"
"109867","HSS-8070317"
"143946","HSS-8071448"
"30807","HSS-8060579"
"95329","HSS-8059331"
"183900","HSS-8059328"
"104840","HSS-8060517"
"105179","HSS-8058764"
"250633","HSS-1048385"
"225098","HSS-1995866"
"74868","HSS-8068525"
"38305","HSS-8060969"
"53379","HSS-8060964"
"168857","HSS-8060965"
"55662","HSS-8060963"
"240313","HSS-8086552"
"111708","HSS-8017017"
"245317","HSS-8089022"
"245333","HSS-8089024"
"243951","HSS-8089021"
"245395","HSS-8089023"
"123299","HSS-1988744"
"250782","HSS-1049770"
"263695","HSS-1940007"
"263268","HSS-1940012"
"263111","HSS-1940005"
"247190","HSS-1047818"
"263359","HSS-1940013"
"263731","HSS-1940002"
"248133","HSS-1048876"
"263235","HSS-1940003"
"29147","HSS-1044362"
"263465","HSS-1940011"
"263729","HSS-1940010"
"263443","HSS-1940009"
"25728","HSS-8060157"
"140900","HSS-8060929"
"157510","HSS-8078689"
"21633","HSS-8078695"
"121468","HSS-8078691"
"97196","HSS-8069120"
"66987","HSS-8059432"
"273307","HSS-8095206"
"90223","HSS-8077856"
"76999","HSS-8077827"
"115994","HSS-8077843"
"92069","HSS-8069138"
"137575","HSS-8058739"
"128379","HSS-1036639"
"119216","HSS-8070839"
"40714","HSS-1043073"
"58457","HSS-8077842"
"135745","HSS-8069117"
"34088","HSS-8077844"
"137266","HSS-8069115"
"143677","HSS-8069116"
"183660","HSS-8077837"
"155497","HSS-8077847"
"235388","HSS-8088275"
"134214","HSS-8069110"
"13248","HSS-8077830"
"27563","HSS-8077845"
"133644","HSS-8077848"
"155068","HSS-8070843"
"2003","HSS-8077846"
"177272","HSS-8077850"
"196782","HSS-8070842"
"236967","HSS-8093514"
"91022","HSS-1042871"
"76759","HSS-8070889"
"273102","HSS-8095212"
"28336","HSS-8077836"
"107955","HSS-8068447"
"240188","HSS-8085869"
"129833","HSS-8068442"
"59259","HSS-8059999"
"234094","HSS-8084849"
"248069","HSS-8091938"
"250530","HSS-8092021"
"256966","HSS-8092943"
"250483","HSS-8092020"
"238502","HSS-1046104"
"184425","HSS-8075162"
"9154","HSS-8078701"
"188894","HSS-1991919"
"21063","HSS-8058496"
"67303","HSS-1991929"
"269086","HSS-8096279"
"272932","HSS-8095208"
"273775","HSS-8095211"
"93457","HSS-8024369"
"247346","HSS-1048074"
"237570","HSS-8088288"
"293196","HSS-8097937"
"147014","HSS-1044683"
"234547","HSS-1997600"
"234581","HSS-1997622"
"250616","HSS-1048186"
"203660","HSS-8079931"
"173968","HSS-8077855"
"10052","HSS-8077854"
"270943","HSS-8098058"
"270936","HSS-8098072"
"233149","HSS-8094905"
"270735","HSS-8098057"
"257834","HSS-8093765"
"200420","HSS-1037273"
"64519","HSS-8068204"
"49966","HSS-8080550"
"179643","HSS-1043663"
"62433","HSS-8069538"
"149451","HSS-8075946"
"113472","HSS-1034755"
"77937","HSS-8075935"
"43635","HSS-8080339"
"173673","HSS-1041757"
"7755","HSS-8025823"
"42712","HSS-8081124"
"236777","HSS-8088092"
"273960","HSS-8095213"
"157201","HSS-8081126"
"193811","HSS-8073099"
"237151","HSS-8088093"
"254308","HSS-1049870"
"107864","HSS-8075105"
"291254","HSS-8098395"
"251239","HSS-8092460"
"285152","HSS-8097329"
"200960","HSS-1044367"
"5103","HSS-8065187"
"2176","HSS-8070878"
"278447","HSS-8096572"
"256783","HSS-8093064"
"241737","HSS-8087977"
"281809","HSS-8097744"
"70412","HSS-1040964"
"73862","HSS-8078619"
"280169","HSS-8097910"
"229631","HSS-8093842"
"244839","HSS-8090537"
"244576","HSS-8090539"
"244836","HSS-8090538"
"244828","HSS-8091452"
"229536","HSS-8093834"
"244837","HSS-8090540"
"244848","HSS-8090535"
"244785","HSS-8091457"
"244842","HSS-8090541"
"256737","HSS-1111576"
"238987","HSS-8087507"
"7864","HSS-8068142"
"81291","HSS-8071225"
"238965","HSS-8088062"
"63972","HSS-8065900"
"204334","HSS-8065883"
"181862","HSS-8066020"
"285242","HSS-8097765"
"204726","HSS-8057896"
"132525","HSS-8067963"
"91571","HSS-8067964"
"107673","HSS-8061890"
"28608","HSS-8078435"
"139793","HSS-8073671"
"206363","HSS-1016503"
"235793","HSS-1047176"
"285436","HSS-8098127"
"254511","HSS-8091851"
"232782","HSS-8086789"
"230875","HSS-8086379"
"240291","HSS-8086376"
"240290","HSS-8086332"
"231018","HSS-8086380"
"252060","HSS-8091855"
"258355","HSS-8091853"
"252043","HSS-8091854"
"232786","HSS-8086781"
"232778","HSS-8086790"
"232803","HSS-8086782"
"232819","HSS-8086785"
"232796","HSS-8086787"
"232816","HSS-8086784"
"232797","HSS-8086783"
"267017","HSS-8095587"
"233197","HSS-8094384"
"230441","HSS-8086375"
"238352","HSS-1998332"
"238341","HSS-1998329"
"231054","HSS-8093291"
"235306","HSS-8093287"
"230802","HSS-8093281"
"280179","HSS-8098443"
"235309","HSS-8093288"
"231071","HSS-8093282"
"270885","HSS-8097113"
"244564","HSS-8090940"
"184777","HSS-8079610"
"233131","HSS-8094884"
"235329","HSS-8093274"
"61984","HSS-8078500"
"233277","HSS-8094385"
"238354","HSS-1998327"
"280447","HSS-8098453"
"280598","HSS-8098452"
"244859","HSS-8090923"
"235281","HSS-8093257"
"257748","HSS-1111475"
"234015","HSS-1046498"
"291814","HSS-8098410"
"293805","HSS-8098569"
"240308","HSS-8086553"
"260285","HSS-8091981"
"116597","HSS-8078127"
"121801","HSS-8075685"
"155886","HSS-8076672"
"8704","HSS-8078268"
"137752","HSS-8078270"
"244744","HSS-8090872"
"43268","HSS-8078277"
"245506","HSS-8089139"
"174217","HSS-8071224"
"235660","HSS-8087720"
"261808","HSS-8093171"
"261740","HSS-8093166"
"261780","HSS-8093168"
"261825","HSS-8093164"
"245919","HSS-1047709"
"23874","HSS-8078524"
"94516","HSS-8079909"
"61143","HSS-8078510"
"244735","HSS-8090586"
"247096","HSS-1047714"
"170122","HSS-8081907"
"44065","HSS-8081884"
"285355","HSS-8097436"
"5342","HSS-8077575"
"247204","HSS-1047957"
"273653","HSS-8096050"
"256434","HSS-8092536"
"235266","HSS-8093365"
"235267","HSS-8093360"
"231109","HSS-8093286"
"231037","HSS-8093361"
"228854","HSS-8093871"
"293199","HSS-8097884"
"199746","HSS-8077630"
"116344","HSS-8077634"
"294198","HSS-8098783"
"294261","HSS-8098796"
"294238","HSS-8098795"
"76697","HSS-8078628"
"283104","HSS-8097191"
"18216","HSS-8058865"
"148296","HSS-8058866"
"249875","HSS-1048834"
"254242","HSS-1110304"
"227993","HSS-8083806"
"199150","HSS-1036249"
"229142","HSS-8083817"
"249474","HSS-1903176"
"269294","HSS-8096207"
"231097","HSS-8085914"
"108524","HSS-8074615"
"234572","HSS-1997597"
"49568","HSS-1044685"
"162185","HSS-1042655"
"60357","HSS-8066080"
"287042","HSS-8098100"
"23137","HSS-1039605"
"281770","HSS-8097072"
"263104","HSS-8094792"
"110364","HSS-1043947"
"246112","HSS-1047736"
"130075","HSS-8080778"
"36548","HSS-8071233"
"115535","HSS-8061660"
"63659","HSS-8074574"
"84688","HSS-8069329"
"272686","HSS-8094798"
"102751","HSS-8074576"
"192168","HSS-8061671"
"122577","HSS-8061668"
"45633","HSS-8079554"
"160480","HSS-8071242"
"29765","HSS-8079929"
"248075","HSS-8091592"
"102003","HSS-8081710"
"202982","HSS-8073719"
"236417","HSS-8087001"
"99101","HSS-8076445"
"67458","HSS-8076443"
"240577","HSS-1046957"
"244243","HSS-8089009"
"168187","HSS-8076677"
"140378","HSS-8079887"
"3551","HSS-8076675"
"120737","HSS-8076676"
"33790","HSS-8080498"
"10808","HSS-8080517"
"183015","HSS-8068223"
"68744","HSS-8066050"
"23720","HSS-8068254"
"110265","HSS-8075646"
"249883","HSS-8091194"
"91805","C21222M227"
"236853","HSS-8088822"
"256879","HSS-1110816"
"249823","HSS-8091193"
"123531","HSS-1988132"
"188085","HSS-8070885"
"272986","HSS-8096037"
"51641","HSS-8079111"
"273024","HSS-8096033"
"88075","HSS-8080069"
"226530","HSS-8082904"
"67581","HSS-8077191"
"250641","HSS-1048750"
"245510","HSS-8089523"
"168396","HSS-8071761"
"272800","HSS-8095703"
"45810","HSS-8080514"
"230740","HSS-8086369"
"125896","HSS-8071762"
"121305","HSS-8069312"
"186476","HSS-8080513"
"254280","HSS-8092183"
"240335","HSS-8085599"
"271085","HSS-8097285"
"235415","HSS-8088447"
"202070","HSS-8069545"
"62307","HSS-8080553"
"113634","HSS-8058862"
"179415","HSS-8080554"
"225158","HSS-8083852"
"236266","HSS-8087928"
"286809","HSS-8098564"
"286788","HSS-8098538"
"250987","HSS-8092385"
"279670","HSS-8096330"
"272100","HSS-8096528"
"236864","HSS-8088456"
"199564","HSS-8071251"
"229753","HSS-8085258"
"171473","HSS-8061246"
"272951","HSS-8095685"
"279623","HSS-8096324"
"132809","HSS-1992430"
"141263","HSS-8061243"
"165888","HSS-1042779"
"240715","HSS-8087182"
"102740","HSS-8061247"
"89082","HSS-8079555"
"270846","HSS-8097106"
"151310","HSS-8071813"
"256385","HSS-1111261"
"16880","HSS-8080813"
"64024","HSS-1043404"
"101147","HSS-8080805"
"36210","HSS-8061237"
"63314","HSS-8061234"
"197559","HSS-8061263"
"250453","HSS-1049600"
"207160","HSS-1032158"
"250507","HSS-1049382"
"185527","HSS-8068173"
"75191","HSS-8070872"
"39984","HSS-8065204"
"101728","HSS-8070873"
"127937","HSS-8078663"
"250673","HSS-8091181"
"239495","HSS-1046102"
"272859","HSS-8095867"
"162822","HSS-8078651"
"68149","HSS-8081983"
"247007","HSS-8089421"
"110321","HSS-8073389"
"247328","HSS-1048052"
"235109","HSS-8086368"
"130432","HSS-8058864"
"229455","HSS-8083851"
"101756","HSS-8068172"
"101758","HSS-8073390"
"225145","HSS-8083853"
"38824","HSS-1043214"
"273964","HSS-8095700"
"44344","HSS-8073386"
"246035","HSS-1047717"
"154569","HSS-8068174"
"238931","HSS-1047595"
"7285","HSS-8069533"
"238905","HSS-1047438"
"194619","HSS-8058863"
"237685","HSS-8088446"
"22595","HSS-1044665"
"16784","HSS-1044497"
"8970","HSS-8080510"
"261779","HSS-8092557"
"33566","C002004"
"76941","HSS-8067032"
"247765","HSS-8090012"
"239082","HSS-1046349"
"101715","HSS-8067031"
"152804","HSS-8067030"
"183885","HSS-8073696"
"187924","HSS-8073697"
"231110","HSS-8086970"
"19363","HSS-8061406"
"42355","HSS-8060970"
"109155","HSS-8062183"
"124925","HSS-1032929"
"170688","HSS-1043137"
"288028","HSS-8098298"
"254082","HSS-1049560"
"155368","HSS-8062178"
"18334","HSS-8060542"
"162095","HSS-8058760"
"234083","HSS-8086581"
"57488","HSS-8058768"
"135108","HSS-8072104"
"135735","HSS-8078104"
"248045","HSS-8091755"
"225701","HSS-8082564"
"46123","HSS-8067940"
"175171","HSS-8060538"
"225112","HSS-8084029"
"240211","HSS-8086953"
"229717","HSS-8084025"
"82877","HSS-8071438"
"107006","HSS-1040204"
"101833","HSS-8060527"
"110775","HSS-1040174"
"53217","HSS-1040194"
"193216","HSS-1040167"
"31886","HSS-1040178"
"273982","HSS-8095588"
"237910","HSS-8087773"
"228346","HSS-8093886"
"95405","HSS-8077565"
"70703","HSS-8070655"
"225211","HSS-1045383"
"247150","HSS-1047797"
"117017","HSS-8068170"
"133724","HSS-8062308"
"169654","HSS-8078090"
"240204","HSS-8086539"
"129568","HSS-8078109"
"11987","HSS-8059335"
"63809","HSS-1044691"
"228935","HSS-1045294"
"14481","HSS-8071451"
"47448","HSS-8059333"
"272673","HSS-8095626"
"64706","HSS-1043544"
"107910","HSS-1044810"
"198174","HSS-8062314"
"171478","HSS-8071444"
"266941","HSS-8095475"
"39748","HSS-8074717"
"40988","HSS-8079405"
"767","HSS-8079406"
"71107","HSS-8072551"
"8816","HSS-8079401"
"228495","HSS-8085070"
"238026","HSS-8087522"
"133183","HSS-8072554"
"230775","HSS-8084264"
"152042","HSS-1044740"
"247094","HSS-8089398"
"134708","HSS-8077636"
"233187","HSS-8094460"
"230910","HSS-8084263"
"237850","HSS-8088108"
"231026","HSS-8084262"
"230779","HSS-8084256"
"228559","HSS-8084267"
"228934","HSS-8084261"
"228201","HSS-8084266"
"236004","HSS-8088107"
"229566","HSS-8084260"
"225114","HSS-1995847"
"225088","HSS-1995840"
"225117","HSS-1995871"
"226490","HSS-1995876"
"281854","HSS-8097250"
"281829","HSS-8097375"
"111017","HSS-8070851"
"230731","HSS-8084340"
"32403","HSS-8075089"
"249742","HSS-8091517"
"74675","HSS-8068948"
"249831","HSS-8091879"
"282151","HSS-8097796"
"80169","HSS-8023049"
"247315","HSS-8090176"
"248084","HSS-8090185"
"248227","HSS-8090196"
"257477","HSS-8093772"
"86784","HSS-8074766"
"150926","C005221"
"4762","C003173"
"250544","HSS-8092151"
"250808","HSS-8092491"
"257787","HSS-8092777"
"78393","C003140"
"256936","HSS-8093008"
"29091","HSS-8078690"
"201477","HSS-1041170"
"230170","HSS-8082299"
"237143","HSS-1046681"
"5433","HSS-1041186"
"238807","HSS-1047020"
"238975","HSS-1047002"
"249815","HSS-8091277"
"7936","HSS-8078478"
"103331","HSS-8019696"
"38894","HSS-1033710"
"26291","HSS-1042062"
"19158","HSS-8081445"
"1349","HSS-1042284"
"189863","HSS-8073128"
"197759","HSS-1042060"
"53534","HSS-8075386"
"257567","HSS-8094283"
"150995","HSS-8066072"
"79104","HSS-8066056"
"63974","HSS-8066043"
"59222","HSS-8066074"
"16823","HSS-8066054"
"175438","HSS-8066044"
"137389","HSS-8066045"
"163889","HSS-8072342"
"197222","HSS-8066067"
"203025","HSS-8076923"
"94983","HSS-8075400"
"189272","HSS-8075378"
"70538","HSS-8066016"
"206456","HSS-8062368"
"19079","HSS-1039318"
"280850","HSS-8097455"
"190072","HSS-1032707"
"183533","HSS-8079389"
"159831","HSS-8079385"
"108172","HSS-8079390"
"130698","HSS-8073499"
"97442","HSS-8072032"
"247127","HSS-8089563"
"278602","HSS-8096621"
"8413","HSS-8078431"
"66557","HSS-8078432"
"240182","HSS-8085929"
"235240","HSS-8085927"
"235223","HSS-8085928"
"77391","HSS-8074412"
"145664","HSS-8081686"
"62963","HSS-8083391"
"35448","HSS-8070347"
"94092","HSS-8070330"
"280714","HSS-8097461"
"282112","HSS-8097465"
"233132","HSS-8096933"
"244780","HSS-8091772"
"260284","HSS-8091985"
"156102","HSS-8062371"
"84144","HSS-8073298"
"204974","HSS-8081892"
"257638","HSS-8094502"
"257800","HSS-8094302"
"283053","HSS-8097029"
"244769","HSS-8090866"
"233913","HSS-8084852"
"168197","HSS-8080562"
"21079","HSS-8071758"
"24030","HSS-8071759"
"282342","HSS-8096725"
"282343","HSS-8096728"
"236363","HSS-8088240"
"282339","HSS-8096730"
"282347","HSS-8096719"
"257155","HSS-8095229"
"37548","HSS-1043119"
"175432","HSS-1042520"
"279005","HSS-8096692"
"153285","HSS-1031098"
"11491","C009771"
"40529","HSS-8025198"
"257426","HSS-1111308"
"282231","HSS-8098026"
"166680","HSS-1032032"
"279377","HSS-8096689"
"279216","HSS-8096694"
"277962","HSS-8096683"
"277964","HSS-8096686"
"280747","HSS-8096705"
"279584","HSS-8096688"
"277948","HSS-8096672"
"279437","HSS-8096687"
"279290","HSS-8096693"
"277956","HSS-8096675"
"277927","HSS-8096678"
"277943","HSS-8096679"
"277982","HSS-8096682"
"279329","HSS-8096690"
"277993","HSS-8096698"
"277986","HSS-8096701"
"279004","HSS-8096691"
"250754","HSS-1048457"
"134017","HSS-8072728"
"273955","HSS-8095899"
"228085","HSS-8084802"
"235979","HSS-8087710"
"235587","HSS-8087708"
"237608","HSS-8087704"
"256352","HSS-1110826"
"228291","HSS-8084799"
"237383","HSS-8087707"
"227797","HSS-8084801"
"237711","HSS-8087714"
"237199","HSS-8087706"
"250672","HSS-8091190"
"76161","HSS-1041799"
"236111","HSS-1047177"
"237100","HSS-1047256"
"237005","HSS-1047178"
"236989","HSS-1047179"
"191551","HSS-8070666"
"182436","HSS-8070665"
"250459","HSS-1049597"
"253920","HSS-1049568"
"253917","HSS-1049566"
"253923","HSS-1049567"
"236924","HSS-8087938"
"257640","HSS-8093719"
"287076","HSS-8098240"
"152228","HSS-8068516"
"233273","HSS-8094091"
"226699","HSS-8084239"
"237441","HSS-1047042"
"19083","HSS-8071187"
"189347","HSS-8078672"
"114381","HSS-8078675"
"176781","HSS-8071189"
"72215","HSS-8078667"
"8802","HSS-8073070"
"48722","HSS-8078666"
"230376","HSS-8084240"
"73573","HSS-8069308"
"47909","HSS-8069303"
"227818","HSS-8084245"
"6418","HSS-8071193"
"74617","HSS-8069309"
"266958","HSS-8096942"
"267134","HSS-8096943"
"237177","HSS-8087713"
"237725","HSS-8087705"
"228134","HSS-8084798"
"229231","HSS-8084800"
"230499","HSS-8084796"
"70120","HSS-1038687"
"238048","HSS-8087709"
"282033","HSS-8097797"
"32407","HSS-8065192"
"198485","HSS-1041115"
"285288","HSS-8097480"
"230664","HSS-8085570"
"283195","HSS-8097277"
"154701","HSS-8064822"
"230880","HSS-8085604"
"247170","HSS-1047808"
"279625","HSS-8096484"
"249563","HSS-8091366"
"104231","HSS-8064821"
"256701","HSS-8094248"
"250467","HSS-1049611"
"230685","HSS-8085597"
"257875","HSS-8093776"
"230902","HSS-8085579"
"8374","HSS-1030935"
"237491","HSS-1047132"
"229957","HSS-8093867"
"232758","HSS-8092433"
"270662","HSS-8097840"
"266953","HSS-8096132"
"233138","HSS-8095985"
"233188","HSS-8095989"
"240329","HSS-8085565"
"263181","HSS-8094713"
"279666","HSS-8096485"
"285191","HSS-8097836"
"282216","HSS-8097483"
"257523","HSS-8094546"
"270761","HSS-8096436"
"266850","HSS-8096130"
"230839","HSS-8085588"
"228108","HSS-8084556"
"228395","HSS-8084549"
"54836","HSS-8066630"
"229152","HSS-8084567"
"229828","HSS-8084591"
"280991","HSS-8096765"
"156143","HSS-1044868"
"237370","HSS-1047230"
"235575","HSS-1047234"
"229496","HSS-8084548"
"293782","HSS-8098577"
"235548","HSS-1047207"
"236475","HSS-1047108"
"293712","HSS-8098527"
"293405","HSS-8098510"
"238333","HSS-1046197"
"247211","HSS-8089777"
"113632","HSS-1043895"
"225630","HSS-8082268"
"47995","HSS-8018669"
"107059","HSS-8070156"
"110726","HSS-8061658"
"179898","HSS-8070157"
"240163","HSS-1046194"
"239855","HSS-1046195"
"225703","HSS-8084557"
"30882","HSS-1044867"
"273765","HSS-8095455"
"236258","HSS-1047231"
"245943","HSS-1110690"
"293102","HSS-8098449"
"278817","HSS-8096623"
"257461","HSS-1110347"
"250966","HSS-8092495"
"274007","HSS-8095799"
"225104","HSS-1995872"
"57640","HSS-1037137"
"225235","HSS-1995853"
"206511","HSS-1992832"
"225178","HSS-1995836"
"257869","HSS-8093320"
"47489","HSS-1038635"
"14857","HSS-8071822"
"247213","HSS-8089782"
"40127","HSS-8079578"
"235845","HSS-8088481"
"124646","HSS-8061239"
"54312","HSS-8026937"
"88251","HSS-8015057"
"229800","HSS-8085282"
"78734","HSS-8066416"
"230870","HSS-8093277"
"231040","HSS-8093443"
"235311","HSS-8093276"
"235316","HSS-8093430"
"235355","HSS-8093445"
"235270","HSS-8093442"
"230841","HSS-8093278"
"244858","HSS-8090938"
"235324","HSS-8093444"
"231017","HSS-8093441"
"279628","HSS-8096331"
"234114","HSS-8085351"
"249658","HSS-8091587"
"18520","HSS-1038084"
"256784","HSS-8093053"
"225207","HSS-1045406"
"235101","HSS-1997573"
"116890","HSS-1042281"
"141251","HSS-8079858"
"244783","HSS-8091763"
"278434","HSS-8096618"
"257732","HSS-8094281"
"151410","HSS-8057932"
"74271","HSS-8067090"
"57840","HSS-1038220"
"283207","HSS-8096895"
"32336","HSS-8022383"
"293393","HSS-8098519"
"237105","HSS-8087946"
"30968","HSS-1040003"
"192432","HSS-8069576"
"256888","HSS-8094348"
"230125","HSS-8085268"
"149864","HSS-8065831"
"17397","HSS-8065832"
"132599","HSS-8071141"
"38605","HSS-8071143"
"183622","HSS-8071713"
"72556","HSS-8065828"
"225637","HSS-8081966"
"26191","HSS-1044359"
"62470","HSS-8071711"
"256793","HSS-8094347"
"282041","HSS-8097203"
"256922","HSS-8094351"
"53236","HSS-8065847"
"246039","HSS-8089423"
"129549","HSS-8071726"
"269096","HSS-8096463"
"185110","HSS-8071716"
"26795","HSS-8071149"
"117615","HSS-8071724"
"111941","HSS-8071721"
"60989","HSS-8073540"
"238906","HSS-1047461"
"191333","HSS-8070151"
"285229","HSS-8097629"
"39336","HSS-8080151"
"249609","HSS-8091528"
"175114","HSS-8081885"
"176944","HSS-1042534"
"286798","HSS-8098501"
"130582","HSS-8077189"
"43803","HSS-1034793"
"233264","HSS-8094892"
"244751","HSS-8090882"
"19909","HSS-8081970"
"31019","HSS-8081971"
"132464","HSS-8065841"
"136191","HSS-1970747"
"281937","HSS-8097757"
"16875","HSS-1036901"
"13470","HSS-8076949"
"23221","C010049"
"247154","HSS-1047902"
"239839","HSS-8085878"
"14381","HSS-1961986"
"160735","HSS-8076181"
"51430","HSS-1961982"
"240172","HSS-1046200"
"28525","HSS-8081700"
"147515","HSS-1961984"
"134429","HSS-8068902"
"69728","HSS-8025745"
"44660","HSS-8065202"
"277934","HSS-8096564"
"12","HSS-8065364"
"156999","HSS-8065376"
"89799","HSS-8065370"
"16820","HSS-8079138"
"91491","HSS-8065368"
"226492","HSS-8082892"
"112184","HSS-8058475"
"207181","HSS-8013657"
"52559","HSS-8072089"
"225716","HSS-8082597"
"7127","HSS-1038876"
"70180","HSS-8072095"
"76050","HSS-8067054"
"250905","HSS-8092739"
"184192","HSS-1044652"
"20391","HSS-8081627"
"192509","HSS-8081629"
"277958","HSS-8096291"
"244745","HSS-1113022"
"286786","HSS-8098503"
"38589","HSS-1044717"
"17308","HSS-1039838"
"171958","HSS-8078454"
"250759","HSS-8090878"
"256776","HSS-1111526"
"101484","HSS-1035692"
"72733","HSS-8058644"
"269242","HSS-8096243"
"234691","HSS-8090344"
"169812","HSS-8073664"
"281966","HSS-8097515"
"58282","HSS-8073658"
"56125","HSS-8073661"
"43913","HSS-8073663"
"147581","HSS-1036545"
"146323","HSS-8073648"
"247140","HSS-1047793"
"257821","HSS-8094559"
"234068","HSS-8086125"
"281990","HSS-8097514"
"250962","HSS-8092499"
"250963","HSS-8092497"
"250964","HSS-8092498"
"250965","HSS-8092496"
"257620","HSS-8092842"
"82052","HSS-1034798"
"113474","HSS-8073650"
"247174","HSS-1047798"
"181679","HSS-1044718"
"15520","HSS-8073653"
"2150","HSS-1035304"
"44921","HSS-8072060"
"234508","HSS-8086123"
"61574","HSS-8073659"
"150299","HSS-8073652"
"177130","HSS-8073654"
"234023","HSS-8086127"
"233996","HSS-8086124"
"247137","HSS-8089567"
"257547","HSS-8093406"
"40277","HSS-1041618"
"8013","HSS-8078455"
"23259","HSS-8072058"
"22911","HSS-8073662"
"272868","HSS-8095809"
"272848","HSS-8095808"
"273253","HSS-8095807"
"273276","HSS-8095810"
"155913","HSS-8073656"
"247109","HSS-8089566"
"203815","HSS-8073655"
"287291","HSS-8098475"
"234546","HSS-1997594"
"250798","HSS-1049980"
"94306","HSS-1044581"
"93556","HSS-8061712"
"237529","HSS-8088632"
"49615","HSS-8082596"
"225702","HSS-8082593"
"97497","HSS-8076435"
"226518","HSS-8082595"
"114334","HSS-8075893"
"225199","HSS-1045491"
"188411","HSS-8067390"
"94458","HSS-8075891"
"229572","HSS-1044767"
"238030","HSS-8094126"
"18060","HSS-1042838"
"257474","HSS-1111135"
"257439","HSS-8094495"
"82714","HSS-1033300"
"251240","HSS-8092451"
"282109","HSS-8097641"
"11269","HSS-1040368"
"101522","HSS-8069374"
"285353","HSS-8097405"
"77718","HSS-1040155"
"1027","HSS-1044496"
"102980","HSS-8068479"
"230500","HSS-8082852"
"78659","HSS-1029445"
"177448","HSS-8026484"
"60883","HSS-1040486"
"253926","HSS-1049037"
"253903","HSS-1049038"
"226744","HSS-8082834"
"96776","HSS-1044877"
"107787","HSS-8060497"
"237371","HSS-8088696"
"25288","HSS-8060495"
"225204","HSS-1045436"
"162039","HSS-8060498"
"58008","HSS-8067047"
"236584","HSS-8088694"
"159963","HSS-8067046"
"59308","HSS-8060496"
"237413","HSS-1047327"
"247344","HSS-8090000"
"246022","HSS-1048112"
"123164","HSS-8078156"
"231005","HSS-8093322"
"257780","HSS-1110879"
"30419","HSS-1042953"
"88477","HSS-8076896"
"84876","C018095"
"184990","HSS-8080785"
"273291","HSS-8095688"
"225194","HSS-1045405"
"159459","HSS-1961964"
"155042","HSS-8067399"
"118224","C002271"
"114050","HSS-8080799"
"205138","HSS-8069326"
"107297","HSS-8070149"
"73537","HSS-8080796"
"117377","HSS-8080790"
"118898","HSS-8080801"
"234554","HSS-1997578"
"173833","C004896"
"53366","C001841"
"258352","HSS-8091852"
"230843","HSS-8086377"
"233159","HSS-8095582"
"230963","HSS-8086378"
"228088","HSS-8086381"
"234539","HSS-1997580"
"230757","HSS-8086333"
"9378","HSS-8061673"
"231001","HSS-8085909"
"18750","HSS-1043817"
"71552","HSS-1039376"
"278301","HSS-8096578"
"226499","HSS-1045033"
"249872","HSS-1048382"
"82567","HSS-8082072"
"175269","HSS-8061214"
"225111","HSS-1995850"
"269178","HSS-8096210"
"225108","HSS-1995870"
"274044","HSS-8095052"
"250532","HSS-1110837"
"265788","HSS-8092854"
"236788","HSS-8088270"
"235799","HSS-8088267"
"282104","HSS-8098062"
"236280","HSS-8088265"
"237417","HSS-8088269"
"272697","HSS-8095618"
"3242","HSS-8074053"
"236189","HSS-8088268"
"235759","HSS-8088261"
"250717","HSS-8091236"
"249653","HSS-8091760"
"282217","HSS-8098037"
"277930","HSS-8096306"
"257552","HSS-8094438"
"236983","HSS-8088259"
"257463","HSS-8093516"
"265828","HSS-8092853"
"281788","HSS-8098039"
"71865","HSS-8072274"
"197942","HSS-8079647"
"44793","HSS-8079646"
"96120","HSS-1040468"
"226540","HSS-8082365"
"102825","HSS-8072301"
"175364","HSS-8018698"
"283188","HSS-8096876"
"142488","HSS-1041003"
"18070","HSS-1043396"
"14732","HSS-1042473"
"236946","HSS-8088096"
"53753","HSS-8080575"
"201532","HSS-1043397"
"140983","HSS-8068198"
"262181","HSS-1094157"
"123641","HSS-1041185"
"29065","HSS-8071485"
"231193","HSS-1045537"
"282159","HSS-8097426"
"225704","HSS-1045012"
"287438","HSS-8098082"
"257242",""
"46632","HSS-8067416"
"37646","HSS-1036537"
"233232","HSS-8094880"
"154897","HSS-1044633"
"269239","HSS-8096256"
"269272","HSS-8096254"
"282178","HSS-8098040"
"281943","HSS-8097174"
"134116","HSS-8067362"
"248534","HSS-1092881"
"248357","HSS-1049008"
"175358","VIHA-2001898"
"247142","HSS-8089657"
"228566","HSS-8083795"
"229063","HSS-8083818"
"50338","HSS-1033703"
"228921","HSS-8083825"
"247092","HSS-8089663"
"228112","HSS-8083826"
"83448","HSS-1040765"
"236159","HSS-8087924"
"73370","HSS-1040580"
"236470","HSS-8087930"
"236179","HSS-8087929"
"86907","HSS-8076197"
"182285","HSS-1031316"
"205008","HSS-1026985"
"163930","HSS-8074244"
"257886","HSS-8093734"
"237103","HSS-8087922"
"237704","HSS-8087923"
"257889","HSS-8093735"
"122315","HSS-1043340"
"240726","HSS-8087925"
"127529","HSS-1040649"
"235564","HSS-1046580"
"89184","HSS-1041758"
"261800","HSS-8095374"
"125025","HSS-8074241"
"261865","HSS-8095369"
"261742","HSS-8095367"
"249509","HSS-8091055"
"227388","HSS-1045351"
"31187","HSS-8065206"
"26131","HSS-8065162"
"225250","HSS-1045325"
"18518",""
"229857","HSS-8083294"
"150056","HSS-8073876"
"8931","HSS-8072346"
"40489","HSS-1035726"
"159969","HSS-8066018"
"66552","HSS-8066019"
"203002","HSS-8070323"
"127035","HSS-8066023"
"227562","HSS-1044961"
"227590","HSS-1044964"
"233856","HSS-1045945"
"196888","HSS-8077204"
"129270","HSS-8078869"
"139354","HSS-8025737"
"227385","HSS-8082849"
"277966","HSS-8096566"
"79658","HSS-8027140"
"176785","HSS-8073527"
"145165","HSS-8060004"
"117440","HSS-1040958"
"193077","HSS-8073528"
"101127","HSS-8070926"
"177598","HSS-8067971"
"189677","HSS-8067970"
"123937","HSS-8073310"
"197236","HSS-8024426"
"230979","HSS-8084022"
"113395","HSS-8073308"
"88107","HSS-8067972"
"7395","HSS-1039480"
"247155","HSS-1047829"
"191044","HSS-1044768"
"65563","HSS-8058761"
"168986","HSS-8060991"
"105306","HSS-1043059"
"192339","HSS-8060943"
"71653","HSS-8075745"
"233271","HSS-8094409"
"233915","HSS-8085354"
"230861","HSS-8093377"
"127974","106387"
"278603","HSS-8096529"
"244867","HSS-8090950"
"285284","HSS-8097658"
"28405","HSS-8018521"
"234575","HSS-1997626"
"247320","HSS-8090111"
"78605","C006963"
"166790","C011830"
"244824","HSS-8091311"
"232970","HSS-1045723"
"52318","HSS-1022235"
"53647","HSS-8065853"
"185896","HSS-8067325"
"4872","HSS-8071145"
"40795","HSS-8065877"
"173026","HSS-8079924"
"256921","HSS-1110754"
"225095","HSS-8084069"
"273089","HSS-8095032"
"257456","HSS-8093766"
"46124","HSS-1042155"
"103971","HSS-8058313"
"257529","HSS-8093730"
"257799","HSS-8093718"
"173522","HSS-8078505"
"38562","HSS-8060984"
"246107","HSS-1047750"
"249430","HSS-1048522"
"120315","HSS-1039905"
"257099","HSS-8095719"
"56988","HSS-1038911"
"90298","HSS-8066413"
"51167","HSS-8009166"
"282139","HSS-8098024"
"282219","HSS-8098021"
"282206","HSS-8098022"
"282027","HSS-8098023"
"225646","HSS-8082293"
"281085","HSS-8096872"
"283076","HSS-8097083"
"263108","HSS-1940014"
"29764","HSS-8010527"
"263439","HSS-1940016"
"250648","HSS-1048510"
"256441","HSS-1110555"
"228797","HSS-8082298"
"282113","HSS-8097085"
"257541","HSS-8094605"
"101796","HSS-8068219"
"225648","HSS-8082300"
"43824","HSS-1971406"
"166165","HSS-8068218"
"272992","HSS-8095720"
"68988","HSS-1040572"
"250723","HSS-1048458"
"238788","HSS-1047385"
"278271","HSS-8096539"
"237048","HSS-8087164"
"141795","HSS-8068217"
"250650","HSS-1048508"
"283080","HSS-8097084"
"111073","HSS-1043066"
"261757","HSS-1961926"
"240297","HSS-8086554"
"261842","HSS-8095372"
"108117","HSS-8025730"
"273461","HSS-8095376"
"261766","HSS-8095373"
"205671","HSS-8081654"
"241730","HSS-8086983"
"234729","HSS-1046543"
"70671","HSS-1043375"
"225135","HSS-1045431"
"233965","HSS-1046516"
"188464","HSS-8061678"
"232813","HSS-8086788"
"73377","HSS-8061256"
"234154","HSS-8085283"
"142048","HSS-8080814"
"3838","HSS-8061253"
"146992","HSS-8024566"
"250760","HSS-8090460"
"192610","HSS-8069332"
"225227","HSS-1045402"
"225170","HSS-1045430"
"99664","HSS-8067406"
"263597","HSS-8094788"
"26249","HSS-5033366"
"244967","HSS-1900365"
"244115","HSS-1900419"
"244080","HSS-1900420"
"244077","HSS-1900418"
"76736","HSS-8065843"
"11322","HSS-8067976"
"182704","HSS-8067977"
"247311","HSS-8090985"
"247318","HSS-8090982"
"247326","HSS-8090986"
"120172","HSS-1974936"
"269482","HSS-1113051"
"193316","HSS-8070320"
"151292","HSS-1036263"
"245891","HSS-1111146"
"256912","HSS-8093174"
"225152","HSS-8083862"
"207014","HSS-8069537"
"134166","HSS-1042434"
"170858","HSS-8068178"
"129114","HSS-1043790"
"124971","HSS-8076944"
"128220","HSS-8068181"
"78738","HSS-8071775"
"236877","HSS-8088442"
"277954","HSS-8096287"
"252078","HSS-8091778"
"15147","HSS-1034382"
"5864","HSS-1042100"
"279669","HSS-8096317"
"171485","HSS-8075870"
"30335","HSS-8071220"
"250552","HSS-8090542"
"34006","HSS-8075873"
"101208","HSS-8071210"
"39711","HSS-8075874"
"53725","HSS-8066205"
"230720","HSS-8085867"
"106855","HSS-8071221"
"257164","HSS-1112330"
"18644","HSS-1044099"
"50439","HSS-8082069"
"257208","HSS-1111543"
"165634","HSS-8069523"
"193289","HSS-8081677"
"204841","HSS-8070123"
"243722","HSS-1047331"
"243512","HSS-1047294"
"228616","HSS-8083367"
"52275","HSS-8073097"
"88640","HSS-8082028"
"34288","HSS-8066377"
"21034","HSS-8026903"
"189242","HSS-1035580"
"191859","HSS-1039000"
"170457","HSS-8069607"
"238446","HSS-1998247"
"3016","HSS-1961962"
"109151","105033"
"141734","HSS-1992830"
"237389","HSS-1047811"
"281836","HSS-8096913"
"126483","HSS-8080791"
"40390","HSS-8079611"
"82385","HSS-8061694"
"257749","HSS-1111254"
"250585","HSS-1049426"
"256394","HSS-8093052"
"123450","HSS-1985107"
"170657","HSS-8080158"
"240707","HSS-8087733"
"237822","HSS-8087771"
"237357","HSS-8088487"
"151650","HSS-8079615"
"153116","HSS-8077544"
"190212","HSS-1985534"
"170943","HSS-8061652"
"237690","HSS-8087736"
"33973","HSS-8074590"
"235585","HSS-8087747"
"245511","HSS-8089128"
"249680","HSS-8091678"
"235977","HSS-8087744"
"44278","HSS-8071229"
"73314","HSS-1985106"
"238042","HSS-8087746"
"8710","HSS-1961958"
"204124","HSS-1992829"
"246108","HSS-1047728"
"246098","HSS-1047726"
"247773","HSS-8089784"
"246071","HSS-1047729"
"282210","HSS-8097656"
"92770","HSS-8080156"
"235777","HSS-1046542"
"113581","HSS-8078900"
"171610","HSS-1973599"
"234065","HSS-8086161"
"54369","HSS-8058593"
"228665","HSS-8093839"
"229854","HSS-8082818"
"229009","HSS-8093835"
"199558","HSS-8069321"
"201034","HSS-8081441"
"15206","HSS-8070336"
"238453","HSS-1998320"
"76604","HSS-8027724"
"181652","HSS-8066073"
"49477","HSS-8070361"
"269245","HSS-8096267"
"237828","HSS-8087692"
"29248","HSS-8078467"
"127742","HSS-8073126"
"263503","HSS-8094719"
"247515","HSS-8090644"
"271078","HSS-8096791"
"261869","HSS-8096010"
"128667","HSS-8068928"
"270897","HSS-8096961"
"233158","HSS-8094915"
"2967","HSS-8060956"
"96166","HSS-1041535"
"27392","HSS-1038081"
"100118","HSS-1041686"
"247225","HSS-1047956"
"126704","VIHA-2001933"
"57184","HSS-1030718"
"42371","HSS-8058896"
"178152","HSS-8071760"
"179470","HSS-8069539"
"205845","HSS-8080555"
"42497","HSS-8068169"
"201881","HSS-8069543"
"149343","HSS-8080556"
"183163","HSS-8068176"
"112003","HSS-8061422"
"225651","HSS-1045248"
"231024","HSS-1045606"
"161106","HSS-8073090"
"185133","HSS-1036524"
"273652","HSS-8095214"
"38329","HSS-8067614"
"162666","HSS-8081673"
"34066","HSS-8060587"
"97886","HSS-8078329"
"75036","HSS-1961957"
"29708","HSS-1018860"
"27497","HSS-8077598"
"44390","HSS-1043146"
"257458","HSS-8093761"
"202905","HSS-8076408"
"26443","HSS-8074074"
"49215","HSS-8074075"
"257127","HSS-8096307"
"100277","HSS-8074072"
"128543","HSS-8074073"
"32022","HSS-8074077"
"60529","HSS-8074088"
"177996","HSS-8074082"
"138722","HSS-8074085"
"91486","HSS-8074084"
"184014","HSS-8074076"
"193187","HSS-8074071"
"257804","HSS-8094295"
"263285","HSS-8094778"
"121128","HSS-8061925"
"67909","HSS-8073300"
"78984","HSS-8070387"
"282191","HSS-8097374"
"247310","HSS-1902544"
"63000","HSS-1039665"
"148861","HSS-5041532"
"153143","HSS-8081872"
"27160","HSS-8080861"
"189539","HSS-8079627"
"742","HSS-1043609"
"249825","HSS-8091286"
"59769","HSS-8060189"
"228776","HSS-8085279"
"273743","HSS-8096017"
"256752","HSS-8093921"
"257217","HSS-8094939"
"191336","HSS-1041075"
"116672","HSS-1044147"
"26610","HSS-8072941"
"112250","HSS-1044029"
"250728","HSS-8090931"
"234013","HSS-8085056"
"272066","HSS-8096510"
"79243","HSS-1043825"
"79793","HSS-1044080"
"229953","HSS-8085053"
"272058","HSS-8096511"
"280986","HSS-8096792"
"256897","HSS-8093205"
"137017","HSS-1042076"
"236997","HSS-1047124"
"237183","HSS-1047125"
"195861","HSS-1039577"
"250437","HSS-1048084"
"273335","HSS-8094938"
"64586","HSS-1039580"
"234082","HSS-8085049"
"165479","HSS-1039579"
"238868","HSS-1047456"
"234128","HSS-8085051"
"233954","HSS-8085058"
"146044","HSS-1040265"
"234123","HSS-8085054"
"227753","HSS-8085055"
"230535","HSS-8085061"
"250447","HSS-8092289"
"109352","HSS-1039715"
"119189","HSS-1044791"
"230027","HSS-8085059"
"23417","HSS-1039578"
"257603","HSS-8094556"
"228309","HSS-8085065"
"228057","HSS-8085057"
"128333","HSS-8072931"
"142954","HSS-8072081"
"14600","HSS-8078638"
"129421","HSS-8060981"
"281926","HSS-8097513"
"236485","HSS-8089531"
"161416","HSS-8069325"
"237096","HSS-8087770"
"267025","HSS-8095466"
"12638","HSS-8064807"
"245480","HSS-8089277"
"245474","HSS-8089267"
"245588","HSS-8089291"
"250600","HSS-1049434"
"81004","HSS-1030022"
"273033","HSS-8096107"
"282014","HSS-8097938"
"133776","HSS-8068752"
"49485","HSS-8061468"
"118305","HSS-1043794"
"238506","HSS-1046105"
"227395","HSS-8082918"
"158654","HSS-8074233"
"228293","HSS-1045296"
"59300","HSS-8077535"
"41246","HSS-8058398"
"110791","HSS-8058405"
"15518","HSS-8058397"
"42119","HSS-8065894"
"175585","HSS-1043338"
"86740","HSS-8065871"
"63368","HSS-8025834"
"62920","HSS-8079160"
"105409","HSS-1043823"
"198986","HSS-1043822"
"198972","HSS-1022994"
"74382","HSS-1044687"
"196832","HSS-8077849"
"6723","HSS-8067141"
"97213","HSS-1036955"
"181058","HSS-1985072"
"199790","HSS-8076169"
"13191","HSS-1985103"
"183954","HSS-1037296"
"105911","HSS-1044100"
"277963","HSS-8096697"
"247770","HSS-1901224"
"237459","HSS-1901114"
"236655","HSS-1901117"
"236105","HSS-8087699"
"3973","HSS-8079093"
"13614","HSS-8079103"
"38478","HSS-8079105"
"196369","HSS-1043945"
"84453","HSS-8068949"
"278427","HSS-8096780"
"140325","HSS-8078616"
"103616","HSS-8067326"
"71146","HSS-8071148"
"257851","HSS-1111134"
"94559","HSS-1039418"
"241728","HSS-8088510"
"172139","HSS-8026148"
"246110","HSS-1047747"
"99403","HSS-8079123"
"143588","HSS-8079140"
"160732","HSS-8065367"
"116433","HSS-8065377"
"87295","HSS-8079132"
"88190","HSS-8079133"
"183846","HSS-8079136"
"177645","HSS-8065373"
"189910","HSS-8079144"
"230716","HSS-8084331"
"231107","HSS-8084333"
"171039","HSS-8070849"
"51936","HSS-8079124"
"197033","HSS-8070848"
"281761","HSS-8097763"
"190780","HSS-8021956"
"256773","HSS-1111565"
"195967","HSS-1032255"
"282207","HSS-8097759"
"257764","HSS-8094461"
"230724","HSS-8084271"
"74421","HSS-1025161"
"230463","HSS-1045002"
"28644","HSS-8077599"
"130876","HSS-8070944"
"230939","HSS-8085926"
"18071","HSS-8081674"
"201298","HSS-1043072"
"256830","HSS-8094373"
"226520","HSS-1045134"
"257856","HSS-1111137"
"134133","HSS-8073724"
"247557","HSS-8090648"
"230897","HSS-8085647"
"249459","HSS-8090658"
"249451","HSS-8090659"
"270677","HSS-8096790"
"249807","HSS-8091860"
"237083","HSS-8088229"
"39500","HSS-8071512"
"244870","HSS-8090588"
"250643","HSS-1048515"
"120757","HSS-8061242"
"250956","HSS-1110032"
"250670","HSS-1048413"
"116862","HSS-1043913"
"235265","HSS-8093372"
"237398","HSS-8087750"
"237637","HSS-8087192"
"247766","HSS-1048144"
"277974","HSS-8096290"
"245542","HSS-8089269"
"93617","HSS-8064801"
"247751","HSS-8090015"
"229229","HSS-8082813"
"3192","HSS-8067557"
"186451","HSS-8076450"
"90158","HSS-8078923"
"117276","HSS-8083333"
"137783","HSS-1043721"
"184277","HSS-1033128"
"176066","HSS-1033126"
"230186","HSS-1045831"
"250451","HSS-1049819"
"233160","HSS-8098094"
"225225","HSS-1045492"
"3269","HSS-8078087"
"18528",""
"61072","HSS-8025380"
"176106","HSS-1033136"
"51710","HSS-8073111"
"107165","HSS-8067357"
"184729","HSS-1043760"
"241729","HSS-8088439"
"256889","HSS-8093268"
"233551","HSS-1046732"
"191308","HSS-8072888"
"52298","HSS-8072887"
"65777","HSS-8066657"
"135438","HSS-8074235"
"15529","HSS-1031673"
"38270","HSS-8077303"
"194076","HSS-8070358"
"148376","HSS-8072886"
"4696","HSS-8077305"
"152396","HSS-8077302"
"257489","HSS-8094706"
"237131","HSS-1048125"
"238926","HSS-1048124"
"256359","HSS-1111085"
"257436","HSS-1111238"
"248283","HSS-1048376"
"38578","HSS-8074250"
"193018","HSS-1044501"
"228251","HSS-1994403"
"229271","HSS-1994426"
"201799","HSS-8077362"
"180726","HSS-8077360"
"84284","HSS-1038755"
"66464","HSS-8066653"
"169648","HSS-8068891"
"228237","HSS-1994417"
"137237","HSS-8066652"
"39883","HSS-8077361"
"228716","HSS-1994406"
"165705","HSS-8066647"
"105353","HSS-8066651"
"125257","HSS-8068892"
"229797","HSS-1994410"
"115410","HSS-8077299"
"230305","HSS-1994411"
"50244","HSS-8066654"
"54741","HSS-8066655"
"230629","HSS-8082837"
"17633","HSS-8072885"
"137838","HSS-8066650"
"228705","HSS-1994402"
"230034","HSS-1994422"
"194136","HSS-8068894"
"34996","HSS-8068890"
"228837","HSS-1994408"
"74712","HSS-8066656"
"189116","HSS-8068895"
"172011","HSS-1038873"
"94587","HSS-1994414"
"226536","HSS-1994416"
"90866","HSS-8066649"
"53108","HSS-8077301"
"248297","HSS-8090342"
"256757","HSS-8093918"
"62892","HSS-1994413"
"229693","HSS-1994420"
"248213","HSS-8090337"
"142663","HSS-8072883"
"4182","HSS-8066645"
"14349","HSS-8072884"
"118890","HSS-8072882"
"118101","HSS-8066646"
"73127","HSS-1042663"
"229873","HSS-1994418"
"230159","HSS-1994407"
"230384","HSS-1994425"
"84387","HSS-1038872"
"228336","HSS-1994415"
"71102","HSS-1032922"
"230634","HSS-1994427"
"237497","HSS-8088065"
"228932","HSS-1994409"
"228252","HSS-1994419"
"228247","HSS-1994404"
"228587","HSS-1994412"
"228375","HSS-1994424"
"134799","HSS-8067616"
"98148","HSS-8077602"
"161481","HSS-8077610"
"236523","HSS-8087245"
"124024","HSS-8025898"
"27605","HSS-8025900"
"168940","HSS-8077601"
"183532","HSS-5038302"
"75557","HSS-8071167"
"15398","HSS-8067361"
"151983","HSS-8023411"
"17172","HSS-8070822"
"230739","HSS-8084301"
"283200","HSS-8096830"
"230406","HSS-8084299"
"45904","HSS-8059444"
"168655","HSS-8081422"
"180551","HSS-8081666"
"265787","HSS-8092788"
"192003","HSS-8068725"
"194064","HSS-8017973"
"229827","HSS-8085039"
"249877","HSS-1048633"
"174705","HSS-8079334"
"228202","HSS-8085034"
"228514","HSS-8085031"
"84839","HSS-8059163"
"229799","HSS-8085038"
"237906","HSS-8087474"
"225276","HSS-1045370"
"225244","HSS-1045371"
"225224","HSS-1045373"
"228236","HSS-1045367"
"171123","HSS-8080819"
"257880","HSS-8093771"
"234122","HSS-8085033"
"233933","HSS-8085040"
"237810","HSS-8087478"
"229550","HSS-8085036"
"228480","HSS-8085037"
"227992","HSS-8085030"
"119097","HSS-8079332"
"228597","HSS-8085032"
"249557","HSS-1048587"
"249552","HSS-1048586"
"249562","HSS-1048632"
"112395","HSS-1041279"
"257449","HSS-8093922"
"257637","HSS-8094544"
"249428","HSS-1048222"
"237919","HSS-8087476"
"89874","HSS-8079355"
"105577","HSS-8026660"
"152967","HSS-8026662"
"48833","HSS-8026635"
"139174","HSS-8026638"
"187914","HSS-1043699"
"28844","HSS-8059815"
"42035","HSS-8059818"
"285209","HSS-8097551"
"189288","HSS-8082001"
"57653","HSS-8026667"
"141128","HSS-8058295"
"230220","HSS-8084596"
"228306","HSS-8084609"
"85621","HSS-8078282"
"250615","HSS-1048208"
"198414","HSS-8061465"
"119233","HSS-8009804"
"235234","HSS-8085848"
"112773","HSS-8079357"
"63255","HSS-1040488"
"229295","HSS-8084563"
"281043","HSS-8096766"
"88124","HSS-1040475"
"230238","HSS-8084569"
"34563","HSS-1042935"
"280894","HSS-8096764"
"126146","HSS-1040770"
"244161","HSS-8089004"
"237564","HSS-8088222"
"83394","HSS-8080317"
"11253","HSS-8080316"
"196236","HSS-8070599"
"57893","HSS-8070597"
"25136","HSS-8070595"
"247199","HSS-1047898"
"72533","HSS-1041806"
"131298","HSS-8058914"
"235543","HSS-1047106"
"120480","HSS-8070353"
"46082","HSS-1043107"
"202605","HSS-1036638"
"101329","HSS-8068461"
"194452","HSS-8068468"
"155935","HSS-8060601"
"126552","HSS-1042065"
"257864","HSS-8094274"
"49593","HSS-8068464"
"201468","HSS-8068467"
"173696","HSS-1037830"
"257144","HSS-8096080"
"150314","HSS-8072037"
"257222","HSS-8095634"
"42237","HSS-8072035"
"246048","HSS-8089558"
"52647","HSS-8073660"
"129405","HSS-8072076"
"285371","HSS-8097317"
"257341","HSS-1110573"
"205857","HSS-8078452"
"105665","HSS-8058908"
"48731","HSS-8080539"
"103433","HSS-8058891"
"127745","HSS-8080541"
"43590","HSS-8072034"
"31791","HSS-8071770"
"246023","HSS-8089560"
"257820","HSS-1111435"
"199004","HSS-8072063"
"37752","HSS-8078448"
"285224","HSS-8097320"
"179369","HSS-8024233"
"34608","HSS-8069313"
"139092","HSS-8080551"
"281826","HSS-8097377"
"282142","HSS-8097327"
"131539","HSS-1039319"
"116107","HSS-1039292"
"170630","HSS-8076940"
"181839","HSS-8080520"
"168055","HSS-8071769"
"77172","HSS-8025837"
"12185","HSS-8080542"
"249751","HSS-8091737"
"142536","HSS-8076934"
"229685","HSS-8083869"
"115554","HSS-8076938"
"155080","HSS-8068189"
"201567","HSS-8068175"
"247241","HSS-8091267"
"117114","HSS-8068167"
"20355","HSS-8069531"
"236376","HSS-8088443"
"24646","HSS-8068186"
"285394","HSS-8097318"
"81866","HSS-8071467"
"250644","HSS-1048514"
"197753","HSS-1044882"
"29314","HSS-1044040"
"23608","HSS-8066797"
"125966","HSS-8073732"
"234106","HSS-8085547"
"234010","HSS-8085552"
"163687","HSS-8027558"
"233930","HSS-8085543"
"237139","HSS-1046734"
"149330","HSS-1044249"
"272997","HSS-8094958"
"257444","HSS-8093778"
"144232","HSS-8073383"
"167574","HSS-8073379"
"248335","HSS-1049134"
"238964","HSS-8087179"
"55726","HSS-1045277"
"113952","HSS-8058900"
"273257","HSS-8095705"
"53604","HSS-8058880"
"249611","HSS-8091356"
"181939","HSS-1034794"
"15462","HSS-8058462"
"202407","HSS-8068478"
"181568","HSS-8066344"
"203551","HSS-1044500"
"278539","HSS-8096599"
"99183","HSS-1043513"
"236842","HSS-8088458"
"285142","HSS-8097618"
"285136","HSS-8097411"
"273167","HSS-8096118"
"257466","HSS-8094294"
"244791","HSS-8091465"
"229260","HSS-8093836"
"227891","HSS-8083303"
"244596","HSS-8091460"
"281942","HSS-8097229"
"238801","HSS-1047013"
"5465","HSS-8081880"
"56914","HSS-8059959"
"227583","HSS-8082879"
"191534","HSS-8058158"
"278792","HSS-8096573"
"32810","HSS-8065196"
"282182","HSS-8097024"
"250975","HSS-1049772"
"174403","HSS-8081984"
"77369","HSS-8015891"
"18061","HSS-1042211"
"88594","HSS-8025903"
"256424","HSS-8092735"
"20244","HSS-8069363"
"100671","HSS-8071245"
"28930","HSS-8071239"
"247812","HSS-1903203"
"194640","HSS-8061699"
"84905","HSS-1961970"
"141612","HSS-8071155"
"265812","HSS-1111426"
"225183","HSS-1045428"
"182432","HSS-4025301"
"189193","HSS-1970332"
"247151","HSS-8091476"
"97554","HSS-8071826"
"257488","HSS-1111232"
"254222","HSS-8092215"
"20001","HSS-8080820"
"111281","HSS-5043552"
"166056","HSS-1029949"
"253630","HSS-5058099"
"139725","HSS-1041581"
"7746","HSS-8071211"
"198363","HSS-8075872"
"62580","HSS-8075869"
"244792","HSS-8090606"
"112206","HSS-1044846"
"85110","HSS-8067392"
"169908","HSS-8026364"
"19530","HSS-1973743"
"118280","C004890"
"170554","C004892"
"76211","C004894"
"103226","HSS-8070148"
"33728","HSS-8080841"
"171692","HSS-8061674"
"118327","HSS-1042556"
"240190","HSS-8085915"
"63358","HSS-8071782"
"147558","HSS-8061659"
"146069","HSS-8080797"
"170559","HSS-1032593"
"230668","HSS-8085910"
"237641","HSS-8087189"
"53412","HSS-8067556"
"241658","HSS-8085911"
"18505","HSS-8071783"
"81226","HSS-8077592"
"278485","HSS-8096583"
"273559","HSS-8096101"
"67716","HSS-8070120"
"116759","HSS-8066402"
"240166","HSS-8085884"
"29031","HSS-1042222"
"122534","HSS-8081641"
"80604","HSS-8068529"
"281778","HSS-8097642"
"269278","HSS-8096233"
"129253","HSS-8072022"
"159533","HSS-8072026"
"28858","HSS-8078444"
"234111","HSS-1046519"
"39825","HSS-8080784"
"206613","HSS-1036979"
"282010","HSS-8096914"
"237470","HSS-8087725"
"185193","HSS-8074575"
"281865","HSS-8096916"
"62785","HSS-1043405"
"206710","HSS-8080800"
"73451","HSS-8080802"
"230671","HSS-8086334"
"273686","HSS-8095812"
"273099","HSS-8095814"
"251203","HSS-1110039"
"228548","HSS-8085546"
"67231","HSS-8061665"
"250438","HSS-8090627"
"32486","HSS-8070575"
"239782","HSS-8087017"
"155973","HSS-1043542"
"59547","HSS-8078427"
"95213","HSS-1036383"
"70223","HSS-1036544"
"246053","HSS-8089565"
"189083","HSS-8078446"
"69378","HSS-8078445"
"86955","HSS-8072027"
"20359","HSS-8072023"
"115520","HSS-8072029"
"169375","HSS-8072030"
"273970","HSS-8095815"
"278788","HSS-8096634"
"273735","HSS-8095813"
"60519","HSS-8078441"
"175239","HSS-8072031"
"167599","HSS-1040030"
"6533","HSS-8078443"
"40831","HSS-1967614"
"100454","HSS-8072021"
"235218","HSS-8086122"
"256768","HSS-8094100"
"166252","HSS-8072028"
"278703","HSS-8096617"
"177989","HSS-8078439"
"228181","HSS-8083841"
"184283","HSS-8074886"
"184702","HSS-8059187"
"257216","HSS-8094946"
"162641","HSS-8074887"
"189566","HSS-8074888"
"257153","HSS-8094947"
"127025","HSS-8074890"
"114263","HSS-8066607"
"192223","HSS-1022261"
"21503","HSS-8059941"
"52049","HSS-1992431"
"174030","HSS-1033881"
"184263","HSS-1044225"
"285227","HSS-8097319"
"2757","HSS-8069316"
"143525","HSS-8065829"
"74538","HSS-8065827"
"1685","HSS-8071142"
"157639","HSS-8073539"
"131762","HSS-8065833"
"378","HSS-8065837"
"146614","HSS-1044502"
"120685","HSS-8065836"
"115662","HSS-1044336"
"190460","HSS-8078684"
"100838","HSS-8067363"
"148500","HSS-8067345"
"137377","HSS-8078679"
"48161","HSS-1043758"
"42531","HSS-1043759"
"4025","HSS-8067383"
"29899","HSS-8078680"
"257500","HSS-1111068"
"272693","HSS-8095882"
"273343","HSS-8095876"
"145400","Hss-8067364"
"121404","Hss-8067354"
"131503","HSS-8067360"
"110581","HSS-1973612"
"237206","HSS-8087774"
"50758","HSS-8015428"
"256741","HSS-8093995"
"189427","HSS-1037254"
"282098","HSS-8097670"
"19033","HSS-1039918"
"206085","HSS-8076921"
"257528","HSS-8094614"
"164187","HSS-8070846"
"238421","HSS-1998349"
"50343","HSS-8078080"
"281764","HSS-8097608"
"228560","HSS-8084274"
"20819","HSS-8081423"
"227923","HSS-8085943"
"200749","HSS-1037724"
"181067","HSS-8075933"
"157801","HSS-1042146"
"274022","HSS-8096035"
"228711","HSS-8084278"
"234043","HSS-8085301"
"236937","HSS-1047315"
"270723","HSS-8096787"
"35364","HSS-8066367"
"70302","HSS-8066795"
"42918","HSS-8058885"
"229070","HSS-8084012"
"250786","HSS-8092336"
"80993","HSS-8060945"
"49340","HSS-8067611"
"173608","HSS-8068514"
"230888","HSS-8085352"
"200786",""
"71353",""
"168788","HSS-8080780"
"109620",""
"141071","HSS-8079618"
"12764",""
"194861","HSS-8079619"
"168408","HSS-8070877"
"249445","HSS-8090551"
"249464","HSS-8090550"
"181573","HSS-8065352"
"151560","HSS-8065350"
"279647","HSS-8096318"
"237836","HSS-8087702"
"248498","HSS-1049332"
"47371","HSS-1971860"
"161562","HSS-1043183"
"86652","HSS-8073124"
"132094","HSS-1043429"
"207223","HSS-8083382"
"257614","HSS-8093407"
"205834","HSS-1024167"
"171419","HSS-8073649"
"4224","HSS-8073651"
"39228","HSS-1031480"
"131453","HSS-8072072"
"78392","HSS-8078490"
"97847","HSS-8070826"
"230012","HSS-8084304"
"146121","HSS-8078703"
"240584","HSS-1998430"
"237273","HSS-1906084"
"236524","HSS-1998431"
"247510","HSS-1906085"
"199907","HSS-1044324"
"237124","HSS-1047005"
"191669","HSS-8059608"
"179220","HSS-8066625"
"155051","HSS-8081121"
"46422","HSS-8074189"
"204095","HSS-1036448"
"114441","HSS-8026341"
"145912","HSS-8078626"
"146663","HSS-8066065"
"39852","HSS-8026039"
"228811","HSS-8093940"
"48025","HSS-8079393"
"237078","HSS-1046216"
"237938","HSS-8087767"
"140167","C004042"
"32960","HSS-8066034"
"140413","HSS-8070326"
"188491","HSS-8066025"
"131863","HSS-8081982"
"237045","HSS-8088449"
"238842","HSS-8087049"
"234728","HSS-8086584"
"194341","HSS-8071516"
"234713","HSS-8086583"
"230601","HSS-8082831"
"40128","HSS-8061407"
"257596","HSS-8094280"
"273197","HSS-8095051"
"257831","HSS-8094616"
"257427","HSS-8094303"
"269304","HSS-8096468"
"257727","HSS-8094464"
"257535","HSS-8094617"
"256439","HSS-8092537"
"247188","HSS-8091475"
"273976","HSS-8096041"
"25154","HSS-8068540"
"249506","HSS-8090563"
"249508","HSS-1048086"
"237671","HSS-8087763"
"34738","HSS-1043665"
"273410","HSS-8096052"
"272976","HSS-8096054"
"234031","HSS-8085338"
"273365","HSS-8096048"
"234563","HSS-1997628"
"234570","HSS-1997587"
"236368","HSS-8088482"
"272768","HSS-8096058"
"236515","HSS-8087735"
"240733","HSS-8087754"
"230686","HSS-8086374"
"237934","HSS-8087772"
"5538","HSS-8078298"
"237612","HSS-8087764"
"66917","HSS-8078296"
"68369","HSS-8024790"
"247803","HSS-8089786"
"249675","HSS-8091579"
"273870","HSS-8095247"
"233942","HSS-8085340"
"233943","HSS-8085344"
"57814","HSS-8061654"
"123374","HSS-8079607"
"240197","HSS-1046537"
"21363","HSS-8079608"
"151652","HSS-8067417"
"43141","HSS-8062117"
"234021","HSS-8085349"
"281909","HSS-8097442"
"281911","HSS-8097444"
"236928","HSS-8087765"
"133077","HSS-8078291"
"247192","HSS-1047904"
"247193","HSS-1047903"
"229776","HSS-8085347"
"234112","HSS-8085343"
"245545","HSS-8089127 "
"107246","HSS-8062166"
"59871","HSS-8074376"
"86282","HSS-8075753"
"200779","HSS-8079919"
"240548","HSS-8086605"
"26578","HSS-8061934"
"251214","HSS-8092594"
"55432","HSS-1041807"
"237044","HSS-8088224"
"61867","HSS-8074103"
"228503","HSS-8093711"
"14443","HSS-8062365"
"170528","HSS-8067587"
"235545","HSS-8087959"
"32917","HSS-8058386"
"250568","HSS-8090639"
"281776","HSS-8097323"
"271361","HSS-8096516"
"182340","HSS-8068179"
"283205","HSS-8096894"
"196134","HSS-8068187"
"265778","HSS-1110937"
"198816","HSS-1044719"
"18243","HSS-8068721"
"248488","HSS-8091744"
"27516","HSS-8078668"
"137927","HSS-8073073"
"235791","HSS-1046674"
"108600","HSS-8078670"
"7071","HSS-8084238"
"257471","HSS-8092849"
"236218","HSS-1046664"
"238803","HSS-1047027"
"249818","HSS-8091323"
"226508","HSS-1045024"
"238047","HSS-8087751"
"173348","HSS-8058479"
"237054","HSS-1046680"
"272639","HSS-8095231"
"247114","HSS-8089662"
"100635","HSS-1953011"
"170575","HSS-1953010"
"231088","HSS-8086986"
"137376","HSS-8065658"
"36094","HSS-1979441"
"58309","HSS-8069176"
"248330","HSS-1049131"
"128701","HSS-1042539"
"273228","HSS-8095219"
"131535","HSS-8070887"
"273266","HSS-8096034"
"273040","HSS-8096036"
"273989","HSS-8095220"
"257554","HSS-8094613"
"272733","HSS-8095218"
"249746","HSS-8091679"
"273569","HSS-8095221"
"272949","HSS-8095222"
"256822","HSS-8093067"
"49460","HSS-8025199"
"230878","HSS-8083641"
"238786","HSS-1047359"
"250617","HSS-1048187"
"203379","HSS-1040541"
"38095","HSS-8078910"
"170677","HSS-8075384"
"249682","HSS-1049766"
"81590",""
"228107","HSS-8084590"
"247157","HSS-8091058"
"248361","HSS-8091861"
"250656","HSS-1048199"
"109077","HSS-1044121"
"230855","HSS-8084258"
"237132","HSS-8088119"
"236884","HSS-8088113"
"235573","HSS-8088104"
"229111","HSS-8084259"
"235976","HSS-8088109"
"237847","HSS-8088111"
"237137","HSS-8088115"
"237034","HSS-8088114"
"236590","HSS-8088117"
"247125","HSS-8089648"
"251216","HSS-8092593"
"53273","HSS-8060966"
"245895","HSS-1048472"
"225269","HSS-8083667"
"105356","HSS-8015831"
"155351","HSS-8015824"
"30906","HSS-8011130"
"248486","HSS-8091742"
"256764","HSS-8093997"
"94565","HSS-1961978"
"16409","HSS-8076916"
"144572","HSS-8082324"
"279867","HSS-8096956"
"145167","104981"
"126548","HSS-1976107"
"233248","HSS-8094392"
"162249","C003924"
"94210","HSS-8061248"
"229473","HSS-8082329"
"82550","HSS-1961998"
"75839","HSS-1961999"
"57093","HSS-8067631"
"245505","HSS-8089268"
"241742","HSS-8088440"
"151430","HSS-8018223"
"249575","HSS-1048662"
"195744","HSS-8081622"
"230650","HSS-8085887"
"40814","HSS-8070142"
"67465","HSS-1992498"
"235827","HSS-1047773"
"103713","HSS-8081624"
"235844","HSS-8088495"
"139983","HSS-8081631"
"229334","HSS-8082868"
"18364","HSS-1041672"
"94264","HSS-8081625"
"228562","HSS-8082866"
"93481","HSS-8081626"
"282163","HSS-8097467"
"203509","C003139"
"142018","HSS-8078105"
"197789","HSS-1035311"
"257888","HSS-8093716"
"250571","HSS-1048077"
"256884","HSS-8093206"
"225146","HSS-1045551"
"233935","HSS-8085046"
"27301","HSS-1041249"
"174790","HSS-1044539"
"73531","HSS-8066030"
"272879","HSS-8094859"
"244827","HSS-8090556"
"229833","HSS-8093837"
"71729","HSS-8081879"
"146174","HSS-1044667"
"250549","HSS-8090282"
"250983","HSS-8092358"
"244776","HSS-8090558"
"237476","HSS-8087695"
"229826","HSS-8082921"
"227420","HSS-8082916"
"55603","HSS-8072024"
"115424","HSS-1041138"
"285332","HSS-8097358"
"229726","HSS-1045443"
"270932","HSS-8097289"
"279636","HSS-8096351"
"227390","HSS-8082883"
"66312","HSS-8072727"
"143181","HSS-8059976"
"229360","HSS-8084838"
"169613","HSS-8074420"
"55942","HSS-8070935"
"226515","HSS-8082901"
"76449","HSS-8076192"
"230141","HSS-8082913"
"45869","HSS-8081154"
"133470","HSS-1985071"
"11020","HSS-8070930"
"72400","HSS-8059995"
"239790","HSS-8085895"
"32525","HSS-1043795"
"247345","HSS-1902546"
"33678","HSS-8083358"
"122430","HSS-1043076"
"279649","HSS-8096333"
"237878","HSS-8087703"
"137142","HSS-8083359"
"230533","HSS-8083834"
"230326","HSS-8082812"
"233919","HSS-8086403"
"103801","HSS-8070107"
"229148","HSS-8082814"
"269289","HSS-8096278"
"278794","HSS-8096588"
"127560","HSS-8027738"
"238410","HSS-1998261"
"227674","HSS-8084309"
"132596","HSS-1988127"
"227404","HSS-8084810"
"248308","HSS-1048658"
"268972","HSS-8096258"
"246096","HSS-1047787"
"26634","HSS-8071541"
"100422","HSS-8067074"
"95505","HSS-1035090"
"29101","HSS-8075953"
"137444","HSS-8075954"
"61752","HSS-8071218"
"92894","HSS-1041754"
"29749","HSS-8066247"
"70479","HSS-8066248"
"38884","HSS-1043395"
"162979","HSS-8066244"
"43866","HSS-8066250"
"247809","HSS-8089814"
"207271","HSS-8066249"
"4318","HSS-8075955"
"35642","HSS-8075956"
"283101","HSS-8097067"
"273956","HSS-8095593"
"239865","HSS-8085903"
"78213","HSS-8079145"
"282089","HSS-8097359"
"236727","HSS-1047110"
"273375","HSS-8096112"
"204647","HSS-8075913"
"272809","HSS-8096111"
"272840","HSS-8095590"
"272798","HSS-8096109"
"68447","HSS-1042400"
"84440","HSS-1042480"
"233861","HSS-1045944"
"248336","HSS-1049133"
"28138","HSS-8073086"
"59241","HSS-1040026"
"160803","HSS-1034885"
"73558","HSS-8073082"
"47720","HSS-8075923"
"237080","HSS-8087757"
"77904","HSS-8075926"
"135606","HSS-1041862"
"273798","HSS-8095591"
"143499","HSS-1040484"
"35369","HSS-1036044"
"7454","HSS-8079146"
"156400","HSS-8060545"
"135552","HSS-8059329"
"240212","HSS-8086956"
"721","HSS-8060576"
"256942","HSS-8092892"
"21061","HSS-8078413"
"65289","HSS-8061906"
"137962","HSS-8016102"
"84104","HSS-8060190"
"174375","HSS-8061922"
"187642","HSS-8007412"
"225185","HSS-1045403"
"124352","HSS-1041677"
"237031","HSS-8088227"
"16221","HSS-1039606"
"228945","HSS-1045278"
"157849","HSS-8062362"
"71655","HSS-8022573"
"141345","HSS-8066022"
"246073","HSS-1047748"
"250606","HSS-1049777"
"20712","HSS-8067639"
"126061","HSS-8021947"
"39712","HSS-1970746"
"246068","HSS-8089306"
"87918","HSS-8068778"
"232800","HSS-8086779"
"6795","HSS-8067589"
"232760","HSS-8086775"
"232805","HSS-8086776"
"232788","HSS-8086780"
"62393","HSS-1036379"
"47432","HSS-8069600"
"47499","HSS-8069375"
"22561","HSS-1035565"
"111707","HSS-8067588"
"104158","HSS-8059913"
"232806","HSS-8086777"
"232774","HSS-8086774"
"194197","HSS-8081122"
"232812","HSS-8086778"
"108212","HSS-8059918"
"133505","HSS-8069608"
"198299","HSS-8076650"
"234055","HSS-8086155"
"22355","HSS-8080042"
"267809","HSS-8093410"
"230862","HSS-8086150"
"233568","HSS-8086133"
"234529","HSS-8086141"
"169517","HSS-8081956"
"230924","HSS-8086136"
"112640","C009375"
"248939","HSS-1048229"
"190394","HSS-8068730"
"273564","HSS-8095801"
"257100","HSS-1112368"
"238944","HSS-8089136"
"225222","HSS-1045396"
"225208","HSS-1045398"
"169460","HSS-8079117"
"160909","HSS-1043475"
"116880","HSS-8077899"
"247331","HSS-1048177"
"21196","HSS-8077872"
"247808","HSS-8089919"
"57468","HSS-8069131"
"256708","HSS-8094192"
"164002","HSS-8077820"
"45819","HSS-8077893"
"76815","HSS-6001502"
"238800","HSS-1047360"
"238810","HSS-8087492"
"240960","HSS-1046452"
"97743","HSS-1036615"
"91852","HSS-1043368"
"38470","C003805"
"203907","HSS-1017889"
"225166","HSS-8084559"
"125811","HSS-1042265"
"272894","HSS-8095446"
"113388","HSS-8064856"
"77488","HSS-8077883"
"133436","HSS-8074026"
"38141","HSS-8023436"
"187634","HSS-8066390"
"138000","HSS-1037483"
"251207","HSS-8092391"
"279863","HSS-8096492"
"249478","HSS-1048266"
"124783","HSS-8077885"
"235803","HSS-8088289"
"66149","HSS-8078327"
"247332","HSS-8090350"
"174720","HSS-1044378"
"185928","HSS-1040874"
"247300","HSS-8090347"
"247334","HSS-1049124"
"99187","HSS-1042256"
"227785","HSS-8085010"
"229073","HSS-8083365"
"183838","HSS-1044240"
"90783","HSS-1044244"
"131631","HSS-1044242"
"237656","HSS-8088095"
"196086","HSS-1044330"
"228625","HSS-1045220"
"234147","HSS-8085013"
"167938","HSS-1044828"
"185387","HSS-8077387"
"230264","HSS-1045239"
"183728","HSS-8077388"
"234121","HSS-1045957"
"233917","HSS-8085012"
"229859","HSS-8085008"
"57234","HSS-1044376"
"234097","HSS-8085011"
"188860","HSS-1042268"
"124260","HSS-1042269"
"236093","HSS-1046813"
"65121","HSS-1040513"
"247308","HSS-8090348"
"189071","HSS-1044852"
"138266","HSS-1044837"
"117036","HSS-8077389"
"173577","HSS-8067949"
"64054","HSS-8068184"
"109144","HSS-8068183"
"248497","HSS-1049278"
"82161","HSS-8079860"
"77950","HSS-8079936"
"77099","HSS-8019354"
"246097","HSS-1047782"
"13017","HSS-1044235"
"247752","HSS-8089795"
"283112","HSS-8097008"
"229581","HSS-1045631"
"147466","HSS-1039291"
"239096","HSS-1046353"
"237201","HSS-8088493"
"272636","HSS-8095134"
"90094","HSS-1044015"
"237159","HSS-1046660"
"278472","HSS-8096662"
"95470","HSS-8078909"
"74934","HSS-1044870"
"236534","HSS-1046693"
"39401","HSS-1031760"
"59447","HSS-8077193"
"100143","HSS-1042041"
"277994","HSS-8096300"
"265842","HSS-8092708"
"274039","HSS-8096176"
"278333","HSS-8096654"
"151939","HSS-8079582"
"257863","HSS-8092770"
"91317","HSS-8080073"
"234047","HSS-1046823"
"246063","HSS-1047780"
"103253","HSS-1021344"
"50526","HSS-1042098"
"250658","HSS-1048309"
"90446","HSS-8078486"
"188581","HSS-8062119"
"143311","HSS-8061904"
"115566","HSS-8078459"
"257481","HSS-8094465"
"5810","HSS-8069376"
"233963","HSS-1046867"
"156221","HSS-8070152"
"238973","HSS-1046871"
"67464","HSS-1034479"
"238979","HSS-1046997"
"273330","HSS-8095199"
"23260","HSS-1973978"
"273583","HSS-8095608"
"193900","HSS-1973979"
"203453","HSS-8077884"
"142320","HSS-8075147"
"159452","HSS-1031310"
"167487","HSS-8015791"
"143618","HSS-1040367"
"12204","HSS-1044073"
"257495","HSS-8094609"
"281916","HSS-8097022"
"48717","HSS-8065139"
"180713","HSS-8065152"
"68136","HSS-1043135"
"247330","HSS-1049005"
"75069","HSS-8077564"
"99800","HSS-1035170"
"229263","HSS-1045140"
"238854","HSS-1046890"
"234576","HSS-1997607"
"92279","HSS-8065473"
"283191","HSS-8096835"
"283043","HSS-8097066"
"237796","HSS-8088112"
"240588","HSS-8088106"
"236963","HSS-8088105"
"235812","HSS-8088110"
"236281","HSS-8088116"
"256883","HSS-8093177"
"233594","HSS-1045883"
"20905","C005636"
"273350","HSS-8095448"
"86227","HSS-8065180"
"227556","HSS-8095350"
"118372","HSS-1978768"
"79368","HSS-1037485"
"175609","HSS-1978767"
"82451","HSS-8025019"
"21424","HSS-8025020"
"103902","HSS-1978774"
"50384","HSS-1043934"
"85216","HSS-8071459"
"89820","HSS-8072110"
"225129","HSS-8084041"
"148241","HSS-8064818"
"248098","HSS-8090199"
"168311","HSS-1967597"
"232763","HSS-8092747"
"233153","HSS-8094853"
"282373","HSS-8096722"
"282351","HSS-8096723"
"134311","HSS-8070350"
"248481","HSS-8091654"
"256432","HSS-1049902"
"242514","HSS-1046887"
"83262","HSS-8067413"
"237312","HSS-8087000"
"237313","HSS-8087003"
"41223","HSS-8060921"
"12130","HSS-8071461"
"262456","HSS-1094160"
"199702","HSS-8079827"
"227786","HSS-8084094 "
"81497","HSS-1043796"
"238951","HSS-1047520"
"171040","HSS-1043779"
"238892","HSS-1047550"
"282361","HSS-8096747"
"282356","HSS-8096738"
"282367","HSS-8096742"
"282353","HSS-8096743"
"282363","HSS-8096720"
"282338","HSS-8096726"
"127210","C003781"
"151634","HSS-1044453"
"234571","HSS-1997588"
"234515","HSS-8086135"
"256363","HSS-1940261"
"256380","HSS-1940260"
"248090","HSS-1903200"
"37849","HSS-8059633"
"234001","HSS-8085063"
"234110","HSS-8085062"
"283192","HSS-8096833"
"102929","HSS-8079139"
"227846","HSS-8084330"
"237556","HSS-8088061"
"7516","HSS-8026647"
"104410","C009291"
"227832","HSS-8085060"
"150349","HSS-1043923"
"99982","HSS-8019533"
"113767","HSS-1044886"
"128683","HSS-8073679"
"84035","HSS-8082652"
"7571","HSS-8021688"
"138755","HSS-8069304"
"257595","HSS-8093658"
"188234","HSS-8067900"
"250970","HSS-1049774"
"24259","HSS-8071536"
"47184","HSS-8071531"
"234158","HSS-1045932"
"229118","HSS-8084057"
"273048","HSS-8096113"
"91044","HSS-8067125"
"179434","HSS-8067124"
"203018","HSS-8062164"
"237452","HSS-8086957"
"237391","HSS-8088297"
"97134","HSS-8078097"
"47403","HSS-8060536"
"65015","HSS-8062316"
"125296","HSS-8069365"
"98876","HSS-8081689"
"248250","HSS-1048374"
"184898","HSS-1975588"
"234708","HSS-8086582"
"135358","HSS-8067092"
"238302","HSS-8088225"
"166417","C008248"
"69394","HSS-1040157"
"245932","HSS-1111197"
"78031","HSS-1042841"
"237372","HSS-8087694"
"118578","HSS-1024184"
"153447","HSS-8066031"
"143091","HSS-8066033"
"159920","HSS-8072087"
"136136","HSS-8067056"
"95064","HSS-8076434"
"239734","HSS-8089410"
"233895","HSS-8085308"
"235099","HSS-8089411"
"229704","HSS-8084098"
"34595","HSS-8081706"
"53967","HSS-8081428"
"12958","HSS-8066224"
"236890","HSS-8087721"
"96445","HSS-8066245"
"157973","HSS-1040811"
"101364","HSS-8066226"
"202102","HSS-8075944"
"174732","HSS-1030713"
"150401","HSS-8076908"
"138683","HSS-8080563"
"36682","HSS-8074782"
"110669","HSS-8057927"
"144181","HSS-1039293"
"207193","HSS-8076943"
"109185","HSS-8071766"
"53841","HSS-1043722"
"84245","HSS-8026026"
"93310","HSS-8062317"
"84127","HSS-8060544"
"166224","HSS-1026451"
"34057","HSS-1043394"
"186917","HSS-1043077"
"48812","HSS-8077594"
"226509","HSS-8082911"
"232967","HSS-1045735"
"73188","HSS-8070920"
"49503","HSS-1973736"
"18884","HSS-8059061"
"230344","HSS-8082881"
"134975","HSS-1024233"
"91296","HSS-8067642"
"96630","HSS-8081682"
"230699","HSS-8085893"
"113359","HSS-1041281"
"188856","HSS-1041573"
"248917","HSS-1048191"
"121534","HSS-1035593"
"116563","HSS-8078101"
"228963","HSS-8088300"
"248477","HSS-8091651"
"233312","HSS-8089040"
"99546","HSS-1038735"
"180530","HSS-1036438"
"282350","HSS-8096718"
"257795","HSS-1110348"
"72290","HSS-8015687"
"48568","HSS-8013274"
"257452","HSS-8094301"
"257542","HSS-8094468"
"263505","HSS-8094780"
"248362","HSS-8091959"
"272917","HSS-8095604"
"257496","HSS-8094615"
"257874","HSS-8094300"
"246051","HSS-1047716"
"178428","HSS-8081444"
"159067","HSS-1038432"
"279644","HSS-8096343"
"249116","HSS-1048163"
"250443","HSS-8090640"
"250667","HSS-8090945"
"178299","HSS-8079099"
"267122","HSS-8096156"
"261864","HSS-8096163"
"266815","HSS-8096153"
"267198","HSS-8096164"
"266938","HSS-8096167"
"104236","HSS-8068946"
"40945","HSS-8068950"
"40041","HSS-8068951"
"71130","HSS-8066875"
"74331","HSS-8066879"
"27830","HSS-8066878"
"32764","HSS-8068944"
"123054","HSS-8074907"
"192259","HSS-8068953"
"40320","HSS-8074908"
"174400","HSS-8066873"
"70171","HSS-8068947"
"267108","HSS-8096155"
"235839","HSS-1046932"
"175293","HSS-8081996"
"97089","HSS-1991923"
"279657","HSS-8096335"
"194218","HSS-1043057"
"247176","HSS-1047794"
"104119","HSS-8078255"
"206122","HSS-8025966"
"52219","HSS-8078261"
"247162","HSS-1047816"
"47082","HSS-8025245"
"233140","HSS-8094865"
"233166","HSS-8094879"
"35389","HSS-1040998"
"11901","HSS-8082086"
"169392","HSS-8078518"
"198799","HSS-8081041"
"127102","HSS-8074033"
"227557","HSS-8082644"
"64141","HSS-1041974"
"244585","HSS-8090547"
"244846","HSS-8090548"
"35420","HSS-8074419"
"198518","HSS-8059983"
"36674","HSS-8077903"
"273888","HSS-8094911"
"230403","HSS-8089906"
"157206","HSS-1970699"
"230864","HSS-8083702"
"22457","HSS-1038427"
"205839","HSS-8081439"
"254249","HSS-1110081"
"59405","HSS-8067356"
"198663","HSS-8067381"
"146583","HSS-8067358"
"49146","HSS-8067379"
"160535","HSS-8067380"
"238881","HSS-8088998"
"17618","HSS-8067382"
"129792","HSS-8067373"
"18377","HSS-8060336"
"132373","HSS-1044469"
"170177","HSS-8068734"
"4517","HSS-8068737"
"40644","HSS-8068735"
"14263","HSS-8068736"
"128711","HSS-1960952"
"273083","HSS-8094945"
"228246","HSS-8082824"
"251217","HSS-8092590"
"280853","HSS-8096700"
"28101","HSS-1038431"
"241738","HSS-8088668"
"52274","HSS-1040602"
"247093","HSS-8089672"
"187874","HSS-1043423"
"236543","HSS-1047107"
"254267","HSS-1904950"
"178617","HSS-1033145"
"236867","HSS-8087444"
"234139","HSS-8086406"
"235591","HSS-8087013"
"235382","HSS-8088075"
"5397","HSS-8074190"
"70123","HSS-8015837"
"141895","HSS-8079141"
"149142","HSS-8079126"
"15667","HSS-8081670"
"159392","HSS-8081668"
"239826","HSS-8085886"
"196078","HSS-8026503"
"157123","HSS-1040025"
"193589","HSS-8076188"
"16039","HSS-8067634"
"89616","HSS-8026505"
"38495","C21525M003"
"55446","HSS-1979443"
"59186","HSS-1044520"
"229941","HSS-8083431"
"229716","HSS-8084255"
"97384","HSS-8066889"
"234560","HSS-1997598"
"114824","HSS-8080834"
"249850","HSS-1048463"
"249846","HSS-1048464"
"269203","HSS-8096266"
"55925","HSS-8075142"
"228653","HSS-8084835"
"78793","HSS-8075138"
"233927","HSS-8085317"
"63346","HSS-8075145"
"157014","HSS-8073117"
"150436","HSS-8075351"
"667","HSS-8061927"
"37530","HSS-8061926"
"62705","HSS-8062145"
"257600","HSS-1110352"
"77608","HSS-8073887"
"143211","HSS-8079331"
"55226","HSS-8077377"
"202392","HSS-8079329"
"99675","HSS-8079322"
"141335","HSS-8079326"
"88646","HSS-8079325"
"62091","HSS-8079330"
"56422","HSS-8079327"
"47843","HSS-8079324"
"112601","HSS-8079328"
"233581","HSS-1045880"
"152551","HSS-8066214"
"109378","HSS-8066233"
"157764","HSS-8066229"
"106798","HSS-1973678"
"45287","HSS-1973677"
"203013","HSS-1973959"
"85942","HSS-1973681"
"113432","HSS-1973730"
"136227","HSS-8062366"
"226502","HSS-8082796"
"15329","HSS-1041113"
"180149","HSS-8027129"
"7093","HSS-8018850"
"269207","HSS-8096211"
"230853","HSS-8084091"
"238133","HSS-1046203"
"46308","HSS-8058642"
"245543","HSS-1047647"
"257776","HSS-8094443"
"156388","HSS-1025177"
"246026","HSS-8089562"
"53017","HSS-8073691"
"105228","HSS-8070346"
"157089","HSS-1037837"
"173039","HSS-8066048"
"197477","HSS-8058391"
"234140","HSS-8086972"
"261763","HSS-8093161"
"261834","HSS-8093159"
"42855","HSS-1041687"
"96792","HSS-1974211"
"247070","HSS-8089418"
"125920","HSS-8065846"
"257441","HSS-8094349"
"247523","HSS-8090643"
"247556","HSS-8090642"
"95414","HSS-8015314"
"253907","HSS-1049765"
"248130","HSS-1048874"
"62449","HSS-8067938"
"237558","HSS-8087962"
"267082","HSS-1111033"
"237165","HSS-1046684"
"267099","HSS-1111032"
"146518","HSS-8012371"
"55282","HSS-8073557"
"44449","HSS-8065888"
"152803","HSS-8078657"
"130800","HSS-8027715"
"82331","HSS-8081697"
"238823","HSS-1046982"
"141894","HSS-1973606"
"229264","HSS-8082828"
"156780","HSS-8026525"
"135320","HSS-1973566"
"94195","HSS-8080155"
"45431","HSS-1070478"
"250462","HSS-1904981"
"249661","HSS-1904930"
"248234","HSS-1904929"
"51455","HSS-8078635"
"20030","105018"
"131819","HSS-8065889"
"201234","HSS-8073545"
"130872","HSS-1044634"
"134061","105053"
"47543","105048"
"200351","105028"
"237289","HSS-8090756"
"28712","HSS-8027740"
"116167","HSS-1021298"
"162792","HSS-8069152"
"163425","HSS-8026024"
"136138","HSS-8069143"
"30915","HSS-8069149"
"178238","HSS-8069144"
"148896","HSS-8069142"
"87141","HSS-8069148"
"91252","HSS-8069145"
"39118","HSS-8069147"
"149763","HSS-8069155"
"128525","HSS-8057884"
"42623","HSS-1021441"
"33762","HSS-8057885"
"74072","HSS-8057893"
"150433","HSS-8057892"
"182283","HSS-8070931"
"239736","HSS-1046381"
"150634","HSS-8067329"
"228090","HSS-1045629"
"256788","HSS-8093057"
"36037","HSS-8065028"
"161927","HSS-8065024"
"21592","HSS-8067929"
"165749","HSS-8076666"
"71136","HSS-8067923"
"197965","HSS-8067928"
"225678","HSS-8082567"
"91452","HSS-8067930"
"30857","HSS-8067931"
"15626","HSS-8076657"
"14798","HSS-8076667"
"1962","HSS-8076668"
"225709","HSS-8082571"
"17491","HSS-8082566"
"235561","HSS-1047350"
"65315","HSS-8067932"
"14058","HSS-8076662"
"237460","HSS-1047349"
"194779","HSS-8067924"
"102598","HSS-8067927"
"118050","HSS-8067919"
"78955","HSS-8013662"
"225697","HSS-8082572"
"236506","HSS-8088283"
"250677","HSS-8091230"
"108242","HSS-1044510"
"225240","HSS-8083657"
"146674","HSS-1035910"
"272726","HSS-8095419"
"250809","HSS-8092490"
"85300","HSS-8076693"
"247126","HSS-1047792"
"245548","HSS-8089111"
"247743","HSS-8090004"
"247781","HSS-1047993"
"240595","HSS-1046731"
"240600","HSS-1046752"
"238946","HSS-1047525"
"138563","HSS-8082011"
"240205","HSS-8086537"
"9626","HSS-1041636"
"273637","HSS-8095811"
"90821","HSS-1038404"
"125340","HSS-1038400"
"237182","HSS-1047233"
"70274","HSS-1038402"
"191429","HSS-8068908"
"234144","HSS-1046645"
"112147","HSS-1037436"
"249752","HSS-1048692"
"84752","HSS-8026630"
"156642","HSS-8071159"
"101038","C003182"
"177172","HSS-1042902"
"129257","HSS-1990612"
"93101","HSS-1990592"
"256827","HSS-1110675"
"110087","HSS-1038387"
"162798","HSS-8080803"
"146968","HSS-1037241"
"247801","HSS-8090745"
"110670","C003164"
"249429","HSS-8090762"
"83310","C003163"
"167676","HSS-8080588"
"59947","HSS-8076889"
"238196","HSS-1046729"
"247323","HSS-1048089"
"234078","HSS-8086413"
"253915","HSS-8092115"
"84536","HSS-8066401"
"192986","HSS-8067625"
"204077","HSS-8059996"
"227663","HSS-8082887"
"230315","HSS-8082894"
"228672","HSS-8082890"
"160081","HSS-8066348"
"72945","HSS-8070382"
"143467","HSS-8059974"
"185975","HSS-8067552"
"62424","HSS-8061168"
"71001","HSS-8070088"
"20059","HSS-8067550"
"60895","HSS-8059977"
"161281","HSS-8058039"
"229056","HSS-8082886"
"127798","HSS-1042124"
"120712","C17613M068"
"3925","HSS-8079834"
"236275","HSS-8088257"
"76021","HSS-8069121"
"83246","HSS-8058740"
"47482","HSS-8077832"
"237215","HSS-8088281"
"72143","HSS-8072326"
"236687","HSS-8088828"
"197341","HSS-1044218"
"257150","HSS-8095589"
"230883","HSS-8085610"
"62951","C003160"
"249461","HSS-8090771"
"249452","HSS-8090758"
"27184","C003161"
"49148","C003162"
"233288","HSS-8091709"
"141065","HSS-8077857"
"240199","HSS-8086132"
"100748","HSS-8068727"
"138169","HSS-8065182"
"147773","HSS-8074023"
"191374","HSS-8066642"
"227649","HSS-8093833"
"240543","HSS-8086590"
"240552","HSS-8086591"
"234714","HSS-8086588"
"238066","HSS-8086589"
"240573","HSS-8086587"
"230592","HSS-1045662"
"249441","HSS-8090760"
"70713","HSS-1042773"
"20916","HSS-8072533"
"247779","HSS-8091064"
"172636","HSS-1043733"
"257525","HSS-1110562"
"248079","HSS-8092489"
"185159","HSS-8076417"
"250812","HSS-8092615"
"80953","HSS-1044027"
"138464","HSS-8067905"
"96852","HSS-8067897"
"236207","HSS-1046686"
"184384","HSS-8071530"
"233579","HSS-1045879"
"123084","HSS-1042479"
"40946","HSS-8082055"
"250583","HSS-1049425"
"192489","HSS-1044007"
"86374","HSS-1036753"
"233339","HSS-1045756"
"248337","HSS-8091529"
"230357","HSS-1045112"
"196556","HSS-8071537"
"157787","HSS-1037596"
"187502","HSS-8069177"
"120175","HSS-1044869"
"11536","HSS-1029450"
"238953","HSS-8089112"
"84749","HSS-8018794"
"69372","HSS-1041187"
"96811","HSS-1041188"
"228986","HSS-8082296"
"240554","HSS-1998543"
"189143","HSS-1042512"
"173503","HSS-1038441"
"256390","HSS-1111333"
"256346","HSS-1111332"
"249670","HSS-8091521"
"234120","HSS-8085045"
"237493","HSS-1047123"
"89707","HSS-1973611"
"158321","HSS-8067132"
"78683","HSS-8059596"
"120188","HSS-1043522"
"186794","HSS-8076674"
"229576","HSS-8065785"
"111110","HSS-1044320"
"88972","HSS-8066567"
"188870","HSS-8079323"
"182599","HSS-8060982"
"227389","HSS-8082914"
"150538","HSS-1017782"
"225097","HSS-8084036"
"47602","HSS-8078085"
"38823","HSS-8078089"
"241733","HSS-8088301"
"236992","HSS-1047069"
"43177","HSS-8058304"
"229901","HSS-8084325"
"37615","HSS-8068724"
"142030","HSS-8068723"
"50959","HSS-8068726"
"108000","HSS-1019951"
"104605",""
"265809","HSS-8092850"
"152192","HSS-1019943"
"61320","HSS-8081418"
"155339",""
"237722","HSS-8087178"
"57675","HSS-8069342"
"10492","HSS-1033364"
"67286","HSS-8068962"
"191405","C004606"
"253919","HSS-8092280"
"241703","HSS-1046631"
"154501","HSS-8060574"
"160399","C004635"
"105875","C004626"
"30879","C004607"
"135548","C004605"
"158492","HSS-8067349"
"170576","HSS-8076695"
"3291","HSS-8026186"
"146775","HSS-8021811"
"248124","HSS-8091523"
"198786","HSS-1990609"
"240624","HSS-1998428"
"249834","HSS-8091380"
"235973","HSS-8087505"
"60797","HSS-8022682"
"159068","HSS-1039341"
"5360","HSS-8073538"
"153115","HSS-8078330"
"97378","HSS-8069793"
"68443","HSS-1035397"
"238799","HSS-1047361"
"201769","HSS-8069800"
"167919","HSS-1041696"
"51319","HSS-8076928"
"74571","HSS-8069801"
"45747","HSS-8068264"
"62527","HSS-8075447"
"87522","HSS-8069794"
"108098","HSS-8068258"
"36412","HSS-8075442"
"33960","HSS-8075446"
"17560","HSS-8071161"
"229537","HSS-8084277"
"238955","HSS-8089163"
"102883","HSS-8079347"
"228654","HSS-8084625"
"41735","HSS-8066556"
"230459","HSS-8084628"
"230409","HSS-8082867"
"257791","HSS-1111310"
"117295","HSS-1990621"
"49079","HSS-1036543"
"74937","HSS-8079632"
"179778","HSS-1990616"
"257857","HSS-1111311"
"115144","HSS-8076635"
"46895","HSS-8073657"
"247288","HSS-8090349"
"167718","HSS-8077386"
"53570","HSS-1042282"
"234012","HSS-8085015"
"204666","HSS-8075444"
"106145","HSS-8070914"
"50031","HSS-8070917"
"125542","HSS-8076927"
"133124","HSS-8070918"
"126432","HSS-8070919"
"161555","HSS-8075443"
"79548","HSS-8070915"
"137665","HSS-8059668"
"79605","HSS-8066066"
"31717","HSS-8068260"
"233995","HSS-8085007"
"233897","HSS-8085009"
"233958","HSS-8085016"
"134137","HSS-1040939"
"127534","HSS-1045245"
"176022","HSS-1044357"
"468","HSS-1044243"
"161005","HSS-1044245"
"73006","HSS-1044241"
"103990","HSS-1044239"
"128196","HSS-1044247"
"234125","HSS-8085014"
"55403","HSS-8059327"
"36282","HSS-8065834"
"257540","HSS-1111322"
"236550","HSS-1048082"
"238948","HSS-1047596"
"257238","HSS-1111346"
"138365","HSS-1035213"
"244788","HSS-8091450"
"9276","HSS-8066021"
"244847","HSS-8090536"
"244789","HSS-8091451"
"228385","HSS-8085861"
"1851","HSS-1042148"
"151619","HSS-8079097"
"178435","HSS-8071194"
"48245","HSS-8071195"
"196996","HSS-8067402"
"233994","HSS-8085047"
"108714","HSS-8012626"
"2701","HSS-8016910"
"183029","HSS-1014718"
"178105","HSS-8012244"
"32599","HSS-1036640"
"81550","HSS-1015290"
"47527","HSS-1990610"
"55343","HSS-8073514"
"229965","HSS-1045225"
"49162","HSS-1036612"
"87188",""
"250980","HSS-1049968"
"203811","HSS-8026173"
"227737","HSS-8084607"
"254286","HSS-1904976"
"202859","HSS-1044097"
"225187","HSS-8083648"
"142666","HSS-1032453"
"135840","HSS-1034416"
"233292","HSS-8089297"
"55333","HSS-8077316"
"37607","HSS-8077340"
"49683","HSS-8077323"
"178157","HSS-8077350"
"52824","HSS-8077324"
"241734","HSS-8087051"
"90438","HSS-8074192"
"228455","HSS-8084803"
"256909","HSS-8093178"
"251220","HSS-8092620"
"118321","HSS-1040840"
"191605","HSS-1044274"
"256931","HSS-8093006"
"55634","HSS-8066628"
"73600","HSS-8066639"
"250473","HSS-1049339"
"150826","HSS-1039604"
"18971","HSS-8072539"
"162744","HSS-8066626"
"119489","HSS-8066644"
"195882","HSS-8066640"
"249814","HSS-8091066"
"200339","HSS-8072915"
"110946","HSS-8074777"
"249833","HSS-8091065"
"201797","HSS-8072538"
"144636","HSS-8072536"
"237642","HSS-8087516"
"113270","HSS-8072916"
"236863","HSS-8087515"
"235781","HSS-8087517"
"257434","HSS-1049355"
"139020","HSS-8066638"
"70173","HSS-8066643"
"237925","HSS-8087514"
"115578","HSS-8066637"
"22229","HSS-8072917"
"124395","HSS-8066641"
"136456","HSS-8072532"
"250468","HSS-1049338"
"120412","HSS-8066627"
"234080","HSS-8085277"
"62040","HSS-8060998"
"237387","HSS-8087934"
"237406","HSS-8087935"
"236392","HSS-8087936"
"15019","HSS-1042428"
"176638","HSS-8026811"
"7953","HSS-8058323"
"74765","HSS-8058321"
"261829","HSS-8092443"
"232825","HSS-8092427"
"22117","HSS-8073536"
"119623","HSS-8014607"
"234119","HSS-8086540"
"246017","HSS-8089496"
"234710","HSS-8086544"
"256828","HSS-8092883"
"238999","HSS-1046929"
"130113","HSS-8068965"
"234142","HSS-8086159"
"235560","HSS-1047270"
"159660","HSS-8065022"
"238885","HSS-1047551"
"257484","HSS-1110946"
"196987","HSS-8077180"
"70877","HSS-1028526"
"249558","HSS-8091238"
"12986","HSS-8069119"
"236774","HSS-1047990"
"225686","HSS-8082561"
"188351","HSS-8072115"
"103044","HSS-8082551"
"236500","HSS-1047067"
"248320","HSS-8091714"
"249567","HSS-8091715"
"147130","HSS-8076638"
"238894","HSS-8088992"
"137447","HSS-8076636"
"19587","HSS-8076643"
"195952","HSS-8076630"
"90172","HSS-8076641"
"183608","HSS-8076631"
"72996","HSS-8076626"
"14807","HSS-8076624"
"36441","HSS-8076645"
"119156","HSS-8076625"
"176371","HSS-8076627"
"139079","HSS-8076629"
"29908","HSS-8076634"
"120742","HSS-8076640"
"240187","HSS-8086523"
"199054","HSS-8076633"
"1909","HSS-8076628"
"238272","HSS-8086519"
"240550","HSS-8086518"
"97130","HSS-8073272"
"225719","HSS-8082663"
"226516","HSS-8082547"
"53614","HSS-8077831"
"140019","HSS-1039899"
"257608","HSS-1110908"
"56129","HSS-8022688"
"234073","HSS-8086121"
"105278","HSS-1044008"
"61557","HSS-8078442"
"240574","HSS-8086543"
"71376","HSS-8060525"
"73733","HSS-1040175"
"198264","HSS-8071450"
"246013","HSS-8089498"
"115982","HSS-8060523"
"246021","HSS-8089497"
"192224","HSS-1040183"
"40188","HSS-8067097"
"193908","HSS-1040195"
"100593","HSS-8060524"
"2276","HSS-1040168"
"122779","HSS-1040184"
"8237","HSS-1040182"
"135943","HSS-1040177"
"84762","HSS-8058381"
"175758","HSS-8061880"
"60817","HSS-8075356"
"200353","HSS-8059629"
"250910","HSS-8092316"
"61821","HSS-1040496"
"228005","HSS-8084537"
"60980","HSS-8077379"
"83022","HSS-8077385"
"228590","HSS-8084541"
"144439","HSS-8072543"
"112396","HSS-8072542"
"85412","HSS-8077313"
"2805","HSS-8077311"
"188632","HSS-8077307"
"65838","HSS-8077382"
"26195","HSS-8077304"
"21259","HSS-8077312"
"47957","HSS-8077384"
"8948","HSS-8068959"
"124988","HSS-1964225"
"3094","HSS-1960758"
"229887","HSS-8084544"
"229150","HSS-8084539"
"238805","HSS-8089265"
"68235","HSS-8077310"
"65906","HSS-8077309"
"71486","HSS-8077381"
"180128","HSS-8068957"
"166724","HSS-8077308"
"53704","HSS-8077380"
"229359","HSS-8084538"
"81104","HSS-8072545"
"146917","HSS-8072540"
"138866","HSS-8072547"
"225693","HSS-1045018"
"235789","HSS-8089263"
"196847","HSS-8068958"
"227768","HSS-8084543"
"37718","HSS-8072541"
"197322","HSS-8072546"
"230216","HSS-8084540"
"185239","HSS-8068956"
"157238","HSS-8072544"
"907","HSS-8067549"
"237505","HSS-8088287"
"169590","HSS-8077864"
"93681","HSS-1043780"
"159998","HSS-8077838"
"42398","HSS-1038386"
"198383","HSS-1038385"
"235550","HSS-1047213"
"137432","HSS-8078615"
"233918","HSS-8085269"
"130056","HSS-8067378"
"150365","HSS-8076193"
"247171","HSS-8089913"
"168679","HSS-8019872"
"80946","HSS-1990598"
"125461","HSS-8073309"
"115518","HSS-8071489"
"151574","HSS-8067969"
"198966","HSS-8073311"
"147499","HSS-8067973"
"4428","HSS-8076689"
"88454","HSS-1042526"
"232043","HSS-1045632"
"239052","HSS-1046304"
"233553","HSS-1045812"
"177858","HSS-8011566"
"235770","HSS-1047328"
"37576","HSS-8071526"
"257632","HSS-1110346"
"235837","HSS-8086954"
"179271","HSS-1040379"
"27615","HSS-8077825"
"257879","HSS-1110344"
"60641","HSS-8072114"
"252780","HSS-8091240"
"225103","HSS-8084033"
"225092","HSS-8084038"
"72636","HSS-8078121"
"114173","HSS-8073297"
"43121","HSS-8067894"
"87771","HSS-1043198"
"76213","HSS-8016477"
"3358","HSS-8016208"
"133123","HSS-8074618"
"240992","HSS-8085858"
"58343","HSS-8072743"
"233602","HSS-1046513"
"69595","HSS-8072741"
"248333","HSS-1049136"
"11550","HSS-8076190"
"91034","HSS-1038909"
"48599","HSS-8065664"
"230704","HSS-8085913"
"237498","HSS-8088473"
"238981","HSS-8087188"
"236194","HSS-8088827"
"92478","HSS-8079614"
"250797","HSS-1049979"
"250795","HSS-1049978"
"70455","HSS-8067351"
"156920","HSS-8072596"
"102716","HSS-8072597"
"133890","HSS-8072588"
"4083","HSS-8072595"
"57790","HSS-8074873"
"247292","HSS-8090360"
"236471","HSS-8087530"
"43609","HSS-8074952"
"130962","HSS-8072586"
"32951","HSS-8072593"
"92802","HSS-8074951"
"127718","HSS-8072594"
"53340","HSS-8072591"
"29596","HSS-8072589"
"234701","HSS-1046908"
"111050","HSS-8076696"
"238815","HSS-1046891"
"238856","HSS-1046893"
"239000","HSS-1046872"
"238844","HSS-1046896"
"117752","HSS-8076698"
"225713","HSS-8082562"
"84454","HSS-1039509"
"206580","HSS-8076701"
"235764","HSS-1047004"
"88189","HSS-8060546"
"159861","HSS-1973686"
"238816","HSS-1046865"
"229203","HSS-8084015"
"238966","HSS-1046928"
"65939","HSS-8062312"
"111772","HSS-8080080"
"87950","HSS-8071505"
"120984","HSS-8067874"
"196506","HSS-8071478"
"248490","HSS-1049193"
"247798","HSS-8090743"
"150713","HSS-8067059"
"150747","HSS-8082605"
"138798","HSS-8072086"
"92917","HSS-8066236"
"141434","HSS-8067048"
"102914","HSS-8072100"
"72687","HSS-1043648"
"124492","HSS-8072097"
"96018","HSS-1035857"
"28341","HSS-8076429"
"23399","HSS-8072083"
"148582","HSS-8072084"
"20358","HSS-8076436"
"114806","HSS-8077346"
"32475","HSS-8075170"
"206326","HSS-1024387"
"94500","HSS-8074230"
"228193","HSS-8083856"
"73167","HSS-8076441"
"238962","HSS-1046985"
"250722","HSS-1048460"
"118508","HSS-8067883"
"132236","HSS-8068202"
"156886","HSS-8070386"
"44680","HSS-8068486"
"93988","HSS-1040381"
"149708","HSS-8059803"
"238806","HSS-1047387"
"248246","HSS-1048520"
"92550","HSS-8075350"
"119515","HSS-1038389"
"38242","HSS-8070389"
"23965","HSS-1041079"
"90784","HSS-1044507"
"10425","HSS-8073109"
"52694","HSS-8067560"
"9265","HSS-8076141"
"14273","HSS-1012042"
"254076","HSS-1049379"
"250703","HSS-1048328"
"235783","HSS-1047066"
"29972","HSS-8069610"
"103066","HSS-8068489"
"237870","HSS-1047364"
"109499","HSS-1040364"
"167181","HSS-1040382"
"80398","HSS-8025206"
"236895","HSS-8087473"
"248310","HSS-1048808"
"94295","HSS-1044377"
"238045","HSS-8087472"
"237864","HSS-8087470"
"237817","HSS-8087471"
"108566","HSS-1960764"
"68204","HSS-8075904"
"134857","HSS-8082005"
"83577","HSS-8066352"
"37092","HSS-8072742"
"230887","HSS-8084279"
"134910","HSS-8015910"
"20573","HSS-8065851"
"172530","HSS-8062305"
"62887","HSS-8060539"
"248500","HSS-1049282"
"125468","HSS-8026653"
"190167","HSS-1040875"
"160538","HSS-8066356"
"143060","HSS-8026675"
"18276","HSS-8070390"
"79267","HSS-8068523"
"70867","HSS-1042266"
"165917","HSS-8077809"
"30922","HSS-8077812"
"103062","HSS-8077816"
"26035","HSS-8077811"
"76986","HSS-8022547"
"145083","HSS-8074639"
"11846","HSS-1026482"
"167916","HSS-8067554"
"233342","HSS-1045758"
"238888","HSS-1047584"
"238833","HSS-8087262"
"33238","HSS-1042855"
"103872","HSS-1043122"
"227718","HSS-8082820"
"229805","HSS-8082817"
"227401","HSS-8082815"
"110641","HSS-8069341"
"241736","HSS-8086958"
"18509","HSS-8078116"
"248082","HSS-8091514"
"254089","HSS-1049365"
"237257","HSS-8088474"
"247294","HSS-1048083"
"109121","PC076166"
"234707","HSS-8086624"
"66476","HSS-8068488"
"229600","HSS-8084027"
"236857","HSS-8087490"
"231030","HSS-8085611"
"249414","HSS-8090759"
"230852","HSS-8085608"
"235980","HSS-8087493"
"249832","HSS-8090770"
"249810","HSS-8090785"
"230958","HSS-8085620"
"87214","HSS-8061669"
"13178","HSS-8069559"
"18106","HSS-8025220"
"24981","HSS-8065842"
"136040","HSS-8065863"
"48800","HSS-1039447"
"132122","HSS-1034640"
"107568","HSS-8059816"
"84449","HSS-8026621"
"151387","HSS-8013531"
"172806","HSS-8066353"
"111584","HSS-8067601"
"66159","HSS-8069344"
"22079","HSS-1042217"
"90145","HSS-8026664"
"189511","HSS-8067355"
"58068","HSS-8072729"
"34381","HSS-8078677"
"173745","HSS-8067369"
"163768","HSS-1036007"
"125847","HSS-8059811"
"65539","HSS-1024009"
"234719","HSS-8086563"
"236700","HSS-8087933"
"56653","HSS-1991920"
"205999","HSS-1039603"
"112050","HSS-8025232"
"181598","HSS-1041646"
"126546","HSS-8077188"
"117160","HSS-8078332"
"236908","HSS-8088682"
"167570","HSS-8075750"
"197853","HSS-8070392"
"239811","HSS-8086131"
"234081","HSS-8085280"
"239772","HSS-8085912"
"234059","HSS-8086337"
"236329","HSS-8087760"
"196796","HSS-8025815"
"249602","HSS-8091710"
"237258","HSS-8088502"
"235825","HSS-8088503"
"101643","HSS-1039113"
"236383","HSS-8088504"
"199567","HSS-1041639"
"39972","HSS-8072890"
"195483","HSS-8072889"
"18537","HSS-8059176"
"31772","HSS-8064839"
"32957","HSS-8072891"
"202661","HSS-1044724"
"230554","HSS-8084589"
"228645","HSS-8084564"
"111497","HSS-8065355"
"198423","HSS-1992424"
"60275","HSS-1992423"
"63566","HSS-1992422"
"143376","HSS-1992421"
"21365","HSS-1992420"
"48202","HSS-1044424"
"201837","HSS-8079094"
"199347","HSS-1992419"
"235416","HSS-8088832"
"189386","HSS-1028353"
"112838","HSS-1028506"
"176470","HSS-1026810"
"235389","HSS-8088833"
"113382","HSS-8013933"
"157609","HSS-1028505"
"66793","HSS-1044880"
"241740","HSS-8088451"
"248128","HSS-8091650"
"51425","HSS-8073277"
"77147","HSS-1046190"
"43688","HSS-1032377"
"50966","HSS-8073287"
"207406","HSS-8073288"
"232779","HSS-8086773"
"170169","HSS-1042436"
"248312","HSS-1048691"
"62414","C003906"
"225164","HSS-8083884"
"11066","HSS-1042427"
"175804","HSS-8068212"
"229177","HSS-8084809"
"83264","HSS-8073393"
"250501","HSS-1048603"
"138196","HSS-8071503"
"76322","HSS-8071506"
"58334","HSS-1037295"
"197528","HSS-1043857"
"112020","HSS-1043935"
"251225","HSS-1048629"
"251224","HSS-1048628"
"159623","HSS-8072358"
"122896","HSS-8080752"
"174047","HSS-8061734"
"245535","HSS-8089134"
"46659","HSS-8060567"
"166687","HSS-8082565"
"29340","HSS-1042518"
"169609","HSS-1042525"
"161084","HSS-8069785"
"250752","HSS-1048456"
"21993","HSS-8060573"
"18295","HSS-1988140"
"250735","HSS-1048272"
"87892","HSS-1973642"
"110713","104986"
"180694","C002428"
"181526","HSS-8059168"
"27930","HSS-8068904"
"133598","C003945"
"133084","C004080"
"91679","C004081"
"148115",""
"26768","HSS-8067870"
"10957","HSS-8068150"
"105229","HSS-1988126"
"237396","HSS-8088071"
"126250","C003757"
"123019","C003750"
"183970","HSS-8071785"
"202261","HSS-8080494"
"13794","HSS-8080491"
"179813","HSS-8080495"
"133169","HSS-8080499"
"230328","HSS-8084805"
"93176","HSS-8080492"
"105212","HSS-8080493"
"91678","HSS-8024201"
"59916","HSS-1964293"
"225647","HSS-8084804"
"236115","HSS-8088816"
"236559","HSS-8088818"
"119203","HSS-8068152"
"62206","HSS-8071199"
"150413","HSS-8071200"
"150002","HSS-8071204"
"186081","HSS-8068157"
"96054","HSS-8068160"
"74731","HSS-8068161"
"137506","HSS-8068159"
"57319","HSS-8071203"
"174164","HSS-8018033"
"19458","HSS-8068162"
"34963","HSS-8068158"
"85207","HSS-1016269"
"69605","HSS-1040285"
"171235","HSS-8071209"
"36997","HSS-8071205"
"92706","C002263"
"229931","HSS-8085035"
"246086","HSS-1047727"
"246067","HSS-1047730"
"32839","HSS-1024253"
"186205","HSS-8070354"
"41665","HSS-1042406"
"240327","HSS-8086985"
"237729","HSS-8087058"
"239804","HSS-8087057"
"121811","HSS-8067040"
"10768","HSS-1032357"
"138737","HSS-1044364"
"227798","HSS-8084055"
"73835","HSS-1034417"
"50450","HSS-8064991"
"8745","HSS-8025748"
"164459","HSS-8066629"
"229690","HSS-8084565"
"228607","HSS-8084568"
"230205","HSS-8084588"
"229213","HSS-8084550"
"144550","HSS-8084558"
"228699","HSS-8084547"
"225155","HSS-8084562"
"228774","HSS-8084570"
"230163","HSS-8084555"
"229218","HSS-8084553"
"225172","HSS-8084561"
"228321","HSS-8084551"
"27453","HSS-8080291"
"45887","HSS-1030866"
"97670","HSS-1041613"
"189905","HSS-8072906"
"153417","HSS-8072904"
"3834","HSS-8079350"
"190494","HSS-8079343"
"151216","HSS-8079351"
"142779","HSS-1036538"
"134159","HSS-1041982"
"58474","HSS-1043950"
"70453","HSS-1044016"
"22123","HSS-8084554"
"191302","HSS-1044890"
"86217","HSS-1044891"
"165596","HSS-8066631"
"16307","HSS-8079353"
"99673","HSS-8079354"
"167267","HSS-8066632"
"71006","HSS-8079386"
"45754","HSS-8065004"
"70991","HSS-8065006"
"152569","HSS-8079344"
"100343","HSS-8065021"
"180886","HSS-8079384"
"168053","HSS-1030906"
"198497","HSS-8014311"
"136274","HSS-8065025"
"122566","HSS-8065014"
"120160","HSS-8065027"
"67843","HSS-8065018"
"37503","HSS-8065026"
"119434","HSS-8065020"
"124550","HSS-8072908"
"94949","HSS-8079345"
"193981","HSS-8072909"
"75862","HSS-8072907"
"187268","HSS-8065023"
"33868","HSS-8079348"
"117534","HSS-8079349"
"69348","HSS-8072905"
"151904","HSS-8079352"
"1903","HSS-8016919"
"156045","HSS-8065328"
"99055","HSS-8071172"
"40174","HSS-8025376"
"156125","HSS-1034524"
"96816","HSS-8068213"
"124688","HSS-8071751"
"120894","HSS-8068211"
"38921","HSS-8071174"
"151832","HSS-8073385"
"85147","HSS-8073387"
"184399","HSS-8075875"
"28381","HSS-1940663"
"173899","HSS-8075877"
"138190","HSS-8071219"
"101879","HSS-1990587"
"134435","HSS-8075881"
"59243","HSS-8059480"
"114373","HSS-8068214"
"206352","HSS-1038566"
"230158","HSS-1045059"
"152816","HSS-1042853"
"144324","HSS-8073271"
"173682","HSS-8068532"
"37944","HSS-1043844"
"167722","HSS-8062137"
"234054","HSS-8085249"
"233947","HSS-8085252"
"170706","HSS-8076920"
"133542","HSS-8075370"
"118823","HSS-1042364"
"61448","HSS-8079926"
"18920","HSS-8067889"
"67671","HSS-8069356"
"9203","HSS-8072348"
"195481","HSS-1992521"
"123150","HSS-1961414"
"225196","HSS-1045395"
"11208","HSS-1990618"
"133492","HSS-1040498"
"162386","HSS-8076664"
"101259","HSS-8076655"
"45892","HSS-1990613"
"233601","HSS-1045890"
"79688","HSS-8018983"
"84977","HSS-8026146"
"88773","HSS-8081699"
"234152","HSS-8086398"
"233920","HSS-8086366"
"98123","HSS-8067099"
"8824","HSS-8067926"
"168476","HSS-8082569"
"183284","HSS-8067922"
"170987","HSS-1043954"
"176071","HSS-1990633"
"135586","HSS-1940661"
"79045","HSS-1990617"
"17718","HSS-1990614"
"6395","HSS-1990607"
"154132","HSS-1990604"
"136758","HSS-8067896"
"238845","HSS-1046892"
"116751","HSS-1043842"
"132482","HSS-8080152"
"192323","HSS-1041209"
"137913","HSS-1041212"
"52353","HSS-1041210"
"189705","HSS-1042140"
"183470","HSS-8010237"
"231019","HSS-1045607"
"60198","HSS-1038563"
"239504","HSS-8085335"
"112254","HSS-1022542"
"234134","HSS-8086364"
"184467","HSS-1043120"
"226498","HSS-8082578"
"196570","HSS-8082590"
"198113","HSS-8080085"
"30785","HSS-8069580"
"172324","HSS-8068505"
"150408","HSS-8060613"
"230460","HSS-8084246"
"226694","HSS-8084252"
"226680","HSS-8084251"
"231090","HSS-8084249"
"226690","HSS-8084250"
"42997","HSS-8024804"
"61274","HSS-8080527"
"142490","HSS-8062177"
"1484","HSS-1045009"
"162379","HSS-8075168"
"65683","HSS-8065647"
"204712","HSS-8012977"
"206257","HSS-8077153"
"59275","HSS-1968253"
"83890","HSS-8065895"
"171961","HSS-8066599"
"40611","C005204"
"126059","HSS-8066598"
"160976","HSS-8003302"
"32929","HSS-8072924"
"20096","HSS-8072919"
"199167","HSS-8069999"
"58193","HSS-8025534"
"195686",""
"144535",""
"15342",""
"131671",""
"182537",""
"188300",""
"3306",""
"9853","C002648"
"156027","HSS-1012963"
"187525","HSS-8072921"
"229493","HSS-8083197"
"145984","HSS-8079402"
"12659","HSS-8069613"
"89437","HSS-1964264"
"14836","HSS-1043203"
"229490","HSS-1045241"
"66761","HSS-8068883"
"161795","HSS-8068886"
"117883","HSS-8068882"
"38239","HSS-1044878"
"47163","HSS-8013574"
"155641","HSS-8070825"
"228173","HSS-8085027"
"20861","HSS-8072592"
"228351","HSS-8084326"
"28535","HSS-1042219"
"22710","HSS-1030875"
"1365","HSS-1042066"
"156360","HSS-8081411"
"138551","HSS-8073727"
"76681","HSS-8073069"
"64160","HSS-8078671"
"20410","HSS-1042777"
"195600","HSS-8073076"
"147132","HSS-8078676"
"197067","HSS-1045244"
"229525","HSS-1045243"
"230023","HSS-1045224"
"180078","C018417"
"62319","HSS-1040837"
"65652","HSS-8073106"
"233944","HSS-8085267"
"37906","HSS-8075927"
"141649","HSS-1036641"
"75243","HSS-1040294"
"176390","HSS-8068484"
"233352","HSS-8084332"
"142182","HSS-8068893"
"8486","HSS-1043530"
"136970","HSS-8061723"
"105609","HSS-8078108"
"136668","HSS-8016648"
"38868","HSS-1040567"
"18147","HSS-1043664"
"230013","HSS-8084056"
"146219","HSS-8067377"
"159986","HSS-8071169"
"28499","HSS-8067374"
"229384","HSS-1045117"
"68683","HSS-8059289"
"135413","HSS-8059292"
"37748","HSS-8059284"
"133595","HSS-8025523"
"228596","HSS-8084621"
"206973","HSS-8059288"
"65833","HSS-8059291"
"229069","HSS-8084622"
"203624","HSS-8072508"
"227733","HSS-8084617"
"51722","HSS-1044716"
"101390","HSS-8079376"
"82638","HSS-8079373"
"143472","HSS-1036532"
"7288","HSS-8066634"
"191240","HSS-8018025"
"40182","HSS-1039741"
"92459","HSS-8079374"
"856","HSS-8057909"
"179077","HSS-8064860"
"106587","HSS-8079375"
"135262","HSS-8077383"
"174947","HSS-8017336"
"229298","HSS-8084024"
"23354","HSS-8072094"
"148948","HSS-8027552"
"225139","HSS-8083868"
"25327","HSS-8062349"
"16137","HSS-8060572"
"1855","HSS-8069327"
"22915","HSS-1018863"
"188744","HSS-1018861"
"147599","HSS-1990589"
"68599","HSS-1990595"
"226510","HSS-1045137"
"53741","HSS-1036606"
"116947","HSS-1041325"
"226493","HSS-8082905"
"140565","HSS-8067545"
"168415","HSS-1990600"
"124431","HSS-1041328"
"41284","HSS-8074188"
"150364","HSS-8076651"
"147924","HSS-8076648"
"71158","HSS-1043957"
"4560","HSS-1018353"
"86084","HSS-8068538"
"92883","HSS-1042288"
"99727","HSS-1043946"
"7512","HSS-1960815"
"45699","AO00002"
"229830","HSS-1045407"
"20357","HSS-7020859"
"64010","C009316"
"171790","HSS-8071525"
"113144","HSS-8072119"
"81965","HSS-8071435"
"49732","HSS-8071436"
"39973","HSS-8014149"
"85740","HSS-8067945"
"32988","HSS-8070341"
"31814","HSS-8066071"
"30843","HSS-1035922"
"26586","HSS-8066058"
"12373","HSS-8022679"
"1387","HSS-1038580"
"7312","HSS-8081414"
"226522","HSS-1045348"
"53576","HSS-1041009"
"137212","HSS-1040960"
"51843","HSS-8066061"
"105126","HSS-8070334"
"130715","HSS-1038529"
"55524","HSS-1038531"
"93930","HSS-1038719"
"197018","HSS-1038568"
"225278","HSS-1045329"
"229411","HSS-1045114"
"195911","HSS-1032040"
"94954","HSS-1042220"
"128715","HSS-1044025"
"225708","HSS-8082625"
"163101","HSS-1039342"
"83925","HSS-1042372"
"20711","HSS-8079135"
"107376","HSS-8079122"
"21994","HSS-1041721"
"12199","HSS-1041242"
"71101","HSS-1041238"
"22111","HSS-1043456"
"143724","HSS-1041241"
"156831","HSS-8014873"
"197237","HSS-1964305"
"27021","HSS-8069544"
"44096","HSS-8062351"
"169991","HSS-1038569"
"106204","HSS-1043144"
"40271","HSS-8073306"
"63929","HSS-8073307"
"158587","HSS-8073304"
"156510","HSS-8073303"
"225718","HSS-1045017"
"108348","HSS-8081416"
"84062","HSS-1044114"
"136694","HSS-1043213"
"93311","HSS-8076953"
"90229","HSS-8075381"
"155721","HSS-1042521"
"16745","HSS-8073130"
"172281","HSS-8069597"
"153173","HSS-8066062"
"108090","HSS-8066378"
"26825","HSS-8065366"
"99459","HSS-8007740"
"96602","HSS-8009169"
"84757","HSS-8018612"
"83148","HSS-8017854"
"80601","HSS-1035686"
"70543","HSS-8007151"
"48088","HSS-8015819"
"194664","HSS-8017331"
"189884","HSS-8010684"
"189395","HSS-8058036"
"154129","HSS-1015921"
"168828","HSS-1973728"
"128682","HSS-1973679"
"205566","HSS-1042656"
"126229","HSS-1973676"
"87846","HSS-1973646"
"68122","HSS-1973958"
"72749","HSS-1044939"
"103908","HSS-8075349"
"78204","HSS-1044864"
"27587","HSS-1044812"
"68609","HSS-8070871"
"88625","HSS-8061489"
"97078","HSS-8078151"
"141955","HSS-8078158"
"79883","HSS-8059325"
"85867","HSS-8078088"
"194190","HSS-8076925"
"42740","HSS-1044715"
"174894","HSS-1067382"
"161652","HSS-1039900"
"186662","HSS-8073105"
"68073","C009821"
"195411","HSS-1041214"
"180314","HSS-1037142"
"70932","HSS-8011939"
"40664","HSS-8060549"
"95501","HSS-1022017"
"179699","HSS-8070388"
"175625","HSS-8026652"
"172796","HSS-8058013"
"98527","HSS-1035003"
"82117","HSS-8017796"
"59867","HSS-8011195"
"3828","HSS-1034966"
"181148","HSS-1039773"
"23242","HSS-1036535"
"138763","C009082"
"168261","C004144"
"176269","HSS-1960810"
"95499","HSS-6001415"
"98700","HSS-6001401"
"125138","HSS-1960760"
"122014","HSS-6001523"
"157017","HSS-6001366"
"16328","HSS-1040844"
"16443","HSS-1973737"
"11564","HSS-8012656"
"35835","HSS-8076933"
"193444","HSS-8018250"
"142963","HSS-1042075"
"53631","HSS-1044380"
"151316","HSS-1043040"
"67787","HSS-8060568"
"54472","HSS-1026420"
"132009","HSS-1043400"
"198073","HSS-8079817"
"55993","HSS-8070574"
"198851","HSS-8014241"
"134570","HSS-8075435"
"131105","HSS-8071504"
"195615","HSS-8079120"
"204305","105085"
"110579","HSS-1015741"
"163814","HSS-1044228"
"49552","HSS-8060156"
"55307","HSS-8066355"
"152609","HSS-8072740"
"2324","HSS-8078322"
"96820","HSS-1032923"
"98313","HSS-1037480"
"77781","HSS-1960912"
"197180","HSS-8012686"
"121253","HSS-8014461"
"94274","HSS-1026723"
"133626","HSS-1026752"
"26145","HSS-8075704"
"62800","HSS-8070143"
"133829","HSS-8070145"
"137104","HSS-8073116"
"8482","HSS-8061170"
"192180","HSS-8070404"
"46983","HSS-8077621"
"83668","HSS-8076196"
"109881","HSS-8067636"
"132471","HSS-8067544"
"23471","HSS-8079182"
"51618","HSS-1040027"
"121482","HSS-8077545"
"101415","HSS-8066382"
"143479","HSS-8076125"
"96901","HSS-8058499"
"187419","HSS-8069611"
"49218","HSS-8067548"
"194073","HSS-8072725"
"140844","HSS-8068510"
"92748","HSS-1030508"
"40465","HSS-8026938"
"188785","HSS-8073529"
"159256","HSS-8026935"
"191904","HSS-1043433"
"47964","HSS-1039391"
"67748","HSS-8069601"
"15209","HSS-1040464"
"155335","HSS-1040057"
"9298","HSS-1034269"
"79910","HSS-8077547"
"111125","HSS-8026931"
"172390","HSS-8076907"
"47809","HSS-1043185"
"128904","HSS-8011535"
"54298","HSS-8070127"
"39220","HSS-8009795"
"83106","HSS-8018080"
"120559","HSS-8066380"
"116825","HSS-8016739"
"30144","HSS-1040633"
"126826","HSS-1113077"
"13483","HSS-1040601"
"136008","HSS-8026913"
"128920","HSS-1967598"
"57130","HSS-1960756"
"7761","HSS-8018640"
"164227","HSS-1036608"
"201127","HSS-8008190"
"194585","HSS-8018975"
"207089","HSS-8025825"
"197450","HSS-8014444"
"57484","HSS-8077541"
"187303","HSS-8077540"
"153995","HSS-8077538"
"54296","HSS-8069577"
"47017","HSS-8016745"
"26735","BCH-0100092"
"26225","HSS-1036941"
"19599","HSS-8017136"
"164330","HSS-8058502"
"152269","HSS-8066375"
"105221","HSS-8014258"
"65200","HSS-8067887"
"112579","HSS-8016211"
"80133","HSS-8026794"
"24598","HSS-8018086"
"14633","HSS-1042267"
"6700","HSS-1044022"
"64254","C002590"
"193312","C002539"
"173212","HSS-8069345"
"132868","HSS-8076142"
"50669","HSS-8070879"
"170050","HSS-8065156"
"17255","HSS-1043931"
"166661","HSS-1043932"
"41488","HSS-1043929"
"69067","HSS-1043933"
"16490","HSS-1043930"
"152793","HSS-1113081"
"152962","HSS-8058738"
"46555","HSS-8073683"
"37504","HSS-8073135"
"160959","HSS-8074428"
"192782","HSS-8026911"
"35696","C002593"
"55538","HSS-8026814"
"167847","HSS-8021700"
"61119","HSS-1012691"
"102482","HSS-1012689"
"193978","HSS-8077539"
"175526","HSS-1043667"
"154697","HSS-8059031"
"20579","HSS-8068196"
"59258","C018753"
"123173","HSS-8065168"
"117050","HSS-8070869"
"56072","HSS-8077341"
"115278","HSS-1958697"
"180063","HSS-8071738"
"95506","HSS-1043654"
"115039","HSS-8072085"
"27225","HSS-1043653"
"107843","HSS-8075358"
"26798","HSS-8075352"
"85313","HSS-1031477"
"77157","HSS-1043666"
"196702","HSS-8026649"
"151321","HSS-1037597"
"177312","HSS-8077542"
"179452","HSS-1043216"
"195172","HSS-1035168"
"118603","HSS-8075438"
"169103","HSS-8070898"
"126621","HSS-8059809"
"70770","HSS-8060193"
"107702","HSS-1043591"
"102608","HSS-1043587"
"182627","HSS-8018255"
"11317","HSS-1011596"
"206283","HSS-1043527"
"159305","HSS-1043539"
"51140","HSS-1043121"
"206272","HSS-1039014"
"160862","HSS-8069370"
"6915","HSS-8068470"
"53077","HSS-1039795"
"182906","HSS-8059914"
"97825","HSS-8066359"
"48823","HSS-1043398"
"20169","HSS-8071732"
"180000","HSS-1040873"
"7487","HSS-8075903"
"88512","HSS-8071730"
"46187","HSS-8018329"
"157684","HSS-8075414"
"108735","HSS-1022253"
"183410","HSS-8071735"
"191293","105316"
"177843","HSS-8018254"
"155955","HSS-8075867"
"160179","HSS-8073555"
"123950","HSS-1043196"
"2230","HSS-1043209"
"63333","HSS-1043210"
"135183","HSS-1043182"
"124641","HSS-8021713"
"87718","HSS-1043136"
"52643","HSS-8012373"
"1133","HSS-8076659"
"157370","HSS-1043114"
"129660","HSS-8075868"
"191789","HSS-1042943"
"76569","HSS-1041208"
"123227","HSS-1043128"
"122491","HSS-8024777"
"27508","HSS-1973341"
"159864","HSS-1973340"
"204795","HSS-8026487"
"196077","HSS-8026486"
"4203","HSS-1037599"
"87498","HSS-8067553"
"148361","HSS-8069853"
"129743","HSS-8068483"
"59542","HSS-1020791"
"142205","HSS-1043792"
"132801","HSS-8059463"
"110377","HSS-1985533"
"162002","HSS-1985079"
"8925","HSS-1040763"
"156829","HSS-8068452"
"179995","HSS-1042852"
"63505","HSS-1985069"
"71325","HSS-8025352"
"13958","HSS-8075161"
"140720","HSS-8075167"
"106973","HSS-8075157"
"32343","HSS-8024778"
"118023","HSS-8068232"
"169625","HSS-8073121"
"110770","HSS-1038716"
"79328","HSS-1036019"
"165950","HSS-1032506"
"39369","HSS-1985080"
"152017","HSS-8066209"
"128457","HSS-8070934"
"145352","C009314"
"206947","HSS-1974092"
"92866","HSS-8065201"
"134070","C003779"
"23164","HSS-8005885"
"136026","HSS-1953672"
"127711",""
"20954","HSS-8073282"
"141133","HSS-8067070"
"36739","HSS-8067067"
"4668","HSS-8021238"
"111658","HSS-8013174"
"144257","HSS-1018844"
"32604","HSS-8013267"
"178243","HSS-8016529"
"41304","HSS-8069371"
"188132","HSS-8026377"
"2102","HSS-8012755"
"119636","HSS-8011741"
"17571","HSS-8022247"
"141179","HSS-8019514"
"150487","HSS-8009487"
"128312","HSS-8019500"
"157321","HSS-1041676"
"203938","HSS-8062175"
"36692","HSS-8009528"
"62557","HSS-1010138"
"143151","HSS-1010805"
"28791",""
"38976","HSS-8069352"
"33526","HSS-1040058"
"82003","HSS-8011935"
"70911","HSS-8072535"
"172277","HSS-8014998"
"90072","HSS-8015828"
"194944","HSS-8008966"
"89756","HSS-1958980"
"75891","HSS-1041836"
"29456","HSS-1041975"
"95170","HSS-1019957"
"142079","HSS-6001313"
"71640","HSS-8013217"
"84594","HSS-8009723"
"87275","HSS-8066384"
"188233","HSS-8013550"
"101645","HSS-1042216"
"157414","HSS-8013221"
"97435","HSS-8021983"
"72041","HSS-1035993"
"91368","HSS-1040603"
"171206","HSS-1037825"
"154089","HSS-1037827"
"122117","HSS-1040532"
"51296","HSS-8065835"
"142742","HSS-8073551"
"154570","HSS-8013499"
"33352","HSS-1019835"
"19299","HSS-8071463"
"131077","HSS-1030890"
"2960","HSS-8015792"
"81219","HSS-8066381"
"99891","HSS-8012378"
"123680","HSS-8066241"
"137464","HSS-8068500"
"139818","HSS-8025055"
"48152","HSS-1042210"
"85352","HSS-8073290"
"164142","HSS-8011599"
"125555","HSS-8005749"
"68179","HSS-8010719"
"2657","HSS-1017762"
"71685","HSS-8062304"
"164103","HSS-8066218"
"130913","HSS-8019519"
"15763","HSS-8011934"
"173423","HSS-1039387"
"205470","HSS-1011003"
"58942","HSS-8070407"
"12465","C005561"
"186327","HSS-8015235"
"127730","HSS-1033526"
"131415","HSS-8070402"
"100116","HSS-8067612"
"110119","HSS-8072766"
"126835","HSS-8070824"
"192799","HSS-8070829"
"139548","HSS-1038874"
"16639","HSS-8057904"
"138532","HSS-1034388"
"133633","HSS-8016624"
"150791","HSS-8010972"
"194493","HSS-8061923"
"145293","HSS-8025338"
"104034","HSS-1025613"
"94662","HSS-8067978"
"178657","C009262"
"103622","HSS-1037275"
"115482","HSS-1041835"
"46081","HSS-1036526"
"82594","HSS-8071216"
"76685","HSS-1020094"
"166563","C010027"
"177037","HSS-1973684"
"8542","HSS-1973668"
"20441","HSS-1973644"
"94532","HSS-1973610"
"26528","99497"
"24211",""
"22545","100228"
"18212","HSS-8024805"
"4166",""
"73770","HSS-1038064"
"6052","HSS-8011063"
"198880","93578"
"85233",""
"59794",""
"94147",""
"57389",""
"91695",""
"33809",""
"32121",""
"127768",""
"99710",""
"175310","HSS-8059436"
"94127","HSS-8070844"
"3570","HSS-8009730"
"158602","HSS-8016238"
"134528","HSS-1017897"
"175493","HSS-8066222"
"79","HSS-8071772"
"3778","C008339"
"73793","HSS-8068528"
"13615","HSS-8067623"
"72347","HSS-8017288"
"75369","HSS-8067555"
"64907","HSS-8026666"
"64687","HSS-8058012"
"39209","HSS-8059810"
"157702","HSS-8003284"
"122416","HSS-8026035"
"134617","HSS-8018717"
"101162","HSS-1039616"
"1574","HSS-8061408"
"117446","HSS-1040293"
"82311","HSS-1039133"
"109490","HSS-1041016"
"64009","HSS-1042451"
"133057","HSS-8067608"
"47638","HSS-1040769"
"160839","HSS-8058911"
"93613","HSS-1038560"
"147285","HSS-1038564"
"154114","HSS-1037294"
"157147","HSS-1037293"
"128632",""
"160468","HSS-1037209"
"51638","HSS-1037211"
"140810","HSS-8066410"
"17783","HSS-8067386"
"172695","HSS-1974413"
"163030","HSS-8065893"
"163051",""
"163778","HSS-1041331"
"163804","HSS-8071212"
"163890","HSS-8073283"
"163911","HSS-8017871"
"163566","HSS-8080096"
"163567","HSS-8080131"
"162564","HSS-1025642"
"162863","HSS-1037834"
"173488","HSS-8021236"
"173417","HSS-1971862"
"173531","C003178"
"165976","C21222M287"
"165942",""
"165613","HSS-8080070"
"165642",""
"165745",""
"165837","C002389"
"163964","75998"
"163965","76017"
"164001","HSS-8077807"
"175626",""
"175740","HSS-8076410"
"203289","HSS-8002692"
"175458","HSS-8071144"
"174774","HSS-8076652"
"174784","C000158"
"174825","HSS-1043480"
"175025","HSS-8066237"
"174884",""
"174060","HSS-8071223"
"174166","HSS-8068171"
"174251","HSS-8067881"
"205544","HSS-8076622"
"205443","C003636"
"205775","HSS-8071192"
"206003","90479"
"205136","105044"
"205289",""
"205277","C000935"
"205278","C000942"
"206221","HSS-8070832"
"206055","HSS-1042143"
"206304","HSS-8076137"
"206603","C21625M087"
"206563",""
"204007","HSS-8071524"
"204239","HSS-8017474"
"203445","HSS-8009754"
"203770","HSS-8067391"
"204830","HSS-8067888"
"204882","HSS-8060508"
"204559","C003834"
"204463",""
"206987","HSS-8076685"
"206931","HSS-8067640"
"206652","HSS-1028516"
"207067","HSS-1026502"
"225173","HSS-8084560"
"225174","HSS-1045473"
"290675","HSS-8098419"
"261793","HSS-8092438"
"271493","HSS-8096368"
"261820","HSS-8092542"
"261812","HSS-8095997"
"261815","HSS-8096244"
"288226","HSS-8100094"
"281939","HSS-8098042"
"281940","HSS-8098429"
"281941","HSS-8097970"
"290630","HSS-8098402"
"263390","HSS-8094772"
"281998","HSS-8097772"
"281999","HSS-8096911"
"281996","HSS-8097753"
"269065","HSS-8096216"
"269008","HSS-8096274"
"269259","HSS-8096191"
"281938","HSS-8097351"
"274082","HSS-8093050"
"284278","HSS-8100533"
"281994","HSS-8097595"
"281935","HSS-8097887"
"282253","HSS-8097352"
"281931","HSS-8097600"
"281932","HSS-8097598"
"281933","HSS-8097574"
"282232","HSS-8097807"
"282235","HSS-8097441"
"282238","HSS-8098004"
"282239","HSS-8098051"
"282229","HSS-8097236"
"282242","HSS-8097612"
"282248","HSS-8097540"
"282249","HSS-8097768"
"282251","HSS-8097800"
"128703","HSS-1042482"
"128483","HSS-1036899"
"128410","HSS-8024408"
"128343","HSS-8072737"
"129260","HSS-8013874"
"129864","HSS-8017297"
"142748","HSS-8077907"
"142976","PB8L50B"
"142592","HSS-1967624"
"127833","VIHA-2001696"
"128203","HSS-1042234"
"128217","HSS-8062307"
"126894","HSS-8025833"
"126946","HSS-1037840"
"127203","HSS-8076620"
"127300","HSS-8015527"
"114999",""
"114860","HSS-1043546"
"114867","HSS-8066040"
"114790","HSS-8014274"
"114396","C003698"
"114633","HSS-8017642"
"114652",""
"113186","HSS-8073301"
"113325","HSS-8067388"
"113026","HSS-1988124"
"113030","HSS-1038583"
"113473","HSS-8078674"
"113762","HSS-8075895"
"157129","HSS-1039894"
"157390",""
"157268","HSS-8073286"
"156832","HSS-1964280"
"156931","HSS-8075899"
"161395","HSS-8017019"
"161553",""
"161900","C21414M044"
"161664","C004899"
"161589","C002388"
"155983","HSS-8075909"
"156126","HSS-8059012"
"156149","146658"
"156189","HSS-8071488"
"156070","C009070"
"156631","HSS-1113412"
"156385","105042"
"155330","HSS-1043422"
"155360","HSS-8080142"
"172999","HSS-8076145"
"172215","HSS-8073317"
"184633","HSS-1044116"
"184780","HSS-8068250"
"184790","HSS-1020480"
"185130",""
"185226","HSS-8014946"
"184731","HSS-8069534"
"185091","HSS-8073519"
"171288","HSS-8016215"
"170721","HSS-1040268"
"170747","HSS-8058881"
"170529","HSS-8076423"
"171619","HSS-8058872"
"171645","HSS-8077300"
"171685","HSS-1035431"
"171586",""
"171591","HSS-1038995"
"171395","HSS-1027266"
"140582","HSS-8005980"
"140733","HSS-1043116"
"140833",""
"140896","HSS-8068541"
"140523","HSS-1044358"
"140353",""
"139807","HSS-8004293"
"139523","HSS-8078326"
"139574","HSS-8012795"
"139652","HSS-8066208"
"139896","HSS-8075910"
"139933","HSS-8076880"
"139986","HSS-8078328"
"140102","HSS-8075901"
"141621","HSS-8081450"
"141840","HSS-1038224"
"141379","HSS-8077530"
"141380","HSS-8076904"
"169969","HSS-8071217"
"169900","HSS-8076642"
"170503","HSS-8071500"
"170410","HSS-6001208"
"138595","HSS-1113668"
"138235","HSS-8076682"
"126249","C003748"
"126201","HSS-8073280"
"138916","HSS-1038429"
"139016","HSS-1039898"
"139094","HSS-8075898"
"125550","C000135"
"125204","HSS-1038632"
"125361","HSS-8073080"
"125705","HSS-8076139"
"125721","HSS-8071535"
"125658",""
"124628","C004881"
"124178","HSS-8012158"
"124740","ECN-66011"
"124755","HSS-8060935"
"110078","75569"
"109812","HSS-8079878"
"109987","HSS-8071771"
"110450","HSS-8081407"
"290169","HSS-8098899"
"290170","HSS-8098974"
"290171","HSS-8099052"
"290173","HSS-8098957"
"290248","HSS-8099865"
"290251","HSS-8099851"
"290252","HSS-8098996"
"289992","HSS-8098973"
"289993","HSS-8098925"
"289976","HSS-8098972"
"289977","HSS-8098787"
"289973","HSS-8098773"
"289967","HSS-8099073"
"289968","HSS-8098886"
"290221","HSS-8099016"
"290222","HSS-8099212"
"290223","HSS-8099051"
"290224","HSS-8098928"
"312158","HSS-8100168"
"290216","HSS-8099838"
"290217","HSS-8099026"
"290240","HSS-8099031"
"290242","HSS-8099040"
"290243","HSS-8099141"
"290244","HSS-8098965"
"290245","HSS-8099110"
"290247","HSS-8099849"
"290164","HSS-8098910"
"290165","HSS-8099856"
"290166","HSS-8099868"
"290227","HSS-8098905"
"290228","HSS-8098932"
"290229","HSS-8099106"
"290230","HSS-8098920"
"290232","HSS-8099085"
"290233","HSS-8098912"
"289971","HSS-8098651"
"290035","HSS-8098339"
"290235","HSS-8099065"
"290002","HSS-8098655"
"290012","HSS-8099013"
"289979","HSS-1940724"
"288006","HSS-8099033"
"288008","HSS-8100453"
"287992","HSS-8100444"
"287993","HSS-8100166"
"290211","HSS-8099063"
"290213","HSS-8099090"
"290214","HSS-8099205"
"290215","HSS-8098959"
"289988","HSS-8098665"
"289989","HSS-1940723"
"289986","HSS-8098967"
"290005","HSS-1940725"
"289983","HSS-8098893"
"287995","HSS-8100439"
"314306","HSS-8100382"
"314328","HSS-8100360"
"314366","HSS-8100348"
"287996","HSS-8100424"
"287997","HSS-8100263"
"287998","HSS-8100469"
"287968","HSS-8099020"
"287969","HSS-8100455"
"312199","HSS-8099855"
"290205","HSS-8098889"
"290206","HSS-8099069"
"290207","HSS-8098961"
"290208","HSS-8099086"
"290209","HSS-8098926"
"290008","HSS-8100009"
"290009","HSS-8098975"
"288003","HSS-8100459"
"288511","HSS-1911830"
"290020","HSS-8098930"
"290022","HSS-8098652"
"312171","HSS-8099573"
"312264","HSS-8099574"
"288025","HSS-8100535"
"294773",""
"294686",""
"294711",""
"294613",""
"295319",""
"295301",""
"295272",""
"295337",""
"295237",""
"295109",""
"295625",""
"295593",""
"295668",""
"295681",""
"295518",""
"295409",""
"295449",""
"295997",""
"295943",""
"295883",""
"295920",""
"295900",""
"295742",""
"295805",""
"296273",""
"296216",""
"296203",""
"296079",""
"296090",""
"296138",""
"296755",""
"296680",""
"296670",""
"296760",""
"296890",""
"296601",""
"296548",""
"296464",""
"296526",""
"296440",""
"296458",""
"296398",""
"296338",""
"296356",""
"310928",""
"311005",""
"310983",""
"310742",""
"310756",""
"310796",""
"310866",""
"311209",""
"311283",""
"311311",""
"311097",""
"311145",""
"311327",""
"311419",""
"311460",""
"311537",""
"311533",""
"300360","911QD33"
"302666",""
"306426",""
"308655",""
"294617",""
"296870",""
"297232",""
"296999",""
"308079",""
"306171",""
"299022",""
"299084",""
"299090",""
"299160",""
"299133",""
"298980",""
"298973",""
"298890",""
"298927",""
"298933",""
"298940",""
"298577",""
"298592",""
"298635",""
"298621",""
"298711",""
"298685",""
"298654",""
"298862",""
"298812",""
"298838",""
"298840",""
"298752",""
"298779",""
"298781",""
"298776",""
"298786",""
"299490",""
"299578",""
"299580",""
"299762",""
"299701",""
"299629",""
"299624",""
"299660",""
"299176",""
"299227",""
"299293",""
"299330",""
"299469",""
"300890",""
"300807",""
"300840",""
"300762",""
"300657",""
"300455",""
"300384",""
"300596",""
"300637",""
"300547",""
"300132",""
"300350",""
"300232",""
"300220",""
"300264",""
"299894",""
"299959",""
"300029",""
"300066",""
"302470",""
"302610",""
"302359",""
"302327",""
"302397",""
"302250",""
"302169",""
"301288",""
"301466",""
"300950",""
"300991",""
"301225",""
"301115",""
"301135",""
"301615",""
"301578",""
"301757",""
"301716",""
"301823",""
"302903",""
"303205",""
"303095",""
"303127",""
"303051",""
"303020",""
"303676",""
"303776",""
"303816",""
"303662",""
"303561",""
"303301",""
"303380",""
"303472",""
"303451",""
"304480",""
"304503",""
"304663",""
"304979",""
"304924",""
"304922",""
"304802",""
"304822",""
"304833",""
"304873",""
"303976",""
"304040",""
"304076",""
"303953",""
"303823",""
"304386",""
"304280",""
"304340",""
"304198",""
"297855",""
"297933",""
"297870",""
"297898",""
"298043",""
"298081",""
"297960",""
"297965",""
"297601",""
"297501",""
"297555",""
"297789",""
"297752",""
"298433",""
"298454",""
"298517",""
"298528",""
"298571",""
"298275",""
"298245",""
"298304",""
"298327",""
"298166",""
"298191",""
"294964",""
"295036",""
"294883",""
"294940",""
"294766",""
"294764",""
"294702",""
"294612",""
"294562",""
"295300",""
"295264",""
"295344",""
"295236",""
"295129",""
"295624",""
"295591",""
"295685",""
"295680",""
"295496",""
"295425",""
"295444",""
"295996",""
"295942",""
"295877",""
"295919",""
"295923",""
"295737",""
"295794",""
"296272",""
"296262",""
"296202",""
"296076",""
"296057",""
"296121",""
"296754",""
"296722",""
"296669",""
"296828",""
"296889",""
"296607",""
"296582",""
"296551",""
"296525",""
"296495",""
"296449",""
"296412",""
"296329",""
"296352",""
"310927",""
"311004",""
"310963",""
"310741",""
"310725",""
"310782",""
"310865",""
"310793",""
"311253",""
"311319",""
"311046",""
"311164",""
"311155",""
"311396",""
"311459",""
"311494",""
"311528",""
"302513",""
"298915",""
"306161",""
"308538",""
"307159",""
"296869",""
"297758",""
"297109",""
"310784",""
"298230",""
"160355","HSS-8085941"
"160366","HSS-8014510"
"159996","C004875"
"160160","HSS-8065157"
"161033","HSS-8068261"
"166235","HSS-8014501"
"166211","HSS-8018783"
"158614","HSS-8059330"
"158521","HSS-8067893"
"158331","C002387"
"157998","HSS-1041182"
"158906","HSS-8070349"
"159030","HSS-5027652"
"158641","HSS-8065213"
"159766","C000998"
"159767","C001001"
"159453","HSS-8079824"
"159505","C002002"
"166676","HSS-1038999"
"166416","HSS-1021148"
"166257","105010"
"288049","HSS-8100277"
"288050","HSS-8100248"
"288051","HSS-8100441"
"167578","HSS-8070870"
"167222","C000999"
"167223","C001004"
"167225","C001019"
"167227","C001170"
"169644","HSS-8073314"
"169479","HSS-8080154"
"169498","HSS-1009303"
"169525","HSS-8067925"
"169442","HSS-8024650"
"169390","C004105"
"169345",""
"169137","HSS-1043074"
"168866","HSS-8077546"
"168998","HSS-8071522"
"169021","HSS-8060565"
"168958",""
"168717","HSS-1034359"
"168745","HSS-8026029"
"146996","HSS-8010842"
"146783","HSS-1033709"
"148246","HSS-1036528"
"148270","HSS-1961960"
"148544",""
"148007","HSS-1043315"
"157481","76001"
"148917","HSS-8018611"
"149390","HSS-8071773"
"149037","105379"
"132649","C003771"
"132677","HSS-1043661"
"133383","C000675"
"132468","HSS-8066037"
"132279","HSS-8011880"
"132286","HSS-8073095"
"132392","HSS-8078453"
"132431","HSS-8078150"
"133796","HSS-8071538"
"133613","HSS-8066055"
"146203","C000947"
"146204","C000955"
"146163","HSS-1039911"
"146054","HSS-8059467"
"245900","HSS-1114032"
"256686","HSS-8094197"
"256687","HSS-8094183"
"256689","HSS-8094132"
"247202","HSS-8089817"
"247220","HSS-8090007"
"245942","HSS-8099001"
"247214","HSS-1047951"
"247216","HSS-1047958"
"256692","HSS-8094128"
"256691","HSS-1111717"
"244924","HSS-1047450"
"247205","HSS-8090001"
"247206","HSS-8090013"
"247208","HSS-8089816"
"247018","HSS-8089403"
"245454","HSS-1047561"
"245496","HSS-8089274"
"245879","HSS-1047564"
"247530","HSS-8091174"
"248214","HSS-8090264"
"247521","HSS-1906086"
"248210","HSS-8090587"
"250720","HSS-1048459"
"250721","HSS-8091245"
"256702","HSS-8094193"
"256703","HSS-8094186"
"247242","HSS-8090010"
"247243","HSS-1047992"
"247244","HSS-1047697"
"247805","HSS-8089935"
"247810","HSS-8089818"
"246909","HSS-8089408"
"256700","HSS-8094191"
"247226","HSS-8090009"
"247222","HSS-1047894"
"247223","HSS-1047897"
"256696","HSS-8094141"
"256697","HSS-8094143"
"247229","HSS-8089995"
"247236","HSS-8091053"
"247237","HSS-8090988"
"244312","HSS-1048933"
"280593","HSS-8098376"
"256770","HSS-8094015"
"256772","HSS-8093844"
"257745","HSS-8094278"
"288437","HSS-8099878"
"278810","HSS-8096532"
"278411","HSS-8097339"
"312609","HSS-8099762"
"257556","HSS-8093610"
"260757",""
"261745","HSS-8092429"
"250736","HSS-1048270"
"250737","HSS-1048271"
"250738","HSS-1048263"
"250739","HSS-1048269"
"248236","HSS-8090366"
"248241","HSS-8090998"
"250906","HSS-8092740"
"256710","HSS-8094199"
"256713","HSS-8094198"
"288281","HSS-8099905"
"288282","HSS-8099759"
"247948","HSS-1048226"
"247293","HSS-8090262"
"248536","HSS-1092831"
"248482","HSS-8091629"
"248483","HSS-8091627"
"248484","HSS-8091630"
"248485","HSS-8091631"
"256948","HSS-8093010"
"256949","HSS-1110663"
"256951","HSS-8092945"
"247327","HSS-8090362"
"247329","HSS-8090361"
"256709","HSS-8094194"
"249038","HSS-1048224"
"256947","HSS-8092896"
"47896","C006311"
"47564","HSS-8066240"
"47503","HSS-8059488"
"47384","c004064"
"46730","HSS-8016107"
"46935","HSS-8076900"
"46817","HSS-5027654"
"47013","HSS-8080153"
"46975","HSS-8075905"
"47319","HSS-8019879"
"59968","HSS-8075912"
"59988",""
"48195","HSS-8071439"
"47950","HSS-8071173"
"60071","HSS-8076882"
"60123","HSS-8020194"
"60291","HSS-8066232"
"60367","C004049"
"60694","HSS-8075939"
"60621","HSS-8059640"
"60928","HSS-1042840"
"60932","HSS-1043434"
"32049","HSS-8058755"
"32079","HSS-8078708"
"32154","HSS-8008542"
"32474",""
"33040","99326"
"33073","HSS-8080064"
"44893","C002013"
"46047","C000759"
"45996","HSS-1002840"
"46226","HSS-8076644"
"45375","HSS-8071185"
"45088","HSS-8073281"
"45107","HSS-1031483"
"45351",""
"45364","HSS-8072755"
"16508","HSS-8080148"
"16273","C003745"
"29367","HSS-8075431"
"29659","HSS-8073318"
"17214","HSS-8081430"
"30206","HSS-8075897"
"30038","HSS-1042839"
"30073","HSS-8076419"
"29775","C000642"
"30291","HSS-8077867"
"30500",""
"31911","HSS-8079102"
"31925","HSS-8080509"
"31874","HSS-8080567"
"15925","HSS-8073273"
"15641","C005672"
"15591","HSS-8071780"
"15553","HSS-8075452"
"15354","HSS-8070325"
"15435","HSS-8073384"
"14674","C002393"
"14726","C004880"
"14815","ECN-77806"
"14750","HSS-8076905"
"15123","C002006"
"14909","HSS-8066252"
"14951","HSS-8067899"
"14179","HSS-8013362"
"288329","HSS-8100078"
"288215","HSS-8100074"
"288216","HSS-8099284"
"288159","HSS-8099223"
"288076","HSS-8100517"
"288077","HSS-8099915"
"288078","HSS-8099880"
"288079","HSS-8100081"
"288153","HSS-8099893"
"288154","HSS-8100121"
"288155","HSS-8099889"
"288156","HSS-8099952"
"288220","HSS-8099819"
"288249","HSS-8099317"
"288246","HSS-8099236"
"288247","HSS-8100080"
"273391","HSS-8095188"
"273035","HSS-8095889"
"269110","HSS-8096265"
"263296","HSS-8094794"
"285287","HSS-8097614"
"270676","HSS-8098142"
"313435","HSS-8100054"
"281976","HSS-8097875"
"288207","HSS-8100085"
"271703","HSS-8096384"
"273820","HSS-8095140"
"273832","HSS-8095885"
"272099","HSS-8096527"
"288211","HSS-8099910"
"273845","HSS-8095133"
"265765","HSS-8093511"
"272705","HSS-8095225"
"272706","HSS-8096084"
"281977","HSS-8097524"
"273406","HSS-8095384"
"267786",""
"267731","HSS-8093412"
"265763","HSS-8093663"
"273007","HSS-8096079"
"273458","HSS-8096120"
"273455","HSS-8095690"
"269147","HSS-8096209"
"269108","HSS-8096268"
"270683","HSS-8097468"
"265706","HSS-8097591"
"265708","HSS-8098079"
"260286","HSS-8091986"
"273916","HSS-8095866"
"273450","HSS-8096449"
"273438","HSS-8095800"
"265721","HSS-8097750"
"265724","HSS-8097869"
"265730","HSS-1940757"
"277367","HSS-8096531"
"262975",""
"288037","HSS-8100443"
"280918",""
"288030","HSS-8100176"
"288034","HSS-8100463"
"287909","HSS-8098160"
"287906","HSS-8098177"
"288253","HSS-8100119"
"288254","HSS-8099272"
"288099","HSS-8099913"
"288100","HSS-8099276"
"288101","HSS-8100195"
"288103","HSS-8099906"
"288104","HSS-8100045"
"288074","HSS-8100243"
"287910","HSS-8100468"
"287911","HSS-8099872"
"288257","HSS-8099315"
"271709","HSS-8096359"
"272936","HSS-8095223"
"284176","HSS-8100260"
"272947","HSS-8095691"
"272653","HSS-8095805"
"271031","HSS-8097510"
"270668","HSS-8097839"
"146717","HSS-8073275"
"146670",""
"146452","HSS-8062306"
"117451",""
"117473","HSS-8069123"
"117501","C003946"
"117256","HSS-1039893"
"117973","HSS-8080130"
"117978","103009"
"117726","HSS-8068177"
"117673","C003788"
"118523","HSS-8068222"
"118442","C004876"
"118364","HSS-8078665"
"131822","HSS-8075947"
"131851","088541"
"131878","HSS-8076156"
"131614","HSS-1040142"
"131593","HSS-1037985"
"130943","HSS-6001111"
"130888","HSS-6001300"
"130848","C015210"
"130728","HSS-6001123"
"130773","HSS-8081454"
"130238","C004019"
"130261","HSS-8077550"
"115537",""
"115708","HSS-1940650"
"115758","53394"
"116260","HSS-8068224"
"116105",""
"116310","HSS-8073315"
"116312","HSS-1044127"
"116269","C004037"
"116599","HSS-1033040"
"116652","HSS-8065840"
"103695","75573"
"103508","HSS-1961377"
"103237","HSS-8070834"
"115100","C008313"
"115103","HSS-8080824"
"103893","HSS-8076683"
"103853","HSS-8071708"
"103826",""
"100881","HSS-8016077"
"100825",""
"100836",""
"100687","HSS-8077810"
"89306","HSS-8076704"
"89196","HSS-1036898"
"89340","HSS-8080060"
"89415","HSS-8077814"
"88533","HSS-1043486"
"88319","HSS-8068180"
"88234","HSS-8066026"
"88236","HSS-8014786"
"88598","HSS-8018885"
"88743","HSS-8066387"
"101524","HSS-8077808"
"101521","HSS-8067103"
"101455","HSS-8076686"
"101420","HSS-8076681"
"101324","C004079"
"101265","HSS-8080144"
"101788","HSS-8078418"
"102213","75574"
"102226","HSS-8061707"
"73271","HSS-8075896"
"73082","C004886"
"73885","HSS-8071215"
"74179","HSS-8078711"
"74229","HSS-8003965"
"74251","HSS-8080547"
"74275",""
"74422","HSS-8057888"
"74468","HSS-8078117"
"87459","HSS-1043739"
"87325","C008685"
"87264","HSS-8077906"
"87539","HSS-8080062"
"87635","HSS-8016941"
"88155","105175"
"86256","HSS-1031473"
"86590","HSS-8078309"
"87203","HSS-8075889"
"86763","HSS-1040797"
"72093","HSS-8011143"
"278438","HSS-8096596"
"285255","HSS-8097726"
"285256","HSS-8097786"
"278444","HSS-8096568"
"283031","HSS-8099806"
"278426","HSS-8096542"
"249056","HSS-1048164"
"247336","HSS-1048075"
"250753","HSS-1048455"
"250750","HSS-1048462"
"250751","HSS-1048454"
"250755","HSS-1048438"
"250756","HSS-1048440"
"256960","HSS-8092957"
"250763","HSS-1048072"
"250764","HSS-8090534"
"248309","HSS-8091269"
"248305","HSS-1048661"
"248306","HSS-1048656"
"248307","HSS-1048657"
"248313","HSS-1048693"
"248499","HSS-1049279"
"248081","HSS-8091513"
"248501","HSS-1049283"
"248078","HSS-8091598"
"248088","HSS-1903206"
"248067","HSS-8091947"
"248058","HSS-1049047"
"248060","HSS-1049044"
"248044","HSS-8091754"
"248071","HSS-8091804"
"248073","HSS-8092741"
"248056","HSS-1049032"
"248491","HSS-1049280"
"248492","HSS-1049192"
"256716","HSS-8094189"
"250908","HSS-8092313"
"250909","HSS-8092312"
"247301","HSS-8090352"
"247303","HSS-8090353"
"247304","HSS-8090351"
"248487","HSS-1049128"
"247681","HSS-1048233"
"256714","HSS-8094196"
"247319","HSS-8090774"
"256954","HSS-8092938"
"256955","HSS-8092880"
"248965","HSS-1048227"
"250741","HSS-1048371"
"250742","HSS-1048375"
"250745","HSS-1048389"
"250746","HSS-8091138"
"250747","HSS-1048387"
"250749","HSS-1048461"
"256718","HSS-8094131"
"248331","HSS-1049126"
"248326","HSS-1049129"
"248317","HSS-1048954"
"248318","HSS-1048973"
"248319","HSS-8091713"
"248291","HSS-1903202"
"248292","HSS-8090936"
"248052","HSS-1049006"
"248095","HSS-1903205"
"248344","HSS-1048898"
"248345","HSS-1048897"
"248351","HSS-8091675"
"248352","HSS-8091674"
"248339","HSS-1048690"
"248340","HSS-1048659"
"256720","HSS-8094127"
"256722","HSS-8094182"
"256962","HSS-8092885"
"269179","HSS-8096198"
"249193","HSS-1048137"
"249203","HSS-1048136"
"256724","HSS-8094133"
"256725","HSS-8094195"
"266979","HSS-8096396"
"263243","HSS-8094682"
"14337","HSS-1962219"
"1773","C000991"
"1774","C002015"
"1485","HSS-1039903"
"1271","HSS-8058011"
"1012","HSS-1035302"
"132","76008"
"133","76010"
"134","76012"
"135","76014"
"136","76016"
"226517","HSS-8082917"
"226525","HSS-1045195"
"15914","HSS-8082056"
"242","HSS-1040512"
"349","C002000"
"560","HSS-8076639"
"432","HSS-8078103"
"433","HSS-8076897"
"688",""
"800","HSS-8059616"
"226497","HSS-8082896"
"102591","HSS-3027760"
"84630","HSS-8082035"
"5740","HSS-1044669"
"233921","HSS-8086365"
"53974","HSS-1940707"
"243723","HSS-8002059"
"243720","HSS-8000351"
"241642","HSS-1998434"
"287584","HSS-8099393"
"287586","HSS-8098702"
"287588","HSS-8098621"
"288040","HSS-8100445"
"288041","HSS-8100470"
"288042","HSS-8100532"
"288043","HSS-8100175"
"312331","HSS-8099648"
"312340","HSS-8099628"
"312954","HSS-1940687"
"312983","HSS-1940684"
"237503","HSS-8088497"
"293824","HSS-8098553"
"256762","HSS-8093920"
"256763","HSS-8094006"
"256761","HSS-8094001"
"252053","HSS-1110652"
"225688","HSS-8083298"
"57274","HSS-8081163"
"234072","HSS-1046500"
"230108","HSS-8082636"
"230121","HSS-8067962"
"230122","HSS-8082308"
"249549","HSS-1048383"
"232809","HSS-8092947"
"226512","HSS-8082628"
"10150","HSS-1044802"
"235557","HSS-8089938"
"235558","HSS-8088684"
"26812","HSS-8081643"
"237381","HSS-8088817"
"237377","HSS-8087740"
"237348","HSS-8087220"
"237410","HSS-8088068"
"237405","HSS-1047232"
"237436","HSS-8088658"
"237428","HSS-8088441"
"237487","HSS-1047130"
"237472","HSS-1046685"
"237475","HSS-1046624"
"237467","HSS-1046659"
"237465","HSS-1047127"
"237455","HSS-1047299"
"237445","HSS-1047756"
"237448","HSS-8088661"
"237261","HSS-8088469"
"237252","HSS-8088462"
"237266","HSS-1046113"
"237277","HSS-8088084"
"237269","HSS-8088492"
"237271","HSS-8088082"
"237272","HSS-8088228"
"237279","HSS-8088452"
"270822","HSS-8097824"
"271035","HSS-8097005"
"285290","HSS-8097554"
"293860","HSS-8098412"
"281979","HSS-8097542"
"276476",""
"272570","HSS-1111073"
"272571","HSS-8097566"
"272572","HSS-8097720"
"273005","HSS-8096362"
"270977","HSS-8097283"
"281980","HSS-8097677"
"271913","HSS-8096370"
"271544","HSS-8096524"
"271763","HSS-8096519"
"271769","HSS-8096521"
"288068","HSS-8100466"
"288069","HSS-8100442"
"272021","HSS-8096372"
"272977","HSS-8094937"
"272968","HSS-8095695"
"273357","HSS-8095126"
"273358","HSS-8095117"
"272961","HSS-8096074"
"272957","HSS-8096083"
"272680","HSS-8095692"
"267354","HSS-8096166"
"267328","HSS-8096142"
"271754","HSS-8096479"
"273388","HSS-8095633"
"273382","HSS-8096115"
"273303","HSS-8094920"
"273304","HSS-8096007"
"273332","HSS-8096091"
"270611","HSS-8097508"
"301808",""
"305377",""
"302211",""
"302170",""
"302358",""
"302429",""
"302426",""
"301143",""
"301465",""
"301382",""
"301388",""
"301389",""
"301375",""
"301336",""
"301898",""
"301878",""
"301975",""
"301941",""
"302127",""
"302128",""
"302122",""
"302123",""
"302124",""
"302125",""
"301660",""
"301652",""
"301653",""
"299865",""
"300125",""
"300897",""
"300826",""
"300601",""
"300555","109325"
"300378",""
"298762",""
"299379",""
"299255",""
"306484",""
"306485",""
"306445",""
"305678",""
"305670",""
"305948",""
"305932",""
"305200",""
"305606",""
"305373",""
"302894",""
"302724",""
"302690",""
"302687",""
"302627",""
"303021",""
"302954",""
"302949",""
"303789",""
"303609",""
"304636",""
"304394",""
"304067",""
"303879",""
"308984",""
"308985",""
"110290","HSS-1043123"
"110975","HSS-1040836"
"110758","HSS-8080515"
"111155","HSS-8071214"
"111262",""
"122639","C004102"
"123585","HSS-8067920"
"123887","HSS-8070340"
"123891","C006668"
"123903","HSS-8075429"
"124017","HSS-1028674"
"124155","HSS-8019365"
"123530","HSS-8068195"
"123317","HSS-8077373"
"123368",""
"123147","HSS-8081448"
"123018","C003736"
"51761","75997"
"51762","76002"
"51778","HSS-8078712"
"51818",""
"51994","HSS-1025170"
"51742","HSS-8066038"
"51930","HSS-8017839"
"63944","HSS-8079107"
"63804","HSS-8079106"
"63828","HSS-6001127"
"63699","HSS-8067965"
"64042","HSS-1044236"
"64172","91514"
"64243","HSS-1019159"
"64157","HSS-8076684"
"64852","95627"
"64716","HSS-8074079"
"64738","HSS-8077871"
"64745","HSS-1038862"
"64941","HSS-8066235"
"65801","HSS-8018375"
"65772","HSS-1043850"
"65697","HSS-8076132"
"65726","HSS-1042141"
"79706","HSS-8062310"
"79625","HSS-8077805"
"79947","HSS-8081437"
"80074","HSS-1035303"
"79890","HSS-8076947"
"79839","HSS-1968169"
"80566","HSS-8077378"
"80266",""
"80258","HSS-8073088"
"80230","HSS-1044415"
"80235","HSS-8058898"
"80241","HSS-8068504"
"66578","C003507"
"66602","C004874"
"66617","HSS-8077551"
"66447","HSS-8079655"
"66414","HSS-8074463"
"78809","HSS-8076910"
"78475","HSS-8016311"
"78485","HSS-8078149"
"78152",""
"78308","HSS-1025820"
"67117","HSS-8079927"
"93389","C000979"
"93391","C001020"
"93762","HSS-8080561"
"93929","HSS-6001154"
"94181","HSS-8072343"
"93935","HSS-8059450"
"93952","HSS-8066032"
"94036","C000159"
"94076","HSS-8075915"
"94199","HSS-8015714"
"94243","HSS-8076427"
"94482","HSS-1038579"
"95081","HSS-1026435"
"95052","HSS-8078686"
"94808","HSS-8080074"
"81139","C000130"
"81232","HSS-1030898"
"80997","C004076"
"80869","HSS-8080594"
"80726","HSS-8068191"
"82046","HSS-8076146"
"81918","HSS-8067871"
"288026","HSS-8100435"
"288027","HSS-8100465"
"288001","HSS-8100172"
"290055","HSS-8099066"
"290056","HSS-8098670"
"290063","HSS-1940726"
"288533","HSS-8100084"
"288109","HSS-8099316"
"288110","HSS-8099916"
"250649","HSS-1048509"
"250651","HSS-1048507"
"250652","HSS-8091275"
"251226","HSS-8091312"
"251229","HSS-8092360"
"251231","HSS-8092356"
"251218","HSS-8092591"
"251219","HSS-8092589"
"250596","HSS-1049432"
"250589","HSS-1049420"
"250610","HSS-1049823"
"250612","HSS-1049609"
"250613","HSS-1049825"
"250603","HSS-8092212"
"250604","HSS-8092213"
"250605","HSS-1049746"
"250679","HSS-1048517"
"250681","HSS-1048516"
"250682","HSS-8091307"
"250683","HSS-8091309"
"250686","HSS-8091287"
"250688","HSS-1048139"
"249741","HSS-8091743"
"249447","HSS-8091310"
"249448","HSS-8091180"
"250971","HSS-8092549"
"250968","HSS-8092556"
"249737","HSS-1049082"
"250961","HSS-1110036"
"250657","HSS-1048220"
"250675","HSS-8091182"
"250676","HSS-8091172"
"250660","HSS-1048307"
"250665","HSS-1048302"
"251242","HSS-8092453"
"251512","HSS-1902723"
"251232","HSS-8092362"
"251235","HSS-8092331"
"251236","HSS-8092333"
"256970","HSS-8092887"
"258960",""
"256726","HSS-8094200"
"256727","HSS-8094142"
"251246","HSS-8092610"
"256964","HSS-8092950"
"281894","HSS-8097134"
"281901","HSS-8097325"
"288461","HSS-8100060"
"288462","HSS-8099897"
"294386","HSS-8098603"
"257451","HSS-8093847"
"257447","HSS-8094285"
"257639","HSS-8093662"
"250718","HSS-8091239"
"281903","HSS-8098295"
"250714","HSS-8091233"
"281905","HSS-8097196"
"281906","HSS-8097397"
"250704","HSS-1048325"
"250705","HSS-1048326"
"250707","HSS-1048330"
"250708","HSS-1048308"
"250709","HSS-1048334"
"256397","HSS-8093068"
"257636","HSS-8094619"
"256395","HSS-1110728"
"256392","HSS-1111334"
"256386","HSS-1110881"
"288459","HSS-8099798"
"288460","HSS-8099482"
"256381","HSS-8093216"
"207693",""
"225156","HSS-1045432"
"225157","HSS-1045474"
"225147","HSS-8083844"
"225149","HSS-8083859"
"225150","HSS-8083839"
"225136","HSS-8084053"
"225090","HSS-1995848"
"225091","HSS-8084068"
"225277","HSS-8083665"
"208452",""
"208555",""
"225274","HSS-1045323"
"208289",""
"208290",""
"225275","HSS-1045372"
"225251","HSS-1045328"
"225252","HSS-8083381"
"225270","HSS-8083373"
"225248","HSS-8083330"
"225249","HSS-8083377"
"225258","HSS-8083658"
"225259","HSS-8083394"
"225260","HSS-8083385"
"225263","HSS-8084288"
"225264","HSS-1045590"
"225265","HSS-1045591"
"225266","HSS-8083371"
"225142","HSS-8083855"
"225188","HSS-1045497"
"225193","HSS-1045478"
"225202","HSS-1045494"
"225210","HSS-8083629"
"225206","HSS-1045379"
"225218","HSS-1045479"
"225234","HSS-8083378"
"225213","HSS-1045434"
"225215","HSS-1045493"
"226521","HSS-8082900"
"222499",""
"152437","HSS-8081447"
"66009","HSS-1044883"
"107903","HSS-8082043"
"232784","HSS-8092742"
"124346","HSS-8082053"
"127417","HSS-8083870"
"220838",""
"225096","HSS-8084052"
"208878",""
"208971",""
"225116","HSS-8084050"
"16203","HSS-1044670"
"225127","HSS-8084044"
"232817","HSS-8092749"
"22345","HSS-8082549"
"220353",""
"232815","HSS-8092434"
"41391","HSS-8082557"
"126605","HSS-1073450"
"287976","HSS-8100189"
"287977","HSS-8100458"
"287978","HSS-8100262"
"287980","HSS-8098956"
"287981","HSS-8100531"
"287982","HSS-8100457"
"312508","HSS-8099756"
"312580","HSS-8099754"
"233931","HSS-8086356"
"235865","HSS-8088824"
"243478","HSS-1048142"
"243479","HSS-8093503"
"287983","HSS-8100252"
"287984","HSS-8100246"
"287985","HSS-8100253"
"287989","HSS-8100425"
"287914","HSS-8099043"
"287915","HSS-8100537"
"287916","HSS-8100352"
"287917","HSS-8099044"
"288541","HSS-8099882"
"288542","HSS-8099941"
"288543","HSS-8099132"
"287639","HSS-8098170"
"155153","HSS-8060564"
"155163","HSS-8079600"
"153965","HSS-8078707"
"153848","HSS-1043317"
"153457","HSS-8080141"
"153462","HSS-1038912"
"145648","HSS-1968254"
"145735","HSS-1968173"
"145597","HSS-8016557"
"145608","HSS-8073558"
"154592","HSS-1043079"
"154522","HSS-1019830"
"154324","HSS-8072347"
"154330","HSS-1113027"
"154833","HSS-8027357"
"154973","HSS-8066216"
"144784","C000643"
"144786","C000933"
"144675","HSS-8070337"
"144593","75537"
"144595","75568"
"144596","HSS-8080068"
"144289","HSS-8077593"
"144205","HSS-1034644"
"143718","106385"
"143633","HSS-1032599"
"143644","HSS-8065338"
"143820","HSS-8076220"
"82481","HSS-1113692"
"82440","HSS-8069343"
"70715",""
"70422","HSS-8027370"
"70458",""
"70374","HSS-8078636"
"69809","HSS-8078107"
"69975","HSS-8071523"
"70105","C004045"
"69790","ECN-77809"
"82945","HSS-8078687"
"82983","HSS-8076899"
"82816","HSS-8075916"
"83268","HSS-8068941"
"83514",""
"83543","HSS-8073285"
"83620","HSS-1039699"
"83751","HSS-8078102"
"84380","C003798"
"84316","C000001"
"84318","C000095"
"68000","C003676"
"68001","C003707"
"55542","HSS-8058857"
"55551","HSS-1044289"
"55392","HSS-8074081"
"55857","HSS-1991931"
"67314","HSS-8067913"
"67323","HSS-8076687"
"69076","HSS-8066253"
"69711",""
"69695","HSS-1030783"
"69651",""
"69033","HSS-8075908"
"68711","HSS-8071534"
"68624","HSS-1035689"
"68680",""
"99801","C000987"
"99890","HSS-8012579"
"100458","C000157"
"100459","C000176"
"98675","HSS-8072732"
"98850","HSS-8070331"
"99137",""
"99358","HSS-8078705"
"100537","C006513"
"111852","HSS-8067937"
"111979","HSS-8067882"
"111943",""
"111945","103026"
"112645","HSS-8076922"
"112720","C000011"
"112721","C000096"
"112797","HSS-8066243"
"112455","105080"
"112459","HSS-8059645"
"85215","C004078"
"85192","HSS-8069314"
"85801","HSS-1035091"
"85804","HSS-1043652"
"43997","HSS-8070884"
"44279","HSS-8072736"
"44092","HSS-8071767"
"13729","HSS-8012798"
"13428","HSS-8077306"
"13467",""
"12261","HSS-1952476"
"12148","HSS-8057887"
"11307","HSS-1042101"
"11511","HSS-1038223"
"11621","HSS-8076431"
"12039","HSS-8073064"
"11120","HSS-8079855"
"11022","146657"
"10814","C003742"
"10647","HSS-8076133"
"10669","HSS-8067876"
"10526","HSS-1037988"
"5127",""
"45041","HSS-1044720"
"285188","HSS-8097484"
"172665","HSS-8082060"
"99725","HSS-8081123"
"100165","HSS-8082320"
"151512","HSS-8082078"
"118737","HSS-8082061"
"134085","HSS-8080823"
"225169","HSS-1045522"
"225221","HSS-1045382"
"225163","HSS-8083864"
"225228","HSS-1045438"
"225226","HSS-1045397"
"10309","C004041"
"10214",""
"225101","HSS-8084051"
"226665","HSS-8084862"
"226668","HSS-8084861"
"226669","HSS-8084014"
"233926","HSS-1045952"
"225689","HSS-8082570"
"95548","HSS-8082003"
"76571","HSS-8081630"
"115230","HSS-8081669"
"13560","HSS-8082311"
"33273","HSS-8082039"
"71930","HSS-8081999"
"71120","HSS-8082600"
"238775","HSS-1047386"
"236401","HSS-1046110"
"236397","HSS-8087954"
"236314","HSS-8088687"
"236305","HSS-1046747"
"234075","HSS-8086407"
"234076","HSS-1046526"
"189425","HSS-8081991"
"63575","HSS-8084058"
"224593","HSS-1940664"
"96908","HSS-8082025"
"100899","HSS-1045003"
"235554","HSS-1046746"
"235547","HSS-8088260"
"236212","HSS-1047320"
"236213","HSS-1047326"
"235851","HSS-8087256"
"235972","HSS-8087691"
"235150","HSS-8085871"
"235801","HSS-8088278"
"236196","HSS-1046715"
"236087","HSS-1047189"
"236090","HSS-8088081"
"235795","HSS-1047948"
"277926","HSS-8096482"
"238927","HSS-8089171"
"235792","HSS-8088689"
"277983","HSS-8096293"
"282369","HSS-8096721"
"282370","HSS-8096715"
"282371","HSS-8096734"
"241705","HSS-8086575"
"241706","HSS-8086530"
"241707","HSS-8086532"
"241708","HSS-8086538"
"269279","HSS-8096206"
"283185","HSS-8096832"
"283183","HSS-8096831"
"282114","HSS-8097575"
"288186","HSS-8099319"
"280349","HSS-8097493"
"280350","HSS-8097497"
"280345","HSS-8097495"
"281002","HSS-8097120"
"280995","HSS-8096704"
"280942","HSS-8097151"
"280363","HSS-8096999"
"280354","HSS-8100280"
"280357","HSS-8097492"
"282137","HSS-8097386"
"282138","HSS-8097943"
"282128","HSS-8097664"
"282129","HSS-8097242"
"282131","HSS-8097972"
"282132","HSS-8098061"
"282133","HSS-8097466"
"282134","HSS-8097957"
"282116","HSS-8097756"
"282120","HSS-8097975"
"282122","HSS-8097583"
"282123","HSS-8097547"
"282126","HSS-8097827"
"282354","HSS-8096745"
"282355","HSS-8096731"
"282366","HSS-8096732"
"283029","HSS-8096800"
"283045","HSS-8096802"
"282357","HSS-8096729"
"282358","HSS-8096739"
"282359","HSS-8096740"
"282360","HSS-8096724"
"288189","HSS-8100040"
"282364","HSS-8096716"
"283093","HSS-8096801"
"283097","HSS-8096798"
"283118","HSS-8096821"
"283119","HSS-8097068"
"283120","HSS-8099989"
"293997","HSS-8098696"
"282372","HSS-8096733"
"283196","HSS-8096837"
"283122","HSS-8097194"
"282374","HSS-8096737"
"280975","HSS-8096812"
"280892","HSS-8096813"
"280893","HSS-8096803"
"280886","HSS-8096809"
"280887","HSS-8096998"
"280888","HSS-8097173"
"280876","HSS-8096820"
"280637",""
"280799","HSS-8097149"
"280777","HSS-8096850"
"280770","HSS-8096712"
"285324","HSS-8097762"
"283202","HSS-8096888"
"283245","HSS-8098368"
"283246","HSS-8098362"
"281827","HSS-8097729"
"281828","HSS-8097228"
"281832","HSS-8097176"
"281823","HSS-8097922"
"281824","HSS-8098063"
"294062","HSS-8099314"
"293972","HSS-8098785"
"293974","HSS-8098611"
"293982","HSS-8098777"
"293986","HSS-8098596"
"280844","HSS-8097169"
"280820","HSS-8096794"
"293930","HSS-8098604"
"293932","HSS-8098775"
"293937","HSS-8098859"
"285240","HSS-8097745"
"285234","HSS-8097638"
"285237","HSS-8097331"
"120644","HSS-1044226"
"178770",""
"178810","HSS-8016462"
"179154","HSS-8021226"
"179494","HSS-8026825"
"179496","HSS-8075921"
"179509","HSS-8068227"
"177950","HSS-8070652"
"178038","HSS-8075924"
"177397","HSS-1042398"
"177517","HSS-8073278"
"177522","HSS-8057891"
"177742","HSS-8014508"
"153321","HSS-1043658"
"153247","HSS-8059433"
"152848","HSS-8078709"
"152946","HSS-8076939"
"152663","C000950"
"152666","C000967"
"152670","HSS-8080504"
"150779","HSS-1032924"
"150962","75538"
"150963","75567"
"150647","HSS-8066212"
"150734","HSS-8073079"
"151019","HSS-1038861"
"151117","HSS-1961422"
"151167","C000604"
"151171","C000964"
"151615","HSS-8004453"
"151477","HSS-8061954"
"150497","HSS-1021068"
"150504","HSS-8077543"
"150573","HSS-8080061"
"150580","HSS-1043430"
"149906","HSS-8013878"
"149773","HSS-1044464"
"137634","HSS-1043589"
"137571","HSS-8076700"
"149689","HSS-8080129"
"75100","HSS-8059481"
"74588","HSS-8065649"
"74996",""
"63252","HSS-1042463"
"74560","C003672"
"74561","C003679"
"62734","HSS-8069141"
"62614","C009011"
"62560","HSS-8076678"
"62570","C003678"
"62507","HSS-8075951"
"62405","HSS-8076138"
"62315","HSS-8072733"
"62258","HSS-1041864"
"62285","HSS-1034183"
"62076","HSS-1044476"
"61293","HSS-1032058"
"61310","HSS-1009745"
"61499",""
"61216","HSS-8065200"
"61223","98714"
"61226","98712"
"61234","HSS-8018464"
"61822","HSS-8010063"
"61581","HSS-8075928"
"61587","HSS-1940646"
"76520","HSS-1043477"
"76873","HSS-1991925"
"76950","HSS-1940647"
"75841","C004050"
"75581","HSS-1043377"
"75649","HSS-1042842"
"75522","HSS-8075906"
"76219","HSS-8015846"
"77920","HSS-8012375"
"90087","HSS-8025025"
"89951",""
"90049",""
"89815","HSS-1013096"
"77337","HSS-8080095"
"77814",""
"77768","C000002"
"77770","C000099"
"77544","HSS-1037600"
"92097","C002008"
"299444",""
"299195",""
"302958",""
"303176",""
"303100",""
"302706",""
"303646",""
"303548",""
"303754",""
"303767",""
"303697",""
"303361",""
"304046",""
"304024",""
"303829",""
"303893",""
"303918",""
"303967",""
"304388",""
"304928",""
"304633",""
"304634",""
"305490",""
"305534",""
"305207",""
"305272",""
"305281",""
"305743",""
"305661",""
"305683",""
"306190",""
"306003",""
"306004",""
"305935",""
"305936",""
"306457",""
"306403",""
"306404",""
"306395",""
"306290",""
"306275",""
"306247",""
"306248",""
"306526",""
"306527",""
"306589",""
"306978",""
"307050",""
"307114",""
"306924",""
"306733",""
"306795",""
"306796",""
"307722",""
"307766",""
"307636",""
"307300",""
"307392",""
"307373",""
"307495",""
"307496",""
"307553",""
"307554",""
"307905",""
"308165",""
"308086",""
"308087",""
"308030",""
"308379",""
"308374",""
"308375",""
"308539",""
"308574",""
"308735",""
"308736",""
"308631",""
"308892",""
"308893",""
"309035",""
"308997",""
"309697",""
"309698",""
"310226",""
"309974",""
"309619",""
"309369",""
"309405",""
"309430",""
"309469",""
"309339",""
"309340",""
"309087",""
"309142",""
"310701",""
"310657",""
"310458",""
"310459",""
"310528",""
"297775",""
"297801",""
"297813",""
"297814",""
"34361","HSS-8068234"
"35559",""
"35606","HSS-8075907"
"35621","HSS-8076649"
"35004","HSS-1026458"
"34812","HSS-8017663"
"34861","HSS-8065327"
"35827","HSS-8067884"
"36038","HSS-8067916"
"36117","105075"
"36249","HSS-8067877"
"51323","HSS-8022577"
"51240","VIHA-2001854"
"50755","HSS-8081973"
"49582","C003980"
"49725","HSS-8075888"
"49628","HSS-8077813"
"49899","C20514M211"
"50226",""
"36810","HSS-1034679"
"36871","HSS-8025901"
"36962",""
"36917","C012459"
"37007","103023"
"48583",""
"48804","HSS-1042195"
"48784","HSS-8024412"
"48954","HSS-8059458"
"49301","HSS-8073087"
"49382","HSS-1040004"
"3154","HSS-8014299"
"3168","HSS-8024081"
"161471","HSS-8081158"
"108339","HSS-8080786"
"19523","HSS-8081979"
"18823","HSS-8081671"
"8605","HSS-1044875"
"89487","HSS-8082002"
"89906","HSS-8080825"
"56399","HSS-8083318"
"74583","HSS-8081143"
"265635","HSS-8097751"
"239887","HSS-8085900"
"238503","HSS-1046103"
"238501","HSS-1046066"
"288046","HSS-8100276"
"239503","HSS-8085324"
"240324","HSS-8086585"
"239828","HSS-8085904"
"240200","HSS-8085899"
"240191","HSS-8085889"
"240192","HSS-8085901"
"240193","HSS-8085902"
"232777","HSS-8092952"
"225714","HSS-8082548"
"46783","HSS-8081986"
"235303","HSS-8093693"
"225710","HSS-8082563"
"180354","HSS-1044743"
"230444","HSS-8082838"
"230496","HSS-8068502"
"226489","HSS-8083620"
"226523","HSS-8083614"
"240185","HSS-8085938"
"288053","HSS-8099871"
"240180","HSS-8085942"
"239730","HSS-8090359"
"237802","HSS-8087529"
"237718","HSS-8087955"
"237845","HSS-8087738"
"237854","HSS-8088819"
"237884","HSS-8087719"
"237890","HSS-8087469"
"237536","HSS-1046108"
"237548","HSS-1046099"
"237706","HSS-8087755"
"235391","HSS-8089502"
"235383","HSS-8088080"
"235378","HSS-8088076"
"235394","HSS-8089792"
"235398","HSS-8088857"
"235399","HSS-8092834"
"250480","HSS-1049391"
"249864","HSS-8091068"
"250982","HSS-8092359"
"250976","HSS-1049970"
"250985","HSS-8092357"
"256971","HSS-8092930"
"251206","HSS-8092392"
"288287","HSS-8100072"
"256730","HSS-8094181"
"250813","HSS-8092613"
"250815","HSS-8092639"
"250440","HSS-8090559"
"250452","HSS-1049818"
"250450","HSS-1049820"
"250810","HSS-1049975"
"250804","HSS-8092457"
"288288","HSS-8099789"
"250696","HSS-8090891"
"250697","HSS-8090890"
"250698","HSS-8090889"
"256738","HSS-8094008"
"256739","HSS-8095026"
"256740","HSS-1111525"
"256749","HSS-1111520"
"288290","HSS-1940713"
"256742","HSS-1111539"
"256751","HSS-1111528"
"250801","HSS-8092447"
"278482","HSS-8098029"
"278497","HSS-8096781"
"278499","HSS-8096611"
"251495","HSS-1902722"
"287609","HSS-1940718"
"285258","HSS-8097746"
"267359","HSS-8096399"
"283219","HSS-8098364"
"283225","HSS-8098363"
"283214","HSS-8098454"
"250573","HSS-8090552"
"250575","HSS-8090442"
"250576","HSS-1048609"
"250691","HSS-1048232"
"250692","HSS-1048267"
"278463","HSS-8096554"
"250784","HSS-1049238"
"250776","HSS-8092611"
"250779","HSS-8092614"
"250780","HSS-8092608"
"250817","HSS-8092638"
"250818","HSS-8092642"
"250819","HSS-8092641"
"250820","HSS-8092640"
"250554","HSS-8091079"
"250551","HSS-8090280"
"250557","HSS-8090997"
"250564","HSS-8091052"
"250565","HSS-8090888"
"250566","HSS-1048087"
"250567","HSS-8090283"
"250543","HSS-8092104"
"250614","HSS-1048207"
"250545","HSS-1049605"
"250547","HSS-1049603"
"250548","3ND2WH3"
"250626","HSS-1048282"
"250627","HSS-1903187"
"269158","HSS-8096201"
"269163","HSS-8096218"
"269164","HSS-8096196"
"273961","HSS-8096114"
"269115","HSS-8096982"
"269236","HSS-8096281"
"269134","HSS-8096986"
"266990","HSS-1111318"
"269131","HSS-8096264"
"269166","HSS-8096284"
"269123","HSS-8096200"
"281982","HSS-8097541"
"271331","HSS-8096526"
"281984","HSS-8098294"
"303565",""
"303568",""
"303623",""
"303694",""
"303338",""
"305890",""
"305838",""
"305794",""
"305043",""
"305198",""
"305323",""
"305471","BRCFPF1902V00M"
"305418",""
"305391",""
"305535",""
"305586",""
"305609",""
"310578",""
"310475",""
"310390",""
"310392",""
"310186",""
"310239",""
"309972",""
"310044",""
"309709",""
"309761",""
"309901",""
"309926",""
"309867",""
"309122",""
"309208",""
"309206",""
"309353",""
"309300",""
"309501",""
"309571",""
"308437",""
"308181",""
"308153",""
"307891",""
"307902",""
"308672",""
"308594",""
"308902",""
"309025",""
"306909",""
"306897",""
"307214",""
"306991",""
"307045",""
"307288",""
"307381",""
"307489",""
"307828",""
"294767",""
"294688",""
"294654",""
"294592",""
"295074",""
"294827",""
"294932",""
"294891",""
"295260",""
"295616",""
"295699",""
"295445",""
"295914",""
"296059",""
"296196",""
"296227",""
"296285",""
"296371",""
"296569",""
"296537",""
"296628",""
"296648",""
"296819",""
"296768",""
"296884","PHSA Supported"
"297920",""
"298058",""
"297699",""
"297672",""
"297505",""
"297507",""
"297509",""
"297511",""
"296942",""
"297036",""
"297098",""
"297369",""
"297313",""
"298233",""
"298258",""
"298372",""
"296218",""
"296127",""
"296381",""
"296383",""
"296878",""
"296652",""
"311559",""
"311157",""
"311078",""
"310899",""
"307260",""
"311491",""
"296221",""
"300139",""
"300893",""
"308634",""
"303748",""
"300188",""
"296101",""
"297701",""
"295245",""
"288212","HSS-8099542"
"273815","HSS-8095125"
"273793","HSS-8095119"
"273716","HSS-8095887"
"271179",""
"271284",""
"269454","HSS-8096520"
"273361","HSS-8096077"
"273787","HSS-8096005"
"273696","HSS-8096105"
"273763","HSS-8095898"
"273727","HSS-8095600"
"271004","HSS-8096997"
"271297",""
"271099",""
"271149",""
"272133","HSS-8096373"
"271822","HSS-8096525"
"299233",""
"299329",""
"299463",""
"300901",""
"300876",""
"300839",""
"300745",""
"300673",""
"300453",""
"300418",""
"300599",""
"300636",""
"300510",""
"300149",""
"300311",""
"300335",""
"300219",""
"300258",""
"299861",""
"299958",""
"300028",""
"300065",""
"302488",""
"302609",""
"302365",""
"302326",""
"302380",""
"302239",""
"302206",""
"301256",""
"301471",""
"300969",""
"300988",""
"301208",""
"301110",""
"301134",""
"301647",""
"301601",""
"301552",""
"301703",""
"301795",""
"302905",""
"302799",""
"303181",""
"303078",""
"303133",""
"303026",""
"303675",""
"303741",""
"303819",""
"303661",""
"303535",""
"303298",""
"303378",""
"303500",""
"303457",""
"304479",""
"304506",""
"304703",""
"304582",""
"304932",""
"304927",""
"304753",""
"304788",""
"304825",""
"310002",""
"310022",""
"297319",""
"297280",""
"297490",""
"297397",""
"297025",""
"296920",""
"297112",""
"297080",""
"297086",""
"297805",""
"297878",""
"297897",""
"298020",""
"298028",""
"298064",""
"297964",""
"297600",""
"297619",""
"297560",""
"297547",""
"297736",""
"298432",""
"298451",""
"298516",""
"298531",""
"298560",""
"298547",""
"298244",""
"298301",""
"298341",""
"298352",""
"298186",""
"294968",""
"295054",""
"294902",""
"294938",""
"294769",""
"294744",""
"294674",""
"294715",""
"294533",""
"295298",""
"295262",""
"295331",""
"295230",""
"295176",""
"295117",""
"295590",""
"295652",""
"295679",""
"295537",""
"295435",""
"295413",""
"295995",""
"295987",""
"295935",""
"295855",""
"295922",""
"295736",""
"295793",""
"296299",""
"296261",""
"296201",""
"296068",""
"296056",""
"296084",""
"296758",""
"296727",""
"296667",""
"296672",""
"296888",""
"296880",""
"296577",""
"296550",""
"296518",""
"296512",""
"296448",""
"296460",""
"296395",""
"296348",""
"310876",""
"310921",""
"311000",""
"310740",""
"310724",""
"310761",""
"310869",""
"310791",""
"311252",""
"311321",""
"311306",""
"311143",""
"311154",""
"311377",""
"311458",""
"311486",""
"311545",""
"301564",""
"298914",""
"305939","PHSA Supported"
"309330",""
"306860",""
"295336",""
"297800",""
"297498",""
"311152",""
"304019",""
"304603",""
"287964","HSS-8100402"
"287966","HSS-8099019"
"288555","HSS-8099522"
"288556","HSS-8099461"
"288557","HSS-8099182"
"288558","HSS-8099538"
"290291","HSS-8099852"
"290292","HSS-8099036"
"290293","HSS-8099039"
"290294","HSS-8098933"
"290296","HSS-8099839"
"287958","HSS-8100249"
"288552","HSS-8099995"
"287866","HSS-8098616"
"290067","HSS-8098871"
"290289","HSS-8099842"
"290274","HSS-8099060"
"290275","HSS-8099056"
"290014","HSS-8098347"
"290015","HSS-8098352"
"290006","HSS-8098857"
"290032","HSS-8098884"
"290064","HSS-8098366"
"290034","HSS-8098877"
"290026","HSS-8098969"
"290027","HSS-1114052"
"290094","HSS-1940722"
"290097","HSS-8098674"
"234136","HSS-8085303"
"238860","HSS-1046948"
"238861","HSS-1047587"
"240581","HSS-8086527"
"290318","HSS-8098888"
"288481","HSS-8099802"
"290316","HSS-8098980"
"288471","HSS-8099837"
"288331","HSS-8099914"
"288333","HSS-1940714"
"288488","HSS-8099936"
"288346","HSS-8099973"
"288474","HSS-8099104"
"288475","HSS-8099330"
"288476","HSS-8099219"
"288477","HSS-8099248"
"288468","HSS-8099732"
"254077","HSS-1049366"
"254218","HSS-8092285"
"288340","HSS-8099881"
"240585","HSS-1998427"
"288337","HSS-8100117"
"288338","HSS-8099951"
"290114","HSS-8098348"
"290319","HSS-8099053"
"290320","HSS-8099863"
"290101","HSS-8098375"
"290103","HSS-8098361"
"290099","HSS-8098349"
"294368","HSS-8098805"
"290079","HSS-8098353"
"290323","HSS-8098867"
"290377","HSS-8098383"
"290393","HSS-8098389"
"290419","HSS-8098879"
"290505","HSS-8098392"
"290321","HSS-8098401"
"290584","HSS-8098417"
"290600","HSS-8098855"
"257531","HSS-8095447"
"290582","HSS-8098426"
"290588","HSS-8098400"
"288335","HSS-8099993"
"288336","HSS-8099274"
"312630","HSS-8099747"
"245552","HSS-8089169"
"244124","HSS-8089015"
"290174","HSS-8098934"
"290043","HSS-8098779"
"290087","HSS-8099092"
"6512","HSS-8003456"
"6855","HSS-8073291"
"30765","HSS-1044741"
"6621","76004"
"6622","76007"
"6623","76009"
"6624","76011"
"6625","76013"
"6626","76015"
"140006","HSS-1044297"
"226524","HSS-1045025"
"10224","HSS-8086367"
"228453","HSS-1045113"
"285185","HSS-8097509"
"285186","HSS-8097611"
"184649","HSS-8084059"
"97680","HSS-8084344"
"241651","HSS-1998435"
"241656","HSS-8085891"
"16730","HSS-1033713"
"229918","HSS-8082317"
"272785","HSS-8095191"
"272757","HSS-8094906"
"272744","HSS-8095881"
"272754","HSS-8095689"
"272749","HSS-8095627"
"272782","HSS-8095896"
"273084","HSS-8096070"
"273085","HSS-8096075"
"272925","HSS-8095891"
"272890","HSS-8096081"
"272892","HSS-8095711"
"272813","HSS-8095611"
"272843","HSS-8095127"
"272871","HSS-8095201"
"272872","HSS-8096361"
"273225","HSS-8095457"
"273245","HSS-8096448"
"273242","HSS-8095624"
"273215","HSS-8096445"
"273204","HSS-8095616"
"273200","HSS-8096116"
"273095","HSS-8096104"
"273103","HSS-8096121"
"273118","HSS-8096092"
"273137","HSS-8096117"
"273121","HSS-8095706"
"273139","HSS-8095048"
"245450","HSS-1047558"
"245452","HSS-8089144"
"245933","HSS-1111199"
"311905","HSS-8099406"
"241741","HSS-8089014"
"241744","HSS-8088509"
"241745","HSS-8086960"
"241746","HSS-8088681"
"241731","HSS-8088610"
"234731","HSS-8086541"
"238145","HSS-8086586"
"238169","HSS-1998429"
"238935","HSS-1047519"
"238938","HSS-1047466"
"238939","HSS-1047590"
"238940","HSS-8089118"
"238372","HSS-1998265"
"238928","HSS-8091472"
"238930","HSS-8089119"
"238375","HSS-1998269"
"234722","HSS-8086561"
"234723","HSS-1046547"
"235811","HSS-1046107"
"234716","HSS-8086574"
"287484","HSS-8098474"
"287541","HSS-8098209"
"287319","HSS-8098252"
"287335","HSS-8098249"
"287376","HSS-8098253"
"287385","HSS-8098355"
"287121","HSS-8098083"
"287238","HSS-8098473"
"287239","HSS-8098087"
"235220","HSS-8085841"
"72116",""
"72571","HSS-8067921"
"72927","HSS-8066230"
"72932","HSS-8076140"
"71745","HSS-1020799"
"72019","100405"
"71425","HSS-8071539"
"71456","HSS-8015982"
"71377","HSS-8017864"
"59153","HSS-8076888"
"59176","HSS-8075952"
"59044","HSS-1040768"
"59075","HSS-1114066"
"59517","C004046"
"59418","HSS-8010218"
"70904","HSS-8066246"
"71058","105074"
"71074","HSS-8065356"
"71199","HSS-1044273"
"71321","HSS-8072101"
"57380","C002743"
"57277","HSS-8017372"
"57053",""
"56734","HSS-8075663"
"56737",""
"56572","C000980"
"56785","HSS-8065321"
"56948","HSS-8018263"
"44099","HSS-1044368"
"55946","C003680"
"55991","HSS-8077815"
"57489","HSS-8072739"
"57438",""
"57560","91528"
"57519","HSS-8076912"
"57725",""
"57674",""
"58199","75989"
"58200","75995"
"58201","75999"
"58202","76003"
"57991","HSS-8080578"
"58211","HSS-1041747"
"26584","C000678"
"26661","HSS-8066239"
"27038","HSS-8072113"
"27261","HSS-1037484"
"27284","HSS-8016014"
"26523","HSS-1040812"
"26384","HSS-1039477"
"25894","HSS-8077595"
"25962",""
"25828","HSS-1037210"
"28695","HSS-1113691"
"28471","HSS-8014803"
"28186","HSS-8074413"
"28125","HSS-8059647"
"28075","HSS-8060537"
"27373","HSS-8072092"
"27568","HSS-8017971"
"41352","HSS-8075432"
"41266","HSS-8011242"
"40989","HSS-8014518"
"41084","HSS-8066041"
"29114","HSS-1032254"
"29194","HSS-8076917"
"41434","HSS-1968248"
"41571","HSS-1046435"
"42037","C000239"
"42075","HSS-1968266"
"42080","C003847"
"42515","HSS-8068244"
"42391","HSS-8018674"
"42150","HSS-1043793"
"42184","HSS-8024231"
"42702","HSS-8024386"
"42900","HSS-1034429"
"43014","HSS-8075430"
"43029","HSS-8075902"
"43032","C003991"
"43087","HSS-1019004"
"43259","HSS-1042283"
"43344","HSS-8018788"
"43424","HSS-8065375"
"43553","108825"
"43845","HSS-1043431"
"44044","HSS-8078433"
"44056","HSS-8027376"
"277952","HSS-8096304"
"277976","HSS-8096577"
"250642","HSS-8091173"
"278001","HSS-1111995"
"278002","HSS-1111996"
"288283","HSS-8099557"
"288284","HSS-8099800"
"250636","HSS-8091599"
"250637","HSS-1048441"
"250959","HSS-1110040"
"250640","HSS-1048747"
"263722","HSS-1940006"
"288232","HSS-8099752"
"288233","HSS-8099795"
"285279","HSS-8097747"
"285280","HSS-8097727"
"272719","HSS-8095194"
"313447","HSS-8100067"
"273425","HSS-8095890"
"273426","HSS-8094943"
"273068","HSS-8096102"
"271064","HSS-8097368"
"276865",""
"277530","HSS-1111991"
"280762","HSS-8097023"
"280764","HSS-8096818"
"281955","HSS-8097451"
"281956","HSS-8097062"
"281957","HSS-8097873"
"281958","HSS-8097562"
"281959","HSS-8098053"
"263093","HSS-8094724"
"263096","HSS-8096456"
"288235","HSS-8099510"
"263599","HSS-8094728"
"263600","HSS-8094773"
"285282","HSS-8097633"
"273869","HSS-8095621"
"313495","HSS-8100068"
"284234","HSS-8100472"
"284235","HSS-8100283"
"284201","HSS-8100539"
"280755","HSS-8097128"
"269006","HSS-8096202"
"265597","HSS-8097927"
"265604","HSS-8098257"
"268999","HSS-8096203"
"268996","HSS-8096275"
"268960","HSS-8096460"
"281960","HSS-8098077"
"281961","HSS-8097572"
"280487","HSS-8100013"
"280500","HSS-8100014"
"282344","HSS-8096748"
"282345","HSS-8096736"
"282346","HSS-8096744"
"274295","HSS-8093619"
"282335","HSS-8096741"
"282336","HSS-8096735"
"282337","HSS-8096746"
"281967","HSS-8097714"
"281970","HSS-8097198"
"281972","HSS-8097178"
"281973","HSS-8097418"
"281974","HSS-8097402"
"313467","HSS-8100056"
"313417","HSS-8100073"
"288237","HSS-8100053"
"288205","HSS-8099721"
"265800","HSS-8092837"
"265793","HSS-8092851"
"265796","HSS-8093762"
"273059","HSS-8096103"
"272711","HSS-8095630"
"263697","HSS-8094679"
"263684","HSS-8094776"
"272040","HSS-8096374"
"272044","HSS-8096471"
"265620","HSS-8097926"
"269288","HSS-8096217"
"266820","HSS-1111317"
"237294","HSS-8088630"
"237211","HSS-1047284"
"237205","HSS-8088834"
"237188","HSS-8087701"
"237170","HSS-8088516"
"237174","HSS-8088812"
"237153","HSS-1048126"
"237155","HSS-8088838"
"236909","HSS-1046666"
"236919","HSS-1046675"
"236930","HSS-8088669"
"236950","HSS-8089937"
"236945","HSS-1046665"
"236959","HSS-1046683"
"236960","HSS-8088274"
"236969","HSS-8088074"
"236976","HSS-8088077"
"236977","HSS-8087953"
"236866","HSS-8089260"
"236875","HSS-8088292"
"236880","HSS-8088271"
"236891","HSS-1046569"
"236820","HSS-1047040"
"236809","HSS-8087722"
"237007","HSS-1047012"
"237012","HSS-8088450"
"237015","HSS-8092583"
"237023","HSS-8088249"
"236998","HSS-1047093"
"237060","HSS-1046667"
"237046","HSS-1047330"
"237049","HSS-8088821"
"237053","HSS-8088272"
"237146","HSS-8088691"
"237136","HSS-1047324"
"237127","HSS-8088303"
"237115","HSS-8087260"
"237072","HSS-1046668"
"237102","HSS-1047235"
"237099","HSS-1047104"
"134572","HSS-8080108"
"134419","C005039"
"134310","HSS-8016398"
"134204","HSS-1940648"
"135518","HSS-1037836"
"135392","HSS-8074014"
"135655","C001165"
"137152","HSS-1036542"
"137353","C005038"
"136752","HSS-1037195"
"136673","HSS-8070850"
"137016","HSS-8079101"
"136115","HSS-8081434"
"136151","HSS-8076679"
"136557","HSS-8075948"
"136666","HSS-1964314"
"122266","HSS-8077841"
"122231",""
"122329","C000125"
"121977","HSS-8025377"
"122010","HSS-8010065"
"122053","HSS-8014792"
"122161","HSS-8067872"
"121821","HSS-8068205"
"121921","HSS-8076171"
"121490","C009008"
"121516","HSS-8076890"
"121445","C004879"
"121387","C002350"
"121547","106381"
"121343","HSS-8081452"
"121373","HSS-8015291"
"119662","HSS-8077576"
"119787","HSS-1962570"
"120046","C004902"
"119896",""
"119932","HSS-8081457"
"119633","HSS-8067917"
"119461","HSS-1043720"
"119260",""
"119015","C002827"
"119304","HSS-8076135"
"120446","HSS-1027992"
"120718","HSS-8076936"
"308843",""
"308387",""
"308361",""
"308372",""
"308373",""
"308083",""
"308075",""
"307703",""
"307624",""
"307620",""
"307367",""
"307258",""
"307232",""
"307233",""
"307234",""
"307016",""
"306977",""
"306973",""
"310451",""
"310452",""
"310355",""
"309099",""
"309084",""
"310210",""
"310138",""
"309964",""
"309971",""
"309969",""
"309934",""
"309915",""
"309690","CWMS-IRP02"
"309692",""
"309681",""
"309682",""
"309683",""
"298029",""
"298030",""
"297944",""
"297667",""
"297554",""
"297398",""
"297331",""
"297276",""
"297209",""
"296949",""
"296913",""
"298228",""
"298289",""
"298573",""
"294755",""
"295006",""
"294888",""
"295310",""
"295280",""
"295281",""
"295698",""
"295669",""
"295623",""
"295578",""
"296759",""
"296649",""
"296600",""
"296389",""
"296390",""
"296212",""
"296213",""
"311256",""
"310962",""
"310816",""
"311468",""
"311469",""
"311470",""
"307547",""
"294693",""
"299909",""
"306214",""
"305662",""
"305735",""
"305462",""
"306505",""
"297189",""
"297464",""
"297430",""
"297702",""
"297703",""
"297624",""
"297625",""
"309557",""
"303590",""
"310781",""
"305623",""
"300521",""
"310971",""
"301390",""
"301085",""
"301882",""
"302555",""
"302527",""
"300504",""
"300049",""
"299956",""
"300210",""
"298646",""
"298657",""
"298864",""
"298768",""
"299511",""
"299706",""
"81963","C000601"
"81964","C000637"
"81603","HSS-8017741"
"93319","HSS-8080157"
"109506","HSS-1026492"
"109406","HSS-8076665"
"109450","C003626"
"109604","HSS-8068185"
"109761","HSS-8069532"
"109765","HSS-8071529"
"109128","HSS-1043649"
"108934","HSS-8073319"
"109246",""
"108602","HSS-8076661"
"108673","HSS-8068145"
"108612","HSS-1042984"
"108614","HSS-1042911"
"108620",""
"108175","C002005"
"108494","HSS-8076688"
"108378","HSS-8057889"
"108237","HSS-8079104"
"108125","C004103"
"108163","HSS-8072111"
"95801","HSS-8062129"
"95856","HSS-8075949"
"95789","75571"
"95790","75576"
"95791","75991"
"95419","HSS-8079863"
"95404","HSS-8076637"
"107877","HSS-8076918"
"96555","HSS-8075354"
"96190",""
"17820","C002390"
"17768","103007"
"6243","HSS-8015844"
"5602","HSS-8059619"
"5799","HSS-8076425"
"5377","HSS-8068245"
"5289","HSS-8071532"
"5164","HSS-8070837"
"5231","HSS-8070894"
"5233","HSS-8021559"
"5523",""
"4778","HSS-8059490"
"4931","HSS-1039464"
"4971","HSS-1042370"
"3720","HSS-8014339"
"4154","C000246"
"4196","C003865"
"4465","HSS-8062116"
"4374","HSS-8076886"
"4502","HSS-8058879"
"18312","HSS-8073320"
"18264",""
"18601","HSS-8059028"
"18402","HSS-8078702"
"18491","HSS-8066238"
"19409","HSS-6001491"
"19468",""
"18892","HSS-8075890"
"18844",""
"20836","HSS-1040059"
"20885","HSS-8017260"
"20947","C002391"
"21091","ECN-77808"
"21205","HSS-1940649"
"20236","HSS-8067145"
"20213","C003931"
"20248","HSS-8076128"
"19989",""
"19970","105072"
"19704","HSS-8068240"
"19799",""
"19852",""
"33775","HSS-8012843"
"33717","C015220"
"33718","C015223"
"33540","HSS-1036605"
"33595","HSS-8077817"
"33304","HSS-1039446"
"33335","HSS-8067886"
"21505","HSS-8078504"
"33983","HSS-8006266"
"34022","HSS-8078673"
"34617","HSS-8012909"
"34588",""
"34335","HSS-1988142"
"257623","HSS-1111136"
"257628","HSS-8093530"
"288374","HSS-1940710"
"288375","HSS-8099743"
"288376","HSS-8099434"
"288377","HSS-8100138"
"288378","HSS-8099237"
"288379","HSS-8099909"
"288380","HSS-8100090"
"288381","HSS-8100205"
"288382","HSS-8100082"
"288383","HSS-8099922"
"288384","HSS-8099607"
"288385","HSS-8100122"
"288447","HSS-8099240"
"288389","HSS-8099999"
"288452","HSS-8099974"
"288453","HSS-8099493"
"288450","HSS-8099222"
"288457","HSS-8099279"
"257616","HSS-8093938"
"257621","HSS-8093757"
"257229","HSS-8093934"
"261762","HSS-8092435"
"257231","HSS-8093935"
"257601","HSS-8093661"
"257768","HSS-1111427"
"257763","HSS-8095971"
"256374","HSS-1049904"
"256370","HSS-8093112"
"250500","HSS-1048602"
"249847","HSS-8091280"
"249841","HSS-8091449"
"249855","HSS-1048810"
"281899","HSS-8097634"
"249859","HSS-8091461"
"252783","HSS-8092607"
"256732","HSS-8094187"
"252777","HSS-8091506"
"250502","HSS-1048601"
"252774","HSS-8091862"
"252775","HSS-8091989"
"250536","HSS-8092004"
"250537","HSS-8092010"
"250538","HSS-8092101"
"250539","HSS-8092100"
"250540","HSS-8092103"
"250527","HSS-1049398"
"250529","HSS-8092283"
"250504","HSS-1049421"
"250515","HSS-8091980"
"250509","HSS-1049429"
"250510","HSS-1049428"
"249809","HSS-8091184"
"249813","HSS-8091070"
"250495","HSS-8092184"
"250496","HSS-8092177"
"250497","HSS-8092178"
"249505","HSS-8090267"
"250488","HSS-8092487"
"250490","HSS-8092488"
"250491","HSS-8092155"
"251416","HSS-1940666"
"249829","HSS-8091244"
"249888","HSS-8091381"
"257173","HSS-8096446"
"257174","HSS-1940717"
"250469","HSS-1904982"
"250461","HSS-1904980"
"249743","HSS-1049362"
"249745","HSS-1049363"
"249748","HSS-8091600"
"249427","HSS-8090549"
"250456","HSS-1049599"
"250464","HSS-1049612"
"250465","HSS-1049608"
"250466","HSS-1904983"
"250458","HSS-1049598"
"250474","HSS-1049395"
"251017","HSS-8093214"
"315792","HSS-8100494"
"315783","HSS-8100492"
"315774","HSS-8100489"
"315777","HSS-8100501"
"315794","HSS-8100497"
"315795","HSS-8100498"
"315784","HSS-8100516"
"313300","HSS-8100139"
"312991","HSS-8099944"
"313627","HSS-8100116"
"312292","HSS-8100198"
"312282","HSS-8100224"
"312293","HSS-8099594"
"312969","HSS-1940691"
"312970","HSS-1940692"
"314895","HSS-8100240"
"314864","HSS-8100392"
"314866","HSS-8100254"
"313037","HSS-8100030"
"313102","HSS-8100028"
"312290","HSS-8100227"
"315799","HSS-8100495"
"315789","HSS-8100515"
"315819","HSS-8100496"
"314880","HSS-8100261"
"314873","HSS-8100274"
"314874","HSS-8100257"
"314868","HSS-8100258"
"314862","HSS-8100390"
"314903","HSS-8100391"
"314904","HSS-8100235"
"314901","HSS-8100389"
"314883","HSS-8100256"
"314890","HSS-8100267"
"314902","HSS-8100236"
"314906","HSS-8100285"
"315624","HSS-8100460"
"315625","HSS-8100461"
"315571","HSS-8100462"
"315596","HSS-8100464"
"314869","HSS-8100286"
"314861","HSS-8100270"
"297043",""
"297392",""
"297336",""
"297803",""
"297666",""
"295195",""
"295424",""
"294920",""
"294994",""
"294743",""
"295925",""
"296290",""
"296015",""
"296137",""
"296330",""
"296384",""
"296651",""
"311342",""
"311156",""
"311109",""
"311034",""
"306172",""
"297990",""
"304604",""
"301010",""
"300652",""
"309412",""
"296144",""
"298502",""
"304360",""
"296912",""
"297947",""
"273342","HSS-8095694"
"270883","HSS-8097311"
"273796","HSS-8095806"
"273791","HSS-8095224"
"273731","HSS-8096073"
"271180",""
"313490","HSS-8100066"
"273366","HSS-8096175"
"273789","HSS-8096171"
"273783","HSS-8095610"
"273713","HSS-8094857"
"273738","HSS-8095603"
"287640","HSS-8098168"
"288546","HSS-8100083"
"288548","HSS-8099549"
"288549","HSS-8099773"
"294355","HSS-8098632"
"287918","HSS-8100350"
"287919","HSS-8100403"
"287920","HSS-8100405"
"287921","HSS-8100282"
"287922","HSS-8099879"
"287924","HSS-8098955"
"287926","HSS-8100538"
"287930","HSS-8100371"
"287631","HSS-8098161"
"287634","HSS-8098152"
"287635","HSS-8098154"
"287636","HSS-8098169"
"312182","HSS-8099584"
"312167","HSS-8099558"
"287628","HSS-8098153"
"287618","HSS-8098174"
"288411","HSS-8099483"
"292415","HSS-8098487"
"288413","HSS-8099550"
"287947","HSS-8100467"
"287952","HSS-8100264"
"287954","HSS-8100446"
"287622","HSS-8098156"
"287623","HSS-8098171"
"287624","HSS-8098165"
"287626","HSS-8098151"
"287942","HSS-8100232"
"287943","HSS-8100239"
"287944","HSS-8100251"
"287633","HSS-8098260"
"287933","HSS-8100549"
"287934","HSS-8100160"
"287935","HSS-8099049"
"287936","HSS-8100534"
"290267","HSS-8099054"
"290268","HSS-8098891"
"290269","HSS-8098924"
"290270","HSS-8099204"
"290271","HSS-8099861"
"290278","HSS-8099102"
"290279","HSS-8099134"
"290117","HSS-8099203"
"290119","HSS-8098906"
"290122","HSS-8099042"
"290123","HSS-8099596"
"290124","HSS-8098923"
"290126","HSS-8099844"
"290280","HSS-8099190"
"290281","HSS-8099076"
"290282","HSS-8099067"
"290283","HSS-8099103"
"290285","HSS-8098935"
"290286","HSS-8099862"
"290287","HSS-8099845"
"290288","HSS-8098931"
"289972","HSS-8098894"
"289975","HSS-8098370"
"290259","HSS-8099202"
"290263","HSS-8099058"
"290264","HSS-8098915"
"290261","HSS-8099018"
"292828","HSS-8098465"
"292911","HSS-8098463"
"292652","HSS-8098460"
"287830","HSS-8098586"
"287741","HSS-8098774"
"287850","HSS-1940720"
"287861","HSS-8098623"
"287845","HSS-8099120"
"287711","HSS-8098602"
"287702","HSS-8098597"
"288562","HSS-8100071"
"287959","HSS-8100177"
"287962","HSS-8100423"
"85852","HSS-8066223"
"85441","HSS-8013881"
"85406","HSS-8076656"
"85613","HSS-8069792"
"84522",""
"84812","HSS-8080622"
"85065","HSS-1037991"
"97324","HSS-1042139"
"96969","HSS-8077840"
"96980","HSS-8067878"
"97462","HSS-1042271"
"97945","HSS-8079640"
"97965","HSS-8069586"
"98174","HSS-8077534"
"38887","HSS-8066342"
"39532","HSS-8076420"
"39540","C004104"
"39492","C000771"
"39691","HSS-8076632"
"39708","C003982"
"40523","HSS-8024681"
"40282","ECN-65992"
"40237","HSS-8078153"
"39858","HSS-1042218"
"37436","HSS-8070900"
"37857","HSS-8012822"
"38234","HSS-8075433"
"38748","HSS-1044290"
"38791","HSS-8076660"
"38564","HSS-8057883"
"53078","C008281"
"52967","146659"
"53000","HSS-1036453"
"53367","C002012"
"53256","HSS-8015604"
"52083","HSS-8062128"
"52421",""
"52579",""
"54465","HSS-8079928"
"54542","HSS-8066234"
"54703",""
"54754","HSS-8007932"
"54823","HSS-8073072"
"55029","HSS-8071147"
"55033",""
"53505","HSS-8076680"
"53922","HSS-8080566"
"24298","HSS-8076136"
"24239","HSS-8075917"
"24198","C002392"
"24493","HSS-1016261"
"24757",""
"24760","HSS-8022417"
"25328","HSS-1035690"
"25415","HSS-8027388"
"25313","HSS-8060551"
"25248","ECN-82319"
"37108","HSS-8076911"
"37142",""
"37208","HSS-1039090"
"25047",""
"25147","C000156"
"25148","HSS-8081405"
"22570","C003527"
"22638","HSS-8076915"
"21924","HSS-1940706"
"22074",""
"22395","HSS-8073274"
"23368","C001026"
"23482","HSS-8076937"
"23569","C003825"
"23408","C003935"
"23469","HSS-8071528"
"23733","HSS-1026481"
"8589","HSS-1017907"
"9167","HSS-1042854"
"9955","HSS-8076703"
"7499","HSS-1968265"
"7420","HSS-1033371"
"7173","HSS-8068210"
"7244",""
"7669","C003700"
"8155","HSS-8010344"
"8393","HSS-8009808"
"8377","HSS-8080115"
"6582","HSS-8077532"
"233109","HSS-1998348"
"233113","HSS-8094552"
"234564","HSS-1997584"
"234565","HSS-1997599"
"234562","HSS-1997604"
"234569","HSS-1997614"
"234567","HSS-1997625"
"234555","HSS-1997582"
"234556","HSS-1997611"
"234559","HSS-1997610"
"236177","HSS-8088057"
"238914","HSS-8089159"
"232790","HSS-8092940"
"232791","HSS-8092941"
"232792","HSS-8092934"
"232793","HSS-8092956"
"232794","HSS-8092933"
"232795","HSS-8091935"
"232798","HSS-8092430"
"257555","HSS-8093524"
"244746","HSS-8090881"
"236317","HSS-1046529"
"236537","HSS-1047136"
"246019","HSS-8089300"
"246016","HSS-1047700"
"243724","HSS-1003983"
"313397","HSS-8100057"
"234487","HSS-1046044"
"234485","HSS-1046039"
"238923","HSS-8089138"
"235745","HSS-4056125"
"236287","HSS-1046756"
"238921","HSS-8089280"
"236185","HSS-8088307"
"236187","HSS-8088837"
"236190","HSS-8088635"
"236221","HSS-1046623"
"238917","HSS-8089149"
"238918","HSS-8089150"
"234497","HSS-1046054"
"233597","HSS-1045888"
"233598","HSS-1045886"
"233599","HSS-1045885"
"233118","HSS-8095049"
"233129","HSS-8094550"
"266923","HSS-8096398"
"312554","HSS-8099741"
"248999","HSS-1048170"
"249605","HSS-8091745"
"257187","HSS-8096472"
"278367","HSS-8096544"
"312553","HSS-8099719"
"233125","HSS-8094910"
"233357","HSS-8084247"
"233115","HSS-8094873"
"235760","HSS-8088226"
"235775","HSS-8088244"
"235767","HSS-1047174"
"235769","HSS-1047237"
"244784","HSS-8091231"
"235779","HSS-8087756"
"235780","HSS-8088072"
"249607","HSS-8091719"
"249608","HSS-8091510"
"232761","HSS-8092753"
"232762","HSS-8093510"
"232765","HSS-8092437"
"232766","HSS-8092745"
"232767","HSS-8091937"
"232768","HSS-8092432"
"235758","HSS-8088263"
"232759","HSS-8092756"
"232807","HSS-8092442"
"232802","HSS-8091962"
"245890","HSS-1048972"
"247196","HSS-8090017"
"247198","HSS-1047954"
"245896","HSS-1111198"
"245892","HSS-8098261"
"245893","HSS-1112567"
"245899","HSS-1047708"
"254080","HSS-1049364"
"257109","HSS-8096447"
"257110","HSS-8096458"
"256919","HSS-1110787"
"246114","HSS-1047785"
"246116","HSS-1047733"
"245903","HSS-1048531"
"256924","HSS-8093180"
"256928","HSS-8092959"
"245905","HSS-1112657"
"245906","HSS-1110811"
"245907","HSS-1047947"
"245908","HSS-1112553"
"245909","HSS-1110918"
"245910","HSS-1112554"
"245911","HSS-1048443"
"245912","HSS-1048971"
"245914","HSS-1049690"
"278605","HSS-8096649"
"288223","HSS-8099488"
"278631","HSS-8097334"
"288224","HSS-8099298"
"278597","HSS-8096543"
"281888","HSS-8097960"
"281885","HSS-8097533"
"281881","HSS-8097993"
"281928","HSS-8097525"
"281929","HSS-8097758"
"281871","HSS-8097563"
"281873","HSS-8097292"
"281874","HSS-8096926"
"281876","HSS-8097366"
"281877","HSS-8097818"
"274033","HSS-8095467"
"274031","HSS-8095196"
"273980","HSS-8096090"
"285272","HSS-8097316"
"285277","HSS-8097369"
"269070","HSS-8096215"
"286810","HSS-8098101"
"311779","HSS-8099392"
"311780","HSS-8099262"
"263376","HSS-8094729"
"274062","HSS-8095859"
"274058","HSS-8095699"
"261734","HSS-1090970"
"261725","HSS-1904732"
"261723","HSS-1904736"
"261721","HSS-1904734"
"281921","HSS-8097666"
"260270","HSS-8092006"
"288322","HSS-8099307"
"288323","HSS-8099555"
"260279","HSS-1049354"
"287913","HSS-8098297"
"287929","HSS-8098896"
"288308","HSS-8100043"
"288314","HSS-8100231"
"288310","HSS-8099217"
"288311","HSS-8099423"
"288317","HSS-8100216"
"288318","HSS-8100093"
"288320","HSS-8099233"
"288093","HSS-8099788"
"288095","HSS-8099969"
"261798","HSS-8092446"
"261767","HSS-1961924"
"313459","HSS-8100069"
"261773","HSS-8092441"
"261775","HSS-1961925"
"290686","HSS-8098422"
"290746","HSS-8098384"
"290714","HSS-8098385"
"290711","HSS-8098424"
"290722","HSS-8098387"
"290729","HSS-8098428"
"290734","HSS-8098414"
"290740","HSS-8098386"
"261784","HSS-8092559"
"290674","HSS-8098421"
"233570","HSS-8086525"
"247754","HSS-8089932"
"235253","HSS-1997576"
"238896","HSS-1047545"
"233414","HSS-8084790"
"233572","HSS-8085846"
"233573","HSS-8085859"
"233574","HSS-8085852"
"288421","HSS-8099331"
"233560","HSS-1045809"
"233561","HSS-1045802"
"312531","HSS-8099718"
"288423","HSS-8099921"
"288424","HSS-8099556"
"288425","HSS-8099804"
"288434","HSS-8099318"
"288436","HSS-8099396"
"287550","HSS-8098207"
"287555","HSS-8098199"
"287559","HSS-8098206"
"287562","HSS-8098210"
"230831","HSS-8084248"
"271569","HSS-8096474"
"236484","HSS-1047211"
"230941","HSS-1045623"
"230945","HSS-8085323"
"236735","HSS-8088655"
"269303","HSS-8096269"
"313159","HSS-8099987"
"288418","HSS-8100524"
"236260","HSS-1046109"
"236337","HSS-1047135"
"244165","HSS-8089017"
"244174","HSS-1047460"
"231080","HSS-8086592"
"231035","HSS-8093691"
"273436","HSS-8095702"
"273421","HSS-8096076"
"256747","HSS-8094017"
"291539","HSS-8098396"
"291477","HSS-8098393"
"291783","HSS-8098394"
"278541","HSS-8096776"
"278542","HSS-8097014"
"278514","HSS-8096530"
"288296","HSS-8099321"
"281913","HSS-8097161"
"288299","HSS-8099911"
"288300","HSS-8100312"
"288293","HSS-8099151"
"265701","HSS-8098233"
"294405","HSS-8098591"
"313115","HSS-8100010"
"278510","HSS-8096587"
"273962","HSS-8096455"
"273910","HSS-8095892"
"273892","HSS-8095123"
"278555","HSS-8096589"
"278736","HSS-8096567"
"293833","HSS-8098576"
"278763","HSS-8096640"
"288301","HSS-8099275"
"278639","HSS-8096616"
"278648","HSS-8096551"
"278769","HSS-8096533"
"278774","HSS-8096565"
"278272","HSS-8096597"
"281924","HSS-8097378"
"278284","HSS-8097333"
"278358","HSS-8097338"
"278359","HSS-8096604"
"288240","HSS-8099958"
"288241","HSS-1940709"
"288242","HSS-8099229"
"288243","HSS-8100197"
"288083","HSS-8099231"
"288089","HSS-8099867"
"288218","HSS-8099261"
"288091","HSS-8099755"
"288328","HSS-8099242"
"238877","HSS-8089037"
"238867","HSS-1047441"
"238870","HSS-8090773"
"238873","HSS-1047455"
"238875","HSS-8089029"
"235787","HSS-1047298"
"235788","HSS-8088659"
"235782","HSS-8086812"
"235790","HSS-8088685"
"261840","HSS-1904731"
"238859","HSS-1046868"
"235336","HSS-8093480"
"234062","HSS-8085333"
"290050","HSS-8098971"
"290184","HSS-8098904"
"290185","HSS-8099153"
"290110","HSS-8098968"
"290111","HSS-8098657"
"290113","HSS-8098677"
"290048","HSS-8098895"
"243494","HSS-1110896"
"243497","HSS-8093505"
"243498","HSS-8093509"
"243499","HSS-8093508"
"243502","HSS-8093501"
"243503","HSS-8093507"
"288065","HSS-8100279"
"288066","HSS-8100170"
"288010","HSS-8100404"
"288011","HSS-8100354"
"288012","HSS-8100471"
"288527","HSS-8100046"
"288529","HSS-8099621"
"290187","HSS-8099843"
"290190","HSS-8099070"
"290191","HSS-8099847"
"245537","HSS-8089151"
"312164","HSS-8099583"
"288013","HSS-8100179"
"288014","HSS-8100289"
"288015","HSS-8100355"
"288016","HSS-8100273"
"288017","HSS-8100237"
"288018","HSS-8100356"
"288020","HSS-8100368"
"294344","HSS-8098793"
"287512","HSS-8098205"
"287516","HSS-8098438"
"287522","HSS-8098203"
"287523","HSS-8098219"
"287526","HSS-8098202"
"287538","HSS-8098211"
"288021","HSS-8100193"
"288022","HSS-8100353"
"290052","HSS-8098869"
"290054","HSS-8099097"
"290193","HSS-8099072"
"290194","HSS-8099840"
"290195","HSS-8098901"
"290196","HSS-8099004"
"290197","HSS-8098873"
"290198","HSS-8098875"
"290200","HSS-8099061"
"290201","HSS-8099500"
"290202","HSS-8098990"
"236226","HSS-8087519"
"236228","HSS-1047173"
"240558","HSS-8086520"
"240559","HSS-8086545"
"240568","HSS-8086528"
"238822","HSS-1046889"
"240580","HSS-8086524"
"244601","HSS-8091773"
"245966","HSS-1048333"
"257172","HSS-8095718"
"239054","HSS-1046331"
"238824","HSS-1046864"
"238886","HSS-1047543"
"238880","HSS-1047439"
"238882","HSS-1047593"
"277860","HSS-8095035"
"281078","HSS-8096819"
"281079","HSS-8097118"
"284077","HSS-8100473"
"314510","HSS-1940760"
"314531","HSS-1940766"
"288179","HSS-8099959"
"293796","HSS-8098567"
"282087","HSS-8097597"
"288183","HSS-8099918"
"288184","HSS-8099953"
"314670","HSS-1940762"
"314543","HSS-1940765"
"280677","HSS-8097126"
"281847","HSS-8097539"
"281849","HSS-8097900"
"281850","HSS-8097388"
"281851","HSS-8097360"
"281853","HSS-8097616"
"280715","HSS-8096696"
"280700","HSS-8096886"
"280702","HSS-8096824"
"282090","HSS-8097739"
"282091","HSS-8097348"
"282093","HSS-8097934"
"281024","HSS-8097121"
"282211","HSS-1113665"
"282212","HSS-8098038"
"282099","HSS-8097870"
"282103","HSS-8097803"
"282106","HSS-8098069"
"282107","HSS-8097571"
"282110","HSS-8097363"
"293532","HSS-8098509"
"311750","HSS-8099225"
"294273","HSS-8098999"
"283134","HSS-8099821"
"283129","HSS-8099346"
"283086","HSS-8099836"
"283124","HSS-8099453"
"283125","HSS-8099815"
"311910","HSS-8099409"
"311911","HSS-8099415"
"311957","HSS-8099422"
"311967","HSS-8099421"
"311893","HSS-8099501"
"311897","HSS-8099484"
"311900","HSS-8099485"
"311912","HSS-8099418"
"311918","HSS-8099417"
"311917","HSS-8099395"
"311915","HSS-8099394"
"314373","HSS-8100375"
"314365","HSS-8100370"
"314354","HSS-8100343"
"314331","HSS-8100347"
"314307","HSS-8100374"
"314322","HSS-8100373"
"314352","HSS-8100361"
"314336","HSS-8100381"
"312958","HSS-8099976"
"312952","HSS-8099966"
"312953","HSS-8099946"
"312963","HSS-8099947"
"312981","HSS-8099943"
"312957","HSS-8099957"
"313603","HSS-8100086"
"313678","HSS-8100308"
"313660","HSS-8100299"
"313696","HSS-8100318"
"312006","HSS-8099523"
"311898","HSS-8099475"
"311896","HSS-8099464"
"311901","HSS-8099465"
"311894","HSS-8099486"
"315587","HSS-8100449"
"311763","HSS-8099228"
"311753","HSS-8099220"
"313674","HSS-1913258"
"313687","HSS-1913257"
"312742","HSS-8100174"
"310503",""
"310479",""
"310448",""
"309072",""
"309204",""
"309179",""
"309311",""
"309347",""
"309266",""
"309241",""
"309246",""
"309641",""
"309514",""
"309556",""
"309416",""
"309410",""
"309728",""
"309754",""
"309963",""
"310143",""
"310221",""
"310041",""
"310013",""
"310026",""
"309990",""
"297277",""
"297221",""
"297400",""
"297024",""
"296934",""
"297111",""
"297079",""
"297083",""
"297815",""
"297935",""
"297896",""
"297891",""
"298032",""
"298088",""
"297963",""
"297585",""
"297617",""
"297531",""
"297542",""
"297748",""
"298430",""
"298450",""
"298515",""
"298512",""
"298491",""
"298562",""
"298243",""
"298284",""
"298340",""
"298384",""
"298239",""
"294967",""
"295059",""
"295044",""
"294934",""
"294858",""
"294774",""
"294682",""
"294714",""
"294585",""
"295297",""
"295302",""
"295321",""
"295229",""
"295180",""
"295116",""
"295614",""
"295594",""
"295678",""
"295536",""
"295420",""
"295412",""
"295994",""
"295973",""
"295934",""
"295857",""
"295921",""
"295735",""
"295756",""
"295808",""
"296274",""
"296217",""
"296160",""
"296081",""
"296091",""
"296747",""
"296756",""
"296682",""
"296671",""
"296789",""
"296891",""
"296588",""
"296549",""
"296465",""
"296527",""
"296447",""
"296459",""
"296399",""
"296343",""
"296378",""
"310920",""
"311015",""
"310969",""
"310723",""
"310764",""
"310798",""
"310845",""
"312736","HSS-8100171"
"312737","HSS-8099869"
"312743","HSS-8100167"
"312739","HSS-8099799"
"312741","HSS-8099803"
"312744","HSS-8100161"
"312738","HSS-8099816"
"311892","HSS-8099477"
"312467","HSS-8100184"
"312470","HSS-8099693"
"313665","HSS-8100333"
"313667","HSS-8100294"
"313663","HSS-8100297"
"313673","HSS-8100298"
"312527","HSS-8099731"
"312394","HSS-8099609"
"312395",""
"312420",""
"315810","HSS-8100480"
"315773","HSS-8100481"
"315756","HSS-8100504"
"315767","HSS-8100502"
"315823","HSS-8100503"
"311949","HSS-8099503"
"311968","HSS-8099444"
"311969","HSS-8100228"
"311972","HSS-8099433"
"313662","HSS-8100309"
"315274","HSS-8100429"
"315275","HSS-8100407"
"312048","HSS-8100169"
"312469","HSS-8099713"
"312472","HSS-8099689"
"312466","HSS-8099654"
"312462","HSS-8099656"
"312190","HSS-1912413"
"311955","HSS-8099441"
"311956","HSS-8099442"
"311966","HSS-8099445"
"311953","HSS-8099446"
"315250","HSS-8100432"
"315251","HSS-8100394"
"315252","HSS-8100408"
"315253","HSS-8100431"
"315254","HSS-8100411"
"315255","HSS-8100433"
"315240","HSS-8100422"
"315241","HSS-8100426"
"315242","HSS-8100400"
"312673","HSS-8099633"
"312714","HSS-8099629"
"312605","HSS-8099739"
"312577","HSS-8099737"
"312585","HSS-8099768"
"312638","HSS-8099726"
"312648","HSS-8099738"
"312596","HSS-8099600"
"312552","HSS-8099790"
"312504","HSS-8099772"
"312516","HSS-8099750"
"312518","HSS-8099725"
"312534","HSS-8099728"
"313512","HSS-8100105"
"313639","HSS-8100097"
"313590","HSS-8100098"
"313586","HSS-8100096"
"313569","HSS-8100095"
"314843","HSS-8100217"
"314428","HSS-8100210"
"314561","HSS-8100209"
"314536","HSS-8100208"
"314797","HSS-8100213"
"314444","HSS-8100215"
"314892","HSS-8100230"
"314860","HSS-8100245"
"314900","HSS-8100338"
"314887","HSS-8100229"
"305216",""
"305225",""
"305036",""
"306995",""
"307065",""
"307075",""
"307188",""
"307200",""
"306831",""
"306844",""
"306912",""
"306723",""
"306759",""
"307765",""
"307814",""
"307831",""
"307606",""
"307705",""
"307499",""
"307556",""
"307449",""
"307290",""
"307363",""
"308088",""
"308099",""
"307928",""
"307896",""
"307994",""
"308402",""
"308326",""
"308259",""
"308171",""
"308218",""
"308947",""
"309007",""
"309001",""
"308903",""
"308826",""
"308493",""
"308481",""
"308474",""
"308592",""
"308748",""
"308760",""
"308733",""
"308687",""
"310602",""
"310667",""
"310353",""
"310329",""
"310287",""
"310502",""
"310476",""
"310447",""
"309092",""
"309145",""
"309200",""
"309296",""
"309331",""
"309273",""
"309240",""
"309259",""
"309219",""
"309540",""
"309555",""
"309426",""
"309387",""
"309676",""
"309743",""
"309957",""
"310184",""
"310227",""
"310229",""
"310086",""
"310009",""
"309997",""
"297266",""
"297220",""
"297452",""
"297029",""
"297010",""
"297162",""
"297093",""
"297082",""
"297862",""
"297934",""
"297874",""
"297890",""
"298022",""
"298087",""
"297962",""
"297976",""
"297602",""
"297523",""
"297556",""
"297796",""
"298429",""
"298449",""
"298415",""
"298511",""
"298535",""
"298572",""
"298242",""
"298288",""
"298314",""
"298328",""
"298137",""
"294956",""
"294998",""
"295043",""
"294894",""
"294944",""
"238883","HSS-1047465"
"238884","HSS-1047462"
"245533","HSS-8089143"
"257519","HSS-1940756"
"261844","HSS-8092425"
"254606","HSS-1048303"
"315273","HSS-8100413"
"245532","HSS-8089146"
"238459","HSS-1998336"
"238460","HSS-1998339"
"248129","HSS-1048871"
"248131","HSS-1048872"
"248125","HSS-1048809"
"248126","HSS-1048832"
"248363","HSS-1111677"
"248359","HSS-8091960"
"248360","HSS-8092737"
"241663","HSS-1998437"
"247740","HSS-8089936"
"241657","HSS-1046514"
"257878","HSS-8094439"
"257754","HSS-8093848"
"257760","HSS-8094279"
"257577","HSS-8094442"
"278383","HSS-8096534"
"256790","HSS-8094359"
"257584","HSS-8094286"
"257586","HSS-8093717"
"256794","HSS-8093124"
"256902","HSS-8093326"
"256906","HSS-8093204"
"256899","HSS-8093108"
"265674","HSS-8098235"
"265773","HSS-8093756"
"265687","HSS-8097812"
"288443","HSS-8100123"
"288444","HSS-8099818"
"288445","HSS-8099278"
"265693","HSS-8098234"
"265680","HSS-8097813"
"263737","HSS-8094676"
"313100","HSS-8100011"
"256910","HSS-8094369"
"256911","HSS-1110784"
"265672","HSS-8098258"
"256914","HSS-8094350"
"278795","HSS-8098030"
"280628","HSS-8096887"
"256908","HSS-8093179"
"280656","HSS-8096817"
"280657","HSS-8097152"
"280315",""
"280640","HSS-8096810"
"257570","HSS-1111237"
"257401","HSS-8092789"
"277841","HSS-1111990"
"280295",""
"283051","HSS-8097078"
"288440","HSS-8099366"
"312646","HSS-8099753"
"261756","HSS-1961935"
"257750","HSS-8093517"
"257751","HSS-8093611"
"256777","HSS-8094012"
"256779","HSS-8094019"
"256780","HSS-8094013"
"263728","HSS-8096363"
"257747","HSS-8094549"
"258214",""
"257565","HSS-8093937"
"257561","HSS-8093656"
"288538","HSS-8099920"
"290257","HSS-8099181"
"294352","HSS-8098669"
"271447","HSS-8096522"
"290254","HSS-8099009"
"290255","HSS-8099122"
"290256","HSS-8099077"
"287975","HSS-8100436"
"290237","HSS-8098916"
"290168","HSS-8099059"
"311246",""
"311284",""
"311312",""
"311142",""
"311153",""
"311329",""
"311457",""
"311461",""
"311544",""
"311558",""
"300048",""
"303613",""
"310220",""
"308147",""
"294538",""
"296586",""
"297383",""
"296965",""
"296587",""
"304602",""
"304871",""
"303975",""
"304035",""
"304085",""
"303951",""
"303853",""
"304385",""
"304400",""
"304332",""
"304197",""
"304247",""
"304232",""
"306655",""
"306515",""
"306561",""
"306280",""
"306246",""
"306320",""
"306390",""
"306381",""
"306435",""
"306471",""
"306046",""
"305959",""
"306096",""
"306130",""
"305805",""
"305867",""
"305715",""
"305753",""
"305634",""
"305632",""
"305361",""
"305372",""
"305521",""
"305605",""
"305629",""
"305617",""
"305269",""
"305223",""
"305056",""
"306976",""
"307008",""
"307062",""
"307138",""
"307171",""
"307253",""
"306828",""
"306932",""
"306694",""
"306801",""
"307786",""
"307739",""
"307827",""
"307622",""
"307646",""
"307673",""
"307542",""
"307409",""
"307476",""
"307283",""
"308047",""
"308093",""
"308132",""
"307946",""
"307955",""
"308445",""
"308378",""
"308299",""
"308250",""
"308216",""
"308954",""
"309040",""
"309014",""
"308999",""
"308833",""
"308774",""
"308495",""
"308484",""
"308569",""
"308739",""
"308757",""
"308731",""
"308707",""
"308680",""
"310593",""
"310645",""
"310389",""
"310320",""
"310507",""
"310553",""
"310470",""
"310428",""
"309104",""
"309198",""
"309281",""
"309312",""
"309303",""
"309267",""
"309257",""
"309247",""
"309543",""
"309548",""
"309576",""
"309417",""
"309451",""
"309729",""
"309846",""
"309894",""
"310132",""
"310195",""
"310078",""
"200223","HSS-8077528"
"199923","C004884"
"200072","HSS-1021136"
"201197","HSS-8058040"
"201264","C000202"
"201305","C003807"
"201341","HSS-1030891"
"201443","HSS-8067903"
"201464","HSS-8081449"
"200895","HSS-8075938"
"200914","C002003"
"201118","C001167"
"201772","HSS-8073279"
"201639","HSS-8066204"
"201584","C21222M293"
"201610","HSS-8070904"
"203061","75994"
"238790","HSS-1047352"
"185514","HSS-8084039"
"153648","HSS-1940708"
"182251","HSS-8084031"
"125183","HSS-8081446"
"169586","HSS-8082023"
"136744","HSS-8081468"
"136862","HSS-8081665"
"202591","HSS-8065378"
"203005","HSS-1042527"
"202783","PC076164"
"202848","ECN-77807"
"206627","HSS-8080822"
"200079","HSS-8084117"
"213661",""
"312339","HSS-8099653"
"312325","HSS-8100183"
"312332","HSS-8100162"
"214178",""
"229855","HSS-8084060"
"229890","HSS-1045447"
"229900","HSS-8093701"
"62067","HSS-8082058"
"232966","HSS-1045736"
"232822","HSS-8092948"
"232823","HSS-8092744"
"59115","HSS-1044845"
"232787","HSS-8092939"
"225338","HSS-1045237"
"101955","HSS-8081981"
"229929","HSS-8084323"
"230059","HSS-8083442"
"230064","HSS-8084235"
"230072","HSS-1045448"
"230079","HSS-8093706"
"228542","HSS-8093838"
"228058","HSS-1045547"
"230566","HSS-8084236"
"228949","HSS-8084253"
"228941","HSS-8084275"
"229036","HSS-1045291"
"228988","HSS-8083300"
"228994","HSS-1045408"
"230681","HSS-8085892"
"230678","HSS-8085864"
"228589","HSS-1994569"
"228610","HSS-8084629"
"228628","HSS-8084616"
"230314","HSS-8084017"
"230360","HSS-8085840"
"228663","HSS-8083848"
"76110","C007292"
"230386","HSS-8084062"
"230383","HSS-1047774"
"228933","HSS-8084265"
"228928","HSS-8084618"
"228913","HSS-8084283"
"228901","HSS-1045549"
"228296","HSS-8083632"
"228299","HSS-8083307"
"228333","HSS-8093712"
"228387","HSS-8084334"
"228380","HSS-1045401"
"228397","HSS-8084019"
"228271","HSS-8082888"
"295811",""
"296895",""
"296612",""
"295096",""
"294868",""
"294681",""
"295271",""
"295100",""
"295535",""
"310886",""
"311418",""
"300280",""
"298180",""
"300760",""
"299033",""
"299278",""
"301238","119031"
"301776",""
"302228",""
"304078",""
"305420",""
"305571","119030"
"306261",""
"307526",""
"308000",""
"308001",""
"308285",""
"310234",""
"310487",""
"294619",""
"294512",""
"297065",""
"297298","119029"
"301164",""
"299528",""
"300879",""
"300827",""
"300127",""
"305229",""
"303101","Houle Electric"
"303362","Houle Electric"
"303725",""
"303630","Houle Electric"
"304514",""
"310627",""
"309395",""
"308002",""
"307910",""
"308620",""
"308625",""
"307752",""
"307015",""
"298545",""
"294960",""
"294569","Houle Electric"
"294673",""
"294695",""
"295721",""
"296120",""
"311289",""
"304811",""
"300380",""
"299825",""
"299847",""
"299897",""
"300314",""
"300331",""
"300081",""
"300092",""
"298825",""
"298727",""
"298627",""
"299121",""
"299099",""
"298942",""
"299758",""
"299685",""
"299672",""
"299648",""
"299505",""
"299249",""
"299244",""
"299387",""
"302297",""
"302373",""
"302387",""
"302167",""
"302227",""
"302554",""
"302514",""
"301908",""
"302087",""
"302026",""
"301707",""
"301804",""
"301830",""
"301381",""
"301099",""
"301072",""
"301065",""
"301033",""
"301034",""
"304808",""
"304809",""
"304810",""
"304912",""
"314302","HSS-8100376"
"314303","HSS-8100345"
"312967","HSS-8099945"
"312990","HSS-8099975"
"312984","HSS-8099949"
"312960","HSS-8099948"
"312971","HSS-8099968"
"234086","HSS-8086359"
"89511","HSS-8081456"
"228320","HSS-1045141"
"182536","HSS-8082000"
"232785","HSS-8092951"
"230527","HSS-8082314"
"229796","HSS-8083627"
"229565","HSS-1045098"
"228808","HSS-8068506"
"235882","HSS-8088813"
"235581","HSS-8088811"
"235583","HSS-1047802"
"232971","HSS-1045722"
"234089","HSS-1046644"
"234090","HSS-8085251"
"235578","HSS-8087223"
"232824","HSS-8092750"
"245944","HSS-1048598"
"245945","HSS-1110456"
"285943","HSS-8097879"
"233949","HSS-8085309"
"245507","HSS-8089172"
"49121","HSS-1044725"
"238796","HSS-1047014"
"234149","HSS-8086531"
"234155","HSS-1045950"
"288054","HSS-8100541"
"288055","HSS-8100242"
"287570","HSS-8098592"
"288058","HSS-8100190"
"288061","HSS-8099875"
"288062","HSS-8100278"
"240724","HSS-1047755"
"243858","HSS-1047276"
"257516","HSS-1111405"
"234045","HSS-8086998"
"234145","HSS-8085606"
"233961","HSS-8086399"
"234092","HSS-1045953"
"234101","HSS-1046517"
"229737","HSS-1045299"
"245515","HSS-8089259"
"240594","HSS-1046730"
"252959","HSS-1902871"
"252960","HSS-1902872"
"252961","HSS-1902873"
"240597","HSS-1046696"
"254175","HSS-8080057"
"225644","HSS-8082083"
"225649","HSS-8081969"
"225650","HSS-8082064"
"225642","HSS-8082068"
"225690","HSS-1045013"
"225668","HSS-8082006"
"225669","HSS-8081968"
"225672","HSS-8082084"
"229272","HSS-8083618"
"245524","HSS-8089160"
"225628","HSS-8082085"
"225629","HSS-8082065"
"225580","HSS-1084183"
"225371",""
"225372",""
"244028","HSS-8089018"
"238808","HSS-8084930"
"238804","HSS-8088066"
"277944","HSS-8096301"
"277942","HSS-8096674"
"277939","HSS-8096305"
"277940","HSS-8096574"
"277933","HSS-8096297"
"240973","HSS-1046488"
"277947","HSS-8096308"
"240971","HSS-8086370"
"294097","HSS-8098629"
"285446","HSS-8098132"
"285447","HSS-8098103"
"312905","HSS-8099912"
"281859","HSS-8097622"
"281860","HSS-8097802"
"281861","HSS-8097237"
"281862","HSS-8097825"
"281790","HSS-8097821"
"281792","HSS-8097896"
"281855","HSS-8098036"
"281794","HSS-8097854"
"281796","HSS-8097225"
"281777","HSS-8097713"
"281780","HSS-8097353"
"281799","HSS-8097652"
"281783","HSS-8097899"
"281784","HSS-8098066"
"288198","HSS-8099230"
"281775","HSS-8097364"
"285439","HSS-8098107"
"285440","HSS-8098111"
"281837","HSS-8097350"
"281845","HSS-8097728"
"281846","HSS-8097730"
"281834","HSS-8097939"
"281806","HSS-8097142"
"281802","HSS-8097135"
"281803","HSS-8097415"
"281804","HSS-8097400"
"294109","HSS-8098798"
"294110","HSS-8098633"
"285163","HSS-8097457"
"285168","HSS-8097725"
"293714","HSS-8099006"
"293757","HSS-8098863"
"294266","HSS-8098836"
"294137","HSS-8098663"
"294147","HSS-8098599"
"294151","HSS-8098937"
"292979","HSS-8098448"
"294166","HSS-8098699"
"285159","HSS-8097342"
"285202","HSS-8097773"
"285203","HSS-8097314"
"285206","HSS-8097712"
"285208","HSS-8097459"
"293050","HSS-8097965"
"293059","HSS-8098865"
"294193","HSS-8098668"
"285348","HSS-8097766"
"293039","HSS-8097967"
"293028","HSS-8098450"
"293029","HSS-8097951"
"293021","HSS-8098858"
"293003","HSS-8097980"
"293031","HSS-8097956"
"285363","HSS-8097668"
"288123","HSS-8099890"
"293106","HSS-8097981"
"293120","HSS-8097949"
"286989","HSS-8098081"
"311650","HSS-1912288"
"294197","HSS-8098588"
"285145","HSS-8097613"
"285141","HSS-8097406"
"294202","HSS-8100164"
"294213","HSS-8098778"
"294214","HSS-8098697"
"295749",""
"306239",""
"305992",""
"297728",""
"296943",""
"298804",""
"302428",""
"307011",""
"298268",""
"298537",""
"299645",""
"299812",""
"304642",""
"303750",""
"303560",""
"228170","HSS-8084811"
"227681","HSS-8084280"
"30866",""
"229481","HSS-8083860"
"229406","HSS-8083302"
"229421","HSS-8084329"
"228254","HSS-8083306"
"227624","HSS-8084807"
"228671","HSS-8093713"
"228680","HSS-8083301"
"227610","HSS-8084241"
"92275","C015002"
"227626","HSS-8084282"
"227748","HSS-8090930"
"227599","HSS-8084627"
"25437",""
"313014","HSS-8100023"
"280571","HSS-8098587"
"243511","HSS-8093506"
"254086","HSS-1049564"
"254226","HSS-1049916"
"254228","HSS-1049875"
"253904","HSS-1049031"
"254230","HSS-8092284"
"254231","HSS-1049914"
"233991","HSS-8086997"
"233993","HSS-8085275"
"233989","HSS-8085248"
"233986","HSS-8086521"
"257784","HSS-8094606"
"257472","HSS-8094499"
"257467","HSS-8093522"
"257475","HSS-8094600"
"287059","HSS-8098256"
"288365","HSS-8099497"
"287599","HSS-8098187"
"287597","HSS-8098176"
"287614","HSS-8098175"
"287575","HSS-8098179"
"287576","HSS-8098188"
"287580","HSS-8098186"
"287581","HSS-8098189"
"287591","HSS-8098164"
"287595","HSS-8098178"
"257538","HSS-8094608"
"257497","HSS-8094601"
"257808","HSS-8094591"
"257788","HSS-1110353"
"257490","HSS-8093513"
"257492","HSS-8094541"
"257464","HSS-8093318"
"257773","HSS-8093622"
"288465","HSS-8100077"
"288349","HSS-8099271"
"288350","HSS-8099328"
"257459","HSS-8093427"
"257462","HSS-8093518"
"288353","HSS-8099729"
"288358","HSS-8099299"
"288355","HSS-8099954"
"288356","HSS-8100218"
"287049","HSS-8098092"
"288360","HSS-8100065"
"288363","HSS-8099540"
"287028","HSS-8098239"
"256427","HSS-8093217"
"256891","HSS-8093176"
"256892","HSS-1110755"
"256419","HSS-8093219"
"274076","HSS-8093316"
"274077","HSS-8093327"
"278822","HSS-8096615"
"257827","HSS-8093613"
"257828","HSS-8093307"
"256818","HSS-8093047"
"256798","HSS-8093110"
"256756","HSS-8095025"
"256759","HSS-8094014"
"263223","HSS-8094723"
"257830","HSS-1110351"
"257548","HSS-1049353"
"285434","HSS-8098147"
"285421","HSS-8098032"
"285422","HSS-8098296"
"314311","HSS-8100369"
"285424","HSS-8098106"
"285427","HSS-8098124"
"285428","HSS-8098131"
"287594","HSS-8098742"
"285416","HSS-1113011"
"287596","HSS-8098682"
"288127","HSS-1940715"
"315457","HSS-8100438"
"315407","HSS-8100437"
"315619","HSS-8100448"
"281952","HSS-8097761"
"281953","HSS-8098076"
"281954","HSS-8097559"
"284247","HSS-8099964"
"284241","HSS-8099985"
"286799","HSS-8098563"
"286800","HSS-8098565"
"315911","HSS-8100527"
"315854","HSS-8100528"
"288144","HSS-8099320"
"288145","HSS-8099886"
"294495","HSS-1912273"
"315855","HSS-8100529"
"316056","HSS-8100530"
"294328","HSS-8098784"
"312475","HSS-8100203"
"312494","HSS-8099701"
"312480","HSS-8099688"
"312493","HSS-8099681"
"312489","HSS-8099682"
"311593",""
"311594",""
"311595",""
"311588",""
"311589",""
"311590",""
"294085","HSS-8098648"
"294278","HSS-8098829"
"294312","HSS-8098807"
"302111",""
"302112",""
"302109",""
"302082",""
"302083",""
"302086",""
"302069",""
"302055",""
"302052",""
"302003",""
"301860",""
"301861",""
"301862",""
"301876",""
"301938",""
"301936",""
"301951",""
"301957",""
"301989",""
"301990",""
"301965",""
"302636",""
"302622",""
"302691",""
"302689",""
"302663",""
"302709",""
"302732",""
"302756",""
"302757",""
"302764",""
"315914","HSS-8100536"
"315957","HSS-8100545"
"312285","HSS-8100207"
"312294","HSS-8099591"
"312283","HSS-8099615"
"312288","HSS-8099623"
"312298","HSS-8099601"
"294290","HSS-8098678"
"290129","HSS-8099028"
"290132","HSS-8099064"
"290133","HSS-8098994"
"288134","HSS-8100302"
"290127","HSS-8099124"
"315223","HSS-8100418"
"315224","HSS-8100410"
"240967","HSS-1046490"
"238811","HSS-8087489"
"238812","HSS-8087263"
"238813","HSS-8088858"
"240201","HSS-8085896"
"240993","HSS-8085857"
"240991","HSS-8085839"
"240210","HSS-8086955"
"240206","HSS-8087056"
"240207","HSS-8085898"
"240545","HSS-8086522"
"240957","HSS-1046455"
"288522","HSS-8099874"
"288524","HSS-8100306"
"288525","HSS-8100221"
"288519","HSS-8099545"
"288520","HSS-8100049"
"288513","HSS-8099333"
"311765","HSS-8099227"
"314329","HSS-8100379"
"314313","HSS-8100349"
"311748","HSS-8099241"
"288262","HSS-8098305"
"288202","HSS-8099810"
"239787","HSS-1046101"
"239838","HSS-1046534"
"236698","HSS-1047065"
"233903","HSS-8086526"
"233900","HSS-8085278"
"233901","HSS-1046646"
"234541","HSS-1997623"
"234542","HSS-1997615"
"234545","HSS-1997585"
"234550","HSS-1997605"
"234551","HSS-1997620"
"234552","HSS-1997609"
"234553","HSS-1997592"
"229051","HSS-8082295"
"225705","HSS-8083114"
"146880","HSS-8081463"
"229018","HSS-8067607"
"229026","HSS-8082830"
"229034","HSS-1045060"
"127539","HSS-8082054"
"226535","HSS-8082322"
"226537","HSS-8082323"
"226538","HSS-8082319"
"226539","HSS-8082321"
"235259","HSS-1997602"
"104238","HSS-8081162"
"138679","HSS-8081155"
"232989","HSS-1045719"
"236358","HSS-8088470"
"231197","HSS-1045535"
"231198","HSS-1045533"
"231192","HSS-1045536"
"238911","HSS-8089016"
"238907","HSS-1047544"
"238908","HSS-1047457"
"238909","HSS-1047467"
"234538","HSS-1997579"
"238904","HSS-1047464"
"232979","HSS-1045720"
"312509","HSS-8100182"
"312579","HSS-8099758"
"312651","HSS-8099757"
"233898","HSS-8085272"
"233144","HSS-8095050"
"232769","HSS-8091934"
"232772","HSS-8091940"
"240621","HSS-1046749"
"236369","HSS-1047753"
"234573","HSS-1997595"
"233354","HSS-8084307"
"234579","HSS-1997627"
"234582","HSS-1997621"
"233181","HSS-8094503"
"232851","HSS-8084110"
"233182","HSS-8094489"
"236277","HSS-8088273"
"233161","HSS-8094871"
"310599",""
"310590",""
"310591",""
"298177",""
"295864",""
"294782",""
"310857",""
"298614",""
"298669",""
"299126",""
"299122",""
"299682",""
"299688",""
"299689",""
"299680",""
"299697",""
"299541",""
"299524",""
"299575",""
"299434",""
"299174",""
"299316",""
"299297",""
"299880",""
"299942",""
"299943",""
"299965",""
"300030",""
"300027",""
"300191",""
"300185",""
"300171",""
"300223",""
"300224",""
"300259",""
"300934",""
"300728",""
"300666",""
"300689",""
"300548",""
"300464",""
"300487",""
"300460",""
"302081",""
"302096",""
"302058",""
"301768",""
"301753",""
"301809",""
"301744",""
"301391",""
"301265",""
"301541",""
"300957",""
"301023",""
"301025",""
"301211",""
"301170",""
"302350",""
"302424",""
"302291",""
"302230",""
"302517",""
"302614",""
"302714",""
"302906",""
"302786",""
"303039",""
"302977",""
"303194",""
"303138",""
"303564",""
"303573",""
"303538",""
"303625",""
"303699",""
"303340",""
"305861",""
"305816",""
"305134",""
"305212",""
"305285",""
"305451",""
"305416",""
"305448",""
"305561",""
"305588",""
"305613",""
"305610",""
"310677",""
"310541",""
"310391",""
"310316",""
"310233",""
"310209",""
"310102",""
"309679",""
"309805",""
"257506","HSS-1110950"
"257507","HSS-8092780"
"257502","HSS-8093665"
"257504","HSS-1111235"
"256806","HSS-8092882"
"256353","HSS-8093625"
"256823","HSS-8093066"
"256810","HSS-8095451"
"256348","HSS-8093215"
"257859","HSS-8094597"
"257861","HSS-1111313"
"278388","HSS-8096591"
"263224","HSS-1940004"
"257853","HSS-1110704"
"257855","HSS-8094440"
"257846","HSS-1111307"
"257731","HSS-1110960"
"257837","HSS-8093659"
"257839","HSS-8093846"
"246029","HSS-1047896"
"246031","HSS-8089404"
"246043","HSS-8089396"
"246037","HSS-8089499"
"246038","HSS-1047737"
"246066","HSS-1047739"
"246052","HSS-8089417"
"246054","HSS-8089796"
"246055","HSS-1048118"
"246060","HSS-1047775"
"247769","HSS-8089934"
"246050","HSS-1047715"
"246046","HSS-8089402"
"247118","HSS-1047712"
"247774","HSS-8090014"
"247120","HSS-1047718"
"247771","HSS-1048304"
"247791","HSS-8089933"
"247792","HSS-1047719"
"246077","HSS-1047749"
"246087","HSS-1047745"
"246092","HSS-1047735"
"246082","HSS-1047746"
"246084","HSS-1047788"
"247152","HSS-1047803"
"247149","HSS-1047809"
"246099","HSS-1047784"
"246102","HSS-1047741"
"246103","HSS-1047783"
"247146","HSS-1047806"
"247144","HSS-1047804"
"278389","HSS-8096605"
"246105","HSS-1047740"
"246106","HSS-8089406"
"287616","HSS-8098617"
"257119","HSS-1940716"
"257116","HSS-8095865"
"257117","HSS-1112336"
"246563","HSS-1047645"
"247165","HSS-1047810"
"247195","HSS-1047890"
"247189","HSS-1047800"
"247186","HSS-8090981"
"257424","HSS-8093614"
"257429","HSS-1094457"
"257430","HSS-8093515"
"247163","HSS-1047801"
"247158","HSS-1047796"
"258286","HSS-8091776"
"288270","HSS-8099499"
"245886","HSS-8089145"
"247179","HSS-1047805"
"247180","HSS-1047830"
"247173","HSS-8089918"
"283065","HSS-8099456"
"283030","HSS-8099965"
"263337","HSS-8094725"
"263305","HSS-1940008"
"263307","HSS-8094774"
"256933","HSS-8092944"
"284293","HSS-8100113"
"315230","HSS-8100428"
"315231","HSS-8100398"
"315234","HSS-8100399"
"315236","HSS-8100409"
"315220","HSS-8100255"
"315238","HSS-8100427"
"315249","HSS-8100417"
"315258","HSS-8100420"
"315259","HSS-8100430"
"315264","HSS-8100419"
"315265","HSS-8100401"
"315266","HSS-8100416"
"315267","HSS-8100406"
"315246","HSS-8100415"
"315247","HSS-8100397"
"315262","HSS-8100395"
"315272","HSS-8100241"
"311580",""
"311575",""
"293748","HSS-8098539"
"288139","HSS-8100118"
"293252","HSS-8098862"
"292357","HSS-8098404"
"288141","HSS-8099397"
"288142","HSS-8099817"
"288143","HSS-8099735"
"315886","HSS-8100526"
"285391","HSS-8097579"
"293244","HSS-8097890"
"293247","HSS-8097904"
"293248","HSS-8098864"
"293249","HSS-8098898"
"293250","HSS-8097906"
"285388","HSS-8097407"
"285389","HSS-8097330"
"284304","HSS-1113034"
"288135","HSS-8099923"
"294302","HSS-8098766"
"294470","HSS-8098637"
"294473","HSS-8098606"
"294249","HSS-8098680"
"290138","HSS-8099027"
"290139","HSS-8099008"
"290142","HSS-8099078"
"290144","HSS-8099109"
"312487","HSS-8099715"
"290146","HSS-8099048"
"290148","HSS-8099859"
"300213",""
"300262",""
"300727",""
"300702",""
"300668",""
"300626",""
"300463",""
"300490",""
"300495",""
"300461",""
"302095",""
"302061",""
"302023",""
"301772",""
"301826",""
"301815",""
"301332",""
"301284",""
"301520",""
"301424",""
"301028",""
"301024",""
"301232",""
"301128",""
"301165",""
"302442",""
"302296",""
"302267",""
"302569",""
"302613",""
"302646",""
"302705",""
"302904",""
"303000",""
"302988",""
"303193",""
"303177",""
"303113",""
"229258","HSS-8084116"
"229202","HSS-8084018"
"230140","HSS-8083630"
"228446","HSS-8084281"
"228469","HSS-8084566"
"230189","HSS-8084322"
"230204","HSS-8084837"
"230182","HSS-8083867"
"230750","HSS-8085334"
"230651","HSS-8085296"
"230729","HSS-8085842"
"230286","HSS-8082893"
"236547","HSS-8088069"
"236658","HSS-1047772"
"230926","HSS-8084300"
"230819","HSS-1046146"
"236724","HSS-1047071"
"231049","HSS-8093500"
"234022","HSS-8085541"
"234027","HSS-8086409"
"234006","HSS-8085247"
"233169","HSS-8096937"
"233345","HSS-1045746"
"233341","HSS-1045762"
"233289","HSS-8089426"
"234041","HSS-8085273"
"234034","HSS-1045956"
"234029","HSS-1046520"
"233437","HSS-8084789"
"234030","HSS-8085250"
"229598","HSS-8084812"
"229634","HSS-8093697"
"229636","HSS-8084313"
"229642","HSS-8084270"
"229661","HSS-8084324"
"233297","HSS-8091001"
"283232","HSS-8096910"
"283247","HSS-8097145"
"283235","HSS-8096925"
"283243","HSS-8096924"
"254315","HSS-1049671"
"254316","HSS-8092893"
"230721","HSS-8084338"
"229517","HSS-8093703"
"229523","HSS-8083362"
"230723","HSS-8084023"
"254282","HSS-1904977"
"254294","HSS-1904939"
"254273","HSS-8092186"
"254274","HSS-1049693"
"233306","HSS-8089812"
"288406","HSS-8099552"
"233308","HSS-8089294"
"233316","HSS-8088649"
"233320","HSS-8089036"
"233309","HSS-8091716"
"254298","HSS-8092180"
"288429","HSS-8100092"
"236671","HSS-1047175"
"312538","HSS-8099783"
"312565","HSS-8099777"
"236713","HSS-8088078"
"235238","HSS-1998544"
"236269","HSS-8087952"
"238898","HSS-1047546"
"238899","HSS-1047547"
"236750","HSS-8088674"
"288431","HSS-8100225"
"234696","HSS-1046544"
"234697","HSS-8086567"
"244694","HSS-8091141"
"245883","HSS-1047559"
"236354","HSS-8088814"
"312574","HSS-8099794"
"312517","HSS-8099792"
"233593","HSS-1045881"
"236263","HSS-1047103"
"235249","HSS-1046400"
"265769","HSS-8093315"
"265770","HSS-8093939"
"304913",""
"304622",""
"304623",""
"304588",""
"304687",""
"304570",""
"304526",""
"304527",""
"304524",""
"303960",""
"304378",""
"304379",""
"304374",""
"304319",""
"304264",""
"304266",""
"304267",""
"302634",""
"302661",""
"302896",""
"302913",""
"302817",""
"302956",""
"303168",""
"303191",""
"303104",""
"303109",""
"303692",""
"303480",""
"306569",""
"306385",""
"305376",""
"305446",""
"305447",""
"305423",""
"305426",""
"305480",""
"305481",""
"305468",""
"305566",""
"305075",""
"305076",""
"305192",""
"305677",""
"305787",""
"306137",""
"306182",""
"306183",""
"310469","BED2922N109"
"310488",""
"310513",""
"310514",""
"310393",""
"310402",""
"310385",""
"310359",""
"309680",""
"309691",""
"309922",""
"309871",""
"310109",""
"310031",""
"310211",""
"309332",""
"309101",""
"309185",""
"309611",""
"309612",""
"309585",""
"309532",""
"307356",""
"307456","109324"
"307439",""
"307650",""
"307564",""
"306943",""
"306696",""
"306673",""
"307137",""
"308388",""
"308240",""
"308241",""
"308199",""
"308150",""
"308018",""
"308010",""
"308915",""
"308570",""
"308552",""
"308546",""
"298136",""
"298205",""
"298463",""
"298523",""
"297174",""
"297393",""
"297802",""
"297690",""
"297536",""
"295235",""
"295597",""
"295089",""
"294541",""
"295843",""
"296289",""
"290088","HSS-8098656"
"290090","HSS-8098676"
"234113","HSS-8085322"
"290309","HSS-8099017"
"290310","HSS-8099857"
"290312","HSS-8099047"
"290313","HSS-8099055"
"290314","HSS-8099045"
"290178","HSS-8098988"
"290180","HSS-8099398"
"290181","HSS-8098993"
"290091","HSS-8098987"
"290092","HSS-8098870"
"290104","HSS-8098804"
"290105","HSS-8098772"
"290106","HSS-8098927"
"290116","HSS-8099992"
"290298","HSS-8098914"
"290299","HSS-8099149"
"290300","HSS-8099015"
"290302","HSS-8099035"
"290304","HSS-8099866"
"290305","HSS-8098902"
"290075","HSS-8099012"
"290080","HSS-1940721"
"290081","HSS-8098970"
"290082","HSS-1940719"
"290069","HSS-8098885"
"290040","HSS-8098666"
"288495","HSS-8100152"
"288494","HSS-8099809"
"288498","HSS-8100334"
"288499","HSS-8100304"
"288506","HSS-8099996"
"288508","HSS-8099894"
"288509","HSS-8099270"
"288510","HSS-8099588"
"288503","HSS-8099595"
"288504","HSS-8099786"
"288580","HSS-8099543"
"288581","HSS-1940712"
"288576","HSS-8099674"
"288586","HSS-8100500"
"288587","HSS-8099935"
"287655","HSS-8098600"
"288565","HSS-8099218"
"288569","HSS-8099994"
"288570","HSS-8100017"
"288573","HSS-8099671"
"288574","HSS-8099692"
"288279","HSS-8100070"
"288272","HSS-8099277"
"288273","HSS-8099332"
"288276","HSS-8100051"
"288277","HSS-8099781"
"288589","HSS-8099884"
"288595","HSS-8099896"
"288598","HSS-8099850"
"288264","HSS-8099801"
"288266","HSS-8100047"
"288490","HSS-8099511"
"288491","HSS-8099273"
"288401","HSS-8099646"
"288402","HSS-8099998"
"288404","HSS-8099807"
"288393","HSS-8099785"
"288394","HSS-8099960"
"288395","HSS-8100064"
"228113","HSS-8083849"
"228123","HSS-8084619"
"228738","HSS-8084327"
"228757","HSS-8088296"
"228784","HSS-8083308"
"228786","HSS-8084630"
"228787","HSS-8084061"
"229815","HSS-1994570"
"229773","HSS-8084269"
"229782","HSS-8084310"
"228014","HSS-8084871"
"238384","HSS-1998280"
"234711","HSS-1046909"
"234702","HSS-8086610"
"234705","HSS-8086559"
"245918","HSS-1113987"
"249438","HSS-1048305"
"311782","HSS-8099267"
"311776","HSS-8099254"
"243487","HSS-8093504"
"238255","HSS-1998545"
"238974","HSS-1046998"
"238422","HSS-1998346"
"238432","HSS-1998308"
"238433","HSS-1998303"
"273589","HSS-8095034"
"273555","HSS-8095884"
"273539","HSS-8096072"
"273618","HSS-8095144"
"273634","HSS-8095145"
"273611","HSS-8096097"
"273566","HSS-8095893"
"273599","HSS-8095189"
"273267","HSS-8094907"
"273492","HSS-8095696"
"273517","HSS-8094875"
"273507","HSS-8096444"
"273497","HSS-8096082"
"273282","HSS-8096365"
"238787","HSS-8088836"
"273697","HSS-1940755"
"273693","HSS-8095693"
"273689","HSS-8095895"
"273690","HSS-8095888"
"273669","HSS-8096450"
"273636","HSS-8095623"
"238988","HSS-8088063"
"238990","HSS-8087497"
"238991","HSS-8087241"
"238764","HSS-8088853"
"238766","HSS-8088846"
"238767","HSS-1047054"
"238769","HSS-1047334"
"238770","HSS-1047390"
"238773","HSS-1049187"
"238778","HSS-1047057"
"238780","HSS-1047059"
"238782","HSS-1047401"
"269031","HSS-8096214"
"265782","HSS-8096219"
"265786","HSS-1110574"
"261858","HSS-8092431"
"265789","HSS-8093521"
"269034","HSS-8096272"
"269035","HSS-8096280"
"263550","HSS-8094722"
"261851","HSS-8092444"
"263521","HSS-8094678"
"278649","HSS-8096541"
"271086","HSS-8097511"
"271071","HSS-8096464"
"279564","HSS-8097144"
"281948","HSS-8097945"
"288228","HSS-1940711"
"265622","HSS-8097994"
"265624","HSS-1940685"
"265631","HSS-8097995"
"265655","HSS-8097925"
"284272","HSS-8100284"
"284265","HSS-8100063"
"285366","HSS-8097446"
"285128","HSS-8099083"
"285396","HSS-8097555"
"285133","HSS-8097863"
"288131","HSS-8100052"
"293205","HSS-8097976"
"293147","HSS-8098427"
"293737","HSS-8098497"
"293727","HSS-8099005"
"285429","HSS-8098135"
"285430","HSS-8098130"
"285432","HSS-8098031"
"241709","HSS-8086529"
"241710","HSS-8086533"
"293817","HSS-8098578"
"251397","HSS-1902724"
"241698","HSS-1998444"
"241700","HSS-1998436"
"245850","HSS-1047526"
"245917","HSS-1940686"
"243484","HSS-8093502"
"311920","HSS-8099410"
"311908","HSS-8099402"
"245923","HSS-1112293"
"245924","HSS-8098230"
"241723","HSS-8086959"
"240167","HSS-8085885"
"240165","HSS-1046212"
"288044","HSS-8100364"
"288045","HSS-8100250"
"288064","HSS-8099032"
"239770","HSS-1046026"
"242677","HSS-1046944"
"242678","HSS-1046942"
"242679","HSS-1046943"
"194594","C002001"
"194272","HSS-1027310"
"193311","C002530"
"193378","HSS-8076894"
"193656","HSS-1953572"
"193526","HSS-8071502"
"193968","105090"
"193665","HSS-8081458"
"193773","103011"
"192662",""
"192879","HSS-1030514"
"192989","HSS-1044337"
"192474","HSS-1968282"
"192621","C002522"
"192340","HSS-1039388"
"192389","HSS-8069795"
"192304","HSS-8079118"
"192315","HSS-8067914"
"192039","HSS-1036160"
"191962","HSS-1044168"
"184439","HSS-8076658"
"184329","HSS-1042142"
"184356","HSS-1038860"
"183382","HSS-8059975"
"183402","103427"
"183320","C015213"
"183127","HSS-1020761"
"183146",""
"182916","HSS-8067892"
"183560","HSS-1043318"
"183991","132458"
"180884","HSS-8071501"
"181372","HSS-8067911"
"169687","HSS-8073302"
"182579","HSS-8018572"
"182488","HSS-1043650"
"182452",""
"181810","100167"
"181835","HSS-1022267"
"181486","HSS-8078430"
"194948","C018794"
"195365","HSS-8071437"
"195401","HSS-1043428"
"217584",""
"217697",""
"217819",""
"121827",""
"285193","HSS-8097856"
"217183",""
"217388",""
"226495","HSS-8083297"
"218200",""
"283252",""
"283253",""
"219637",""
"220131",""
"314317","HSS-8100385"
"314325","HSS-8100384"
"219271",""
"136424","HSS-8081429"
"314759","HSS-8100220"
"315276","HSS-8100414"
"314308","HSS-8100383"
"288196","HSS-8100079"
"285266","HSS-8098390"
"285267","HSS-8097569"
"280543","HSS-8099186"
"280834","HSS-8097175"
"280857","HSS-8096822"
"294021","HSS-8098672"
"294026","HSS-8098662"
"294027","HSS-8098808"
"294040","HSS-8098618"
"312360","HSS-8099647"
"312351","HSS-8099639"
"293869","HSS-8098556"
"293871","HSS-8098818"
"293874","HSS-8098559"
"293877","HSS-8098555"
"293880","HSS-8098562"
"293889","HSS-8098568"
"293892","HSS-8098541"
"279826","HSS-1112157"
"279866","HSS-8097293"
"279861","HSS-8097496"
"279829","HSS-1111858"
"279830","HSS-1111860"
"279831","HSS-1111861"
"293906","HSS-8098819"
"294003","HSS-8099349"
"294005","HSS-8098636"
"280902","HSS-8096878"
"288191","HSS-8099147"
"280908","HSS-8096840"
"284016","HSS-8097127"
"280359","HSS-8097494"
"294002","HSS-8098771"
"303417",""
"304621",""
"304488",""
"304561",""
"304504",""
"304981",""
"304899",""
"304944",""
"304771",""
"304414",""
"304349",""
"304311",""
"304066",""
"304018",""
"303930",""
"303961",""
"303962",""
"303969",""
"303894",""
"303891",""
"303840",""
"306646",""
"306647",""
"306644",""
"306593",""
"306413",""
"306400",""
"306313",""
"305998",""
"306212",""
"306168",""
"305766",""
"305757",""
"305638",""
"305639",""
"305633",""
"305697",""
"305681",""
"279824","HSS-8095701"
"285333","HSS-8097556"
"285450","HSS-8098148"
"285451","HSS-8098145"
"285453","HSS-8098105"
"288119","HSS-8100222"
"288120","HSS-8099997"
"312949","HSS-8099907"
"312879","HSS-8100055"
"312918","HSS-8099730"
"312883","HSS-8099917"
"293255","HSS-8097907"
"293257","HSS-8097902"
"293258","HSS-8098441"
"92310","HSS-8065662"
"92719","HSS-8080576"
"92631","HSS-1036112"
"92490","HSS-8076189"
"92817","HSS-8072757"
"104254","HSS-8080564"
"104774","HSS-1043608"
"104515",""
"104372","HSS-8066220"
"91367","HSS-8018782"
"91558","HSS-1030872"
"91560","HSS-8070319"
"91905","HSS-8076952"
"91268","HSS-1035427"
"91114","HSS-1016130"
"91119","HSS-1043432"
"90301","HSS-8067933"
"90507","HSS-1040002"
"90590","HSS-8070324"
"90886","C003806"
"90887","C003814"
"90949","HSS-1063959"
"107389","HSS-8080565"
"107399","105025"
"107266","HSS-1026812"
"107278",""
"107229","HSS-1988147"
"107642","HSS-8060563"
"105251","HSS-8077806"
"105378","HSS-1960811"
"105411","HSS-8060578"
"106250","C004889"
"106497","105317"
"106192","C000094"
"106193","C000098"
"105876","HSS-8078688"
"106075","HSS-8069787"
"106038","HSS-8076422"
"106045","HSS-8068485"
"105989",""
"180435","C008917"
"180328","HSS-8004277"
"180397","C004883"
"188451","HSS-8068166"
"188399","C003801"
"179808","HSS-8059003"
"179899","HSS-1019376"
"179735","HSS-1043494"
"179775","HSS-1021710"
"180169","HSS-8080105"
"180217","HSS-8073089"
"189435","HSS-8024530"
"189504","HSS-1032099"
"189510","HSS-1026480"
"189216","HSS-8070359"
"189236","HSS-1042144"
"188874","C002011"
"188967","HSS-8073284"
"189832","HSS-1022023"
"189835","HSS-8072107"
"189841","HSS-8078289"
"189678","HSS-8076619"
"191465","HSS-8008170"
"191476","HSS-8014190"
"191225","HSS-8018956"
"190170","C005112"
"190193","C004878"
"190276","HSS-8081435"
"190345","HSS-1940662"
"190561",""
"190647","HSS-8067918"
"190990","HSS-8075876"
"199173","HSS-1958717"
"199118","HSS-8070833"
"199362","HSS-8066215"
"199389","HSS-1044306"
"199599","HSS-8078630"
"199870","HSS-1043142"
"200356","HSS-1037153"
"200368","HSS-8078633"
"200391","HSS-8078095"
"200684","HSS-8062115"
"200696","C004898"
"200722","HSS-8075761"
"200215","HSS-1041760"
"297828",""
"297955",""
"298034",""
"298069",""
"297404",""
"298115",""
"298103",""
"298104",""
"298236",""
"298362",""
"298363",""
"298506",""
"298546",""
"295210",""
"295203",""
"295325",""
"295261",""
"295557",""
"295437",""
"294633",""
"294707",""
"294697",""
"294849",""
"294991",""
"295989",""
"295801",""
"296257",""
"296077",""
"296882",""
"296871",""
"296596",""
"296340",""
"296468",""
"310967",""
"310987",""
"310935",""
"310758",""
"311259",""
"311477",""
"311548",""
"311325",""
"299576",""
"306672",""
"307184",""
"298181",""
"300376",""
"300448",""
"300835",""
"300783",""
"299933",""
"300346",""
"300347",""
"300091",""
"300088",""
"300120",""
"300143","BED2922N335"
"299291",""
"299669",""
"301505",""
"301939",""
"302349",""
"302381",""
"305848",""
"305801",""
"306059",""
"306069",""
"306092",""
"305570",""
"305294",""
"303055",""
"302878",""
"303234",""
"304391",""
"304292",""
"304336",""
"304645",""
"304586",""
"304686",""
"304837",""
"308328",""
"308290",""
"308040",""
"308042",""
"308643",""
"309033",""
"308896",""
"308841",""
"308842",""
"307506",""
"307193",""
"307057",""
"310042",""
"309467",""
"309411",""
"297544",""
"297738",""
"297970",""
"295856",""
"235407","HSS-8090271"
"238032","HSS-8089121"
"238113","HSS-1046202"
"238355","HSS-1998229"
"238063","HSS-1046217"
"238358","HSS-1998233"
"238952","HSS-1047524"
"238950","HSS-8089148"
"235821","HSS-8088264"
"235202","HSS-8085295"
"238392","HSS-1998288"
"238395","HSS-1998294"
"238403","HSS-1998251"
"238404","HSS-1998254"
"238398","HSS-1998293"
"238401","HSS-1998295"
"236581","HSS-8088073"
"238960","HSS-8087439"
"238342","HSS-1998244"
"238350","HSS-1998331"
"238347","HSS-1998227"
"236800","HSS-8088223"
"238968","HSS-1047016"
"236761","HSS-8088673"
"239005","HSS-8087481"
"287578","HSS-8098620"
"287579","HSS-8098684"
"288048","HSS-8100234"
"312997","HSS-1940689"
"312992","HSS-1940688"
"290161","HSS-8099046"
"290162","HSS-8099846"
"312512","HSS-8099769"
"312542","HSS-8100223"
"312513","HSS-8099782"
"238997","HSS-8087166"
"238444","HSS-1998315"
"238441","HSS-1998310"
"198914","C000929"
"198553","HSS-1022207"
"198504","HSS-8014341"
"198251","HSS-8017856"
"198145","HSS-8066219"
"197535","HSS-8066210"
"197541","HSS-1964329"
"197542","HSS-8080094"
"196589","HSS-1954755"
"196652",""
"196835","HSS-8058752"
"196793","HSS-8018433"
"196743","75996"
"196511",""
"196546","ECN-77805"
"196378","HSS-1036541"
"196309","103010"
"197366","100385"
"186118","HSS-8076134"
"185986","HSS-1037603"
"186040",""
"187055","HSS-8066225"
"186864","HSS-1048156"
"186710","HSS-8015282"
"186635","HSS-8012070"
"186389","HSS-8070335"
"188167","HSS-8065360"
"188168","HSS-8079100"
"188101",""
"188041","HSS-8073276"
"187899","HSS-8062313"
"187977","HSS-8066057"
"187427","HSS-6001128"
"187475","HSS-1954633"
"196298","HSS-8080091"
"195721","HSS-1018848"
"195824","HSS-8076694"
"2179","HSS-5029399"
"238435","HSS-1998309"
"235569","HSS-8088835"
"229157","HSS-1045240"
"311778","HSS-8099854"
"314514","HSS-8100219"
"314316","HSS-8100378"
"314360","HSS-8100362"
"312107","HSS-8099533"
"226700","HSS-8084859"
"285297","HSS-8097552"
"270757","HSS-8097324"
"270768","HSS-8097000"
"270847","HSS-8097290"
"271383","HSS-8096381"
"270718","HSS-8097006"
"261417","HSS-1096810"
"270585","HSS-8098074"
"270739","HSS-8097112"
"270914","HSS-8096431"
"270887","HSS-8098141"
"281986","HSS-8097894"
"280431",""
"280436",""
"288114","HSS-8099531"
"288115","HSS-8099232"
"311591",""
"311592",""
"271532","HSS-8096509"
"271374","HSS-8096515"
"272565","HSS-8096856"
"272566","HSS-8096855"
"313388","HSS-1940754"
"272573","HSS-8098991"
"279658","HSS-8096341"
"279659","HSS-8096350"
"282016","HSS-8097809"
"282018","HSS-8097599"
"282019","HSS-8097573"
"279655","HSS-8096349"
"282015","HSS-8097602"
"282028","HSS-8097576"
"282029","HSS-8098263"
"282026","HSS-8097903"
"282021","HSS-8097958"
"282022","HSS-8097593"
"282023","HSS-8097760"
"282024","HSS-8097989"
"282034","HSS-8097853"
"282032","HSS-8097715"
"282036","HSS-8097881"
"282037","HSS-8097872"
"283105","HSS-8097315"
"285301","HSS-8097328"
"284130","HSS-8100269"
"284111","HSS-8099986"
"314808","HSS-1940759"
"314773","HSS-1940758"
"288117","HSS-8099787"
"282011","HSS-8098014"
"288170","HSS-8099796"
"288168","HSS-8100044"
"288169","HSS-8100482"
"283107","HSS-8099811"
"290149","HSS-8099864"
"290150","HSS-8099111"
"290152","HSS-8099030"
"290153","HSS-8099041"
"290156","HSS-8099089"
"290157","HSS-8099131"
"290158","HSS-8099841"
"290160","HSS-8099082"
"279622","HSS-8096312"
"279673","HSS-8096337"
"279638","HSS-8098262"
"279641","HSS-8096309"
"279642","HSS-8096408"
"279671","HSS-8096342"
"279632","HSS-8096340"
"279633","HSS-8097012"
"279663","HSS-8096345"
"282005","HSS-8097882"
"282007","HSS-8097394"
"282009","HSS-8096904"
"280528","HSS-8098659"
"294453","HSS-8098936"
"294459","HSS-8099848"
"314846","HSS-1940761"
"294464","HSS-8099853"
"285176","HSS-8097558"
"285180","HSS-8097550"
"298567",""
"311455",""
"311346",""
"311562",""
"311110",""
"311070",""
"310836",""
"310762",""
"310883",""
"310982",""
"299875",""
"299551",""
"300910",""
"303046",""
"310808",""
"308366",""
"300060",""
"299107",""
"303825",""
"303723",""
"306514",""
"310144",""
"299031",""
"300588",""
"300059",""
"304248","Houle Electric"
"308624",""
"296268","Houle Electric"
"296126",""
"294975",""
"306974",""
"299046",""
"299078",""
"299166",""
"299136",""
"298979",""
"299017",""
"298882",""
"298924",""
"298932",""
"298939",""
"298936",""
"298599",""
"298605",""
"298620",""
"298690",""
"298712",""
"298680",""
"298871",""
"298857",""
"298813",""
"298839",""
"298754",""
"298778",""
"298780",""
"298766",""
"298772",""
"299484",""
"299614",""
"299579",""
"299766",""
"299696",""
"299702",""
"299622",""
"299625",""
"299692",""
"299203",""
"299228",""
"299357",""
"299368",""
"300896",""
"300875",""
"300812",""
"300786",""
"300707",""
"300503",""
"300417",""
"300607",""
"300632",""
"300500",""
"300148",""
"300289",""
"300330",""
"300218",""
"300222",""
"300270",""
"299947",""
"300007",""
"300047",""
"302487",""
"302617",""
"302607",""
"302355",""
"302308",""
"302427",""
"302198",""
"301259",""
"301496",""
"300965",""
"301007",""
"301031",""
"301102",""
"301140",""
"301662",""
"301593",""
"301580",""
"301721",""
"301792",""
"302890",""
"302874",""
"285295","HSS-8097536"
"271285",""
"271304",""
"271172",""
"271935","HSS-8096380"
"271404","HSS-8096379"
"271829","HSS-8096385"
"299261",""
"299331",""
"299441",""
"300888",""
"300811",""
"300845",""
"300710",""
"300678",""
"300399",""
"300385",""
"300641",""
"300645",""
"300208",""
"300121",""
"300339",""
"300233",""
"300221",""
"300265",""
"299832",""
"299998",""
"300025",""
"302518",""
"302550",""
"302601",""
"302354",""
"302307",""
"302443",""
"302273",""
"301322",""
"301289",""
"301432",""
"301000",""
"301030",""
"301183",""
"301132",""
"301679",""
"301590",""
"301579",""
"301720",""
"301791",""
"301824",""
"302860",""
"303156",""
"303096",""
"303140",""
"303012",""
"302970",""
"303737",""
"303769",""
"303624",""
"303643",""
"303311",""
"303286",""
"303401",""
"303473",""
"304461",""
"304522",""
"304724",""
"304618",""
"304956",""
"304925",""
"304908",""
"304806",""
"304823",""
"304854",""
"304874",""
"303992",""
"304048",""
"303928",""
"303937",""
"303838",""
"304387",""
"304276",""
"304347",""
"304199",""
"304263",""
"304217",""
"306605",""
"306541",""
"306553",""
"306259",""
"306360",""
"306304",""
"306399",""
"306370",""
"306495",""
"306024",""
"306077",""
"305971",""
"306127",""
"306229",""
"305850",""
"305884",""
"305740",""
"305680",""
"305636",""
"305452",""
"305363",""
"305384",""
"305551",""
"305600",""
"305620",""
"305300",""
"309776",""
"309902",""
"309927",""
"309851",""
"309190",""
"309205",""
"309274",""
"309343",""
"309477",""
"309550",""
"309572",""
"308274",""
"308152",""
"307883",""
"307901",""
"308015",""
"308507",""
"308876",""
"308811",""
"309052",""
"306907",""
"306793",""
"307236",""
"307048",""
"307066",""
"307289",""
"307382",""
"307501",""
"307693",""
"294745",""
"294549",""
"294656",""
"295034",""
"295098",""
"294831",""
"294928",""
"295384",""
"295127",""
"295577",""
"295662",""
"295534",""
"295768",""
"296010",""
"296211",""
"296284",""
"296404",""
"296442",""
"296536",""
"296729",""
"296614",""
"296800",""
"296772",""
"296896",""
"297919",""
"298057",""
"297949",""
"297716",""
"297586",""
"297506",""
"297508",""
"297510",""
"296915",""
"297042",""
"297011",""
"297384",""
"297263",""
"297332",""
"298152",""
"298374",""
"298406",""
"311434",""
"311439",""
"311546",""
"311488",""
"311126",""
"311223",""
"310811",""
"310765",""
"310905",""
"310947",""
"303212",""
"297946",""
"300806",""
"309433",""
"304855",""
"300568",""
"299626",""
"302616",""
"303466",""
"305676",""
"307475",""
"298231",""
"297945",""
"300567",""
"301942","CCX-CM3"
"305053","Houle Electric"
"296519","Houle Electric"
"296125",""
"295315",""
"299030",""
"304254",""
"304233",""
"306656",""
"306540",""
"306555",""
"306262",""
"306352",""
"306317",""
"306405",""
"306369",""
"306502",""
"306012",""
"306070",""
"305977",""
"306126",""
"306139",""
"305806",""
"305868",""
"305738",""
"305754",""
"305635",""
"305640",""
"305362",""
"305388",""
"305524",""
"305599",""
"305630",""
"305292",""
"305273",""
"305224",""
"305044",""
"306982",""
"307032",""
"307091",""
"307136",""
"307156",""
"307259",""
"306829",""
"306933",""
"306737",""
"306814",""
"307779",""
"307733",""
"307830",""
"307623",""
"307699",""
"307503",""
"307555",""
"307410",""
"307331",""
"307386",""
"308043",""
"308073",""
"307927",""
"307947",""
"307956",""
"308446",""
"308369",""
"308300",""
"308281",""
"308217",""
"308946",""
"309017",""
"309015",""
"308911",""
"308828",""
"308808",""
"308497",""
"308473",""
"308583",""
"308746",""
"308758",""
"308732",""
"308686",""
"310610",""
"310569",""
"310607",""
"310395",""
"310286",""
"310501",""
"310531",""
"310430",""
"310411",""
"309129",""
"309199",""
"309279",""
"309313",""
"309338",""
"309271",""
"309258",""
"309250",""
"309539",""
"309549",""
"309577",""
"309399",""
"309495",""
"309714",""
"309830",""
"309895",""
"310133",""
"310241",""
"310083",""
"310003",""
"309976",""
"297250",""
"297233",""
"297475",""
"297427",""
"297026",""
"296980",""
"297070",""
"297081",""
"311702","HSS-8100192"
"311700","HSS-8099376"
"312612","HSS-8099742"
"226695","HSS-8084858"
"212403",""
"226702","HSS-8084254"
"212769",""
"213065",""
"213250",""
"312993","HSS-1940690"
"311785","HSS-8099382"
"311777","HSS-8099250"
"212247",""
"212248",""
"212184",""
"230774","HSS-8085293"
"230772","HSS-8085294"
"211538",""
"226671","HSS-8084863"
"211631",""
"226681","HSS-8083631"
"232814","HSS-8092946"
"212010",""
"212011",""
"226676","HSS-8083873"
"226677","HSS-8084844"
"226678","HSS-8084860"
"226679","HSS-8083628"
"230764","HSS-8085865"
"230752","HSS-8084268"
"230756","HSS-8084272"
"226686","HSS-8084847"
"226689","HSS-8084845"
"14503","HSS-1044726"
"226683","HSS-8084857"
"210302",""
"85567","HSS-8081623"
"210618",""
"183841","HSS-8082552"
"232781","HSS-8092426"
"17650","HSS-8081440"
"200945","HSS-1045546"
"198822","HSS-1044938"
"204083","HSS-8082811"
"108743","HSS-8081989"
"39847","HSS-1044879"
"127578","HSS-8081410"
"197285","HSS-8081115"
"193938","HSS-8081403"
"201657","HSS-8081664"
"225287","HSS-8082630"
"232820","HSS-8092746"
"202359","HSS-8081997"
"232818","HSS-8092445"
"90574","HSS-8082029"
"90718","HSS-8082017"
"228747","HSS-8082891"
"118682","HSS-8082075"
"229420","HSS-8067880"
"230283","HSS-1045219"
"230395","HSS-8082649"
"229192","HSS-8083133"
"229899","HSS-8082822"
"230174","HSS-1045056"
"229951","HSS-8082315"
"228404","HSS-8082312"
"201727","HSS-1044298"
"82409","HSS-8088299"
"226506","HSS-1045349"
"93527","HSS-8082036"
"85581","HSS-8084032"
"228966","HSS-8082835"
"228290","HSS-8082842"
"228238","HSS-8067959"
"226528","HSS-1045135"
"226504","HSS-8082908"
"238837","HSS-1046947"
"238838","HSS-1046866"
"238851","HSS-8087052"
"238834","HSS-1046945"
"238835","HSS-1046878"
"238843","HSS-1046879"
"261837","HSS-8092436"
"293806","HSS-8098575"
"282192","HSS-8097705"
"282193","HSS-8098265"
"283036","HSS-8099765"
"283041","HSS-8100025"
"283056","HSS-8099354"
"283059","HSS-8099351"
"283062","HSS-8099455"
"280132","HSS-8098286"
"279920","HSS-8097764"
"280478","HSS-8098367"
"314774","HSS-1940767"
"314724","HSS-1940764"
"314468","HSS-1940763"
"280090","HSS-8098128"
"280123","HSS-8098143"
"282164","HSS-8097665"
"282165","HSS-8098060"
"282179","HSS-8097147"
"282183","HSS-8098019"
"282160","HSS-8097810"
"282202","HSS-8097722"
"282204","HSS-8097399"
"282197","HSS-8097129"
"293802","HSS-8098584"
"293804","HSS-8098581"
"282045","HSS-8097070"
"282046","HSS-8097080"
"282185","HSS-8097895"
"282188","HSS-8098264"
"282057","HSS-8098268"
"282049","HSS-8097596"
"282050","HSS-8097817"
"282052","HSS-8097918"
"282053","HSS-8097923"
"282054","HSS-8097543"
"285444","HSS-8098133"
"282061","HSS-8097395"
"282062","HSS-8098064"
"282060","HSS-8097961"
"281812","HSS-8097801"
"281819","HSS-8097416"
"282174","HSS-8097804"
"282175","HSS-8097227"
"282176","HSS-8097361"
"282177","HSS-8097523"
"282167","HSS-8097205"
"282170","HSS-8097086"
"284090","HSS-8100271"
"283096","HSS-8099797"
"283115","HSS-8099751"
"283067","HSS-8099544"
"283069","HSS-8100012"
"283074","HSS-8099355"
"285309","HSS-8097553"
"282063","HSS-8097984"
"281760","HSS-8098047"
"283020","HSS-8097031"
"283023","HSS-8099352"
"283046","HSS-8099709"
"283025","HSS-8099766"
"283026","HSS-8097146"
"281769","HSS-8097454"
"281763","HSS-8097754"
"282066","HSS-8097632"
"282067","HSS-8097940"
"282070","HSS-8097645"
"282143","HSS-8097244"
"282222","HSS-8097919"
"282072","HSS-8098065"
"282074","HSS-8097971"
"282075","HSS-8098292"
"282076","HSS-8097991"
"282078","HSS-8097548"
"282079","HSS-8098041"
"282146","HSS-8098035"
"282147","HSS-8097888"
"282150","HSS-8098071"
"281057","HSS-8096807"
"281058","HSS-8097153"
"282083","HSS-8097347"
"303180",""
"303077",""
"303146",""
"303036",""
"303680",""
"303738",""
"303813",""
"303601",""
"303644",""
"303297",""
"303269",""
"303407",""
"303477",""
"304462",""
"304487",""
"304702",""
"304581",""
"304936",""
"304926",""
"304769",""
"304775",""
"304824",""
"304870",""
"304880",""
"304004",""
"304051",""
"303920",""
"303941",""
"304358",""
"304402",""
"304309",""
"304196",""
"304158",""
"304260",""
"306642",""
"306606",""
"306542",""
"306550",""
"306244",""
"306319",""
"306298",""
"306397",""
"306401",""
"306460",""
"306048",""
"305952",""
"305972",""
"306129",""
"305791",""
"305866",""
"305714",""
"305752",""
"305688",""
"305637",""
"305359",""
"305364",""
"305511",""
"305607",""
"305601",""
"305615",""
"305282",""
"305222",""
"305129",""
"305052",""
"306996",""
"307061",""
"307132",""
"307189",""
"307225",""
"306827",""
"306883",""
"306936",""
"306730",""
"307785",""
"307713",""
"307815",""
"307631",""
"307645",""
"307676",""
"307551",""
"307557",""
"307446",""
"307282",""
"307376",""
"308089",""
"308116",""
"307945",""
"307911",""
"308444",""
"308377",""
"308349",""
"308260",""
"308179",""
"308223",""
"308948",""
"309013",""
"308998",""
"308850",""
"308813",""
"308494",""
"308483",""
"308557",""
"308738",""
"308749",""
"308761",""
"308718",""
"308688",""
"310603",""
"310704",""
"310354",""
"310325",""
"310510",""
