"name","asset_tag","serial_number","location","location.city","u_building","u_room","u_floor","po_number","u_scheduled_retirement","operational_status","u_last_rounded_date","comments","u_location_comments","u_device_rounding","u_department_location","location.u_deskside_assignment_group","u_category","model_id","short_description"
"WT63CAGZ0D5J2","C003178","63CAGZ0D5J2","VIHA-RHARF-Ryan Hill Apartments Residential Facility-Main Building-1st Floor","Courtenay","Main Building","Shared Room","2","","","Operational","","847BEBEDA693","","General Rounding","","NTT-Deskside Services-NorthIsland-Local","Thin Client","DELL WYSE 5060 THIN CLIENT","Dell Wyse 5060 Thin Client Wireless"
"WT_63CAGZ5G5J2","C004603","GZ5G5J2","VIHA-CVH-Comox Valley Hospital-Main Building-4th Floor","Courtenay","Main Building","CV4912","4","","09/30/2022","Operational","07/17/2026","","","General Rounding","Psychiatric Inpatient Unit","NTT-Deskside Services-NorthIsland-Staffed","Thin Client","DELL WYSE 5060 THIN CLIENT","Dell Wyse 5060 Thin Client Wireless"
"WT_63CAGZ6F5J2","C004604","GZ6F5J2","VIHA-CVH-Comox Valley Hospital-Main Building-3rd Floor","Courtenay","Main Building","CV3809","3","","","Operational","06/19/2026","","","General Rounding","General Medical / Surgical Inpatient Unit","NTT-Deskside Services-NorthIsland-Staffed","Thin Client","DELL WYSE 5060 THIN CLIENT","Dell Wyse 5060 Thin Client Wireless"
"WT_63CAGZ7D5J2","C004605","GZ7D5J2","VIHA-CVH-Comox Valley Hospital-Main Building-2nd Floor","Courtenay","Main Building","CV2826","2","","","Operational","07/11/2025","","","General Rounding","Surgical Services","NTT-Deskside Services-NorthIsland-Staffed","Thin Client","DELL WYSE 5060 THIN CLIENT","Dell Wyse 5060 Thin Client Wireless"
"WT_63CAGZ7G5J2","C004606","GZ7G5J2","VIHA-CVH-Comox Valley Hospital-Main Building-2nd Floor","Courtenay","Main Building","CV2840","2","","","Operational","07/11/2025","","","General Rounding","Surgical Services - PACU","NTT-Deskside Services-NorthIsland-Staffed","Thin Client","DELL WYSE 5060 THIN CLIENT","Dell Wyse 5060 Thin Client Wireless"
"WT_63CAGYWD5J2","C004607","GYWD5J2","VIHA-CVH-Comox Valley Hospital-Main Building-2nd Floor","Courtenay","Main Building","CV2831","2","","","Operational","07/11/2025","","","General Rounding","Surgical Services","NTT-Deskside Services-NorthIsland-Staffed","Thin Client","DELL WYSE 5060 THIN CLIENT",""
"WT_63CAGZNG5J2","C004608","GZNG5J2","VIHA-CVH-Comox Valley Hospital-Main Building-4th Floor","Courtenay","Main Building","CV4731","4","","","Operational","07/17/2026","","","General Rounding","Psychiatric Inpatient Unit","NTT-Deskside Services-NorthIsland-Staffed","Thin Client","DELL WYSE 5060 THIN CLIENT","Dell Wyse 5060 Thin Client Wireless"
"WT_63CAGZPD5J2","C004609","GZPD5J2","VIHA-CVH-Comox Valley Hospital-Main Building-2nd Floor","Courtenay","Main Building","CV2318","2","","","Operational","08/11/2026","","","General Rounding","Intensive Care/Telemetry Unit (ICU/TU)","NTT-Deskside Services-NorthIsland-Staffed","Thin Client","DELL WYSE 5060 THIN CLIENT","Dell Wyse 5060 Thin Client Wireless"
"WT_63CAGZKF5J2","C004610","GZKF5J2","VIHA-CVH-Comox Valley Hospital-Main Building-1st Floor","Courtenay","Main Building","CV1900","1","","","Operational","07/28/2026","","","General Rounding","Emergency Department","NTT-Deskside Services-NorthIsland-Staffed","Thin Client","DELL WYSE 5060 THIN CLIENT","Dell Wyse 5060 Thin Client Wireless"
"WT_63CAGYZC5J2","C004611","63CAGYZC5J2","VIHA-CVH-Comox Valley Hospital-Main Building-4th Floor","Courtenay","Main Building","CV4120","4","","","Operational","08/06/2026","","","General Rounding","Transitional Care Unit","NTT-Deskside Services-NorthIsland-Staffed","Thin Client","DELL WYSE 5060 THIN CLIENT","Dell Wyse 5060 Thin Client Wireless"
"C004612","C004612","63CAGZHG5J2","VIHA-CVH-Comox Valley Hospital-Main Building-3rd Floor","Courtenay","Main Building","CV3209","3","","","Operational","07/14/2026","","","General Rounding","General Medical / Surgical Inpatient Unit","NTT-Deskside Services-NorthIsland-Staffed","Thin Client","DELL 0H0C1T","Dell Wyse 5060 Thin Client Wireless"
"WT_63CAGZ5F5J2","C004617","GZ5F5J2","VIHA-CVH-Comox Valley Hospital-Main Building-1st Floor","Courtenay","Main Building","CV1782","1","","","Operational","08/05/2026","","","General Rounding","Cystoscopy","NTT-Deskside Services-NorthIsland-Staffed","Thin Client","DELL WYSE 5060 THIN CLIENT",""
"WT_63CAGZKD5J2","C004618","63CAGZKD5J2","VIHA-CVH-Comox Valley Hospital-Main Building-2nd Floor","Courtenay","Main Building","CV2177","2","","","Operational","08/07/2026","","","General Rounding","Maternity and Newborn Inpatient Unit","NTT-Deskside Services-NorthIsland-Staffed","Thin Client","DELL WYSE 5060 THIN CLIENT","Dell Wyse 5060 Thin Client Wireless"
"WT_63CAGZBD5J2","C004621","GZBD5J2","VIHA-CVH-Comox Valley Hospital-Main Building-1st Floor","Courtenay","Main Building","CV1920","1","","","Operational","07/28/2026","","","General Rounding","Emergency Department","NTT-Deskside Services-NorthIsland-Staffed","Thin Client","DELL WYSE 5060 THIN CLIENT","Dell Wyse 5060 Thin Client Wireless"
"WT_63CAGZ4D5J2","C004622","63CAGZ4D5J2","VIHA-CVH-Comox Valley Hospital-Main Building-3rd Floor","Courtenay","Main Building","CV3729","3","","","Operational","06/19/2026","","","General Rounding","General Medical / Surgical Inpatient Unit","NTT-Deskside Services-NorthIsland-Staffed","Thin Client","DELL WYSE 5060 THIN CLIENT","Dell Wyse 5060 Thin Client Wireless"
"WT_63CAGZLG5J2","C004626","GZLG5J2","VIHA-CVH-Comox Valley Hospital-Main Building-2nd Floor","Courtenay","Main Building","CV2831","2","","","Operational","07/11/2025","","","General Rounding","Surgical Services","NTT-Deskside Services-NorthIsland-Staffed","Thin Client","DELL WYSE 5060 THIN CLIENT","Dell Wyse 5060 Thin Client Wireless"
"WT_63CAGZ0H5J2","C004627","63CAGZ0H5J2","VIHA-CVH-Comox Valley Hospital-Main Building-2nd Floor","Courtenay","Main Building","CV2222","2","","","Operational","08/11/2026","","","General Rounding","Intensive Care/Telemetry Unit (ICU/TU)","NTT-Deskside Services-NorthIsland-Staffed","Thin Client","DELL WYSE 5060 THIN CLIENT","Dell Wyse 5060 Thin Client Wireless"
"WT_63CAGZ9G5J2","C004628","GZ9G5J2","VIHA-CVH-Comox Valley Hospital-Main Building-3rd Floor","Courtenay","Main Building","CV3129","3","","","Operational","06/18/2026","","","General Rounding","General Medical / Surgical Inpatient Unit","NTT-Deskside Services-NorthIsland-Staffed","Thin Client","DELL WYSE 5060 THIN CLIENT","Dell Wyse 5060 Thin Client Wireless"
"WT_63CAGYVG5J2","C004629","GYVG5J2","VIHA-CVH-Comox Valley Hospital-Main Building-1st Floor","Courtenay","Main Building","CV1786","1","","","Operational","08/05/2026","","","General Rounding","Endoscopy","NTT-Deskside Services-NorthIsland-Staffed","Thin Client","DELL WYSE 5060 THIN CLIENT","Dell Wyse 5060 Thin Client Wireless"
"WT_63CAGZ2F5J2","C004631","GZ2F5J2","VIHA-CVH-Comox Valley Hospital-Main Building-1st Floor","Courtenay","Main Building","CV1630","1","","09/30/2022","Operational","07/28/2026","","","General Rounding","Emergency Department","NTT-Deskside Services-NorthIsland-Staffed","Thin Client","DELL WYSE 5060 THIN CLIENT","Dell Wyse 5060 Thin Client Wireless"
"WT_63CAGZ1D5J2","C004633","63CAGZ1D5J2","VIHA-CVH-Comox Valley Hospital-Main Building-1st Floor","Courtenay","Main Building","CV1920","1","","","Operational","07/28/2026","","","General Rounding","Emergency Department","NTT-Deskside Services-NorthIsland-Staffed","Thin Client","DELL WYSE 5060 THIN CLIENT","Dell Wyse 5060 Thin Client Wireless"
"WT_63CAGZ1F5J2","C004634","63CAGZ1F5J2","VIHA-CVH-Comox Valley Hospital-Main Building-1st Floor","Courtenay","Main Building","CV1633","1","","","Operational","07/28/2026","","","General Rounding","Emergency Department","NTT-Deskside Services-NorthIsland-Staffed","Thin Client","DELL WYSE 5060 THIN CLIENT","Dell Wyse 5060 Thin Client Wireless"
"WT_63CAGZMD5J2","C004635","GZMD5J2","VIHA-CVH-Comox Valley Hospital-Main Building-2nd Floor","Courtenay","Main Building","CV2840","2","","","Operational","07/11/2025","","","General Rounding","Surgical Services - PACU","NTT-Deskside Services-NorthIsland-Staffed","Thin Client","DELL WYSE 5060 THIN CLIENT","Dell Wyse 5060 Thin Client Wireless"
"WT_63CAGYXC5J2","C004636","63CAGYXC5J2","VIHA-CVH-Comox Valley Hospital-Main Building-3rd Floor","Courtenay","Main Building","CV3928","3","","","Operational","06/19/2026","","","General Rounding","General Medical / Surgical Inpatient Unit","NTT-Deskside Services-NorthIsland-Staffed","Thin Client","DELL WYSE 5060 THIN CLIENT","Dell Wyse 5060 Thin Client Wireless"
"WT_63CAGZ0G5J2","C004637","63CAGZ0G5J2","VIHA-CVH-Comox Valley Hospital-Main Building-1st Floor","Courtenay","Main Building","CV1630","1","","","Operational","07/28/2026","","","General Rounding","Emergency Department","NTT-Deskside Services-NorthIsland-Staffed","Thin Client","DELL WYSE 5060 THIN CLIENT","Dell Wyse 5060 Thin Client Wireless"
"WT_63CAGZDD5J2","C004638","GZDD5J2","VIHA-CVH-Comox Valley Hospital-Main Building-0th Floor","Courtenay","Main Building","CV0948","0","","09/30/2022","Operational","08/14/2026","","","General Rounding","Porter Services","NTT-Deskside Services-NorthIsland-Staffed","Thin Client","DELL WYSE 5060 THIN CLIENT","Dell Wyse 5060 Thin Client Wireless"
"WT_63CAGZ5D5J2","C004639","GZ5D5J2","VIHA-CVH-Comox Valley Hospital-Main Building-3rd Floor","Courtenay","Main Building","CV3328","3","","","Operational","06/18/2026","","","General Rounding","General Medical / Surgical Inpatient Unit","NTT-Deskside Services-NorthIsland-Staffed","Thin Client","DELL WYSE 5060 THIN CLIENT","Dell Wyse 5060 Thin Client Wireless"
"WT_63CAGZLD5J2","C004641","GZLD5J2","VIHA-CVH-Comox Valley Hospital-Main Building-3rd Floor","Courtenay","Main Building","CV3320","3","","","Operational","06/18/2026","","","General Rounding","General Medical / Surgical Inpatient Unit","NTT-Deskside Services-NorthIsland-Staffed","Thin Client","DELL WYSE 5060 THIN CLIENT","Dell Wyse 5060 Thin Client Wireless"
"WT_63CAGZDF5J2","C004642","GZDF5J2","VIHA-CVH-Comox Valley Hospital-Main Building-3rd Floor","Courtenay","Main Building","CV3920","3","","","Operational","06/19/2026","","","General Rounding","General Medical / Surgical Inpatient Unit","NTT-Deskside Services-NorthIsland-Staffed","Thin Client","DELL WYSE 5060 THIN CLIENT","Dell Wyse 5060 Thin Client Wireless"
"WT_63CAGZJD5J2","C004643","GZJD5J2","VIHA-CVH-Comox Valley Hospital-Main Building-3rd Floor","Courtenay","Main Building","CV3120","3","","","Operational","06/18/2026","","","General Rounding","General Medical / Surgical Inpatient Unit","NTT-Deskside Services-NorthIsland-Staffed","Thin Client","DELL WYSE 5060 THIN CLIENT","Dell Wyse 5060 Thin Client Wireless"
"WT_63CAGZ2D5J2","C004644","GZ2D5J2","VIHA-CVH-Comox Valley Hospital-Main Building-3rd Floor","Courtenay","Main Building","CV3209","3","","","Operational","06/18/2026","","","General Rounding","General Medical / Surgical Inpatient Unit","NTT-Deskside Services-NorthIsland-Staffed","Thin Client","DELL WYSE 5060 THIN CLIENT","Dell Wyse 5060 Thin Client Wireless"
"WT_63CAGYWC5J2","C004647","GYWC5J2","VIHA-CVH-Comox Valley Hospital-Main Building-4th Floor","Courtenay","Main Building","CV4320","4","","","Operational","08/06/2026","","","General Rounding","Transitional Care Unit","NTT-Deskside Services-NorthIsland-Staffed","Thin Client","DELL WYSE 5060 THIN CLIENT","Dell Wyse 5060 Thin Client Wireless"
"C004648","C004648","63CAGZND5J2","VIHA-CVH-Comox Valley Hospital-Main Building-2nd Floor","Courtenay","Main Building","CV2165","2","","","Operational","08/07/2026","","","General Rounding","Maternity and Newborn Inpatient Unit","NTT-Deskside Services-NorthIsland-Staffed","Thin Client","DELL 0H0C1T","Dell Wyse 5060 Thin Client Wireless"
"WT_63CAGYWF5J2","C004649","GYWF5J2","VIHA-CVH-Comox Valley Hospital-Main Building-1st Floor","Courtenay","Main Building","CV1633","1","","","Operational","07/28/2026","","","General Rounding","Emergency Department","NTT-Deskside Services-NorthIsland-Staffed","Thin Client","DELL WYSE 5060 THIN CLIENT","Dell Wyse 5060 Thin Client Wireless"
"C004650","C004650","63CAGZPG5J2","VIHA-CVH-Comox Valley Hospital-Main Building-2nd Floor","Courtenay","Main Building","CV2901","2","","","Operational","08/12/2026","","","General Rounding","Laboratory","NTT-Deskside Services-NorthIsland-Staffed","Thin Client","DELL 0H0C1T","Dell Wyse 5060 Thin Client Wireless"
"WT_63CAGYWG5J2","C004651","63CAGYWG5J2","VIHA-CVH-Comox Valley Hospital-Main Building-1st Floor","Courtenay","Main Building","CV1875","1","","","Operational","07/23/2026","","","General Rounding","Medical Imaging","NTT-Deskside Services-NorthIsland-Staffed","Thin Client","DELL WYSE 5060 THIN CLIENT","Dell Wyse 5060 Thin Client Wireless"
"PC026865LER","HSS-1012963","MJ05ZLGP","VIHA-CVH-Comox Valley Hospital-Main Building-2nd Floor","Courtenay","Main Building","CV0620","0","","11/30/2020","Operational","05/08/2024","","","General Rounding","IMIT (old pathology pc)","NTT-Deskside Services-NorthIsland-Staffed","Desktop","Lenovo THINKCENTRE P510 TOWER",""
"LD026103","HSS-1014530","PC0SFLVL","VIHA-CVHCC-Comox Valley Home & Community Care-Main Building-1st Floor","Courtenay","Main Building","128","1","","07/31/2021","Operational","04/23/2024","","","General Rounding","","NTT-Deskside Services-NorthIsland-Local","Laptop","LENOVO THINKPAD T470S V2",""
"LD026278","HSS-1014718","PC0SN67V","VIHA-SJC-St. Joseph's Campus-Main Building-3rd Floor","Comox","Main Building","313","3","","08/31/2021","Operational","06/05/2025","","","General Rounding","Human Resources","NTT-Deskside Services-NorthIsland-Local","Laptop","LENOVO THINKPAD T470S V2",""
"LD027123","HSS-1015290","PC0UA9RX","VIHA-SJC-St. Joseph's Campus-Main Building-2nd Floor","Comox","Main Building","205","2","","12/31/2021","Operational","06/05/2025","20221128-VIHA-SJGH-St. Joseph's General Hospital was formally closed October 21, 2017
and the remaining site was named VIHA-SJC-St. Joseph's Campus.
Location updated to VIHA-SJC-St. Joseph's Campus per TASK0035172","20221128-VIHA-SJGH-St. Joseph's General Hospital was formally closed October 21, 2017
and the remaining site was named VIHA-SJC-St. Joseph's Campus.
Location updated to VIHA-SJC-St. Joseph's Campus per TASK0035172","General Rounding","home care","NTT-Deskside Services-NorthIsland-Local","Laptop","LENOVO THINKPAD T470S V2",""
"TD030988LER","HSS-1022177","R90XJJS1","VIHA-SJC-St. Joseph's Campus-38 Wing-2nd Floor","Comox","Main Building","204 WFH (Stacey Wright)","2","REQ0090263-RITM0093496-SCTASK0135119","01/31/2024","Operational","","","","Excluded","","NTT-Deskside Services-NorthIsland-Local","Tablet","LENOVO THINKPAD YOGA X390",""
"LD055221","HSS-1022542","7F0KQ73","VIHA-CHU-Coastal Health Unit-Main Building-2nd Floor","Courtenay","Main Building","22","2","REQ0135920-RITM0141685-SCTASK0204187","03/31/2025","Operational","05/23/2024","","","General Rounding","Community Care & Licencing","NTT-Deskside Services-NorthIsland-Local","Laptop","Dell LATITUDE 7410 V1",""
"LD058072","HSS-1024314","223QQ73","VIHA-CHU-Coastal Health Unit-Main Building-1st Floor","Courtenay","Main Building","WFH","1","REQ0171120-RITM0178670-SCTASK0263295","05/31/2025","Operational","07/21/2026","","","Excluded","Environmental Health","NTT-Deskside Services-NorthIsland-Local","Laptop","Dell LATITUDE 7410 V1",""
"LD056913","HSS-1028516","91XHDB3","VIHA-CVH-Comox Valley Hospital-Main Building-1st Floor","Courtenay","Main Building","COVID Laptop MWALLS","1","REQ0285419-RITM0298875-SCTASK0457084","10/31/2025","Operational","","","Assigned to Michelle Walls","General Rounding","","NTT-Deskside Services-NorthIsland-Staffed","Laptop","Dell LATITUDE 7410 V1",""
"PC076445","HSS-1031095","GS3KVD3","VIHA-CVHCC-Comox Valley Home & Community Care-Main Building-1st Floor","Courtenay","Main Building","111","1","REQ0324204-RITM0339452-SCTASK0686413","03/31/2026","Operational","07/23/2026","","","General Rounding","Mental Health","NTT-Deskside Services-NorthIsland-Local","Desktop","Dell OPTIPLEX 7080 MICRO V3",""
"LD071713","HSS-1033716","5HQ44J3","VIHA-CCA-Courtenay Cliffe Avenue-Main Building-1st Floor","Courtenay","Main Building","C111","1","REQ0545073-RITM0572212-SCTASK0892595","07/31/2026","Operational","07/24/2026","","","General Rounding","Community Health Services (CHS)","NTT-Deskside Services-NorthIsland-Local","Laptop","Dell LATITUDE 7420 V3",""
"LD071769","HSS-1034067","GH5S6G3","VIHA-CCA_92-Courtenay Cliffe Avenue (#92)-Main Building-1st Floor","Courtenay","Main Building","10","1","REQ0551436-RITM0578872-SCTASK0912315","07/31/2026","Operational","08/06/2026","","","General Rounding","Mental Health & Addiction Services","NTT-Deskside Services-NorthIsland-Local","Laptop","Dell LATITUDE 7420 V3",""
"LD060897","HSS-1034620","901N9K3","VIHA-CHC-Cumberland Health Centre-Main Building-1st Floor","Cumberland","Main Building","CHC - WFH Jacqueline Keyes","1","REQ0578583-RITM0607658-SCTASK0952726","08/31/2026","Operational","02/16/2024","","","Excluded","Adult Activity Centre","NTT-Deskside Services-NorthIsland-Local","Laptop","Dell LATITUDE 7420 V3",""
"LD061696","HSS-1035902","DLP34J3","VIHA-CVH-Comox Valley Hospital-Main Building-1st Floor","Courtenay","Main Building","CV1885 - WFH Bruce Grant","1","REQ0607960-RITM0638654-SCTASK1051159","10/31/2026","Operational","07/23/2026","","","Excluded","Medical Imaging","NTT-Deskside Services-NorthIsland-Staffed","Laptop","Dell LATITUDE 7420 V3",""
"LD061730","HSS-1036337","GN7KLN3","VIHA-CVHCC-Comox Valley Home & Community Care-Main Building-1st Floor","Courtenay","Main Building","101","1","REQ0616964-RITM0648000-SCTASK1079211","11/30/2026","Operational","07/23/2026","","","General Rounding","Mental Health","NTT-Deskside Services-NorthIsland-Local","Laptop","Dell LATITUDE 7420 V3",""
"LD061720","HSS-1036530","1TCGLN3","VIHA-CVH-Comox Valley Hospital-Main Building-1st Floor","Courtenay","Main Building","CV1411","1","REQ0617348-RITM0648400-SCTASK1077260","11/30/2026","Operational","05/07/2026","","","General Rounding","Comox Valley Healthcare Foundation","NTT-Deskside Services-NorthIsland-Staffed","Laptop","Dell LATITUDE 7420 V3",""
"LD061725","HSS-1036531","26F6NN3","VIHA-CCA_92-Courtenay Cliffe Avenue (#92)-Main Building-1st Floor","Courtenay","Main Building","18","1","REQ0606607-RITM0637237-SCTASK1078622","11/30/2026","Operational","08/06/2026","","","General Rounding","Mental Health & Addiction Services","NTT-Deskside Services-NorthIsland-Local","Laptop","Dell LATITUDE 7420 V3",""
"LD080063","HSS-1036535","GQVHLN3","VIHA-CVH-Comox Valley Hospital-Main Building-0th Floor","Courtenay","Main Building","CV0625","0","REQ0645672-RITM0678351-SCTASK1079455","11/30/2026","Operational","11/27/2023","WFH currently has the laptop and the docking station and monitors are in the IMIT office CV0620","","General Rounding","Ambulatory Care","NTT-Deskside Services-NorthIsland-Staffed","Laptop","Dell LATITUDE 7420 V3",""
"LD061732","HSS-1036536","4P24NN3","VIHA-CVNC-Comox Valley Nursing Centre-Main Building-1st Floor","Courtenay","Main Building","WFH","1","REQ0610786-RITM0641591-SCTASK1079594","11/30/2026","Operational","","","","Excluded","","NTT-Deskside Services-NorthIsland-Local","Laptop","Dell LATITUDE 7420 V3",""
"LD080066","HSS-1036543","44CJLN3","VIHA-CHC-Cumberland Health Centre-Main Building-1st Floor","Cumberland","Main Building","Adult Program","1","REQ0631322-RITM0663148-SCTASK1081562","11/30/2026","Operational","06/20/2025","","","General Rounding","Adult Day Program","NTT-Deskside Services-NorthIsland-Local","Laptop","Dell LATITUDE 7420 V3",""
"LD080078","HSS-1036640","23P4NN3","VIHA-SJC-St. Joseph's Campus-Main Building-2nd Floor","Comox","Main Building","222","2","REQ0656052-RITM0689251-SCTASK1086006","11/30/2026","Operational","06/05/2025","","","General Rounding","Medicine","NTT-Deskside Services-NorthIsland-Local","Laptop","Dell LATITUDE 7420 V3",""
"LD080142","HSS-1037217","HGQJLN3","VIHA-SJC-St. Joseph's Campus-Main Building-2nd Floor","Comox","Main Building","226","2","REQ0684384-RITM0718870-SCTASK1129216","11/30/2026","Operational","01/08/2026","20221128-VIHA-SJGH-St. Joseph's General Hospital was formally closed October 21, 2017
and the remaining site was named VIHA-SJC-St. Joseph's Campus.
Location updated to VIHA-SJC-St. Joseph's Campus per TASK0035172","20221128-VIHA-SJGH-St. Joseph's General Hospital was formally closed October 21, 2017
and the remaining site was named VIHA-SJC-St. Joseph's Campus.
Location updated to VIHA-SJC-St. Joseph's Campus per TASK0035172","General Rounding","Integrated Child and Youth Team","NTT-Deskside Services-NorthIsland-Local","Laptop","Dell LATITUDE 7420 V3",""
"LD080143","HSS-1037242","G7L6NN3","VIHA-SJC-St. Joseph's Campus-Main Building-2nd Floor","Comox","Main Building","226","2","REQ0684437-RITM0718924-SCTASK1129219","12/31/2026","Operational","04/02/2026","20221128-VIHA-SJGH-St. Joseph's General Hospital was formally closed October 21, 2017
and the remaining site was named VIHA-SJC-St. Joseph's Campus.
Location updated to VIHA-SJC-St. Joseph's Campus per TASK0035172","20221128-VIHA-SJGH-St. Joseph's General Hospital was formally closed October 21, 2017
and the remaining site was named VIHA-SJC-St. Joseph's Campus.
Location updated to VIHA-SJC-St. Joseph's Campus per TASK0035172","General Rounding","Integrated Child and Youth Team","NTT-Deskside Services-NorthIsland-Local","Laptop","Dell LATITUDE 7420 V3",""
"AO800206","HSS-1037340","C22305M084","VIHA-CVH-Comox Valley Hospital-Main Building-2nd Floor","Courtenay","Main Building","CV2301","2","Lease Information Extract - HPFS Tangent","09/30/2025","Operational","08/11/2026","","","Mobile Cart","Intensive Care/Telemetry Unit (ICU/TU)","NTT-Deskside Services-NorthIsland-Staffed","All-in-One","Tangent Medix T22B AiO 3517U",""
"AO800208","HSS-1037342","C22305M086","VIHA-CVH-Comox Valley Hospital-Main Building-2nd Floor","Courtenay","Main Building","Anteroom","2","Lease Information Extract - HPFS Tangent","09/30/2025","Operational","08/07/2026","","","Mobile Cart","Maternity and Newborn Inpatient Unit","NTT-Deskside Services-NorthIsland-Staffed","All-in-One","Tangent Medix T22B AiO 3517U",""
"AO800212","HSS-1037345","C22305M089","VIHA-CVH-Comox Valley Hospital-Main Building-4th Floor","Courtenay","Main Building","CV4208","4","Lease Information Extract - HPFS Tangent","09/30/2025","Operational","08/06/2026","","","Mobile Cart","Transitional Care Unit","NTT-Deskside Services-NorthIsland-Staffed","All-in-One","Tangent Medix T22B AiO 3517U",""
"AO800239","HSS-1037362","C22305M106","VIHA-CVH-Comox Valley Hospital-Main Building-4th Floor","Courtenay","Main Building","CV4208","4","Lease Information Extract - HPFS Tangent","09/30/2025","Operational","08/06/2026","","","Mobile Cart","Transitional Care Unit","NTT-Deskside Services-NorthIsland-Staffed","All-in-One","Tangent Medix T22B AiO 3517U",""
"AO800247","HSS-1037368","C22305M112","VIHA-CVH-Comox Valley Hospital-Main Building-2nd Floor","Courtenay","Main Building","CV2222","2","Lease Information Extract - HPFS Tangent","09/30/2025","Operational","08/11/2026","","","Mobile Cart","Intensive Care/Telemetry Unit (ICU/TU)","NTT-Deskside Services-NorthIsland-Staffed","All-in-One","Tangent Medix T22B AiO 3517U",""
"AO800199","HSS-1037399","C22305M255","VIHA-CVH-Comox Valley Hospital-Main Building-1st Floor","Courtenay","Main Building","CV1108","1","Lease Information Extract - HPFS Tangent","09/30/2025","Operational","06/11/2026","","","Mobile Cart","Central Education and Conference Facilities","NTT-Deskside Services-NorthIsland-Staffed","All-in-One","Tangent MEDIX 22B V6",""
"AO800232","HSS-1037412","C22305M268","VIHA-CVH-Comox Valley Hospital-Main Building-1st Floor","Courtenay","Main Building","CV1562","1","Lease Information Extract - HPFS Tangent","09/30/2025","Operational","07/17/2026","","","Mobile Cart","Bone and Joint","NTT-Deskside Services-NorthIsland-Staffed","All-in-One","Tangent MEDIX 22B V6",""
"AO800258","HSS-1037415","C22305M271","VIHA-CVH-Comox Valley Hospital-Main Building-1st Floor","Courtenay","Main Building","CV1530","1","Lease Information Extract - HPFS Tangent","09/30/2025","Operational","07/17/2026","","","Mobile Cart","Diabetes","NTT-Deskside Services-NorthIsland-Staffed","All-in-One","Tangent MEDIX 22B V6",""
"AO800260","HSS-1037416","C22305M272","VIHA-CVH-Comox Valley Hospital-Main Building-1st Floor","Courtenay","Main Building","CV1701","1","Lease Information Extract - HPFS Tangent","09/30/2025","Operational","07/27/2026","","","Mobile Cart","Heart and Lung","NTT-Deskside Services-NorthIsland-Staffed","All-in-One","Tangent MEDIX 22B V6",""
"LD100006","HSS-1037829","JL2KLN3","VIHA-SJC-St. Joseph's Campus-38 Wing-3rd Floor","Comox","Main Building","321 (WFH)","3","REQ0701134-RITM0736539-SCTASK1159513","12/31/2026","Operational","","","","Excluded","","NTT-Deskside Services-NorthIsland-Local","Laptop","Dell LATITUDE 7420 V3",""
"LD100007","HSS-1037831","5H4FLN3","VIHA-SJC-St. Joseph's Campus-Main Building-2nd Floor","Comox","Main Building","220 - WFH - Rosanne Lyster","2","REQ0702235-RITM0737707-SCTASK1160238","12/31/2026","Operational","02/05/2026","20221128-VIHA-SJGH-St. Joseph's General Hospital was formally closed October 21, 2017
and the remaining site was named VIHA-SJC-St. Joseph's Campus.
Location updated to VIHA-SJC-St. Joseph's Campus per TASK0035172","20221128-VIHA-SJGH-St. Joseph's General Hospital was formally closed October 21, 2017
and the remaining site was named VIHA-SJC-St. Joseph's Campus.
Location updated to VIHA-SJC-St. Joseph's Campus per TASK0035172","Excluded","Community Health Services (CHS)","NTT-Deskside Services-NorthIsland-Local","Laptop","Dell LATITUDE 7420 V3",""
"LD085013","HSS-1037984","DR4FLN3","VIHA-CVCHC-Comox Valley Community Health Centre-Main Building-1st Floor","Courtenay","Main Building","WFH - Kelly Kaspar","1","REQ0681967-RITM0716344-SCTASK1171356","01/31/2027","Operational","04/16/2025","from SCTASK1171356","","Excluded","Community Virtual Care & Senior Health","NTT-Deskside Services-NorthIsland-Local","Laptop","Dell LATITUDE 7420 V3",""
"LD080193","HSS-1038112","HF4R9K3","VIHA-CFA-Courtenay Fitzgerald Avenue-Main Building-1st Floor","Courtenay","Main Building","19","1","REQ0690152-RITM0724975-SCTASK1179607","12/31/2026","Operational","06/24/2025","","","General Rounding","Mental Health & Addiction Services","NTT-Deskside Services-NorthIsland-Local","Laptop","Dell LATITUDE 7420 V3",""
"LD090028","HSS-1038226","HJNGMN3","VIHA-CVCHC-Comox Valley Community Health Centre-Main Building-1st Floor","Courtenay","Main Building","WFH - Maura Garrett","1","REQ0716400-RITM0752717-SCTASK1184212","01/31/2027","Operational","04/16/2025","","","Excluded","Public Health","NTT-Deskside Services-NorthIsland-Local","Laptop","Dell LATITUDE 7420 V3",""
"LD100024","HSS-1038388","95D2NN3","VIHA-CVHCC-Comox Valley Home & Community Care-Main Building-1st Floor","Courtenay","Main Building","Room 110","1","REQ0715598-RITM0751869-SCTASK1186180","01/31/2027","Operational","05/23/2025","","","General Rounding","Community Health Services (CHS)","NTT-Deskside Services-NorthIsland-Local","Laptop","Dell LATITUDE 7420 V3",""
"LD085046","HSS-1038571","F63GMN3","VIHA-CVHCC-Comox Valley Home & Community Care-Main Building-1st Floor","Courtenay","Main Building","101","1","REQ0690152-RITM0724973-SCTASK1199649","01/31/2027","Operational","08/04/2026","","","General Rounding","Mental Health & Addiction Services","NTT-Deskside Services-NorthIsland-Local","Laptop","Dell LATITUDE 7420 V3",""
"LD085045","HSS-1038572","FG6HMN3","VIHA-CCA_92-Courtenay Cliffe Avenue (#92)-Main Building-1st Floor","Courtenay","Main Building","Admin Lobby","1","REQ0690152-RITM0724974-SCTASK1199583","01/31/2027","Operational","08/06/2026","","","General Rounding","Mental Health & Addiction Services","NTT-Deskside Services-NorthIsland-Local","Laptop","Dell LATITUDE 7420 V3",""
"LD085044","HSS-1038573","13KFMN3","VIHA-CCA_92-Courtenay Cliffe Avenue (#92)-Main Building-1st Floor","Courtenay","Main Building","19","1","REQ0690152-RITM0724972-SCTASK1199535","02/28/2027","Operational","08/06/2026","","","General Rounding","Mental Health & Addiction Services","NTT-Deskside Services-NorthIsland-Local","Laptop","Dell LATITUDE 7420 V3",""
"LD030723-NEW","HSS-1038580","G09GMN3","VIHA-CVH-Comox Valley Hospital","Courtenay","Main Building","CV4912","4","REQ2031360-RITM2145449-SCTASK3435740","01/31/2027","Operational","","","","General Rounding","","NTT-Deskside Services-NorthIsland-Staffed","Laptop","Dell LATITUDE 7420 V3",""
"LD062260","HSS-1038682","2VT2NN3","VIHA-CVH-Comox Valley Hospital-Main Building-0th Floor","Courtenay","Main Building","CV0620 (WFH - Jody MacDonald)","0","REQ0718097-RITM0754542-SCTASK1216230","01/31/2027","Operational","02/07/2024","","","Excluded","IMIT","NTT-Deskside Services-NorthIsland-Staffed","Laptop","Dell LATITUDE 7420 V3",""
"TD033001","HSS-1038742","93SCLR3","VIHA-CVCHC-Comox Valley Community Health Centre","Courtenay","Main Building","Not Onsite - WFH Jennifer Hoyseth","1","REQ0722891-RITM0759663-SCTASK1195710","01/31/2027","Operational","03/21/2024","","","Excluded","Public Health","NTT-Deskside Services-NorthIsland-Local","Tablet","DELL LATITUDE 9420",""
"LD100065","HSS-1038913","7XS4NN3","VIHA-CVH-Comox Valley Hospital-Main Building-1st Floor","Courtenay","Main Building","1413 (WFH) M Dumais","1","REQ0725107-RITM0762022-SCTASK1234519","02/28/2027","Operational","04/18/2024","","","Excluded","Comox Valley Hospital Foundation","NTT-Deskside Services-NorthIsland-Staffed","Laptop","Dell LATITUDE 7420 V3",""
"LD062252","HSS-1038923","92T4NN3","VIHA-CVHCC-Comox Valley Home & Community Care-Main Building-1st Floor","Courtenay","Main Building","8","1","REQ0734486-RITM0771697-SCTASK1220512","02/28/2027","Operational","05/22/2025","","","General Rounding","WFH - Gilbert, Laura J (Dr) ","NTT-Deskside Services-NorthIsland-Local","Laptop","Dell LATITUDE 7420 V3",""
"AO800289","HSS-1038938","C22305M044","VIHA-CVH-Comox Valley Hospital-Main Building-4th Floor","Courtenay","Main Building","CV4918","4","Lease Information Extract - HPFS Tangent","09/30/2025","Operational","07/17/2026","","","Mobile Cart","Psychiatric Inpatient Unit","NTT-Deskside Services-NorthIsland-Staffed","All-in-One","Tangent Medix T22B AiO 3517U",""
"LD100077","HSS-1039173","2T0JLN3","VIHA-CVH-Comox Valley Hospital-Main Building-4th Floor","Courtenay","Main Building","CV4105","4","REQ0740320-RITM0777846-SCTASK1249080","01/31/2027","Operational","12/18/2025","","","General Rounding","Site Support and Business Services","NTT-Deskside Services-NorthIsland-Staffed","Laptop","Dell LATITUDE 7420 V3",""
"LD069123","HSS-1039341","6HJ9LN3","VIHA-CVCHC-Comox Valley Community Health Centre","Courtenay","Main Building","Float laptop","1","REQ2003296-RITM2115854-SCTASK3395684","02/28/2027","Operational","","","","General Rounding","","NTT-Deskside Services-NorthIsland-Local","Laptop","Dell LATITUDE 7420 V3",""
"LD062376","HSS-1039342","7X9BLN3","VIHA-CCRHC-Courtenay Cumberland Road Health Unit-Main Building-1st Floor","Courtenay","Main Building","156","1","REQ0763722-RITM0802397-SCTASK1268295","02/28/2027","Operational","02/09/2024","","","General Rounding","Home Care Nursing","NTT-Deskside Services-NorthIsland-Local","Laptop","Dell LATITUDE 7420 V3",""
"LD062375","HSS-1039355","9YT9LN3","VIHA-CFA-Courtenay Fitzgerald Avenue-Main Building-1st Floor","Courtenay","Main Building","5","1","REQ0763716-RITM0802391-SCTASK1268294","02/28/2027","Operational","07/21/2026","","","General Rounding","Home Care Service","NTT-Deskside Services-NorthIsland-Local","Laptop","Dell LATITUDE 7420 V3",""
"LD072468","HSS-1039575","30Z8LN3","VIHA-CVHCC-Comox Valley Home & Community Care-Main Building-1st Floor","Courtenay","Main Building","111","1","REQ0755020-RITM0793300-SCTASK1282457","01/31/2027","Operational","07/23/2026","","","General Rounding","Mental Health & Addiction Services","NTT-Deskside Services-NorthIsland-Local","Laptop","Dell LATITUDE 7420 V3",""
"LD062412","HSS-1039577","7W9BLN3","VIHA-SJC-St. Joseph's Campus-Main Building-2nd Floor","Comox","Main Building","219","2","REQ0771417-RITM0810438-SCTASK1282561","01/31/2027","Operational","04/02/2026","","","General Rounding","CV Community Access Intake","NTT-Deskside Services-NorthIsland-Local","Laptop","Dell LATITUDE 7420 V3",""
"LD062413","HSS-1039578","379JQN3","VIHA-SJC-St. Joseph's Campus-Main Building-2nd Floor","Comox","Main Building","201B","2","REQ0771431-RITM0810457-SCTASK1282563","01/31/2027","Operational","04/02/2026","","","General Rounding","Community Health Services (CHS)","NTT-Deskside Services-NorthIsland-Local","Laptop","Dell LATITUDE 7420 V3",""
"LD062414","HSS-1039579","CYPKLN3","VIHA-SJC-St. Joseph's Campus-Main Building-2nd Floor","Comox","Main Building","217","2","REQ0771428-RITM0810454-SCTASK1282564","01/31/2027","Operational","04/02/2026","","","General Rounding","Home and Community Care","NTT-Deskside Services-NorthIsland-Local","Laptop","Dell LATITUDE 7420 V3",""
"LD062415","HSS-1039580","4HJKLN3","VIHA-SJC-St. Joseph's Campus-Main Building-2nd Floor","Comox","Main Building","217","2","REQ0771403-RITM0810423-SCTASK1282565","01/31/2027","Operational","04/02/2026","","","General Rounding","Home and Community Care","NTT-Deskside Services-NorthIsland-Local","Laptop","Dell LATITUDE 7420 V3",""
"LD100129","HSS-1039715","2VB1MN3","VIHA-SJC-St. Joseph's Campus-Main Building-2nd Floor","Comox","Main Building","205","2","REQ0773746-RITM0812908-SCTASK1288900","11/30/2026","Operational","04/02/2026","","","General Rounding","Community Health Services (CHS)","NTT-Deskside Services-NorthIsland-Local","Laptop","DELL LATITUDE 7440 V2",""
"LD062438","HSS-1039743","4VSDLN3","VIHA-CVH-Comox Valley Hospital-Main Building-0th Floor","Courtenay","Main Building","CV0620 (Erin Bergen WFH)","0","REQ0782032-RITM0821584-SCTASK1295640","02/28/2027","Operational","02/07/2024","","","Excluded"," ","NTT-Deskside Services-NorthIsland-Staffed","Laptop","Dell LATITUDE 7420 V3","Dropped off on RITM RITM0821584"
"LD100139","HSS-1039904","BC97MN3","VIHA-CVH-Comox Valley Hospital-Main Building-4th Floor","Courtenay","Main Building","CV4044.2","4","REQ0741656-RITM0779252-SCTASK1299628","11/30/2026","Operational","07/17/2026","","","General Rounding","Psychiatric Inpatient Unit","NTT-Deskside Services-NorthIsland-Staffed","Laptop","Dell LATITUDE 7420 V3",""
"LD080366","HSS-1040263","9GY9LN3","VIHA-CFA-Courtenay Fitzgerald Avenue-Main Building-1st Floor","Courtenay","Main Building","4","1","REQ0804542-RITM0845269-SCTASK1333757","02/28/2027","Operational","07/21/2026","","","General Rounding","Comox Valley Home & Community Care-Main Building","NTT-Deskside Services-NorthIsland-Local","Laptop","Dell LATITUDE 7420 V3",""
"LD100176","HSS-1040264","3P7FLN3","VIHA-CFA-Courtenay Fitzgerald Avenue-Main Building-1st Floor","Courtenay","Main Building","12","1","REQ0804540-RITM0845267-SCTASK1333868","02/28/2027","Operational","07/21/2026","","","General Rounding","Home Care Nursing","NTT-Deskside Services-NorthIsland-Local","Laptop","Dell LATITUDE 7420 V3",""
"LD080365","HSS-1040265","6403NN3","VIHA-SJC-St. Joseph's Campus-Main Building-2nd Floor","Comox","Main Building","205","2","REQ0804859-RITM0845616-SCTASK1333755","02/28/2027","Operational","04/02/2026","","","General Rounding","Community Health Services (CHS)","NTT-Deskside Services-NorthIsland-Local","Laptop","Dell LATITUDE 7420 V3",""
"LD100175","HSS-1040266","4303NN3","VIHA-CFA-Courtenay Fitzgerald Avenue-Main Building-1st Floor","Courtenay","Main Building","8","1","REQ0804491-RITM0845218-SCTASK1333770","02/28/2027","Operational","07/21/2026","","","General Rounding","Home Care Nursing","NTT-Deskside Services-NorthIsland-Local","Laptop","Dell LATITUDE 7420 V3",""
"LD080385","HSS-1040294","9R92NN3","VIHA-CVH-Comox Valley Hospital-Main Building-0th Floor","Courtenay","Main Building","Workstation 5","0","REQ0802425-RITM0843059-SCTASK1337887","02/28/2027","Operational","04/18/2024","","","General Rounding","UBC (WFH)","NTT-Deskside Services-NorthIsland-Staffed","Laptop","Dell LATITUDE 7420 V3",""
"LD090193","HSS-1040369","88Q9LN3","VIHA-CVH-Comox Valley Hospital-Main Building-0th Floor","Courtenay","Main Building","CV0620 (WFH Sandra Munro)","0","REQ0803431-RITM0844100-SCTASK1340555","02/28/2027","Operational","02/07/2024","RITM1878075 - Shiplink 32492 - Purolator 335493837447 - shipped to CVH.","","Excluded"," ","NTT-Deskside Services-NorthIsland-Staffed","Laptop","Dell LATITUDE 7420 V3",""
"LD100206","HSS-1040487","823LLN3","VIHA-CVH-Comox Valley Hospital-Main Building-0th Floor","Courtenay","Main Building","WFH","0","REQ0801141-RITM0841699-SCTASK1347360","02/28/2027","Operational","02/07/2025","","","Excluded"," WFH","NTT-Deskside Services-NorthIsland-Staffed","Laptop","Dell LATITUDE 7420 V3",""
"LD072608","HSS-1040513","CD4FLN3","VIHA-CVNC-Comox Valley Nursing Centre-Main Building-1st Floor","Courtenay","Main Building","Team Leads Office - Sign Out 5","1","REQ0812242-RITM0853380-SCTASK1350490","02/28/2027","Operational","01/27/2026","","","General Rounding","Nursing","NTT-Deskside Services-NorthIsland-Local","Laptop","Dell LATITUDE 7420 V3",""
"LD085204","HSS-1040820","2R73NN3","VIHA-CVH-Comox Valley Hospital-Main Building-3rd Floor","Courtenay","Main Building","CV3805","3","REQ0820583-RITM0862142-SCTASK1369000","05/31/2027","Operational","07/14/2026","","","General Rounding","General Medical / Surgical Inpatient Unit","NTT-Deskside Services-NorthIsland-Staffed","Laptop","Dell LATITUDE 7420 V3",""
"LD062645","HSS-1040874","1NQ2NN3","VIHA-CVNC-Comox Valley Nursing Centre-Main Building-1st Floor","Courtenay","Main Building","Glacier Room","1","REQ0828628-RITM0870612-SCTASK1375195","05/31/2027","Operational","01/27/2026","","","General Rounding","Nursing","NTT-Deskside Services-NorthIsland-Local","Laptop","Dell LATITUDE 7420 V3",""
"LD100231","HSS-1040939","86VGMN3","VIHA-CVNC-Comox Valley Nursing Centre-Main Building-1st Floor","Courtenay","Main Building","File Room","1","REQ0828627-RITM0870611-SCTASK1377009","03/31/2027","Operational","06/13/2025","","","General Rounding","Nursing","NTT-Deskside Services-NorthIsland-Local","Laptop","Dell LATITUDE 7420 V3",""
"LD090250","HSS-1041014","3L23NN3","VIHA-CVH-Comox Valley Hospital-Main Building-3rd Floor","Courtenay","Main Building","CV3805","3","REQ0828330-RITM0870286-SCTASK1387384","05/31/2027","Operational","06/19/2026","","","General Rounding","Administration","NTT-Deskside Services-NorthIsland-Staffed","Laptop","Dell LATITUDE 7420 V3",""
"AO800209","HSS-1041072","C22305M230","VIHA-CVH-Comox Valley Hospital-Main Building-1st Floor","Courtenay","Main Building","CV1521","1","Lease Information Extract - HPFS Tangent","09/30/2025","Operational","08/05/2026","","","Mobile Cart","Ambulatory Care","NTT-Deskside Services-NorthIsland-Staffed","All-in-One","Tangent Medix T22B AiO 3517U",""
"LD085239","HSS-1041075","9M26NN3","VIHA-SJC-St. Joseph's Campus-Main Building-3rd Floor","Comox","Main Building","306","3","REQ0833010-RITM0875233-SCTASK1388665","05/31/2027","Operational","04/02/2026","","","General Rounding","Portfolio Leader GEO1","NTT-Deskside Services-NorthIsland-Local","Laptop","Dell LATITUDE 7420 V3",""
"LD085290","HSS-1041239","97PBLN3","VIHA-CVH-Comox Valley Hospital-Main Building-4th Floor","Courtenay","Main Building","CV4732","4","REQ0833502-RITM0875746-SCTASK1416106","03/31/2027","Operational","07/17/2026","","","General Rounding","Psychiatric Inpatient Unit","NTT-Deskside Services-NorthIsland-Staffed","Laptop","Dell LATITUDE 7420 V3",""
"LD085294","HSS-1041249","4JJKLN3","VIHA-SJC-St. Joseph's Campus-Main Building-2nd Floor","Comox","Main Building","204","2","REQ0837363-RITM0879746-SCTASK1417473","03/31/2027","Operational","02/05/2026","","","General Rounding","Brian Injury Program","NTT-Deskside Services-NorthIsland-Local","Laptop","Dell LATITUDE 7420 V3",""
"LD085270","HSS-1041280","4J9XDK3","VIHA-CVHCC-Comox Valley Home & Community Care-Main Building-1st Floor","Courtenay","Main Building","Room 128","1","REQ0845045-RITM0887731-SCTASK1405210","03/31/2027","Operational","02/28/2025","","","General Rounding","Community Health Services (CHS)","NTT-Deskside Services-NorthIsland-Local","Laptop","Dell LATITUDE 7430 V1",""
"LD080521","HSS-1041958","214BLN3","VIHA-CCA_92-Courtenay Cliffe Avenue (#92)-Main Building-1st Floor","Courtenay","Main Building","19","1","REQ0851939-RITM0894975-SCTASK1484431","05/31/2027","Operational","08/06/2026","","","General Rounding","Mental Health & Addiction Services","NTT-Deskside Services-NorthIsland-Local","Laptop","Dell LATITUDE 7420 V3",""
"LD110009","HSS-1042076","C7RWDK3","VIHA-SJC-St. Joseph's Campus-Main Building-2nd Floor","Comox","Main Building","222","2","REQ0850126-RITM0893043-SCTASK1494005","05/31/2027","Operational","04/02/2026","","38 Wing","General Rounding","Nurse Intake","NTT-Deskside Services-NorthIsland-Local","Laptop","Dell LATITUDE 7430 V1",""
"PC125001","HSS-1042118","7GY4XP3","VIHA-CVH-Comox Valley Hospital-Main Building-3rd Floor","Courtenay","Main Building","CV3210","3","REQ0889504-RITM0935037-SCTASK1497199","01/31/2027","Operational","07/14/2026","DepartmentVGH Pediatric Cardiac Clinic
NamePC040875TRPwas7GY4XP3 Optiplex 7000 Micro
NamePC040875wasPC040875TRP
**LocationVIHA-CVH-Comox Valley HospitalwasNTT-Microserve-Warehouse-Victoria**
","","General Rounding","UBC Collaborations Rooms","NTT-Deskside Services-NorthIsland-Staffed","Desktop","Dell OPTIPLEX 7000 MICRO V1",""
"LD062926","HSS-1042149","HT94FK3","VIHA-CVH-Comox Valley Hospital-Main Building-3rd Floor","Courtenay","Main Building","UBC Collaborations Rooms","3","REQ0889740-RITM0935286-SCTASK1497884","05/31/2027","Operational","07/14/2026","","","General Rounding","UBC Collaborations Rooms","NTT-Deskside Services-NorthIsland-Staffed","Laptop","Dell LATITUDE 7430 V1",""
"LD062928","HSS-1042150","5DY3GK3","VIHA-CVH-Comox Valley Hospital-Main Building-3rd Floor","Courtenay","Main Building","CV3810","3","REQ0889733-RITM0935278-SCTASK1497889","05/31/2027","Operational","07/14/2026","","","General Rounding","UBC Collaborations Rooms","NTT-Deskside Services-NorthIsland-Staffed","Laptop","Dell LATITUDE 7430 V1",""
"LD062932","HSS-1042151","6TV4FK3","VIHA-CVH-Comox Valley Hospital-Main Building-3rd Floor","Courtenay","Main Building","CV3210","3","REQ0889735-RITM0935280-SCTASK1497893","05/31/2027","Operational","07/14/2026","","","General Rounding","UBC Collaborations Rooms","NTT-Deskside Services-NorthIsland-Staffed","Laptop","Dell LATITUDE 7430 V1",""
"LD062936","HSS-1042152","4CZ1GK3","VIHA-CVH-Comox Valley Hospital-Main Building-3rd Floor","Courtenay","Main Building","CV3810","3","REQ0889496-RITM0935029-SCTASK1497898","05/31/2027","Operational","07/14/2026","","","General Rounding","UBC Collaborations Rooms","NTT-Deskside Services-NorthIsland-Staffed","Laptop","Dell LATITUDE 7430 V1",""
"LD085459","HSS-1042256","9DH4FK3","VIHA-CVNC-Comox Valley Nursing Centre-Main Building-1st Floor","Courtenay","Main Building","Charting Room","1","REQ0892979-RITM0938727-SCTASK1514176","05/31/2027","Operational","01/27/2026","","","General Rounding","Nursing","NTT-Deskside Services-NorthIsland-Local","Laptop","Dell LATITUDE 7430 V1",""
"LD085454","HSS-1042264","64P4FK3","VIHA-CCA_92-Courtenay Cliffe Avenue (#92)-Main Building-1st Floor","Courtenay","Main Building","18","1","REQ0898964-RITM0945002-SCTASK1512659","05/31/2027","Operational","08/06/2026","","","General Rounding","Mental Health & Addiction Services","NTT-Deskside Services-NorthIsland-Local","Laptop","Dell LATITUDE 7430 V1",""
"LD085458","HSS-1042268","6FY6NN3","VIHA-CVNC-Comox Valley Nursing Centre-Main Building-1st Floor","Courtenay","Main Building","Exam Room 10","1","REQ0892974-RITM0938722-SCTASK1514156","05/31/2027","Operational","01/27/2026","","","General Rounding","Nursing","NTT-Deskside Services-NorthIsland-Local","Laptop","Dell LATITUDE 7420 V3",""
"LD085460","HSS-1042269","3ZC2NN3","VIHA-CVNC-Comox Valley Nursing Centre-Main Building-1st Floor","Courtenay","Main Building","Exam Room 9","1","REQ0892976- RITM0938724-SCTASK1514213","05/31/2027","Operational","01/27/2026","","","General Rounding","Nursing","NTT-Deskside Services-NorthIsland-Local","Laptop","Dell LATITUDE 7420 V3",""
"PC024425","HSS-1042271","J3Q4VH3","VIHA-CVH-Comox Valley Hospital-Main Building-2nd Floor","Courtenay","Main Building","Unknown","2","REQ0862595-RITM0906383-SCTASK1516967","06/30/2026","Operational","","","","General Rounding","'-","NTT-Deskside Services-NorthIsland-Staffed","Desktop","Dell OPTIPLEX 7090 MICRO V1",""
"LD125020","HSS-1042282","31SSQV3","VIHA-CVNC-Comox Valley Nursing Centre-Main Building-1st Floor","Courtenay","Main Building","Team Lead Office - Sign Out 1","1","REQ0912016-RITM0958758-SCTASK1524418","05/31/2027","Operational","06/13/2025","","","General Rounding","Nursing","NTT-Deskside Services-NorthIsland-Local","Laptop","Dell LATITUDE 7430 V1",""
"LD080580","HSS-1042366","HW9TQV3","VIHA-CCA_92-Courtenay Cliffe Avenue (#92)-Main Building-1st Floor","Courtenay","Main Building","18","1","REQ0898957-RITM0944995-SCTASK1504619","05/31/2027","Operational","08/06/2026","","","General Rounding","Mental Health & Addiction Services","NTT-Deskside Services-NorthIsland-Local","Laptop","Dell LATITUDE 7430 V1",""
"LD106961","HSS-1042463","FLLSQV3","VIHA-CVH-Comox Valley Hospital-Main Building-1st Floor","Courtenay","Main Building","CVH Remote Worker Inbox","1","REQ2085904-RITM2203705-SCTASK3545445","06/30/2027","Operational","","","","","COS Nursing Practice","NTT-Deskside Services-NorthIsland-Staffed","Laptop","Dell LATITUDE 7430 V1",""
"PC078319","HSS-1042555","BLL3KQ3","VIHA-CVH-Comox Valley Hospital-Main Building-1st Floor","Courtenay","Main Building","CV1864","1","REQ0927056-RITM0974674-SCTASK1556700","06/30/2027","Operational","07/23/2026","","","General Rounding","Medical Imaging","NTT-Deskside Services-NorthIsland-Staffed","Desktop","Dell OPTIPLEX 7000 MICRO V1",""
"LD063394","HSS-1042701","DVYSQV3","VIHA-CVH-Comox Valley Hospital-Main Building-1st Floor","Courtenay","Main Building","CV1171","1","REQ0934375-RITM0982457-SCTASK1588307","07/31/2026","Operational","06/11/2026","","","General Rounding","Rehabilitation Therapy","NTT-Deskside Services-NorthIsland-Staffed","Laptop","Dell LATITUDE 7430 V1",""
"LD125059","HSS-1042773","CS02JW3","VIHA-CVH-Comox Valley Hospital-Main Building-1st Floor","Courtenay","Main Building","CV1902","1","REQ0948809-RITM0997822-SCTASK1603628","07/31/2026","Operational","08/22/2025","","","General Rounding","Crisis Team","NTT-Deskside Services-NorthIsland-Staffed","Laptop","Dell LATITUDE 7430 V1",""
"PC080180","HSS-1043024","766LPR3","VIHA-CVH-Comox Valley Hospital-Main Building-1st Floor","Courtenay","Main Building","CV1886","1","REQ0984316-RITM1035467-SCTASK1657637","06/30/2027","Operational","07/23/2026","","","General Rounding","Medical Imaging","NTT-Deskside Services-NorthIsland-Staffed","Desktop","Dell OPTIPLEX 7000 MICRO V1",""
"LD063797","HSS-1043133","877Y4X3","VIHA-CVH-Comox Valley Hospital-Main Building-0th Floor","Courtenay","Main Building","CV0208 - WFH Sadie Quintal","0","REQ1004880-RITM1057094-SCTASK1689301","08/31/2027","Operational","07/20/2026","","","Excluded","Pharmacy","NTT-Deskside Services-NorthIsland-Staffed","Laptop","Dell LATITUDE 7430 V1",""
"PC078484","HSS-1043149","7VQVPR3","VIHA-CVHCC-Comox Valley Home & Community Care-Main Building-1st Floor","Courtenay","Main Building","111","1","REQ1002888-RITM1054998-SCTASK1691453","06/30/2027","Operational","07/23/2026","","","General Rounding","Mental Health","NTT-Deskside Services-NorthIsland-Local","Desktop","Dell OPTIPLEX 7000 MICRO V1",""
"LD063836","HSS-1043182","G9HZ4X3","VIHA-RHARF-Ryan Hill Apartments Residential Facility-Main Building-1st Floor","Courtenay","Main Building","114","1","REQ1002883-RITM1054993-SCTASK1696975","08/31/2027","Operational","08/02/2023","","","General Rounding","Mental Health & Addiction Services","NTT-Deskside Services-NorthIsland-Local","Laptop","Dell LATITUDE 7430 V1",""
"LD063841","HSS-1043197","F8VZ4X3","VIHA-CVH-Comox Valley Hospital-Main Building-0th Floor","Courtenay","Main Building","CV0620-WFH  Ashley Schumann","0","REQ1012453-RITM1065178-SCTASK1696981","08/31/2027","Operational","02/07/2024","","","Excluded","'-","NTT-Deskside Services-NorthIsland-Staffed","Laptop","Dell LATITUDE 7430 V1",""
"PC078527","HSS-1043320","2ZX1RN3","VIHA-CVH-Comox Valley Hospital-Main Building-0th Floor","Courtenay","Main Building","CV0208","0","REQ1004960-RITM1057176-SCTASK1707521","11/30/2026","Operational","08/14/2026","","Returned RITM1034302","General Rounding","Pharmacy","NTT-Deskside Services-NorthIsland-Staffed","Desktop","Dell OPTIPLEX 7000 MICRO V1",""
"PC078572","HSS-1043592","3Y9VPR3","VIHA-CVH-Comox Valley Hospital-Main Building-2nd Floor","Courtenay","Main Building","CV2141","2","REQ1044658-RITM1099262-SCTASK1752147","06/30/2027","Operational","08/07/2026","","","General Rounding","Maternity and Newborn Inpatient Unit","NTT-Deskside Services-NorthIsland-Staffed","Desktop","Dell OPTIPLEX 7000 MICRO V1",""
"LD064036","HSS-1043611","CSTP5X3","VIHA-CFA-Courtenay Fitzgerald Avenue-Main Building-1st Floor","Courtenay","Main Building","15","1","REQ1046489-RITM1101211-SCTASK1754757","09/30/2027","Operational","07/21/2026","","","General Rounding","Home Care Nursing","NTT-Deskside Services-NorthIsland-Local","Laptop","Dell LATITUDE 7430 V1",""
"LD073807","HSS-1043630","HXMG5X3","VIHA-CFA-Courtenay Fitzgerald Avenue-Main Building-1st Floor","Courtenay","Main Building","8","1","REQ1043436-RITM1097998-SCTASK1756882","09/30/2027","Operational","07/21/2026","","","General Rounding","Home Care Nursing","NTT-Deskside Services-NorthIsland-Local","Laptop","Dell LATITUDE 7430 V1",""
"LD073838","HSS-1043669","3XZ85X3","VIHA-CVH-Comox Valley Hospital-Main Building-0th Floor","Courtenay","Main Building","CV0620 - WFH Cameron Styles","0","REQ1038695-RITM1092967-SCTASK1765677","09/30/2027","Operational","","","","Excluded","","NTT-Deskside Services-NorthIsland-Staffed","Laptop","Dell LATITUDE 7430 V1",""
"LD064070","HSS-1043697","8NZ85X3","VIHA-CVCHC-Comox Valley Community Health Centre-Main Building-1st Floor","Courtenay","Main Building","WFH - Jenny Nijhoff","1","REQ1052831-RITM1107893-SCTASK1766408","09/30/2027","Operational","04/16/2025","","","Excluded","Public Health","NTT-Deskside Services-NorthIsland-Local","Laptop","Dell LATITUDE 7430 V1",""
"TD035060","HSS-1043797","61JQDY3","VIHA-CVH-Comox Valley Hospital","Courtenay","Main Building","WFH","WFH","REQ0956391-RITM1005898-SCTASK1604509","10/31/2027","Operational","04/18/2024","","","Excluded","WFH","NTT-Deskside Services-NorthIsland-Staffed","Tablet","DELL LATITUDE 9440 2-in-1 V1",""
"LD100672","HSS-1043825","G3FPGY3","VIHA-SJC-St. Joseph's Campus-Main Building-2nd Floor","Comox","Main Building","229","2","REQ1072244-RITM1128305-SCTASK1800467","10/31/2027","Operational","04/02/2026","","","General Rounding","MHA Process Support","NTT-Deskside Services-NorthIsland-Local","Laptop","DELL LATITUDE 7440 V2",""
"PC100143","HSS-1043945","BBYVPR3","VIHA-CVH-Comox Valley Hospital-Main Building-2nd Floor","Courtenay","Main Building","CV2722","2","REQ1078373-RITM1134876-SCTASK1822104","06/30/2027","Operational","03/27/2026","","","General Rounding","Surgical Services","NTT-Deskside Services-NorthIsland-Staffed","Desktop","Dell OPTIPLEX 7000 MICRO V1",""
"LD100676","HSS-1044029","2MMLBZ3","VIHA-SJC-St. Joseph's Campus-Main Building-3rd Floor","Comox","Main Building","324","3","REQ1086687-RITM1143812-SCTASK1835670","10/31/2027","Operational","04/02/2026","","","General Rounding","MHSU","NTT-Deskside Services-NorthIsland-Local","Laptop","DELL LATITUDE 7440 V2",""
"LD080811","HSS-1044040","1CNGDY3","VIHA-CVH-Comox Valley Hospital-Main Building-0th Floor","Courtenay","Main Building","CV0325 - Workstation 4","0","REQ1093295-RITM1150811-SCTASK1839328","10/31/2027","Operational","03/12/2026","","","General Rounding","Site Support and Business Services - WFH Amanda Cove Jajszczok","NTT-Deskside Services-NorthIsland-Staffed","Laptop","DELL LATITUDE 7440 V2",""
"LD080823","HSS-1044080","9SKZFY3","VIHA-SJC-St. Joseph's Campus-Main Building-2nd Floor","Comox","Main Building","222","2","REQ0850106-RITM0893018-SCTASK1844946","11/30/2027","Operational","04/02/2026","","","General Rounding","Nurse Intake","NTT-Deskside Services-NorthIsland-Local","Laptop","DELL LATITUDE 7440 V2",""
"LD100852","HSS-1044147","6WHYFY3","VIHA-SJC-St. Joseph's Campus-Main Building-3rd Floor","Comox","Main Building","322","3","REQ1106107-RITM1164120-SCTASK1861218","11/30/2027","Operational","04/02/2026","","","General Rounding","Care Sustainability","NTT-Deskside Services-NorthIsland-Local","Laptop","DELL LATITUDE 7440 V2",""
"LD100867","HSS-1044159","235YFY3","VIHA-CVH-Comox Valley Hospital-Main Building-1st Floor","Courtenay","Main Building","CV1505","1","REQ1103668-RITM1161560-SCTASK1864904","11/30/2027","Operational","07/17/2026","","","General Rounding","Indigenous Liaison Nurses","NTT-Deskside Services-NorthIsland-Staffed","Laptop","DELL LATITUDE 7440 V2",""
"LD064395","HSS-1044239","6YK0FY3","VIHA-CVNC-Comox Valley Nursing Centre-Main Building-1st Floor","Courtenay","Main Building","Team Leads (used offsite)","1","REQ1113391-RITM1171811-SCTASK1873417","11/30/2027","Operational","06/13/2025","","","General Rounding","Nursing","NTT-Deskside Services-NorthIsland-Local","Laptop","DELL LATITUDE 7440 V2",""
"LD064396","HSS-1044240","BXZGDY3","VIHA-CVNC-Comox Valley Nursing Centre-Main Building-1st Floor","Courtenay","Main Building","Team Leads (used offsite)","1","REQ1113401-RITM1171821-SCTASK1873433","11/30/2027","Operational","01/27/2026","","","General Rounding","Nursing","NTT-Deskside Services-NorthIsland-Local","Laptop","DELL LATITUDE 7440 V2",""
"LD064397","HSS-1044241","DVWZFY3","VIHA-CVNC-Comox Valley Nursing Centre-Main Building-1st Floor","Courtenay","Main Building","Team Leads (used offsite)","1","REQ1113388-RITM1171808-SCTASK1873513","11/30/2027","Operational","06/13/2025","","","General Rounding","Nursing","NTT-Deskside Services-NorthIsland-Local","Laptop","DELL LATITUDE 7440 V2",""
"LD064398","HSS-1044242","1ZKZFY3","VIHA-CVNC-Comox Valley Nursing Centre-Main Building-1st Floor","Courtenay","Main Building","Team Leads (used offsite)","1","REQ1113393-RITM1171813-SCTASK1873529","11/30/2027","Operational","01/27/2026","","","General Rounding","Nursing","NTT-Deskside Services-NorthIsland-Local","Laptop","DELL LATITUDE 7440 V2",""
"LD064399","HSS-1044243","77MRDY3","VIHA-CVNC-Comox Valley Nursing Centre-Main Building-1st Floor","Courtenay","Main Building","Team Leads (used offsite)","1","REQ1113381-RITM1171801-SCTASK1873534","11/30/2027","Operational","06/13/2025","","","General Rounding","Nursing","NTT-Deskside Services-NorthIsland-Local","Laptop","DELL LATITUDE 7440 V2",""
"LD064400","HSS-1044244","3TKZFY3","VIHA-CVNC-Comox Valley Nursing Centre-Main Building-1st Floor","Courtenay","Main Building","Team Leads (used offsite)","1","REQ1113394-RITM1171814-SCTASK1873550","11/30/2027","Operational","01/27/2026","","","General Rounding","Nursing","NTT-Deskside Services-NorthIsland-Local","Laptop","DELL LATITUDE 7440 V2",""
"LD064401","HSS-1044245","1CSQDY3","VIHA-CVNC-Comox Valley Nursing Centre-Main Building-1st Floor","Courtenay","Main Building","Team Leads (used offsite)","1","REQ1113385-RITM1171805-SCTASK1873558","11/30/2027","Operational","06/13/2025","","","General Rounding","Nursing","NTT-Deskside Services-NorthIsland-Local","Laptop","DELL LATITUDE 7440 V2",""
"LD064394","HSS-1044247","4YWJDY3","VIHA-CVNC-Comox Valley Nursing Centre-Main Building-1st Floor","Courtenay","Main Building","Team Leads (used offsite)","1","REQ1113397-RITM1171817-SCTASK1873400","11/30/2027","Operational","06/13/2025","","","General Rounding","Nursing","NTT-Deskside Services-NorthIsland-Local","Laptop","DELL LATITUDE 7440 V2",""
"LD064402","HSS-1044248","C27ZFY3","VIHA-CVHCC-Comox Valley Home & Community Care","Courtenay","Main","103","1","REQ1085306-RITM1142357-SCTASK1873579","11/30/2027","Operational","03/25/2024","","","General Rounding","Mental Health","NTT-Deskside Services-NorthIsland-Local","Laptop","DELL LATITUDE 7440 V2",""
"LD064403","HSS-1044249","FQDKDY3","VIHA-CVH-Comox Valley Hospital-Main Building-0th Floor","Courtenay","Main Building","CV0325","0","REQ1093292-RITM1150808-SCTASK1873684","11/30/2027","Operational","03/12/2026","","","General Rounding","Administration - WFH Shireen Lee","NTT-Deskside Services-NorthIsland-Staffed","Laptop","DELL LATITUDE 7440 V2",""
"LD064450","HSS-1044330","8HQKDY3","VIHA-CVNC-Comox Valley Nursing Centre-Main Building-1st Floor","Courtenay","Main Building","Team Leads (used offsite)","1","REQ1125016-RITM1184110-SCTASK1890913","11/30/2027","Operational","01/27/2026","","","General Rounding","Nursing","NTT-Deskside Services-NorthIsland-Local","Laptop","DELL LATITUDE 7440 V2",""
"LD064511","HSS-1044357","94CQGY3","VIHA-CVNC-Comox Valley Nursing Centre-Main Building-1st Floor","Courtenay","Main Building","Team Leads (used offsite)","1","REQ1125025-RITM1184119-SCTASK1896455","11/30/2027","Operational","06/13/2025","","","General Rounding","Nursing","NTT-Deskside Services-NorthIsland-Local","Laptop","DELL LATITUDE 7440 V2",""
"LD101003","HSS-1044376","F3XQGY3","VIHA-CVNC-Comox Valley Nursing Centre-Main Building-1st Floor","Courtenay","Main Building","HCC - Social Worker","1","REQ1125022-RITM1184116-SCTASK1900001","11/30/2027","Operational","01/27/2026","","","General Rounding","Nursing","NTT-Deskside Services-NorthIsland-Local","Laptop","DELL LATITUDE 7440 V2",""
"LD101004","HSS-1044377","3H1Q8Y3","VIHA-HIHC-Hornby Island Health Centre-Main Building-1st Floor","Hornby Island","Main Building","Lab Office","1","REQ1125018-RITM1184112-SCTASK1900019","11/30/2027","Operational","02/11/2025","","","General Rounding","Hornby Island Health Clinic","NTT-Deskside Services-NorthIsland-Remote","Laptop","DELL LATITUDE 7440 V2",""
"LD101005","HSS-1044378","21NRGY3","VIHA-CVNC-Comox Valley Nursing Centre-Main Building-1st Floor","Courtenay","Main Building","Team Leads","1","REQ1125020-RITM1184114-SCTASK1900502","11/30/2027","Operational","01/27/2026","","","General Rounding","Nursing","NTT-Deskside Services-NorthIsland-Local","Laptop","DELL LATITUDE 7440 V2",""
"LD064582","HSS-1044416","8D56SV3","VIHA-CVH-Comox Valley Hospital-Main Building-0th Floor","Courtenay","Main Building","CV0620","0","REQ1114676-RITM1173170-SCTASK1912931","12/31/2027","Operational","","SCTASK2702478 - Shiplink 27380 - Purolator 335178245817 - shipped to CVH.","WFH","Excluded","COV System Development","NTT-Deskside Services-NorthIsland-Staffed","Laptop","DELL LATITUDE 7440 V2","WFH"
"LD101091","HSS-1044511","80Z4SV3","VIHA-CVH-Comox Valley Hospital-Main Building-1st Floor","Courtenay","Main Building","CV1542","1","REQ1139585-RITM1199698-SCTASK1922762","12/31/2027","Operational","05/22/2026","","","General Rounding","Wellness Center","NTT-Deskside Services-NorthIsland-Staffed","Laptop","DELL LATITUDE 7440 V2",""
"LD064928","HSS-1044741","B0Q2QV3","VIHA-CVH-Comox Valley Hospital","Courtenay","Main Building","","","REQ1148475-RITM1209188-SCTASK1944027","12/31/2027","Operational","","Deployed as per SCTASK1956930 - Dec. 7, 2023. Roman Frank","","General Rounding","","NTT-Deskside Services-NorthIsland-Staffed","Laptop","DELL LATITUDE 7440 V2","Remote - work from home bundle delivered to client as per task."
"LD085683","HSS-1044791","23X1QV3","VIHA-SJC-St. Joseph's Campus-Main Building-2nd Floor","Comox","Main Building","208","2","REQ1158155-RITM1219463-SCTASK1950347","12/31/2027","Operational","04/02/2026","","","General Rounding","Geriatric Specialty Services","NTT-Deskside Services-NorthIsland-Local","Laptop","DELL LATITUDE 7440 V2",""
"LD101188","HSS-1044824","JW6JSV3","VIHA-CVH-Comox Valley Hospital-Main Building-4th Floor","Courtenay","Main Building","CV4044.1 - Sabina's office still in box (CRG)","4","REQ1158526-RITM1219865-SCTASK1956207","12/31/2027","Operational","07/17/2026","","","General Rounding","Psychiatric Inpatient Unit","NTT-Deskside Services-NorthIsland-Staffed","Laptop","DELL LATITUDE 7440 V2",""
"LD085693","HSS-1044828","CNTP5X3","VIHA-CVNC-Comox Valley Nursing Centre-Main Building-1st Floor","Courtenay","Main Building","Social Work/Clinical Nurse Lead Office","1","REQ1158037-RITM1219336-SCTASK1956602","12/31/2027","Operational","01/27/2026","","","General Rounding","Nursing","NTT-Deskside Services-NorthIsland-Local","Laptop","Dell LATITUDE 7430 V1",""
"LD101193","HSS-1044837","2J43QV3","VIHA-CVNC-Comox Valley Nursing Centre-Main Building-1st Floor","Courtenay","Main Building","Charting Room","1","REQ1158018-RITM1219317-SCTASK1958467","12/31/2027","Operational","01/27/2026","","","General Rounding","Nursing","NTT-Deskside Services-NorthIsland-Local","Laptop","DELL LATITUDE 7440 V2",""
"LD101192","HSS-1044838","7J43QV3","VIHA-CVH-Comox Valley Hospital-Main Building-4th Floor","Courtenay","Main Building","CV4044.1 - Sabina's office","4","REQ1158518-RITM1219857-SCTASK1958324","12/31/2027","Operational","07/17/2026","","","General Rounding","Psychiatric Inpatient Unit","NTT-Deskside Services-NorthIsland-Staffed","Laptop","DELL LATITUDE 7440 V2",""
"TD032605","HSS-1044845","J0DKFY3","VIHA-CVH-Comox Valley Hospital","Courtenay","Main Building","Psychiatry Inpatient Unit","4","REQ1158522-RITM1219861-SCTASK1959316","12/31/2027","Operational","","","","General Rounding","Psychiatry ","NTT-Deskside Services-NorthIsland-Staffed","Tablet","DELL LATITUDE 9440 2-in-1 V1",""
"LD085692","HSS-1044851","1T02JW3","VIHA-CVCHC-Comox Valley Community Health Centre-Main Building-1st Floor","Courtenay","Main Building","4 - WFH","1","REQ1154152-RITM1215185-SCTASK1956497","10/31/2027","Operational","04/16/2025","","","Excluded","Public Health","NTT-Deskside Services-NorthIsland-Local","Laptop","Dell LATITUDE 7430 V1",""
"LD085691","HSS-1044852","48G05X3","VIHA-CVNC-Comox Valley Nursing Centre-Main Building-1st Floor","Courtenay","Main Building","Charting Room","1","REQ1158016-RITM1219315-SCTASK1956466","11/30/2027","Operational","01/27/2026","","","General Rounding","Nursing","NTT-Deskside Services-NorthIsland-Local","Laptop","Dell LATITUDE 7430 V1",""
"LD080893","HSS-1044878","7B41SV3","VIHA-CCRHC-Courtenay Cumberland Road Health Unit-Main Building-1st Floor","Courtenay","Main Building","160","1","REQ1158141-RITM1219446-SCTASK1962023","01/31/2028","Operational","05/02/2024","","","General Rounding","Home Care Nursing","NTT-Deskside Services-NorthIsland-Local","Laptop","DELL LATITUDE 7440 V2",""
"LD101233","HSS-1044882","7M56SV3","VIHA-CVH-Comox Valley Hospital-Main Building-0th Floor","Courtenay","Main Building","CV0325","0","REQ1149738-RITM1210530-SCTASK1962038","01/31/2028","Operational","03/12/2026","","","General Rounding","Medical Director Emergency Medicine  - WFH Stefan Da Silva","NTT-Deskside Services-NorthIsland-Staffed","Laptop","DELL LATITUDE 7440 V2",""
"LD101265","HSS-1044892","2TH1TQ3","VIHA-CVNC-Comox Valley Nursing Centre-Main Building-1st Floor","Courtenay","Main Building","WFH Jessica Arnott","1","REQ1166094-RITM1227882-SCTASK1968366","09/30/2027","Operational","01/27/2026","","","Excluded","Nursing","NTT-Deskside Services-NorthIsland-Local","Laptop","Dell LATITUDE 7430 V2",""
"TD035097","HSS-1045001","7SXMSV3","VIHA-CVH-Comox Valley Hospital","Courtenay","Main Building","WFH","WFH","REQ1185598-RITM1248593-SCTASK1996935","01/31/2028","Operational","04/18/2024","","","Excluded","WFH","NTT-Deskside Services-NorthIsland-Staffed","Tablet","DELL LATITUDE 9440 2-in-1 V1",""
"LD067209","HSS-1045018","8G3ZFY3","VIHA-CVCHC-Comox Valley Community Health Centre-Main Building-1st Floor","Courtenay","Main Building","4","1","REQ1190782-RITM1254023-SCTASK2008876","02/29/2028","Operational","04/16/2025","","","General Rounding","Public Health","NTT-Deskside Services-NorthIsland-Local","Laptop","DELL LATITUDE 7440 V2",""
"LD090404","HSS-1045220","2TQ79W3","VIHA-CVNC-Comox Valley Nursing Centre-Main Building-1st Floor","Courtenay","Main Building","Exam Room 8","1","REQ1158028-RITM1219327-SCTASK2040481","02/29/2028","Operational","01/27/2026","","","General Rounding","Nursing","NTT-Deskside Services-NorthIsland-Local","Laptop","DELL LATITUDE 7440 V2",""
"LD101503","HSS-1045224","2VP99W3","VIHA-CVNC-Comox Valley Nursing Centre-Main Building-1st Floor","Courtenay","Main Building","Team Leads","1","REQ1209985-RITM1274479-SCTASK2040540","02/29/2028","Operational","04/22/2024","","","General Rounding","Nursing","NTT-Deskside Services-NorthIsland-Local","Laptop","DELL LATITUDE 7440 V2",""
"LD085779","HSS-1045239","9LW99W3","VIHA-CVNC-Comox Valley Nursing Centre-Main Building-1st Floor","Courtenay","Main Building","Team Leads","1","REQ1209993-RITM1274487-SCTASK2041501","02/29/2028","Operational","01/27/2026","","","General Rounding","Nursing","NTT-Deskside Services-NorthIsland-Local","Laptop","DELL LATITUDE 7440 V2",""
"LD085780","HSS-1045241","GMW99W3","VIHA-CCRHC-Courtenay Cumberland Road Health Unit-Main Building-1st Floor","Courtenay","Main Building","157","1","REQ1210328-RITM1274845-SCTASK2041531","02/29/2028","Operational","05/02/2024","","","General Rounding","Home Care Nursing","NTT-Deskside Services-NorthIsland-Local","Laptop","DELL LATITUDE 7440 V2",""
"LD085783","HSS-1045243","H9Z49W3","VIHA-CVNC-Comox Valley Nursing Centre-Main Building-1st Floor","Courtenay","Main Building","Team Leads","1","REQ1209991-RITM1274485-SCTASK2042054","02/29/2028","Operational","04/22/2024","","","General Rounding","Nursing","NTT-Deskside Services-NorthIsland-Local","Laptop","DELL LATITUDE 7440 V2",""
"LD090415","HSS-1045244","3M56SV3","VIHA-CVNC-Comox Valley Nursing Centre-Main Building-1st Floor","Courtenay","Main Building","Reception","1","REQ1209979-RITM1274473-SCTASK2042783","02/29/2028","Operational","04/22/2024","","","General Rounding","","NTT-Deskside Services-NorthIsland-Local","Laptop","DELL LATITUDE 7440 V2",""
"LD090417","HSS-1045245","B591SV3","VIHA-CVNC-Comox Valley Nursing Centre-Main Building-1st Floor","Courtenay","Main Building","Team Leads (used offsite)","1","REQ1209983-RITM1274477-SCTASK2043079","02/29/2028","Operational","06/13/2025","","","General Rounding","Nursing","NTT-Deskside Services-NorthIsland-Local","Laptop","DELL LATITUDE 7440 V2",""
"LD085800","HSS-1045318","6G6B9W3","VIHA-CHU-Coastal Health Unit-Main Building-1st Floor","Courtenay","Main Building","Reception","1","REQ1215317-RITM1280218-SCTASK2056342","02/29/2028","Operational","07/21/2026","","","General Rounding","Environmental Health","NTT-Deskside Services-NorthIsland-Local","Laptop","DELL LATITUDE 7440 V2",""
"LD067411","HSS-1045326","CVQ79W3","VIHA-CVH-Comox Valley Hospital-Main Building-0th Floor","Courtenay","Main Building","CV0949","0","REQ1221360-RITM1286601-SCTASK2060567","02/29/2028","Operational","08/14/2026","","","General Rounding","Porter Service","NTT-Deskside Services-NorthIsland-Staffed","Laptop","DELL LATITUDE 7440 V2",""
"PC079168","HSS-1045407","1Q6SG04","VIHA-RHARF-Ryan Hill Apartments Residential Facility-Main Building-1st Floor","Courtenay","Ryan Hill Apartments","214","2","REQ1221489-RITM1286739-SCTASK2069693","03/31/2028","Operational","02/23/2024","","","General Rounding","Mental Health and Substance Abuse","NTT-Deskside Services-NorthIsland-Local","Desktop","Dell OptiPlex Micro Plus 7010 V2",""
"PC100340","HSS-1045540","G1XDC14","VIHA-CVH-Comox Valley Hospital-Main Building-1st Floor","Courtenay","Main Building","CV1300","1","REQ1216519-RITM1281509-SCTASK2059662","03/31/2029","Operational","05/07/2026","","","General Rounding","Triage - Patient Wait List","NTT-Deskside Services-NorthIsland-Staffed","Thin Client","DELL OPTIPLEX 3000 THIN CLIENT V3",""
"LD080914","HSS-1045551","4P169W3","VIHA-SJC-St. Joseph's Campus-Main Building-2nd Floor","Comox","Main Building","228","2","REQ1238886-RITM1305467-SCTASK2089786","03/31/2028","Operational","02/05/2026","","","General Rounding","WFH - Ashley Harrill","NTT-Deskside Services-NorthIsland-Local","Laptop","DELL LATITUDE 7440 V2",""
"PC085289","HSS-1045608","HVH4X04","VIHA-CVH-Comox Valley Hospital-Main Building-3rd Floor","Courtenay","Main Building","CV3804","3","REQ1226094-RITM1291768-SCTASK2100049","03/31/2028","Operational","07/15/2026","","","General Rounding","General Medical / Surgical Inpatient Unit","NTT-Deskside Services-NorthIsland-Staffed","Desktop","Dell OptiPlex Micro Plus 7010 V2",""
"PC090197","HSS-1045628","4C94X04","VIHA-CVH-Comox Valley Hospital-Main Building-1st Floor","Courtenay","Main Building","CV1853","1","REQ1250954-RITM1318488-SCTASK2120873","03/31/2028","Operational","07/23/2026","","","General Rounding","Medical Imaging","NTT-Deskside Services-NorthIsland-Staffed","Desktop","Dell OptiPlex Micro Plus 7010 V2",""
"LD101766","HSS-1045802","8ZDXCW3","VIHA-CVH-Comox Valley Hospital-Main Building-0th Floor","Courtenay","Main Building","CV0308","0","REQ1248760-RITM1316152-SCTASK2113035","04/30/2028","Operational","","","","General Rounding","","NTT-Deskside Services-NorthIsland-Staffed","Laptop","Dell LATITUDE 7440 V7",""
"LD085929","HSS-1045880","HWRXCW3","VIHA-NICYF-North Island Child, Youth & Family-Main Building","Courtenay","Main Building","Audiology - Lab","1","REQ1250353-RITM1317840-SCTASK2117764","04/30/2028","Operational","11/20/2025","","","General Rounding","PHN Regional Audiology","NTT-Deskside Services-NorthIsland-Local","Laptop","Dell LATITUDE 7440 V7",""
"LD067557","HSS-1045882","50SXCW3","VIHA-CVHCC-Comox Valley Home & Community Care-Main Building-1st Floor","Courtenay","Main Building","160","1","REQ1256561-RITM1324450-SCTASK2119883","04/30/2028","Operational","04/16/2025","","","General Rounding","Melanie Box - WFH","NTT-Deskside Services-NorthIsland-Local","Laptop","Dell LATITUDE 7440 V7",""
"LD085962","HSS-1045957","1070DW3","VIHA-CVNC-Comox Valley Nursing Centre-Main Building-1st Floor","Courtenay","Main Building","Exam Room 7","1","REQ1257199-RITM1325172-SCTASK2130269","04/30/2028","Operational","01/27/2026","","","General Rounding","Nursing","NTT-Deskside Services-NorthIsland-Local","Laptop","Dell LATITUDE 7440 V7",""
"LD101819","HSS-1045958","5FJ0DW3","VIHA-CVH-Comox Valley Hospital-Main Building-2nd Floor","Courtenay","Main Building","CV2402","2","REQ1245232-RITM1312291-SCTASK2129631","04/30/2028","Operational","07/10/2026","","","General Rounding","Surgical Services","NTT-Deskside Services-NorthIsland-Staffed","Laptop","Dell LATITUDE 7440 V7",""
"LD101839","HSS-1046039","2Z1QCW3","VIHA-CVH-Comox Valley Hospital","Courtenay","Main Building","Echo Department","1","REQ1263741-RITM1332311-SCTASK2135682","04/30/2028","Operational","","","","General Rounding","","NTT-Deskside Services-NorthIsland-Staffed","Laptop","Dell LATITUDE 7440 V7",""
"LD067619","HSS-1046070","G3BVCW3","VIHA-CVH-Comox Valley Hospital-Main Building-0th Floor","Courtenay","Main Building","CV0325","0","REQ1271399-RITM1340518-SCTASK2145756","04/30/2028","Operational","","","","Excluded","","NTT-Deskside Services-NorthIsland-Staffed","Laptop","Dell LATITUDE 7440 V7",""
"LD067695","HSS-1046271","8ZVQCW3","VIHA-CVH-Comox Valley Hospital-Main Building-1st Floor","Courtenay","Main Building","CV1472","1","REQ1293591-RITM1364158-SCTASK2185439","05/31/2028","Operational","","","","General Rounding","HIM","NTT-Deskside Services-NorthIsland-Staffed","Laptop","Dell LATITUDE 7440 V7",""
"LD101444","HSS-1046466","64LHVW3","VIHA-CVHCC-Comox Valley Home & Community Care-Main Building-1st Floor","Courtenay","Main Building","Reception","1","REQ1292321-RITM1362753-SCTASK2185064","05/31/2028","Operational","02/28/2025","","","General Rounding","CHS","NTT-Deskside Services-NorthIsland-Local","Laptop","Dell LATITUDE 7440 V7",""
"LD067696","HSS-1046487","41LHVW3","VIHA-CVHCC-Comox Valley Home & Community Care-Main Building-1st Floor","Courtenay","Main Building","Trista Galbraith - WFH","1","REQ1288359-RITM1358534-SCTASK2185441","05/31/2028","Operational","05/23/2025","","","Excluded","PPH Information Systems","NTT-Deskside Services-NorthIsland-Local","Laptop","Dell LATITUDE 7440 V7",""
"LD108240","HSS-1046647","6Z81DW3","VIHA-CVH-Comox Valley Hospital","Courtenay","Main Building","CV0202","0","REQ2248611-RITM2376037-SCTASK3801950","06/30/2028","Operational","08/11/2026","","","General Rounding","Pharmacy","NTT-Deskside Services-NorthIsland-Staffed","Laptop","Dell LATITUDE 7440 V7",""
"PC090255","HSS-1046654","BJQ6724","VIHA-CVH-Comox Valley Hospital-Main Building-1st Floor","Courtenay","Main Building","CV1722","1","REQ1321865-RITM1394092-SCTASK2236833","06/30/2028","Operational","07/27/2026","","","General Rounding","Heart and Lung","NTT-Deskside Services-NorthIsland-Staffed","Desktop","Dell OptiPlex Micro Plus 7010 V2",""
"LD102172","HSS-1046720","4X10DW3","VIHA-CVH-Comox Valley Hospital-Main Building-1st Floor","Courtenay","Main Building","CV1925 - WFH STrockstad","1","REQ1316136-RITM1388003-SCTASK2235027","06/30/2028","Operational","07/28/2026","","","Excluded","Emergency Department","NTT-Deskside Services-NorthIsland-Staffed","Laptop","Dell LATITUDE 7440 V7",""
"LD086120","HSS-1046734","DS2QCW3","VIHA-CVH-Comox Valley Hospital-Main Building-0th Floor","Courtenay","Main Building","CV0325","0","REQ1311477-RITM1383081-SCTASK2243381","06/30/2028","Operational","03/12/2026","","","General Rounding","Administration - WFH Megan Holmes","NTT-Deskside Services-NorthIsland-Staffed","Laptop","Dell LATITUDE 7440 V7",""
"LD086134","HSS-1046813","JMFQCW3","VIHA-CVNC-Comox Valley Nursing Centre-Main Building-1st Floor","Courtenay","Main Building","Exam Rm 11","1","REQ1333242-RITM1406079-SCTASK2254309","06/30/2028","Operational","01/27/2026","","","General Rounding","Nursing","NTT-Deskside Services-NorthIsland-Local","Laptop","Dell LATITUDE 7440 V7",""
"LD067889","HSS-1046888","2ZXRCW3","VIHA-CVH-Comox Valley Hospital-Main Building-0th Floor","Courtenay","Main Building","CV0620 WFH","0","REQ1339922-RITM1413138-SCTASK2264653","06/30/2028","Operational","","","","Excluded","WFH","NTT-Deskside Services-NorthIsland-Staffed","Laptop","Dell LATITUDE 7440 V7",""
"PC079310","HSS-1046932","5TW5724","VIHA-CVH-Comox Valley Hospital-Main Building-2nd Floor","Courtenay","Main Building","CV2707 (OR Core)","2","REQ1316592-RITM1388477-SCTASK2264956","06/30/2028","Operational","12/12/2025","","","General Rounding","Surgical Services","NTT-Deskside Services-NorthIsland-Staffed","Desktop","Dell OptiPlex Micro Plus 7010 V2",""
"LD086200","HSS-1047124","DVQPCW3","VIHA-SJC-St. Joseph's Campus-Main Building-2nd Floor","Comox","Main Building","218","2","REQ1359668-RITM1434144-SCTASK2302045","07/31/2028","Operational","04/02/2026","","","General Rounding","WFH - Megan Schulz","NTT-Deskside Services-NorthIsland-Local","Laptop","Dell LATITUDE 7440 V7",""
"LD086201","HSS-1047125","4Q6VCW3","VIHA-SJC-St. Joseph's Campus-Main Building-2nd Floor","Comox","Main Building","218","2","REQ1359669-RITM1434145-SCTASK2302071","07/31/2028","Operational","04/02/2026","","","General Rounding","WFH - Shaunna Downey","NTT-Deskside Services-NorthIsland-Local","Laptop","Dell LATITUDE 7440 V7",""
"LD090967","HSS-1047136","1GSQCW3","VIHA-CCRHC-Courtenay Cumberland Road Health Unit-Main Building-1st Floor","Courtenay","Main Building ","154","1","REQ1365255-RITM1440052-SCTASK2310761","07/31/2028","Operational","","Replacement laptop for LD031258.  REQ1365255/RITM1440052 - In-house TRP to replace asset reported in INC3183525","","General Rounding","Home Care Nursing","NTT-Deskside Services-NorthIsland-Local","Laptop","Dell LATITUDE 7440 V7",""
"LD068023","HSS-1047210","F5MQCW3","VIHA-CVCHC-Comox Valley Community Health Centre-Main Building-1st Floor","Courtenay","Main Building","WFH - Wendy Gibson","1","REQ1371593-RITM1446711-SCTASK2321761","07/31/2028","Operational","04/16/2025","","","Excluded","Public Health","NTT-Deskside Services-NorthIsland-Local","Laptop","Dell LATITUDE 7440 V7",""
"PC079722","HSS-1047287","1JQ3724","VIHA-CVH-Comox Valley Hospital-Main Building-1st Floor","Courtenay","Main Building","CV1146","1","REQ1372714-RITM1447888-SCTASK2348583","09/30/2028","Operational","06/11/2026","","","General Rounding","Rehabilitation Therapy","NTT-Deskside Services-NorthIsland-Staffed","Desktop","Dell OptiPlex Micro Plus 7010 V2",""
"PC079740","HSS-1047325","6MH5724","VIHA-CVH-Comox Valley Hospital-Main Building-1st Floor","Courtenay","Main Building","CV1173","1","REQ1372709-RITM1447883-SCTASK2351784","09/30/2028","Operational","06/11/2026","","","General Rounding","Speech Therapy","NTT-Deskside Services-NorthIsland-Staffed","Desktop","Dell OptiPlex Micro Plus 7010 V2",""
"LD086267","HSS-1047386","4VTSCW3","VIHA-CFA-Courtenay Fitzgerald Avenue","Courtenay","Main Building","F11","1","REQ1382858-RITM1458653-SCTASK2368183","09/30/2028","Operational","","","","General Rounding","Community Health Services","NTT-Deskside Services-NorthIsland-Local","Laptop","Dell LATITUDE 7440 V7",""
"LD102569","HSS-1047415","6Q5TCW3","VIHA-CVH-Comox Valley Hospital-Main Building-0th Floor","Courtenay","Main Building ","CV0620 - WFH Marietta Bippes","0","REQ1403032-RITM1480082-SCTASK2377943","09/30/2028","Operational","","RITM1480082 - Shiplink 22617 - shipped to CVH.","","Excluded","","NTT-Deskside Services-NorthIsland-Staffed","Laptop","Dell LATITUDE 7440 V7",""
"LD068216","HSS-1047456","5P5TCW3","VIHA-SJC-St. Joseph's Campus-Main Building-2nd Floor","Comox","Main Building","212","2","REQ1406355-RITM1483554-SCTASK2383474","01/31/2029","Operational","04/02/2026","","","General Rounding","Geriatric Specialty Services","NTT-Deskside Services-NorthIsland-Local","Laptop","Dell LATITUDE 7440 V7",""
"LD068243","HSS-1047463","CFHSCW3","VIHA-CVH-Comox Valley Hospital-Main Building-0th Floor","Courtenay","Main Building","CV0620","0","REQ1410327-RITM1487723-SCTASK2386452","01/31/2029","Operational","","","","Excluded","","NTT-Deskside Services-NorthIsland-Staffed","Laptop","Dell LATITUDE 7440 V7","WFH Bundle"
"1MQBK44","HSS-1047564","1MQBK44","VIHA-CVH-Comox Valley Hospital-Main Building-4th Floor","Courtenay","Main Building","CV4927","4","REQ1399939-RITM1476830-SCTASK2382162","08/31/2029","Operational","","","","","Psychiatric Inpatient Unit","NTT-Deskside Services-NorthIsland-Staffed","Thin Client","DELL OPTIPLEX 3000 THIN CLIENT V3",""
"3MQBK44","HSS-1047565","3MQBK44","VIHA-CVH-Comox Valley Hospital-Main Building-4th Floor","Courtenay","Main Building","CV4731","4","REQ1399939-RITM1476830-SCTASK2382162","08/31/2029","Operational","","Requested by DI tech Adam to update location to CV4731 Psychiatry. 
Cerner Whiteboard ","","General Rounding","Psychiatric Inpatient Unit","NTT-Deskside Services-NorthIsland-Staffed","Thin Client","DELL OPTIPLEX 3000 THIN CLIENT V3",""
"PC079763","HSS-1047646","715S144","VIHA-CVH-Comox Valley Hospital-Main Building-0th Floor","Courtenay","Main Building","CV620 WFH","0","REQ1417174-RITM1495035-SCTASK2399474","09/30/2028","Operational","","","","Excluded","","NTT-Deskside Services-NorthIsland-Staffed","Desktop","Dell OptiPlex Tower Plus 7020 V1",""
"LD068495","HSS-1047890","BKGHVW3","VIHA-CVH-Comox Valley Hospital","Courtenay","Main Building","Admin","","REQ1455280-RITM1535329-SCTASK2467361","10/31/2028","Operational","","","","General Rounding","","NTT-Deskside Services-NorthIsland-Staffed","Laptop","Dell LATITUDE 7440 V7",""
"LD068501","HSS-1047895","89KTQW3","VIHA-CVH-Comox Valley Hospital-Main Building-0th Floor","Courtenay","Main Building","Admin","0","REQ1455304-RITM1535353-SCTASK2467367","10/31/2028","Operational","","","","","VGH Med South & Social Work","NTT-Deskside Services-NorthIsland-Staffed","Laptop","Dell LATITUDE 7440 V7",""
"LD081069","HSS-1047950","J7LHVW3","VIHA-CVCHC-Comox Valley Community Health Centre","Courtenay","Main Building","Anna's Office","1","REQ1457915-RITM1538063-SCTASK2474494","10/31/2028","Operational","","","","Excluded","","NTT-Deskside Services-NorthIsland-Local","Laptop","Dell LATITUDE 7440 V7",""
"LD068513","HSS-1047959","C7LHVW3","VIHA-CVH-Comox Valley Hospital-Main Building-0th Floor","Courtenay","Main Building","Admin","0","REQ1461315-RITM1541650-SCTASK2475076","10/31/2028","Operational","","02Oct2024 - RITM1541650  - Shipped from CRG to CVH  
Purolator 334958334982
Shiplink 24384 ","","Excluded","","NTT-Deskside Services-NorthIsland-Staffed","Laptop","Dell LATITUDE 7440 V7",""
"LD068536","HSS-1048050","G61TQW3","VIHA-CCA-Courtenay Cliffe Avenue-Main Building-1st Floor","Courtenay","Main Building","C110","1","REQ1469681-RITM1550537-SCTASK2493323","10/31/2028","Operational","07/24/2026","","","General Rounding","home care","NTT-Deskside Services-NorthIsland-Local","Laptop","Dell LATITUDE 7440 V7",""
"LD091363","HSS-1048077","GCRHVW3","VIHA-SJC-St. Joseph's Campus-Main Building-2nd Floor","Comox","Main Building","218","2","REQ1474888-RITM1556086-SCTASK2500631","10/31/2028","Operational","02/05/2026","","","General Rounding","WFH - Tara Mcastocker","NTT-Deskside Services-NorthIsland-Local","Laptop","Dell LATITUDE 7440 V7",""
"LD091365","HSS-1048084","F9LHVW3","VIHA-SJC-St. Joseph's Campus-Main Building-2nd Floor","Comox","Main Building","218","2","REQ1474886-RITM1556084-SCTASK2500727","10/31/2028","Operational","04/02/2026","","","General Rounding","WFH - Jennifer Lawless","NTT-Deskside Services-NorthIsland-Local","Laptop","Dell LATITUDE 7440 V7",""
"LD068549","HSS-1048124","6X2SCW3","VIHA-CHC-Cumberland Health Centre-Main Building-1st Floor","Cumberland","Main Building","Recreation Office","1","REQ1479082-RITM1560555-SCTASK2509098","10/31/2028","Operational","03/19/2026","","","General Rounding","Occupational Therapy","NTT-Deskside Services-NorthIsland-Local","Laptop","Dell LATITUDE 7440 V7",""
"LD068548","HSS-1048125","1S2QCW3","VIHA-CHC-Cumberland Health Centre-Main Building-1st Floor","Cumberland","Main Building","Therapy Office","1","REQ1479064-RITM1560537-SCTASK2509097","09/30/2028","Operational","03/19/2026","","","General Rounding","Professional Practice Team D","NTT-Deskside Services-NorthIsland-Local","Laptop","Dell LATITUDE 7440 V7",""
"LD086381","HSS-1048127","43HSCW3","VIHA-CVH-Comox Valley Hospital-Main Building-1st Floor","Courtenay","Main Building","CV1509","1","REQ1478877-RITM1560342-SCTASK2510794","09/30/2028","Operational","07/17/2026","","","General Rounding","Indigenous Health","NTT-Deskside Services-NorthIsland-Staffed","Laptop","Dell LATITUDE 7440 V7",""
"LD086390","HSS-1048163","20VWVH3","VIHA-CVH-Comox Valley Hospital-Main Building-2nd Floor","Courtenay","Main Building","CV2724","2","REQ1483821-RITM1565528-SCTASK2516617","10/31/2028","Operational","12/12/2025","","","General Rounding","Surgical Services","NTT-Deskside Services-NorthIsland-Staffed","Laptop","Dell LATITUDE 7450 V4",""
"LD091483","HSS-1048229","2FNWVH3","VIHA-CCA-Courtenay Cliffe Avenue","Courtenay","Main Building","ERGOTON STORAGE CART IN BASEMENT","0","REQ1501021-RITM1583634-SCTASK2549475","10/31/2028","Operational","01/29/2026","","","General Rounding","CRG Physiotherapy","NTT-Deskside Services-NorthIsland-Local","Laptop","Dell LATITUDE 7450 V4",""
"LD024373","HSS-1048233","JCHWVH3","VIHA-CVH-Comox Valley Hospital-Main Building-1st Floor","Courtenay","Main Building","1411","1","REQ1499645-RITM1582179-SCTASK2550095","10/31/2028","Operational","","","","General Rounding","Foundation","NTT-Deskside Services-NorthIsland-Staffed","Laptop","Dell LATITUDE 7450 V4",""
"PC090420","HSS-1048257","3DP6D14","VIHA-CVH-Comox Valley Hospital-Main Building-1st Floor","Courtenay","Main Building","CV1633","1","REQ1505904-RITM1588738-SCTASK2552483","10/31/2028","Operational","07/28/2026","","","General Rounding","Emergency Department","NTT-Deskside Services-NorthIsland-Staffed","Desktop","Dell OptiPlex Micro Plus 7010 V2",""
"LD103042","HSS-1048324","CDM3WH3","VIHA-CVCHC-Comox Valley Community Health Centre","Courtenay","Home Support Building","WFH - Kyla Toomer","1","REQ1516837-RITM1600182-SCTASK2568672","11/30/2028","Operational","","","","Excluded","","NTT-Deskside Services-NorthIsland-Local","Laptop","Dell LATITUDE 7450 V4",""
"PC079955","HSS-1048329","7GJJZ44","VIHA-CVH-Comox Valley Hospital-Main Building-1st Floor","Courtenay","Main Building","CV1633","1","REQ1517825-RITM1601217-SCTASK2571341","11/30/2028","Operational","07/17/2026","","","General Rounding","Emergency Department","NTT-Deskside Services-NorthIsland-Staffed","Desktop","Dell OptiPlex Micro Plus 7020 V1",""
"PC079956","HSS-1048331","CGJJZ44","VIHA-CVH-Comox Valley Hospital-Main Building-1st Floor","Courtenay","Main Building","CV1633","1","REQ1517871-RITM1601264-SCTASK2571342","11/30/2028","Operational","07/28/2026","","","General Rounding","Emergency Department","NTT-Deskside Services-NorthIsland-Staffed","Desktop","Dell OptiPlex Micro Plus 7020 V1",""
"PC079953","HSS-1048336","JDJJZ44","VIHA-CVH-Comox Valley Hospital-Main Building-1st Floor","Courtenay","Main Building","CV1633","1","REQ1517817-RITM1601209-SCTASK2571338","11/30/2028","Operational","07/28/2026","","","General Rounding","Emergency Department","NTT-Deskside Services-NorthIsland-Staffed","Desktop","Dell OptiPlex Micro Plus 7020 V1",""
"PC079954","HSS-1048337","2DJJZ44","VIHA-CVH-Comox Valley Hospital-Main Building-1st Floor","Courtenay","Main Building","CV1633","1","REQ1517817-RITM1601209-SCTASK2571338","11/30/2028","Operational","07/17/2026","","","General Rounding","Emergency Department","NTT-Deskside Services-NorthIsland-Staffed","Desktop","Dell OptiPlex Micro Plus 7020 V1",""
"PC079952","HSS-1048367","DKX4L44","VIHA-CVH-Comox Valley Hospital-Main Building-1st Floor","Courtenay","Main Building","CV1633","1","REQ1517839-RITM1601231-SCTASK2571330","11/30/2028","Operational","06/25/2026","","","General Rounding","Emergency Department","NTT-Deskside Services-NorthIsland-Staffed","Desktop","Dell OptiPlex Micro Plus 7020 V1",""
"LD091558","HSS-1048384","9BHPDY3","VIHA-CVH-Comox Valley Hospital-Main Building-2nd Floor","Courtenay","Main Building","CV2951","2","REQ1517717-RITM1601102-SCTASK2581623","12/31/2028","Operational","07/10/2026","","","General Rounding","Pathology","NTT-Deskside Services-NorthIsland-Staffed","Laptop","DELL LATITUDE 7440 V5",""
"LD086467","HSS-1048439","8TK2WH3","VIHA-CVNC-Comox Valley Nursing Centre-Main Building-1st Floor","Courtenay","Main Building","WFH - Carmen Brown","1","REQ1528578-RITM1612611-SCTASK2589941","12/31/2028","Operational","01/27/2026","","","Excluded","Nursing","NTT-Deskside Services-NorthIsland-Local","Laptop","Dell LATITUDE 7450 V4",""
"LD081185","HSS-1048511","BQK2WH3","VIHA-CFA-Courtenay Fitzgerald Avenue-Main Building-1st Floor","Courtenay","Main Building","11","1","REQ1535243-RITM1619726-SCTASK2603822","12/31/2028","Operational","07/21/2026","","","General Rounding","Schedulers Onsite/WFH","NTT-Deskside Services-NorthIsland-Local","Laptop","Dell LATITUDE 7450 V4",""
"LD081186","HSS-1048514","2WK2WH3","VIHA-CVH-Comox Valley Hospital-Main Building-0th Floor","Courtenay","Main Building","CV0314","0","REQ1535255-RITM1619738-SCTASK2603888","12/31/2028","Operational","03/12/2026","","","General Rounding","Community Liasion Nurses","NTT-Deskside Services-NorthIsland-Staffed","Laptop","Dell LATITUDE 7450 V4",""
"LD104057","HSS-1048517","JDD2WH3","VIHA-CCRHC-Courtenay Cumberland Road Health Unit-Main Building-1st Floor","Courtenay","Main Building","156","1","REQ1535675-RITM1620178-SCTASK2602582","12/31/2028","Operational","","","","General Rounding","Scheduler Onsite/WFH","NTT-Deskside Services-NorthIsland-Local","Laptop","Dell LATITUDE 7450 V4",""
"LD093033","HSS-1048608","5RX2WH3","VIHA-CFA-Courtenay Fitzgerald Avenue-Main Building-1st Floor","Courtenay","Main Building","12","1","REQ1538358-RITM1622969-SCTASK2611097","12/31/2028","Operational","07/21/2026","","","General Rounding","Community Liaison","NTT-Deskside Services-NorthIsland-Local","Laptop","Dell LATITUDE 7450 V4",""
"LD093079","HSS-1048808","16HWVH3","VIHA-HIHC-Hornby Island Health Centre-Main Building-1st Floor","Hornby Island","Main Building","Lab Office","1","REQ1558159-RITM1643989-SCTASK2637234","12/31/2028","Operational","02/11/2025","","","General Rounding","Hornby Island Health Clinic","NTT-Deskside Services-NorthIsland-Remote","Laptop","Dell LATITUDE 7450 V4",""
"LD104220","HSS-1049124","24FHVW3","VIHA-CVNC-Comox Valley Nursing Centre-Main Building-1st Floor","Courtenay","Main Building","Reception - new admin desk","1","REQ1573026-RITM1659725-SCTASK2669785","01/31/2029","Operational","01/27/2026","","","General Rounding","Nursing","NTT-Deskside Services-NorthIsland-Local","Laptop","Dell LATITUDE 7440 V7",""
"LD104219","HSS-1049125","7SZWVH3","VIHA-CFA-Courtenay Fitzgerald Avenue-Main Building-1st Floor","Courtenay","Main Building","12","1","REQ1575368-RITM1662209-SCTASK2669779","12/31/2028","Operational","07/21/2026","","","General Rounding","Community Health Support","NTT-Deskside Services-NorthIsland-Local","Laptop","Dell LATITUDE 7450 V4",""
"LD104215","HSS-1049394","HQS3WH3","VIHA-CVH-Comox Valley Hospital-Main Building-2nd Floor","Courtenay","Main Building","CV2422","2","REQ1593739-RITM1681597-SCTASK2709432","12/31/2028","Operational","07/10/2026","","","General Rounding","Surgical Services","NTT-Deskside Services-NorthIsland-Staffed","Laptop","Dell LATITUDE 7450 V4",""
"LD091700","HSS-1049433","HVD2WH3","VIHA-CVH-Comox Valley Hospital-Main Building-1st Floor","Courtenay","Main Building","CV1858","1","REQ1608610-RITM1697325-SCTASK2727818","12/31/2028","Operational","","","","Excluded","","NTT-Deskside Services-NorthIsland-Staffed","Laptop","Dell LATITUDE 7450 V4","WFH Bundle"
"PC085443","HSS-1049558","7CJJZ44","VIHA-CVH-Comox Valley Hospital-Main Building-2nd Floor","Courtenay","Main Building","CV2912","2","REQ1555125-RITM1640799-SCTASK2723219","01/31/2029","Operational","08/12/2026","","","General Rounding","Histology","NTT-Deskside Services-NorthIsland-Staffed","Desktop","Dell OptiPlex Micro Plus 7020 V1",""
"PC106605","HSS-1049570","6FJJZ44","VIHA-CVH-Comox Valley Hospital-Main Building-1st Floor","Courtenay","Main Building","CV1705","1","REQ1562077-RITM1648192-SCTASK2733155","01/31/2029","Operational","07/27/2026","","","General Rounding","Heart and Lung","NTT-Deskside Services-NorthIsland-Staffed","Desktop","Dell OptiPlex Micro Plus 7020 V1",""
"LD104456","HSS-1049817","2GH4WH3","VIHA-CVH-Comox Valley Hospital-Main Building-4th Floor","Courtenay","Main Building","CV4211","4","REQ1629961-RITM1720024-SCTASK2761216","12/31/2028","Operational","12/30/2025","","","General Rounding","Transitional Care Unit","NTT-Deskside Services-NorthIsland-Staffed","Laptop","Dell LATITUDE 7450 V4",""
"LD091860","HSS-1110961","HP6VCW3","VIHA-CFA-Courtenay Fitzgerald Avenue","Courtenay","200 - 635 Fitzgerald Ave","Room 7","2","REQ1723252-RITM1818645-SCTASK2927473","09/30/2028","Operational","","","","General Rounding","","NTT-Deskside Services-NorthIsland-Local","Laptop","Dell LATITUDE 7440 V7",""
"PC080344","HSS-1111085","54RCQ54","VIHA-CHC-Cumberland Health Centre-Main Building-1st Floor","Cumberland","Main Building","Pharmacy area","1","REQ1734912-RITM1830870-SCTASK2948324","03/31/2029","Operational","03/19/2026","","","General Rounding","Pharmacy","NTT-Deskside Services-NorthIsland-Local","Desktop","Dell OptiPlex Micro Plus 7020 V1",""
"LD105076","HSS-1111234","CPBSFW3","VIHA-CVH-Comox Valley Hospital-Main Building-1st Floor","Courtenay","Main Buillding","CV1854 - WFH Miranda Gudbranson","1","REQ1724313-RITM1819761-SCTASK2916552","03/31/2029","Operational","07/23/2026","","","Excluded","Medical Imaging","NTT-Deskside Services-NorthIsland-Staffed","Laptop","Dell LATITUDE 7450 V4",""
"LD105118","HSS-1111235","48JSFW3","VIHA-CVMHAS-Comox Valley Mental Health & Addiction Services-Main Building-1st Floor","Courtenay","Main Building ","2 - Float Workstation","1","REQ1723235-RITM1818628-SCTASK2926025","03/31/2029","Operational","","","","General Rounding","","NTT-Deskside Services-NorthIsland-Local","Laptop","Dell LATITUDE 7450 V4",""
"LD068976","HSS-1111237","6BMTFW3","VIHA-CHC-Cumberland Health Centre-Main Building-1st Floor","Cumberland","Cumberland Health Centre","Pharmacy Area","Main floor","REQ1734919-RITM1830877-SCTASK2948304","03/31/2029","Operational","","","","General Rounding","","NTT-Deskside Services-NorthIsland-Local","Laptop","Dell LATITUDE 7450 V4",""
"LD068977","HSS-1111238","1NMTFW3","VIHA-CHC-Cumberland Health Centre-Main Building-1st Floor","Cumberland","Main Building","education area outside conference room","1","REQ1740206-RITM1836404-SCTASK2948305","03/31/2029","Operational","03/19/2026","","","General Rounding","Long Term Care","NTT-Deskside Services-NorthIsland-Local","Laptop","Dell LATITUDE 7450 V4",""
"LD107151","HSS-1113669","1VYDLN3","VIHA-CVH-Comox Valley Hospital-Main Building-0th Floor","Courtenay","Main Building","CV0620","0","REQ2115495-RITM2235034-SCTASK3590628","05/31/2027","Operational","","","","Excluded","WFH - Andrea Gates","NTT-Deskside Services-NorthIsland-Staffed","Laptop","Dell LATITUDE 7420 V3",""
"PC107952","HSS-1114052","MZ03G4VQ","VIHA-CVH-Comox Valley Hospital-Main Building-1st Floor","Courtenay","Main Building","CV1729","1","REQ2184226-RITM2308033-SCTASK3705651","06/30/2030","Operational","","","","","Echo","NTT-Deskside Services-NorthIsland-Staffed","Desktop","LENOVO M90q Gen 5 Desktop 512HD",""
"LD024235","HSS-1953572","PC0L2JY9","VIHA-SJC-St. Joseph's Campus-Main Building-1st Floor","Comox","Main Building","","1","","07/31/2020","Operational","","SD206604   -
20221128-VIHA-SJGH-St. Joseph's General Hospital was formally closed October 21, 2017
and the remaining site was named VIHA-SJC-St. Joseph's Campus.
Location updated to VIHA-SJC-St. Joseph's Campus per TASK0035172","20221128-VIHA-SJGH-St. Joseph's General Hospital was formally closed October 21, 2017
and the remaining site was named VIHA-SJC-St. Joseph's Campus.
Location updated to VIHA-SJC-St. Joseph's Campus per TASK0035172","General Rounding","Food Services","NTT-Deskside Services-NorthIsland-Local","Laptop","LENOVO THINKPAD T460S V1",""
"LD042740","HSS-1960758","PC1FCPC3","VIHA-CVCHC-Comox Valley Community Health Centre-Main Building-1st Floor","Courtenay","Main Building","28","1","","04/30/2023","Operational","04/16/2025","","","General Rounding","Public Health","NTT-Deskside Services-NorthIsland-Local","Laptop","LENOVO THINKPAD T490S",""
"LD046180","HSS-1964225","PC1G5MBF","VIHA-CVCHC-Comox Valley Community Health Centre-Main Building-1st Floor","Courtenay","Main Building","28","1","COVID19W-05-0048","04/30/2024","Operational","04/16/2025","","","General Rounding","Public Health","NTT-Deskside Services-NorthIsland-Local","Laptop","LENOVO THINKPAD T490S",""
"PC107556","HSS-1988144","DBH3KQ3","VIHA-CVHCC-Comox Valley Home & Community Care-Main Building-1st Floor","Courtenay","Main Building","111","1","REQ1877525-RITM1981619-SCTASK3477869","04/30/2027","Operational","07/23/2026","","","General Rounding","OPS","NTT-Deskside Services-NorthIsland-Local","Desktop","Dell OPTIPLEX 7000 MICRO V1",""
"PC034013_EVG","HSS-8003302","MJ01CDYM","VIHA-CVH-Comox Valley Hospital-Main Building-0th Floor","Courtenay","Main Building","CV0626","0","","01/31/2018","Operational","05/08/2024","Telehealth","","General Rounding","Telehealth","NTT-Deskside Services-NorthIsland-Staffed","Desktop","LENOVO THINKCENTRE M93P TINY","PC034013"
"LD031313","HSS-8012244","PC0SFMC0","VIHA-SJC-St. Joseph's Campus-Main Building-3rd Floor","Comox","Main Building","306","3","","07/31/2021","Operational","06/05/2025","20221128-VIHA-SJGH-St. Joseph's General Hospital was formally closed October 21, 2017
and the remaining site was named VIHA-SJC-St. Joseph's Campus.
Location updated to VIHA-SJC-St. Joseph's Campus per TASK0035172","20221128-VIHA-SJGH-St. Joseph's General Hospital was formally closed October 21, 2017
and the remaining site was named VIHA-SJC-St. Joseph's Campus.
Location updated to VIHA-SJC-St. Joseph's Campus per TASK0035172","General Rounding","Community Health Services (CHS)","NTT-Deskside Services-NorthIsland-Local","Laptop","LENOVO THINKPAD T470S V2","LENOVO THINKPAD T470s i5-7300U 2.6GHZ 3M"
"LD033316","HSS-8012626","PC0SFLY2","VIHA-SJC-St. Joseph's Campus-Main Building-3rd Floor","Comox","Main Building","321","3","","08/31/2021","Operational","06/05/2025","20221128-VIHA-SJGH-St. Joseph's General Hospital was formally closed October 21, 2017
and the remaining site was named VIHA-SJC-St. Joseph's Campus.
Location updated to VIHA-SJC-St. Joseph's Campus per TASK0035172","20221128-VIHA-SJGH-St. Joseph's General Hospital was formally closed October 21, 2017
and the remaining site was named VIHA-SJC-St. Joseph's Campus.
Location updated to VIHA-SJC-St. Joseph's Campus per TASK0035172","General Rounding","Unknown","NTT-Deskside Services-NorthIsland-Local","Laptop","LENOVO THINKPAD T470S V2",""
"PC036138","HSS-8013704","MJ07EAXP","VIHA-CCRHC-Courtenay Cumberland Road Health Unit-Main Building-1st Floor","Courtenay","Main Building","152 (WFH in Vic)","1","","11/30/2021","Operational","02/09/2024","","","Excluded","Home Care Nursing","NTT-Deskside Services-NorthIsland-Local","Desktop","LENOVO THINKCENTRE M910Q TINY V1",""
"LD032465","HSS-8014873","PC0UA59S","VIHA-CVH-Comox Valley Hospital-Main Building-0th Floor","Courtenay","Main Building","CV0625","0","","02/28/2022","Operational","02/06/2024","","","General Rounding","Clinical Informatics","NTT-Deskside Services-NorthIsland-Staffed","Laptop","LENOVO THINKPAD T470S V2",""
"LD024155","HSS-8020291","J501P73","VIHA-CVH-Comox Valley Hospital-Main Building-0th Floor","Courtenay","Main Building","CV0620 (Carla Whynott WFH)","0","VIHATRP20210201-001","06/30/2025","Operational","02/07/2024","20221128-VIHA-SJGH-St. Joseph's General Hospital was formally closed October 21, 2017
and the remaining site was named VIHA-SJC-St. Joseph's Campus.
Location updated to VIHA-SJC-St. Joseph's Campus per TASK0035172","20221128-VIHA-SJGH-St. Joseph's General Hospital was formally closed October 21, 2017
and the remaining site was named VIHA-SJC-St. Joseph's Campus.
Location updated to VIHA-SJC-St. Joseph's Campus per TASK0035172","Excluded"," ","NTT-Deskside Services-NorthIsland-Staffed","Laptop","Dell LATITUDE 7410 V1",""
"LD024397","HSS-8020302","HR51P73","VIHA-CVH-Comox Valley Hospital-Main Building-1st Floor","Courtenay","Main Building","CV1552 - WFH Barb Brock","1","VIHATRP20210201-012","05/31/2025","Operational","04/18/2024","","","Excluded","Outpatient Nutrition","NTT-Deskside Services-NorthIsland-Staffed","Laptop","Dell LATITUDE 7410 V1",""
"PC026212","HSS-8020549","MJ0BCX5H","VIHA-CVH-Comox Valley Hospital-Main Building-1st Floor","Courtenay","Main Building","CV1611","1","VIHATRP20210315-035","07/31/2023","Operational","07/28/2026","","","General Rounding","Emergency Department","NTT-Deskside Services-NorthIsland-Staffed","Desktop","LENOVO THINKCENTRE M920Q V1",""
"PC024352","HSS-8021101","MJ0BCXB2","VIHA-CVH-Comox Valley Hospital-Main Building-1st Floor","Courtenay","Main Building","CV1564","1","VIHATRP20210419-040","07/31/2023","Operational","07/17/2026","","","General Rounding","Bone and Joint","NTT-Deskside Services-NorthIsland-Staffed","Desktop","LENOVO THINKCENTRE M920Q V1",""
"PC026376","HSS-8021806","MJ0BNNHH","VIHA-CVH-Comox Valley Hospital-Main Building-2nd Floor","Courtenay","Main Building","CV2178","2","VIHATRP20210531-016","01/31/2024","Operational","08/07/2026","","","General Rounding","Maternity and Newborn Inpatient Unit","NTT-Deskside Services-NorthIsland-Staffed","Desktop","LENOVO THINKCENTRE M920Q V1",""
"LD024411LER","HSS-8021811","47VJDB3","VIHA-CVH-Comox Valley Hospital-Main Building-2nd Floor","Courtenay","Main Building","CV2601","2","VIHATRP20210531-021","11/30/2025","Operational","07/10/2025","","","General Rounding","Biomedical Engineering","NTT-Deskside Services-NorthIsland-Staffed","Laptop","Dell LATITUDE 7410 V1",""
"PC065063","HSS-8022883","CWXMTD3","VIHA-CVH-Comox Valley Hospital-Main Building-1st Floor","Courtenay","Main Building","CV1885","1","VIHATRP20210712-029","01/31/2026","Operational","07/23/2026","Device is @ CVH in Medical Imaging, room CV1885","","General Rounding","Medical Imaging","NTT-Deskside Services-NorthIsland-Staffed","Desktop","Dell PRECISION 5820 TOWER V2","P500 Tower"
"PC026362","HSS-8022896","MJ0BCXDJ","VIHA-CVH-Comox Valley Hospital-Main Building-1st Floor","Courtenay","Main Building","CV1708","1","VIHATRP20210712-042","","Operational","07/27/2026","","","General Rounding","Heart and Lung","NTT-Deskside Services-NorthIsland-Staffed","Desktop","LENOVO THINKCENTRE M920Q V1",""
"PC024454","HSS-8022919","MJ0BZB0V","VIHA-CVH-Comox Valley Hospital-Main Building-2nd Floor","Courtenay","Main Building","CV2901","2","VIHATRP20210712-065","01/31/2024","Operational","08/12/2026","","","General Rounding","Laboratory","NTT-Deskside Services-NorthIsland-Staffed","Desktop","LENOVO THINKCENTRE M920Q V1",""
"PC065085","HSS-8024387","7Z3TDF3","VIHA-CVH-Comox Valley Hospital-Main Building-1st Floor","Courtenay","Main Building","CV1883","1","VIHATRP20210920-021","05/31/2026","Operational","07/23/2026","","","General Rounding","Medical Imaging","NTT-Deskside Services-NorthIsland-Staffed","Desktop","Dell PRECISION 5820 TOWER V2",""
"LD035526","HSS-8025523","C1837G3","VIHA-CCA-Courtenay Cliffe Avenue","Courtenay","","","0","VIHATRP20211122-002","03/31/2026","Operational","03/25/2024","","","General Rounding","","NTT-Deskside Services-NorthIsland-Local","Laptop","Dell LATITUDE 7420 V3",""
"PC026185","HSS-8025531","GXPJVD3","VIHA-CVH-Comox Valley Hospital-Main Building-2nd Floor","Courtenay","Main Building","CV2840 (724)","2","VIHATRP20211122-010","03/31/2026","Operational","08/12/2026","Please NOTE that the following software applications are incompatible with the Cerner 724 Downtime application:
-Downtime Patient Index (DTPI)
-Dragon Medical One Extensions (DMO)
-Imprivata OneSign Software/Card Reader (Tap In/Out)
-Inteleviewer (Medical Imaging)

If the software is requested to be installed, the Incident or Request should be assigned to the ""VIHA-Client Experience"" assignment group so the request can be evaluated.","CV2852 - Post Anaesthetic Recover Room (PARR) Area - Collaboration Centre","Critical Clinical","Surgical Services - PACU","NTT-Deskside Services-NorthIsland-Staffed","Desktop","Dell OPTIPLEX 7080 MICRO V3",""
"PC026370","HSS-8025541","GS7DVD3","VIHA-CVH-Comox Valley Hospital-Main Building-2nd Floor","Courtenay","Main Building","CV2148","2","VIHATRP20211122-020","05/31/2026","Operational","08/07/2026","","","General Rounding","Maternity and Newborn Inpatient Unit","NTT-Deskside Services-NorthIsland-Staffed","Desktop","Dell OPTIPLEX 7080 MICRO V3",""
"PC024477","HSS-8025543","GS6GVD3","VIHA-CVH-Comox Valley Hospital-Main Building-2nd Floor","Courtenay","Main Building","CV2912 (Missing and offline. Monitor only with pc","2","VIHATRP20211122-022","03/31/2026","Operational","08/12/2026","","","General Rounding","Histology","NTT-Deskside Services-NorthIsland-Staffed","Desktop","Dell OPTIPLEX 7080 MICRO V3",""
"PC024518","HSS-8025548","GXHLDF3","VIHA-CVH-Comox Valley Hospital-Main Building-3rd Floor","Courtenay","Main Building","CV3928 (724)","3","VIHATRP20211122-027","03/31/2026","Operational","08/12/2026","Please NOTE that the following software applications are incompatible with the Cerner 724 Downtime application:
-Downtime Patient Index (DTPI)
-Dragon Medical One Extensions (DMO)
-Imprivata OneSign Software/Card Reader (Tap In/Out)
-Inteleviewer (Medical Imaging)

If the software is requested to be installed, the Incident or Request should be assigned to the ""VIHA-Client Experience"" assignment group so the request can be evaluated.","CV3928 - Patient Care Area Typical Workstation Care Hub - Workstation, Care Team","Critical Clinical","General Medical / Surgical Inpatient Unit","NTT-Deskside Services-NorthIsland-Staffed","Desktop","Dell OPTIPLEX 7080 MICRO V3",""
"PC024394","HSS-8025556","GS8RDF3","VIHA-CVH-Comox Valley Hospital-Main Building-2nd Floor","Courtenay","Main Building","CV2913","2","VIHATRP20211122-035","10/31/2026","Operational","08/12/2026","","","General Rounding","Histology","NTT-Deskside Services-NorthIsland-Staffed","Desktop","Dell OPTIPLEX 7080 MICRO V3",""
"PC026114","HSS-8026148","5GQ1FF3","VIHA-CVH-Comox Valley Hospital-Main Building-1st Floor","Courtenay","Main Building","CV1072","1","VIHATRP20220110-026","05/31/2026","Operational","03/27/2026","","","General Rounding","Minor Day Procedures","NTT-Deskside Services-NorthIsland-Staffed","Desktop","Dell OPTIPLEX 7080 MICRO V3",""
"PC024521","HSS-8026149","5GJ0FF3","VIHA-CVH-Comox Valley Hospital-Main Building-2nd Floor","Courtenay","Main Building","CV2149","2","VIHATRP20220110-027","05/31/2026","Operational","08/07/2026","","","General Rounding","Maternity and Newborn Inpatient Unit","NTT-Deskside Services-NorthIsland-Staffed","Desktop","Dell OPTIPLEX 7080 MICRO V3",""
"PC026393","HSS-8026150","5GNWDF3","VIHA-CVH-Comox Valley Hospital-Main Building-2nd Floor","Courtenay","Main Building","CV2150","2","VIHATRP20220110-028","07/31/2026","Operational","08/07/2026","","","General Rounding","Maternity and Newborn Inpatient Unit","NTT-Deskside Services-NorthIsland-Staffed","Desktop","Dell OPTIPLEX 7080 MICRO V3",""
"PC026169","HSS-8026153","52D0FF3","VIHA-CVH-Comox Valley Hospital-Main Building-2nd Floor","Courtenay","Main Building","CV2407","2","VIHATRP20220110-031","05/31/2026","Operational","07/10/2026","","","General Rounding","Surgical Services","NTT-Deskside Services-NorthIsland-Staffed","Desktop","Dell OPTIPLEX 7080 MICRO V3",""
"PC026194","HSS-8026161","57YTDF3","VIHA-CVH-Comox Valley Hospital-Main Building-2nd Floor","Courtenay","Main Building","CV2931","2","VIHATRP20220110-039","05/31/2026","Operational","07/31/2026","","","General Rounding","Central Education and Conference Facilities","NTT-Deskside Services-NorthIsland-Staffed","Desktop","Dell OPTIPLEX 7080 MICRO V3",""
"PC026195","HSS-8026162","57XTDF3","VIHA-CVH-Comox Valley Hospital-Main Building-2nd Floor","Courtenay","Main Building","CV2931","2","VIHATRP20220110-040","05/31/2026","Operational","07/31/2026","","","General Rounding","Central Education and Conference Facilities","NTT-Deskside Services-NorthIsland-Staffed","Desktop","Dell OPTIPLEX 7080 MICRO V3",""
"PC026191","HSS-8026163","57S2FF3","VIHA-CVH-Comox Valley Hospital-Main Building-2nd Floor","Courtenay","Main Building","CV2931","2","VIHATRP20220110-041","05/31/2026","Operational","07/31/2026","","","General Rounding","Central Education and Conference Facilities","NTT-Deskside Services-NorthIsland-Staffed","Desktop","Dell OPTIPLEX 7080 MICRO V3",""
"PC026192","HSS-8026164","501WDF3","VIHA-CVH-Comox Valley Hospital-Main Building-2nd Floor","Courtenay","Main Building","CV2931","2","VIHATRP20220110-042","05/31/2026","Operational","07/31/2026","","","General Rounding","Central Education and Conference Facilities","NTT-Deskside Services-NorthIsland-Staffed","Desktop","Dell OPTIPLEX 7080 MICRO V3",""
"PC026197","HSS-8026165","57R1FF3","VIHA-CVH-Comox Valley Hospital-Main Building-2nd Floor","Courtenay","Main Building","CV2931","2","VIHATRP20220110-043","05/31/2026","Operational","07/31/2026","","","General Rounding","Central Education and Conference Facilities","NTT-Deskside Services-NorthIsland-Staffed","Desktop","Dell OPTIPLEX 7080 MICRO V3",""
"PC026189","HSS-8026166","57Z1FF3","VIHA-CVH-Comox Valley Hospital-Main Building-2nd Floor","Courtenay","Main Building","CV2931","2","VIHATRP20220110-044","05/31/2026","Operational","07/31/2026","","","General Rounding","Central Education and Conference Facilities","NTT-Deskside Services-NorthIsland-Staffed","Desktop","Dell OPTIPLEX 7080 MICRO V3",""
"PC026198","HSS-8026167","5814FF3","VIHA-CVH-Comox Valley Hospital-Main Building-2nd Floor","Courtenay","Main Building","CV2931","2","VIHATRP20220110-045","05/31/2026","Operational","07/31/2026","","","General Rounding","Central Education and Conference Facilities","NTT-Deskside Services-NorthIsland-Staffed","Desktop","Dell OPTIPLEX 7080 MICRO V3",""
"PC026190","HSS-8026168","57ZXDF3","VIHA-CVH-Comox Valley Hospital-Main Building-2nd Floor","Courtenay","Main Building","CV2931","2","VIHATRP20220110-046","05/31/2026","Operational","07/31/2026","","","General Rounding","Central Education and Conference Facilities","NTT-Deskside Services-NorthIsland-Staffed","Desktop","Dell OPTIPLEX 7080 MICRO V3",""
"PC026196","HSS-8026169","57TXDF3","VIHA-CVH-Comox Valley Hospital-Main Building-2nd Floor","Courtenay","Main Building","CV2931","2","VIHATRP20220110-047","05/31/2026","Operational","07/31/2026","","","General Rounding","Central Education and Conference Facilities","NTT-Deskside Services-NorthIsland-Staffed","Desktop","Dell OPTIPLEX 7080 MICRO V3",""
"PC024497","HSS-8026170","57WTDF3","VIHA-CVH-Comox Valley Hospital-Main Building-3rd Floor","Courtenay","Main Building","CV3209","3","VIHATRP20220110-048","05/31/2026","Operational","07/15/2026","","","General Rounding","General Medical / Surgical Inpatient Unit","NTT-Deskside Services-NorthIsland-Staffed","Desktop","Dell OPTIPLEX 7080 MICRO V3",""
"LD024521","HSS-8026173","20ZZ1J3","VIHA-CVH-Comox Valley Hospital-Main Building-0th Floor","Courtenay","Main Building","CV0325 - Workstation 14","0","VIHATRP20220110-051","05/31/2026","Operational","05/29/2025","","","General Rounding","Patient Liaison","NTT-Deskside Services-NorthIsland-Staffed","Laptop","Dell LATITUDE 7420 V3",""
"PC026202","HSS-8026174","57RZDF3","VIHA-CVH-Comox Valley Hospital-Main Building-3rd Floor","Courtenay","Main Building","CV3209","3","VIHATRP20220110-052","05/31/2026","Operational","07/15/2026","","","General Rounding","General Medical / Surgical Inpatient Unit","NTT-Deskside Services-NorthIsland-Staffed","Desktop","Dell OPTIPLEX 7080 MICRO V3",""
"PC026209","HSS-8026176","57VTDF3","VIHA-CVH-Comox Valley Hospital-Main Building-3rd Floor","Courtenay","Main Building","CV3928","3","VIHATRP20220110-054","05/31/2026","Operational","07/15/2026","","","General Rounding","General Medical / Surgical Inpatient Unit","NTT-Deskside Services-NorthIsland-Staffed","Desktop","Dell OPTIPLEX 7080 MICRO V3",""
"LD024141","HSS-8026178","DZ2N5G3","VIHA-CVH-Comox Valley Hospital-Main Building-2nd Floor","Courtenay","Main Building","CV2311","2","VIHATRP20220110-056","05/31/2026","Operational","08/11/2026","","","General Rounding","Intensive Care/Telemetry Unit (ICU/TU)","NTT-Deskside Services-NorthIsland-Staffed","Laptop","Dell LATITUDE 7420 V3",""
"PC024295","HSS-8026181","57WXDF3","VIHA-CVH-Comox Valley Hospital-Main Building-4th Floor","Courtenay","Main Building","CV4121","4","VIHATRP20220110-059","05/31/2026","Operational","08/06/2026","","","General Rounding","Transitional Care Unit","NTT-Deskside Services-NorthIsland-Staffed","Desktop","Dell OPTIPLEX 7080 MICRO V3",""
"PC024327","HSS-8026182","57STDF3","VIHA-CVH-Comox Valley Hospital-Main Building-4th Floor","Courtenay","Main Building","CV4122","4","VIHATRP20220110-060","05/31/2026","Operational","08/06/2026","","","General Rounding","Transitional Care Unit","NTT-Deskside Services-NorthIsland-Staffed","Desktop","Dell OPTIPLEX 7080 MICRO V3",""
"PC024525","HSS-8026184","57RYDF3","VIHA-CVH-Comox Valley Hospital-Main Building-4th Floor","Courtenay","Main Building","CV4320 (724)","4","VIHATRP20220110-062","05/31/2026","Operational","08/11/2026","Please NOTE that the following software applications are incompatible with the Cerner 724 Downtime application:
-Downtime Patient Index (DTPI)
-Dragon Medical One Extensions (DMO)
-Imprivata OneSign Software/Card Reader (Tap In/Out)
-Inteleviewer (Medical Imaging)

If the software is requested to be installed, the Incident or Request should be assigned to the ""VIHA-Client Experience"" assignment group so the request can be evaluated.","CV4320 - Patient Care Area (18 Beds) Workstation Care Hub - Workstation Care Team","Critical Clinical","Transitional Care Unit","NTT-Deskside Services-NorthIsland-Staffed","Desktop","Dell OPTIPLEX 7080 MICRO V3",""
"PC026227","HSS-8026185","5804FF3","VIHA-CVH-Comox Valley Hospital-Main Building-4th Floor","Courtenay","Main Building","CV4728","4","VIHATRP20220110-063","05/31/2026","Operational","07/17/2026","","","General Rounding","Psychiatric Inpatient Unit","NTT-Deskside Services-NorthIsland-Staffed","Desktop","Dell OPTIPLEX 7080 MICRO V3",""
"PC026199X","HSS-8026186","5801FF3","VIHA-CVH-Comox Valley Hospital-Main Building-2nd Floor","Courtenay","Main Building","CV2604","2","VIHATRP20220110-064","05/31/2026","Operational","07/10/2025","","","General Rounding","Biomedical Engineering","NTT-Deskside Services-NorthIsland-Staffed","Desktop","Dell OPTIPLEX 7080 MICRO V3",""
"LD106742","HSS-8026365","DVQF6J3","VIHA-CVH-Comox Valley Hospital-Main Building-0th Floor","Courtenay","Main Building","CV0620 - WFH Michelle Thompson","0","REQ2067980-RITM2184410-SCTASK3503559","05/31/2026","Operational","","","","Excluded","Mental Health and Substance Abuse","NTT-Deskside Services-NorthIsland-Staffed","Laptop","Dell LATITUDE 7420 V3",""
"LD031857","HSS-8026647","8G434J3","VIHA-SJC-St. Joseph's Campus-Main Building-3rd Floor","Comox","Main Building","313","3","VIHATRP20220214-028","06/30/2026","Operational","01/09/2026","","","General Rounding","Human Resources","NTT-Deskside Services-NorthIsland-Local","Laptop","Dell LATITUDE 7420 V3",""
"PC026201","HSS-8027550","2CP6VH3","VIHA-CVH-Comox Valley Hospital-Main Building-1st Floor","Courtenay","Main Building","CV1612","1","VIHATRP20220321-024","06/30/2026","Operational","07/17/2026","","","General Rounding","Emergency Department","NTT-Deskside Services-NorthIsland-Staffed","Desktop","Dell OPTIPLEX 7090 MICRO V1",""
"PC026048","HSS-8027551","5DS6VH3","VIHA-CVH-Comox Valley Hospital-Main Building-1st Floor","Courtenay","Main Building","CV1546","1","VIHATRP20220321-025","06/30/2026","Operational","07/17/2026","Moved from CV0325 to CV1546 - RITM2328132.","","General Rounding","Wellness Centre","NTT-Deskside Services-NorthIsland-Staffed","Desktop","Dell OPTIPLEX 7090 MICRO V1",""
"LD024356","HSS-8027552","23CC6J3","VIHA-CVH-Comox Valley Hospital-Main Building-0th Floor","Courtenay","Main Building","CV0305","0","VIHATRP20220321-026","07/31/2026","Operational","03/19/2024","","","General Rounding","Site Support and Business Services","NTT-Deskside Services-NorthIsland-Staffed","Laptop","Dell LATITUDE 7420 V3",""
"PC026043","HSS-8027558","HCS6VH3","VIHA-CVH-Comox Valley Hospital-Main Building-0th Floor","Courtenay","Main Building","CV0310","0","VIHATRP20220321-032","06/30/2026","Operational","03/12/2026","","","General Rounding","UBC","NTT-Deskside Services-NorthIsland-Staffed","Desktop","Dell OPTIPLEX 7090 MICRO V1",""
"PC024306","HSS-8027563","85Q4VH3","VIHA-CVH-Comox Valley Hospital-Main Building-0th Floor","Courtenay","Main Building","CV0702","0","VIHATRP20220321-037","06/30/2026","Operational","08/14/2026","","","General Rounding","Materials Management","NTT-Deskside Services-NorthIsland-Staffed","Desktop","Dell OPTIPLEX 7090 MICRO V1",""
"LD024394LEG","HSS-8027568","604C3J3","VIHA-CVH-Comox Valley Hospital-Main Building-0th Floor","Courtenay","Main Building","CV0410","0","VIHATRP20220321-042","07/31/2026","Operational","03/12/2026","","","General Rounding","Housekeeping - Ashley Lewis","NTT-Deskside Services-NorthIsland-Staffed","Laptop","Dell LATITUDE 7420 V3",""
"PC024485","HSS-8027571","16Q4VH3","VIHA-CVH-Comox Valley Hospital-Main Building-2nd Floor","Courtenay","Main Building","CV2949","2","VIHATRP20220321-045","06/30/2026","Operational","08/12/2026","","","General Rounding","Laboratory","NTT-Deskside Services-NorthIsland-Staffed","Desktop","Dell OPTIPLEX 7090 MICRO V1",""
"PC026372","HSS-8027572","F4Q4VH3","VIHA-CVH-Comox Valley Hospital-Main Building-2nd Floor","Courtenay","Main Building","CV2125","2","VIHATRP20220321-046","06/30/2026","Operational","07/10/2025","","","General Rounding","Pediatrics","NTT-Deskside Services-NorthIsland-Staffed","Desktop","Dell OPTIPLEX 7090 MICRO V1",""
"PC023790","HSS-8027576","DDS6VH3","VIHA-CVH-Comox Valley Hospital-Main Building-1st Floor","Courtenay","Main Building","CV1883","1","VIHATRP20220321-050","06/30/2026","Operational","07/23/2026","","","General Rounding","Medical Imaging","NTT-Deskside Services-NorthIsland-Staffed","Desktop","Dell OPTIPLEX 7090 MICRO V1",""
"PC024507","HSS-8027580","7DS6VH3","VIHA-CVH-Comox Valley Hospital-Main Building-3rd Floor","Courtenay","Main Building","CV3722","3","VIHATRP20220321-054","06/30/2026","Operational","07/15/2026","","","General Rounding","General Medical / Surgical Inpatient Unit","NTT-Deskside Services-NorthIsland-Staffed","Desktop","Dell OPTIPLEX 7090 MICRO V1",""
"PC024392","HSS-8027583","GDS6VH3","VIHA-CVH-Comox Valley Hospital-Main Building-1st Floor","Courtenay","Main Building","CV1722","1","VIHATRP20220321-057","06/30/2026","Operational","07/27/2026","","","General Rounding","Heart and Lung","NTT-Deskside Services-NorthIsland-Staffed","Desktop","Dell OPTIPLEX 7090 MICRO V1",""
"LD024375","HSS-8027584","84QD3J3","VIHA-CVH-Comox Valley Hospital-Main Building-1st Floor","Courtenay","Main Building","CV1506","1","VIHATRP20220321-058","07/31/2026","Operational","06/04/2026","","","General Rounding","Aboriginal Health","NTT-Deskside Services-NorthIsland-Staffed","Laptop","Dell LATITUDE 7420 V3",""
"PC024332","HSS-8027742","2LS6VH3","VIHA-CVH-Comox Valley Hospital-Main Building-1st Floor","Courtenay","Main Building","CV1315 Security Camera","1","VIHATRP20220328-067","06/30/2026","Operational","08/13/2026","","","Critical Clinical","Protection Services","NTT-Deskside Services-NorthIsland-Staffed","Desktop","Dell OPTIPLEX 7090 MICRO V1",""
"PC026374","HSS-8027745","H9T4VH3","VIHA-CVH-Comox Valley Hospital-Main Building-4th Floor","Courtenay","Main Building","CV4912 Security Cameras","4","VIHATRP20220328-070","06/30/2026","Operational","08/11/2026","","","Critical Clinical","Psychiatric Inpatient Unit","NTT-Deskside Services-NorthIsland-Staffed","Desktop","Dell OPTIPLEX 7090 MICRO V1",""
"PC036467","HSS-8027746","B7P6VH3","VIHA-CVH-Comox Valley Hospital-Main Building-1st Floor","Courtenay","Main Building","CV1630 Security Camera ER","1","VIHATRP20220328-071","06/30/2026","Operational","08/14/2026","","","Critical Clinical","Emergency Department","NTT-Deskside Services-NorthIsland-Staffed","Desktop","Dell OPTIPLEX 7090 MICRO V1",""
"PC026391","HSS-8027747","HB67VH3","VIHA-CVH-Comox Valley Hospital-Main Building-4th Floor","Courtenay","Main Building","CV4729 (Security Cameras)","4","VIHATRP20220328-072","06/30/2026","Operational","08/11/2026","","","Critical Clinical","Psychiatric Inpatient Unit","NTT-Deskside Services-NorthIsland-Staffed","Desktop","Dell OPTIPLEX 7090 MICRO V1",""
"PC107214","HSS-8058499","61V7VH3","VIHA-CVMHAS-Comox Valley Mental Health & Addiction Services-Main Building-1st Floor","Courtenay","England Avenue 941 C","New OPS","1","REQ1877535-RITM1981629-SCTASK3260913","10/31/2026","Operational","10/23/2023","","","General Rounding","OPS","NTT-Deskside Services-NorthIsland-Local","Desktop","Dell OPTIPLEX 7090 MICRO V1",""
"LD021884","HSS-8059278","6CGC3J3","VIHA-SJC-St. Joseph's Campus-Main Building-3rd Floor","Comox","Main Building","310","3","VIHATRP20220620-004","11/30/2026","Operational","04/02/2026","","","General Rounding","Occupational Health","NTT-Deskside Services-NorthIsland-Local","Laptop","Dell LATITUDE 7420 V3",""
"LD033861","HSS-8059280","9JJT5J3","VIHA-SJC-St. Joseph's Campus-Main Building-2nd Floor","Comox","Main Building","225 (JerriLyn Whitney - WFH)","2","VIHATRP20220620-006","11/30/2026","Operational","05/10/2023","20221128-VIHA-SJGH-St. Joseph's General Hospital was formally closed October 21, 2017
and the remaining site was named VIHA-SJC-St. Joseph's Campus.
Location updated to VIHA-SJC-St. Joseph's Campus per TASK0035172","20221128-VIHA-SJGH-St. Joseph's General Hospital was formally closed October 21, 2017
and the remaining site was named VIHA-SJC-St. Joseph's Campus.
Location updated to VIHA-SJC-St. Joseph's Campus per TASK0035172
WFH","Excluded"," Unknown","NTT-Deskside Services-NorthIsland-Local","Laptop","Dell LATITUDE 7420 V3",""
"LD065410","HSS-8059282","B4XB3J3","VIHA-SJC-St. Joseph's Campus-Main Building-2nd Floor","Comox","Main Building","202","2","VIHATRP20220620-008","11/30/2026","Operational","04/02/2026","","","General Rounding","Home and Community Care","NTT-Deskside Services-NorthIsland-Local","Laptop","Dell LATITUDE 7420 V3",""
"PC037071","HSS-8059283","55SZ4K3","VIHA-CVHCC-Comox Valley Home & Community Care-Main Building-1st Floor","Courtenay","Main Building","112","1","VIHATRP20220620-009","11/30/2026","Operational","07/24/2026","","","General Rounding","Mental Health & Addiction Services","NTT-Deskside Services-NorthIsland-Local","Desktop","Dell OPTIPLEX 7090 MICRO V1",""
"LD031747","HSS-8059284","7F8C3J3","VIHA-CCA-Courtenay Cliffe Avenue-Main Building-1st Floor","Courtenay","Main Building","38","1","VIHATRP20220620-010","11/30/2026","Operational","03/25/2024","","","General Rounding","","NTT-Deskside Services-NorthIsland-Local","Laptop","Dell LATITUDE 7420 V3",""
"LD027223","HSS-8059285","7M8C3J3","VIHA-CCA-Courtenay Cliffe Avenue-Main Building-1st Floor","Courtenay","Main Building","101","1","VIHATRP20220620-011","11/30/2026","Operational","03/25/2024","","","General Rounding","Community Resource Team","NTT-Deskside Services-NorthIsland-Local","Laptop","Dell LATITUDE 7420 V3",""
"PC020296","HSS-8059286","J1PZ4K3","VIHA-CVHCC-Comox Valley Home & Community Care-Main Building-1st Floor","Courtenay","Main Building","Reception","1","VIHATRP20220620-012","11/30/2026","Operational","07/24/2026","","","General Rounding","Mental Health & Addiction Services","NTT-Deskside Services-NorthIsland-Local","Desktop","Dell OPTIPLEX 7090 MICRO V1",""
"LD065414","HSS-8059287","25GC3J3","VIHA-CVHCC-Comox Valley Home & Community Care-Main Building-1st Floor","Courtenay","Main Building","110","1","VIHATRP20220620-013","11/30/2026","Operational","07/23/2026","","","General Rounding","Mental Health & Addiction Services","NTT-Deskside Services-NorthIsland-Local","Laptop","Dell LATITUDE 7420 V3",""
"PC020292","HSS-8059288","63SZ4K3","VIHA-CCA-Courtenay Cliffe Avenue-Main Building-1st Floor","Courtenay","Main Building","013","0","VIHATRP20220620-014","11/30/2026","Operational","03/25/2024","","","General Rounding","Mental Health & Addiction Services","NTT-Deskside Services-NorthIsland-Local","Desktop","Dell OPTIPLEX 7090 MICRO V1",""
"LD038106","HSS-8059289","3N2C3J3","VIHA-CCA-Courtenay Cliffe Avenue-Main Building-1st Floor","Courtenay","Main Building - 104","Office to the left of reception.","1","VIHATRP20220620-015","11/30/2026","Operational","03/25/2024","","","General Rounding","Community Health Services (CHS)","NTT-Deskside Services-NorthIsland-Local","Laptop","Dell LATITUDE 7420 V3",""
"PC020340","HSS-8059291","84SZ4K3","VIHA-CCA-Courtenay Cliffe Avenue-Main Building-1st Floor","Courtenay","Main Building","006","0","VIHATRP20220620-017","11/30/2026","Operational","03/25/2024","","","General Rounding","Mental Health & Addiction Services","NTT-Deskside Services-NorthIsland-Local","Desktop","Dell OPTIPLEX 7090 MICRO V1",""
"LD032469","HSS-8059292","1C554J3","VIHA-CCA-Courtenay Cliffe Avenue-Main Building-1st Floor","Courtenay","Main Building","Office to the left of reception.","1","VIHATRP20220620-018","11/30/2026","Operational","03/25/2024","","","General Rounding","Community Health Services (CHS)","NTT-Deskside Services-NorthIsland-Local","Laptop","Dell LATITUDE 7420 V3",""
"PC026443","HSS-8059293","54SZ4K3","VIHA-CVHCC-Comox Valley Home & Community Care-Main Building-1st Floor","Courtenay","Main Building","103","1","VIHATRP20220620-019","11/30/2026","Operational","07/23/2026","","","General Rounding","Mental Health & Addiction Services","NTT-Deskside Services-NorthIsland-Local","Desktop","Dell OPTIPLEX 7090 MICRO V1",""
"LD032470","HSS-8059296","4VC34J3","VIHA-CHC-Cumberland Health Centre-Main Building-1st Floor","Cumberland","Main Building","Manager Office","1","VIHATRP20220620-022","11/30/2026","Operational","03/19/2026","","","General Rounding","Nursing","NTT-Deskside Services-NorthIsland-Local","Laptop","Dell LATITUDE 7420 V3",""
"PC044542","HSS-8059297","JMK25K3","VIHA-CHC-Cumberland Health Centre-Main Building-Basement 1","Cumberland","Main Building","FMO","1","VIHATRP20220620-023","11/30/2026","Operational","03/19/2026","","","General Rounding","FMO","NTT-Deskside Services-NorthIsland-Local","Desktop","Dell OPTIPLEX 7090 MICRO V1",""
"PC024309","HSS-8059299","4LK25K3","VIHA-CVH-Comox Valley Hospital-Main Building-1st Floor","Courtenay","Main Building","CV1605","1","VIHATRP20220620-025","11/30/2026","Operational","07/28/2026","","","General Rounding","Emergency Department","NTT-Deskside Services-NorthIsland-Staffed","Desktop","Dell OPTIPLEX 7090 MICRO V1",""
"PC026101","HSS-8059300","JLK25K3","VIHA-CVH-Comox Valley Hospital-Main Building-1st Floor","Courtenay","Main Building","CV1611","1","VIHATRP20220620-026","11/30/2026","Operational","07/17/2026","","","General Rounding","Emergency Department","NTT-Deskside Services-NorthIsland-Staffed","Desktop","Dell OPTIPLEX 7090 MICRO V1",""
"PC025675","HSS-8059301","45SZ4K3","VIHA-CVH-Comox Valley Hospital-Main Building-1st Floor","Courtenay","Main Building","CV1555","1","VIHATRP20220620-027","11/30/2026","Operational","07/17/2026","","","General Rounding","Wellness Outpatient Procedures","NTT-Deskside Services-NorthIsland-Staffed","Desktop","Dell OPTIPLEX 7090 MICRO V1",""
"PC024426","HSS-8059302","G1PZ4K3","VIHA-CVH-Comox Valley Hospital-Main Building-1st Floor","Courtenay","Main Building","CV1620","1","VIHATRP20220620-028","11/30/2026","Operational","08/14/2026","","","Critical Clinical","Emergency Department","NTT-Deskside Services-NorthIsland-Staffed","Desktop","Dell OPTIPLEX 7090 MICRO V1",""
"PC026141","HSS-8059303","15SZ4K3","VIHA-CVH-Comox Valley Hospital-Main Building-1st Floor","Courtenay","Main Building","CV1630","1","VIHATRP20220620-029","11/30/2026","Operational","08/14/2026","","","Critical Clinical","Emergency Department","NTT-Deskside Services-NorthIsland-Staffed","Desktop","Dell OPTIPLEX 7090 MICRO V1",""
"PC024355","HSS-8059304","1XNZ4K3","VIHA-CVH-Comox Valley Hospital-Main Building-1st Floor","Courtenay","Main Building","CV1585 (724)","1","VIHATRP20220620-030","11/30/2026","Operational","08/13/2026","Please NOTE that the following software applications are incompatible with the Cerner 724 Downtime application:
-Downtime Patient Index (DTPI)
-Dragon Medical One Extensions (DMO)
-Imprivata OneSign Software/Card Reader (Tap In/Out)
-Inteleviewer (Medical Imaging)

If the software is requested to be installed, the Incident or Request should be assigned to the ""VIHA-Client Experience"" assignment group so the request can be evaluated.","CV1585 - Medical Day Care and Cancer Outpatient Care Areas - MDC Observation, Work Area","Critical Clinical","Medical Day Care","NTT-Deskside Services-NorthIsland-Staffed","Desktop","Dell OPTIPLEX 7090 MICRO V1",""
"PC026091","HSS-8059305","BBJH2G3","VIHA-CVH-Comox Valley Hospital-Main Building-1st Floor","Courtenay","Main Building","CV1555","1","VIHATRP20220620-031","11/30/2026","Operational","08/05/2026","","","General Rounding","Ambulatory Care","NTT-Deskside Services-NorthIsland-Staffed","Desktop","Dell OPTIPLEX 7090 MICRO V1",""
"PC026103","HSS-8059306","J2SZ4K3","VIHA-CVH-Comox Valley Hospital-Main Building-1st Floor","Courtenay","Main Building","CV1630","1","VIHATRP20220620-032","11/30/2026","Operational","08/14/2026","","","Critical Clinical","Emergency Department","NTT-Deskside Services-NorthIsland-Staffed","Desktop","Dell OPTIPLEX 7090 MICRO V1",""
"PC024354","HSS-8059307","25SZ4K3","VIHA-CVH-Comox Valley Hospital-Main Building-1st Floor","Courtenay","Main Building","CV1585","1","VIHATRP20220620-033","11/30/2026","Operational","08/05/2026","","","General Rounding","Cancer Care","NTT-Deskside Services-NorthIsland-Staffed","Desktop","Dell OPTIPLEX 7090 MICRO V1",""
"PC026349","HSS-8059308","DFG25K3","VIHA-CVH-Comox Valley Hospital-Main Building-2nd Floor","Courtenay","Main Building","CV2145","2","VIHATRP20220321-033","11/30/2026","Operational","08/07/2026","","","General Rounding","Maternity and Newborn Inpatient Unit","NTT-Deskside Services-NorthIsland-Staffed","Desktop","Dell OPTIPLEX 7090 MICRO V1",""
"PC024388","HSS-8059309","8WNZ4K3","VIHA-CVH-Comox Valley Hospital-Main Building-2nd Floor","Courtenay","Main Building","CV2040","2","VIHATRP20220620-034","11/30/2026","Operational","08/07/2026","","","General Rounding","Maternity and Newborn Inpatient Unit","NTT-Deskside Services-NorthIsland-Staffed","Desktop","Dell OPTIPLEX 7090 MICRO V1",""
"LD106622","HSS-8060982","DZK8MN3","VIHA-CVNC-Comox Valley Nursing Centre-Main Building-1st Floor","Courtenay","Main Building","Admin Office","1","REQ2047983-RITM2163040-SCTASK3464585","11/30/2026","Operational","","","","General Rounding","Nursing","NTT-Deskside Services-NorthIsland-Local","Laptop","Dell LATITUDE 7420 V3",""
"LD081479","HSS-8065835","CT7KLN3","VIHA-CVH-Comox Valley Hospital","Courtenay","ICU","CV2311","2","REQ1966579-RITM2076552-SCTASK3338055","12/31/2026","Operational","04/26/2023","RITM1964614
RITM1964441
RITM1964372
Shiplink: 34934","","General Rounding","liason office","NTT-Deskside Services-NorthIsland-Staffed","Laptop","Dell LATITUDE 7420 V3",""
"LD026065","HSS-8066068","BJ9V9K3","VIHA-CVH-Comox Valley Hospital","Courtenay","Main Building","WFH","WFH","VIHATRP20220829-133","01/31/2027","Operational","10/26/2023","Puro: 335785468042
Shiplink: 41094
RITM2185568
","","Excluded","Finance","NTT-Deskside Services-NorthIsland-Staffed","Laptop","Dell LATITUDE 7420 V3",""
"PC038034","HSS-8066553","jjy4xp3","VIHA-CVHCC-Comox Valley Home & Community Care-Main Building-1st Floor","Courtenay","Main Building","128","1","VIHATRP20220919-001","01/31/2027","Operational","07/23/2026","","","General Rounding","Mental Health Services","NTT-Deskside Services-NorthIsland-Local","Desktop","Dell OPTIPLEX 7000 MICRO V1",""
"PC035242","HSS-8066554","1HY4XP3","VIHA-CVHCC-Comox Valley Home & Community Care","Courtenay","Main Building","117","1","VIHATRP20220919-002","01/31/2027","Operational","07/25/2025","","","General Rounding","Mental Health Services","NTT-Deskside Services-NorthIsland-Local","Desktop","Dell OPTIPLEX 7000 MICRO V1",""
"PC032594","HSS-8066556","4PB5XP3","VIHA-CCA-Courtenay Cliffe Avenue-Main Building-1st Floor","Courtenay","Main Building","9","1","VIHATRP20220919-004","01/31/2027","Operational","06/24/2025","","","General Rounding","Mental Health Services","NTT-Deskside Services-NorthIsland-Local","Desktop","Dell OPTIPLEX 7000 MICRO V1","LENOVO THINKCENTRE M910q i5-7500T 2.5GHZ"
"PC036739","HSS-8066557","9nb5xp3","VIHA-CVHCC-Comox Valley Home & Community Care-Main Building-1st Floor","Courtenay","Main Building","124","1","VIHATRP20220919-005","01/31/2027","Operational","07/23/2026","","","General Rounding","Mental Health Services","NTT-Deskside Services-NorthIsland-Local","Desktop","Dell OPTIPLEX 7000 MICRO V1",""
"PC039105","HSS-8066558","6MB5XP3","VIHA-CVHCC-Comox Valley Home & Community Care-Main Building-1st Floor","Courtenay","Main Building","118","1","VIHATRP20220919-006","01/31/2027","Operational","07/23/2026","","","General Rounding","Mental Health Services","NTT-Deskside Services-NorthIsland-Local","Desktop","Dell OPTIPLEX 7000 MICRO V1",""
"PC041025","HSS-8066559","7pb5xp3","VIHA-CVHCC-Comox Valley Home & Community Care-Main Building-1st Floor","Courtenay","Main Building","124","1","VIHATRP20220919-007","01/31/2027","Operational","07/23/2026","","","General Rounding","Mental Health Services","NTT-Deskside Services-NorthIsland-Local","Desktop","Dell OPTIPLEX 7000 MICRO V1",""
"PC030808","HSS-8066560","6gy4xp3","VIHA-CVHCC-Comox Valley Home & Community Care-Main Building-1st Floor","Courtenay","Main Building","128","1","VIHATRP20220919-008","01/31/2027","Operational","07/23/2026","","","General Rounding","Mental Health Services","NTT-Deskside Services-NorthIsland-Local","Desktop","Dell OPTIPLEX 7000 MICRO V1","LENOVO THINKCENTRE M910q i5-7500T 2.5GHZ"
"PC041937","HSS-8066561","7NV4XP3","VIHA-CFA-Courtenay Fitzgerald Avenue-Main Building-1st Floor","Courtenay","Main Building","14","1","VIHATRP20220919-009","01/31/2027","Operational","07/21/2026","","","General Rounding","Mental Health Services","NTT-Deskside Services-NorthIsland-Local","Desktop","Dell OPTIPLEX 7000 MICRO V1",""
"PC030806","HSS-8066562","2LY4XP3","VIHA-CVHCC-Comox Valley Home & Community Care","Courtenay","Main Building","E103","1","VIHATRP20220919-010","01/31/2027","Operational","07/25/2025","","","General Rounding","Mental Health Services","NTT-Deskside Services-NorthIsland-Local","Desktop","Dell OPTIPLEX 7000 MICRO V1","LENOVO THINKCENTRE M910q i5-7500T 2.5GHZ"
"PC031242","HSS-8066563","9gy4xp3","VIHA-CVHCC-Comox Valley Home & Community Care-Main Building-1st Floor","Courtenay","Main Building","127","1","VIHATRP20220919-011","01/31/2027","Operational","07/23/2026","","","General Rounding","Mental Health Services","NTT-Deskside Services-NorthIsland-Local","Desktop","Dell OPTIPLEX 7000 MICRO V1",""
"PC034680","HSS-8066565","8qb5xp3","VIHA-CVHCC-Comox Valley Home & Community Care-Main Building-1st Floor","Courtenay","Main Building","118","1","VIHATRP20220919-013","01/31/2027","Operational","07/23/2026","","","General Rounding","Mental Health Services","NTT-Deskside Services-NorthIsland-Local","Desktop","Dell OPTIPLEX 7000 MICRO V1",""
"PC039106","HSS-8066566","cmv4xp3","VIHA-CVHCC-Comox Valley Home & Community Care-Main Building-1st Floor","Courtenay","Main Building","128","1","VIHATRP20220919-014","01/31/2027","Operational","07/23/2026","","","General Rounding","Mental Health Services","NTT-Deskside Services-NorthIsland-Local","Desktop","Dell OPTIPLEX 7000 MICRO V1",""
"PC032596","HSS-8066567","9MB5XP3","VIHA-CVHCC-Comox Valley Home & Community Care","Courtenay","Main Building","117","1","VIHATRP20220919-015","01/31/2027","Operational","07/25/2025","","","General Rounding","Mental Health Services","NTT-Deskside Services-NorthIsland-Local","Desktop","Dell OPTIPLEX 7000 MICRO V1",""
"PC066081","HSS-8066568","7ZFLDF3","VIHA-CVH-Comox Valley Hospital-Main Building-1st Floor","Courtenay","Main Building","CV1860","1","VIHATRP20220919-016","05/31/2026","Operational","07/23/2026","","","General Rounding","Medical Imaging","NTT-Deskside Services-NorthIsland-Staffed","Desktop","Dell PRECISION 5820 TOWER V2",""
"PC066089","HSS-8066569","7ZGPDF3","VIHA-CVH-Comox Valley Hospital-Main Building-1st Floor","Courtenay","Main Building","CV1885","1","VIHATRP20220919-017","05/31/2026","Operational","07/23/2026","Device is @ CVH in Medical Imaging, room CV1885","","General Rounding","Medical Imaging","NTT-Deskside Services-NorthIsland-Staffed","Desktop","Dell PRECISION 5820 TOWER V2","P500 Tower"
"PC066074","HSS-8066570","7ZFKDF3","VIHA-CVH-Comox Valley Hospital-Main Building-1st Floor","Courtenay","Main Building","CV1885","1","VIHATRP20220919-018","05/31/2026","Operational","07/23/2026","","","General Rounding","Medical Imaging","NTT-Deskside Services-NorthIsland-Staffed","Desktop","Dell PRECISION 5820 TOWER V2","PC026238"
"PC066077","HSS-8066571","7ZDNDF3","VIHA-CVH-Comox Valley Hospital-Main Building-1st Floor","Courtenay","Main Building","CV1861","1","VIHATRP20220919-019","05/31/2026","Operational","07/23/2026","","","General Rounding","Medical Imaging","NTT-Deskside Services-NorthIsland-Staffed","Desktop","Dell PRECISION 5820 TOWER V2","PC026239"
"PC066078","HSS-8066573","7Z9RDF3","VIHA-CVH-Comox Valley Hospital-Main Building-1st Floor","Courtenay","Main Building","CV1862","1","VIHATRP20220919-021","05/31/2026","Operational","07/23/2026","","","General Rounding","Medical Imaging","NTT-Deskside Services-NorthIsland-Staffed","Desktop","Dell PRECISION 5820 TOWER V2",""
"PC066076","HSS-8066574","7ZBMDF3","VIHA-CVH-Comox Valley Hospital-Main Building-1st Floor","Courtenay","Main Building","CV1856","1","VIHATRP20220919-022","05/31/2026","Operational","07/23/2026","","","General Rounding","Medical Imaging","NTT-Deskside Services-NorthIsland-Staffed","Desktop","Dell PRECISION 5820 TOWER V2",""
"PC066075","HSS-8066575","7ZBKDF3","VIHA-CVH-Comox Valley Hospital-Main Building-1st Floor","Courtenay","Main Building","CV1859","1","VIHATRP20220919-023","05/31/2026","Operational","07/23/2026","","","General Rounding","Medical Imaging","NTT-Deskside Services-NorthIsland-Staffed","Desktop","Dell PRECISION 5820 TOWER V2","PC026240"
"PC066080","HSS-8066576","7ZDMDF3","VIHA-CVH-Comox Valley Hospital-Main Building-1st Floor","Courtenay","Main Building","CV1858","1","VIHATRP20220919-024","05/31/2026","Operational","07/23/2026","","","General Rounding","Medical Imaging","NTT-Deskside Services-NorthIsland-Staffed","Desktop","Dell PRECISION 5820 TOWER V2",""
"PC066079","HSS-8066577","7ZFMDF3","VIHA-CVH-Comox Valley Hospital-Main Building-1st Floor","Courtenay","Main Building","CV1829","1","VIHATRP20220919-025","05/31/2026","Operational","07/23/2026","","","General Rounding","Medical Imaging","NTT-Deskside Services-NorthIsland-Staffed","Desktop","Dell PRECISION 5820 TOWER V2",""
"PC036140","HSS-8066645","8NV4XP3","VIHA-CCDF-Cumberland Community Dialysis Facility-Main Building-1st Floor","Cumberland","Main Building","R109","1","VIHATRP20220919-093","01/31/2027","Operational","03/19/2026","","","General Rounding","Dialysis Facility","NTT-Deskside Services-NorthIsland-Local","Desktop","Dell OPTIPLEX 7000 MICRO V1",""
"LD026049","HSS-8066646","FHP4NN3","VIHA-CCDF-Cumberland Community Dialysis Facility-Main Building-1st Floor","Cumberland","Main Building","R119","1","VIHATRP20220919-094","01/31/2027","Operational","03/19/2026","","","General Rounding","Dialysis Facility","NTT-Deskside Services-NorthIsland-Local","Laptop","Dell LATITUDE 7420 V3",""
"PC066091","HSS-8066647","DGY4XP3","VIHA-CHC-Cumberland Health Centre-Main Building-1st Floor","Cumberland","Main Building","Unit Clerk","1","VIHATRP20220919-095","01/31/2027","Operational","03/19/2026","","","General Rounding","Nursing","NTT-Deskside Services-NorthIsland-Local","Desktop","Dell OPTIPLEX 7000 MICRO V1",""
"LD038107","HSS-8066648","HL7LLN3","VIHA-CHC-Cumberland Health Centre-Main Building-1st Floor","Cumberland","Main Building","Maintenance Shop - WFH/Mobile sites","1","VIHATRP20220919-096","01/31/2027","Operational","06/20/2025","","","Excluded","Maintenance","NTT-Deskside Services-NorthIsland-Local","Laptop","Dell LATITUDE 7420 V3","LENOVO THINKPAD T470s i5-7300U 2.6GHZ 3M"
"PC036744","HSS-8066649","7PV4XP3","VIHA-CHC-Cumberland Health Centre-Main Building-1st Floor","Cumberland","Main Building","Reception Area","1","VIHATRP20220919-097","01/31/2027","Operational","03/19/2026","","","General Rounding","Administration","NTT-Deskside Services-NorthIsland-Local","Desktop","Dell OPTIPLEX 7000 MICRO V1",""
"LD026173","HSS-8066650","70XJLN3","VIHA-CHC-Cumberland Health Centre-Main Building-1st Floor","Cumberland","Main Building","Cumberland Pharmacy","1","VIHATRP20220919-098","01/31/2027","Operational","03/19/2026","","","General Rounding","Pharmacy","NTT-Deskside Services-NorthIsland-Local","Laptop","Dell LATITUDE 7420 V3",""
"PC032586","HSS-8066651","FHY4XP3","VIHA-CHC-Cumberland Health Centre-Main Building-1st Floor","Cumberland","Main Building","100/200 block med room (locked down zone)","1","VIHATRP20220919-099","01/31/2027","Operational","03/19/2026","","","General Rounding","Nursing","NTT-Deskside Services-NorthIsland-Local","Desktop","Dell OPTIPLEX 7000 MICRO V1",""
"PC030813","HSS-8066652","2HY4XP3","VIHA-CHC-Cumberland Health Centre-Main Building-1st Floor","Cumberland","Main Building","ADP (locked down zone)","1","VIHATRP20220919-100","01/31/2027","Operational","03/19/2026","","","General Rounding","Adult Day Program","NTT-Deskside Services-NorthIsland-Local","Desktop","Dell OPTIPLEX 7000 MICRO V1",""
"PC030814","HSS-8066653","9NV4XP3","VIHA-CHC-Cumberland Health Centre-Main Building-1st Floor","Cumberland","Main Building","Recreation Office","1","VIHATRP20220919-101","01/31/2027","Operational","03/19/2026","","","General Rounding","Therapy and Activation Office","NTT-Deskside Services-NorthIsland-Local","Desktop","Dell OPTIPLEX 7000 MICRO V1",""
"PC031468","HSS-8066654","FLV4XP3","VIHA-CHC-Cumberland Health Centre-Main Building-1st Floor","Cumberland","Main Building","Laboratory","1","VIHATRP20220919-102","01/31/2027","Operational","03/19/2026","","","General Rounding","Lab","NTT-Deskside Services-NorthIsland-Local","Desktop","Dell OPTIPLEX 7000 MICRO V1",""
"LD021653","HSS-8066655","DQWJLN3","VIHA-CHC-Cumberland Health Centre-Main Building-1st Floor","Cumberland","Main Building","Pharmacy office","1","VIHATRP20220919-103","01/31/2027","Operational","03/19/2026","","","General Rounding","Pharmacy","NTT-Deskside Services-NorthIsland-Local","Laptop","Dell LATITUDE 7420 V3",""
"PC038019","HSS-8066656","JLY4XP3","VIHA-CHC-Cumberland Health Centre-Main Building-Basement 1","Cumberland","Main Building","FMO","1","VIHATRP20220919-104","01/31/2027","Operational","03/19/2026","","","General Rounding","FMO","NTT-Deskside Services-NorthIsland-Local","Desktop","Dell OPTIPLEX 7000 MICRO V1",""
"PC054456","HSS-8066657","GLY4XP3","VIHA-CRL-Cumberland Regional Hospital Laundry Society-Main Building-1st Floor","Cumberland","Main Building","Lunch Room","1","VIHATRP20220919-105","01/31/2027","Operational","03/19/2026","","","General Rounding","Regional Laundry","NTT-Deskside Services-NorthIsland-Local","Desktop","Dell OPTIPLEX 7000 MICRO V1",""
"LD032464","HSS-8066791","CWQ3NN3","VIHA-CVH-Comox Valley Hospital-Main Building-0th Floor","Courtenay","Main Building","CV0620 (WFH Sarah Burrell)","0","VIHATRP20220926-001","01/31/2027","Operational","02/07/2024","","","Excluded","IMIT","NTT-Deskside Services-NorthIsland-Staffed","Laptop","Dell LATITUDE 7420 V3",""
"PC024298","HSS-8066794","1NZ2XP3","VIHA-CVH-Comox Valley Hospital-Main Building-2nd Floor","Courtenay","Main Building","CV2222","2","VIHATRP20220926-004","01/31/2027","Operational","08/11/2026","","","General Rounding","Intensive Care/Telemetry Unit (ICU/TU)","NTT-Deskside Services-NorthIsland-Staffed","Desktop","Dell OPTIPLEX 7000 MICRO V1",""
"LD024379","HSS-8066795","GNK2NN3","VIHA-CVH-Comox Valley Hospital-Main Building-0th Floor","Courtenay","Main Building","CV0324","0","VIHATRP20220926-005","01/31/2027","Operational","03/02/2026","SD211868  -","","General Rounding","Site Support and Business Services","NTT-Deskside Services-NorthIsland-Staffed","Laptop","Dell LATITUDE 7420 V3",""
"PC026049","HSS-8066797","JLZ2XP3","VIHA-CVH-Comox Valley Hospital-Main Building-0th Floor","Courtenay","Main Building","CV0325 - Workstation 10","0","VIHATRP20220926-007","01/31/2027","Operational","03/12/2026","","","General Rounding","Site Support and Business Services","NTT-Deskside Services-NorthIsland-Staffed","Desktop","Dell OPTIPLEX 7000 MICRO V1",""
"PC024288","HSS-8066798","5MZ2XP3","VIHA-CVH-Comox Valley Hospital-Main Building-0th Floor","Courtenay","Main Building","CV0410","0","VIHATRP20220926-008","01/31/2027","Operational","08/14/2026","","","General Rounding","Housekeeping","NTT-Deskside Services-NorthIsland-Staffed","Desktop","Dell OPTIPLEX 7000 MICRO V1",""
"LD033575","HSS-8066799","1BZDLN3","VIHA-CVH-Comox Valley Hospital-Main Building-0th Floor","Courtenay","Main Building","WFH - WCollingewagner","0","VIHATRP20220926-009","01/31/2027","Operational","02/07/2024","","","Excluded"," ","NTT-Deskside Services-NorthIsland-Staffed","Laptop","Dell LATITUDE 7420 V3",""
"LD065234","HSS-8066800","8JF3NN3","VIHA-CVH-Comox Valley Hospital-Main Building-0th Floor","Courtenay","Main Building","CV0415 WFH Tracey Sjodin","0","VIHATRP20220926-010","01/31/2027","Operational","07/20/2026","","","Excluded","Housekeeping","NTT-Deskside Services-NorthIsland-Staffed","Laptop","Dell LATITUDE 7420 V3",""
"PC024366","HSS-8066801","DPQ5XP3","VIHA-CVH-Comox Valley Hospital-Main Building-1st Floor","Courtenay","Main Building","CV1786","1","VIHATRP20220926-011","01/31/2027","Operational","08/05/2026","","","General Rounding","Endoscopy","NTT-Deskside Services-NorthIsland-Staffed","Desktop","Dell OPTIPLEX 7000 MICRO V1",""
"PC024382","HSS-8066802","1R23XP3","VIHA-CVH-Comox Valley Hospital-Main Building-1st Floor","Courtenay","Main Building","CV1918 (724)","1","VIHATRP20220926-012","01/31/2027","Operational","08/14/2026","Please NOTE that the following software applications are incompatible with the Cerner 724 Downtime application:
-Downtime Patient Index (DTPI)
-Dragon Medical One Extensions (DMO)
-Imprivata OneSign Software/Card Reader (Tap In/Out)
-Inteleviewer (Medical Imaging)

If the software is requested to be installed, the Incident or Request should be assigned to the ""VIHA-Client Experience"" assignment group so the request can be evaluated.","","Critical Clinical","Emergency Department","NTT-Deskside Services-NorthIsland-Staffed","Desktop","Dell OPTIPLEX 7000 MICRO V1",""
"PC026089","HSS-8066803","3NZ2XP3","VIHA-CVH-Comox Valley Hospital-Main Building-1st Floor","Courtenay","Main Building","CV1518","1","VIHATRP20220926-013","01/31/2027","Operational","07/17/2026","","","General Rounding","Ophthalmology","NTT-Deskside Services-NorthIsland-Staffed","Desktop","Dell OPTIPLEX 7000 MICRO V1",""
"PC026358","HSS-8066804","FKZ2XP3","VIHA-CVH-Comox Valley Hospital-Main Building-1st Floor","Courtenay","Main Building","CV1701","1","VIHATRP20220926-014","01/31/2027","Operational","07/27/2026","","","General Rounding","Heart and Lung","NTT-Deskside Services-NorthIsland-Staffed","Desktop","Dell OPTIPLEX 7000 MICRO V1",""
"PC024378","HSS-8066805","8NZ2XP3","VIHA-CVH-Comox Valley Hospital-Main Building-1st Floor","Courtenay","Main Building","CV1900","1","VIHATRP20220926-015","01/31/2027","Operational","07/24/2026","","","General Rounding","Emergency Department","NTT-Deskside Services-NorthIsland-Staffed","Desktop","Dell OPTIPLEX 7000 MICRO V1",""
"PC024331","HSS-8066806","2NZ2XP3","VIHA-CVH-Comox Valley Hospital-Main Building-1st Floor","Courtenay","Main Building","CV1300","1","VIHATRP20220926-016","01/31/2027","Operational","08/13/2026","","","Critical Clinical","Admitting","NTT-Deskside Services-NorthIsland-Staffed","Desktop","Dell OPTIPLEX 7000 MICRO V1",""
"PC024322","HSS-8066807","DMZ2XP3","VIHA-CVH-Comox Valley Hospital-Main Building-1st Floor","Courtenay","Main Building","CV1121","1","VIHATRP20220926-017","01/31/2027","Operational","06/11/2026","","","General Rounding","Central Education and Conference Facilities","NTT-Deskside Services-NorthIsland-Staffed","Desktop","Dell OPTIPLEX 7000 MICRO V1",""
"PC026142","HSS-8066808","51R5XP3","VIHA-CVH-Comox Valley Hospital-Main Building-1st Floor","Courtenay","Main Building","CV1633","1","VIHATRP20220926-018","01/31/2027","Operational","08/14/2026","","","Critical Clinical","Emergency Department","NTT-Deskside Services-NorthIsland-Staffed","Desktop","Dell OPTIPLEX 7000 MICRO V1",""
"PC024368","HSS-8066809","3PZ2XP3","VIHA-CVH-Comox Valley Hospital-Main Building-1st Floor","Courtenay","Main Building","CV1800 (724)","1","VIHATRP20220926-019","01/31/2027","Operational","08/13/2026","Please NOTE that the following software applications are incompatible with the Cerner 724 Downtime application:
-Downtime Patient Index (DTPI)
-Dragon Medical One Extensions (DMO)
-Imprivata OneSign Software/Card Reader (Tap In/Out)
-Inteleviewer (Medical Imaging)

If the software is requested to be installed, the Incident or Request should be assigned to the ""VIHA-Client Experience"" assignment group so the request can be evaluated.","","Critical Clinical","Medical Imaging","NTT-Deskside Services-NorthIsland-Staffed","Desktop","Dell OPTIPLEX 7000 MICRO V1",""
"PC024361","HSS-8066810","GMZ2XP3","VIHA-CVH-Comox Valley Hospital-Main Building-1st Floor","Courtenay","Main Building","CV1925","1","VIHATRP20220926-020","01/31/2027","Operational","07/24/2026","","","General Rounding","Emergency Department","NTT-Deskside Services-NorthIsland-Staffed","Desktop","Dell OPTIPLEX 7000 MICRO V1",""
"PC026117","HSS-8066811","63R5XP3","VIHA-CVH-Comox Valley Hospital-Main Building-1st Floor","Courtenay","Main Building","CV1800","1","VIHATRP20220926-021","01/31/2027","Operational","07/23/2026","","","General Rounding","Medical Imaging","NTT-Deskside Services-NorthIsland-Staffed","Desktop","Dell OPTIPLEX 7000 MICRO V1",""
"PC026356","HSS-8066812","G2R5XP3","VIHA-CVH-Comox Valley Hospital-Main Building-4th Floor","Courtenay","Main Building","CV4404","4","VIHATRP20220926-022","01/31/2027","Operational","07/17/2026","","","General Rounding","Psychiatric Inpatient Unit","NTT-Deskside Services-NorthIsland-Staffed","Desktop","Dell OPTIPLEX 7000 MICRO V1",""
"PC024160","HSS-8066813","1PQ5XP3","VIHA-CVH-Comox Valley Hospital-Main Building-1st Floor","Courtenay","Main Building","CV1517","1","VIHATRP20220926-023","01/31/2027","Operational","08/05/2026","","","General Rounding","Ambulatory Care","NTT-Deskside Services-NorthIsland-Staffed","Desktop","Dell OPTIPLEX 7000 MICRO V1",""
"PC026368","HSS-8066814","BNQ5XP3","VIHA-CVH-Comox Valley Hospital-Main Building-1st Floor","Courtenay","Main Building","CV1744","1","VIHATRP20220926-024","01/31/2027","Operational","08/05/2026","","","General Rounding","Endoscopy","NTT-Deskside Services-NorthIsland-Staffed","Desktop","Dell OPTIPLEX 7000 MICRO V1",""
"PC026109","HSS-8066815","7PR4XP3","VIHA-CVH-Comox Valley Hospital-Main Building-1st Floor","Courtenay","Main Building","CV1707","1","VIHATRP20220926-025","01/31/2027","Operational","07/27/2026","","","General Rounding","Heart and Lung","NTT-Deskside Services-NorthIsland-Staffed","Desktop","Dell OPTIPLEX 7000 MICRO V1",""
"PC024341","HSS-8066816","JPQ5XP3","VIHA-CVH-Comox Valley Hospital-Main Building-1st Floor","Courtenay","Main Building","CV1430","1","VIHATRP20220926-026","01/31/2027","Operational","08/13/2026","","","Critical Clinical","Admitting","NTT-Deskside Services-NorthIsland-Staffed","Desktop","Dell OPTIPLEX 7000 MICRO V1",""
"PC026118","HSS-8066817","11R5XP3","VIHA-CVH-Comox Valley Hospital-Main Building-1st Floor","Courtenay","Main Building","CV1800","1","VIHATRP20220926-027","01/31/2027","Operational","07/23/2026","","","General Rounding","Medical Imaging","NTT-Deskside Services-NorthIsland-Staffed","Desktop","Dell OPTIPLEX 7000 MICRO V1",""
"PC024376","HSS-8066818","64R5XP3","VIHA-CVH-Comox Valley Hospital-Main Building-1st Floor","Courtenay","Main Building","CV1900","1","VIHATRP20220926-028","01/31/2027","Operational","07/24/2026","","","General Rounding","Emergency Department","NTT-Deskside Services-NorthIsland-Staffed","Desktop","Dell OPTIPLEX 7000 MICRO V1",""
"PC024359","HSS-8066819","GSQ5XP3","VIHA-CVH-Comox Valley Hospital-Main Building-1st Floor","Courtenay","Main Building","CV1628","1","VIHATRP20220926-029","01/31/2027","Operational","07/28/2026","","","General Rounding","Emergency Department","NTT-Deskside Services-NorthIsland-Staffed","Desktop","Dell OPTIPLEX 7000 MICRO V1",""
"PC026115","HSS-8066820","2Q23XP3","VIHA-CVH-Comox Valley Hospital-Main Building-1st Floor","Courtenay","Main Building","CV1800","1","VIHATRP20220926-030","01/31/2027","Operational","07/23/2026","","","General Rounding","Medical Imaging","NTT-Deskside Services-NorthIsland-Staffed","Desktop","Dell OPTIPLEX 7000 MICRO V1",""
"PC024377","HSS-8066821","HHV4XP3","VIHA-CVH-Comox Valley Hospital-Main Building-1st Floor","Courtenay","Main Building","CV1900","1","VIHATRP20220926-031","01/31/2027","Operational","07/24/2026","","","General Rounding","Emergency Department","NTT-Deskside Services-NorthIsland-Staffed","Desktop","Dell OPTIPLEX 7000 MICRO V1",""
"PC024351","HSS-8066822","7PQ5XP3","VIHA-CVH-Comox Valley Hospital-Main Building-1st Floor","Courtenay","Main Building","CV1562","1","VIHATRP20220926-032","01/31/2027","Operational","07/17/2026","","","General Rounding","Bone and Joint","NTT-Deskside Services-NorthIsland-Staffed","Desktop","Dell OPTIPLEX 7000 MICRO V1",""
"PC026364","HSS-8066823","F1R5XP3","VIHA-CVH-Comox Valley Hospital-Main Building-1st Floor","Courtenay","Main Building","CV1708","1","VIHATRP20220926-033","01/31/2027","Operational","07/27/2026","","","General Rounding","Heart and Lung","NTT-Deskside Services-NorthIsland-Staffed","Desktop","Dell OPTIPLEX 7000 MICRO V1",""
"PC026067","HSS-8066824","4NQ5XP3","VIHA-CVH-Comox Valley Hospital-Main Building-1st Floor","Courtenay","Main Building","CV1633","1","VIHATRP20220926-034","01/31/2027","Operational","08/14/2026","","","Critical Clinical","Emergency Department","NTT-Deskside Services-NorthIsland-Staffed","Desktop","Dell OPTIPLEX 7000 MICRO V1",""
"PC026078","HSS-8066825","HKZ2XP3","VIHA-CVH-Comox Valley Hospital-Main Building-1st Floor","Courtenay","Main Building","CV1447","1","VIHATRP20220926-035","01/31/2027","Operational","03/27/2026","","","General Rounding","Central Patient Registration","NTT-Deskside Services-NorthIsland-Staffed","Desktop","Dell OPTIPLEX 7000 MICRO V1",""
"PC024383","HSS-8066827","3QQ5XP3","VIHA-CVH-Comox Valley Hospital-Main Building-1st Floor","Courtenay","Main Building","CV1919","1","VIHATRP20220926-037","01/31/2027","Operational","07/24/2026","","","General Rounding","Emergency Department","NTT-Deskside Services-NorthIsland-Staffed","Desktop","Dell OPTIPLEX 7000 MICRO V1",""
"PC024375","HSS-8066829","FMZ2XP3","VIHA-CVH-Comox Valley Hospital-Main Building-1st Floor","Courtenay","Main Building","CV1900","1","VIHATRP20220926-039","01/31/2027","Operational","07/28/2026","","","General Rounding","Emergency Department","NTT-Deskside Services-NorthIsland-Staffed","Desktop","Dell OPTIPLEX 7000 MICRO V1",""
"PC024329","HSS-8066830","5NZ2XP3","VIHA-CVH-Comox Valley Hospital-Main Building-1st Floor","Courtenay","Main Building","CV1915","1","VIHATRP20220926-040","01/31/2027","Operational","07/24/2026","","","General Rounding","Emergency Department","NTT-Deskside Services-NorthIsland-Staffed","Desktop","Dell OPTIPLEX 7000 MICRO V1",""
"PC024384","HSS-8066831","JQQ5XP3","VIHA-CVH-Comox Valley Hospital-Main Building-1st Floor","Courtenay","Main Building","CV1922","1","VIHATRP20220926-041","01/31/2027","Operational","07/28/2026","","","General Rounding","Emergency Department","NTT-Deskside Services-NorthIsland-Staffed","Desktop","Dell OPTIPLEX 7000 MICRO V1",""
"PC026107","HSS-8066832","GKZ2XP3","VIHA-CVH-Comox Valley Hospital-Main Building-1st Floor","Courtenay","Main Building","CV1633","1","VIHATRP20220926-042","01/31/2027","Operational","08/14/2026","","","Critical Clinical","Emergency Department","NTT-Deskside Services-NorthIsland-Staffed","Desktop","Dell OPTIPLEX 7000 MICRO V1",""
"PC026079","HSS-8066833","1PZ2XP3","VIHA-CVH-Comox Valley Hospital-Main Building-1st Floor","Courtenay","Main Building","CV1463","1","VIHATRP20220926-043","01/31/2027","Operational","03/23/2026","","","General Rounding","Central Patient Registration","NTT-Deskside Services-NorthIsland-Staffed","Desktop","Dell OPTIPLEX 7000 MICRO V1",""
"PC024348","HSS-8066834","4Q23XP3","VIHA-CVH-Comox Valley Hospital-Main Building-1st Floor","Courtenay","Main Building","CV1500 (724)","1","VIHATRP20220926-044","01/31/2027","Operational","08/13/2026","Please NOTE that the following software applications are incompatible with the Cerner 724 Downtime application:
-Downtime Patient Index (DTPI)
-Dragon Medical One Extensions (DMO)
-Imprivata OneSign Software/Card Reader (Tap In/Out)
-Inteleviewer (Medical Imaging)

If the software is requested to be installed, the Incident or Request should be assigned to the ""VIHA-Client Experience"" assignment group so the request can be evaluated.","","Critical Clinical","Wellness Centre","NTT-Deskside Services-NorthIsland-Staffed","Desktop","Dell OPTIPLEX 7000 MICRO V1",""
"PC024385","HSS-8066835","FLZ2XP3","VIHA-CVH-Comox Valley Hospital-Main Building-1st Floor","Courtenay","Main Building","CV1922","1","VIHATRP20220926-045","01/31/2027","Operational","06/25/2026","","","General Rounding","Emergency Department","NTT-Deskside Services-NorthIsland-Staffed","Desktop","Dell OPTIPLEX 7000 MICRO V1",""
"PC026086","HSS-8066836","CLZ2XP3","VIHA-CVH-Comox Valley Hospital-Main Building-1st Floor","Courtenay","Main Building","CV1536","1","VIHATRP20220926-046","01/31/2027","Operational","08/05/2026","","","General Rounding","Endoscopy","NTT-Deskside Services-NorthIsland-Staffed","Desktop","Dell OPTIPLEX 7000 MICRO V1",""
"PC024380","HSS-8066837","HMZ2XP3","VIHA-CVH-Comox Valley Hospital-Main Building-1st Floor","Courtenay","Main Building","CV1918","1","VIHATRP20220926-047","01/31/2027","Operational","06/25/2026","","","General Rounding","Emergency Department","NTT-Deskside Services-NorthIsland-Staffed","Desktop","Dell OPTIPLEX 7000 MICRO V1",""
"PC026366","HSS-8066838","1Q23XP3","VIHA-CVH-Comox Valley Hospital-Main Building-1st Floor","Courtenay","Main Building","CV1727","1","VIHATRP20220926-048","01/31/2027","Operational","06/12/2026","","","General Rounding","Cardio-Pulmonary Diagnostic Services","NTT-Deskside Services-NorthIsland-Staffed","Desktop","Dell OPTIPLEX 7000 MICRO V1",""
"PC026236","HSS-8066839","1KV4XP3","VIHA-CVH-Comox Valley Hospital-Main Building-1st Floor","Courtenay","Main Building","CV1633","1","VIHATRP20220926-049","01/31/2027","Operational","08/14/2026","","","Critical Clinical","Emergency Department","NTT-Deskside Services-NorthIsland-Staffed","Desktop","Dell OPTIPLEX 7000 MICRO V1",""
"PC026105","HSS-8066840","FQQ5XP3","VIHA-CVH-Comox Valley Hospital-Main Building-1st Floor","Courtenay","Main Building","CV1633","1","VIHATRP20220926-050","01/31/2027","Operational","08/14/2026","","","Critical Clinical","Emergency Department","NTT-Deskside Services-NorthIsland-Staffed","Desktop","Dell OPTIPLEX 7000 MICRO V1",""
"PC026104","HSS-8066841","2PR4XP3","VIHA-CVH-Comox Valley Hospital-Main Building-1st Floor","Courtenay","Main Building","CV1630 (724)","1","VIHATRP20220926-051","01/31/2027","Operational","08/14/2026","Please NOTE that the following software applications are incompatible with the Cerner 724 Downtime application:
-Downtime Patient Index (DTPI)
-Dragon Medical One Extensions (DMO)
-Imprivata OneSign Software/Card Reader (Tap In/Out)
-Inteleviewer (Medical Imaging)

If the software is requested to be installed, the Incident or Request should be assigned to the ""VIHA-Client Experience"" assignment group so the request can be evaluated.","","Critical Clinical","Emergency Department","NTT-Deskside Services-NorthIsland-Staffed","Desktop","Dell OPTIPLEX 7000 MICRO V1",""
"PC024340","HSS-8066842","HNR4XP3","VIHA-CVH-Comox Valley Hospital-Main Building-1st Floor","Courtenay","Main Building","CV1854","1","VIHATRP20220926-052","01/31/2027","Operational","07/23/2026","","","General Rounding","Medical Imaging","NTT-Deskside Services-NorthIsland-Staffed","Desktop","Dell OPTIPLEX 7000 MICRO V1",""
"LD024387","HSS-8066843","BM2KLN3","VIHA-CVH-Comox Valley Hospital-Main Building-1st Floor","Courtenay","Main Building","CV1542","1","VIHATRP20220926-053","01/31/2027","Operational","08/05/2026","","","General Rounding","Ambulatory Care","NTT-Deskside Services-NorthIsland-Staffed","Laptop","Dell LATITUDE 7420 V3",""
"LD024385","HSS-8066844","F23LLN3","VIHA-CVH-Comox Valley Hospital-Main Building-1st Floor","Courtenay","Main Building","CV1522","1","VIHATRP20220926-054","01/31/2027","Operational","07/17/2026","","","General Rounding","Hip and Knee Centre","NTT-Deskside Services-NorthIsland-Staffed","Laptop","Dell LATITUDE 7420 V3",""
"PC026102","HSS-8066845","2PQ5XP3","VIHA-CVH-Comox Valley Hospital-Main Building-1st Floor","Courtenay","Main Building","CV1612","1","VIHATRP20220926-055","01/31/2027","Operational","07/28/2026","","","General Rounding","Emergency Department","NTT-Deskside Services-NorthIsland-Staffed","Desktop","Dell OPTIPLEX 7000 MICRO V1",""
"PC026140","HSS-8066846","9QR4XP3","VIHA-CVH-Comox Valley Hospital-Main Building-1st Floor","Courtenay","Main Building","CV1915","1","VIHATRP20220926-056","01/31/2027","Operational","07/24/2026","","","General Rounding","Emergency Department","NTT-Deskside Services-NorthIsland-Staffed","Desktop","Dell OPTIPLEX 7000 MICRO V1",""
"PC028110","HSS-8066847","2QR4XP3","VIHA-CVH-Comox Valley Hospital-Main Building-1st Floor","Courtenay","Main Building","CV1521","1","VIHATRP20220926-057","01/31/2027","Operational","08/05/2026","","","General Rounding","Ambulatory Care","NTT-Deskside Services-NorthIsland-Staffed","Desktop","Dell OPTIPLEX 7000 MICRO V1",""
"PC026139","HSS-8066848","2MV4XP3","VIHA-CVH-Comox Valley Hospital-Main Building-1st Floor","Courtenay","Main Building","CV1920","1","VIHATRP20220926-058","01/31/2027","Operational","08/14/2026","","","Critical Clinical","Emergency Department","NTT-Deskside Services-NorthIsland-Staffed","Desktop","Dell OPTIPLEX 7000 MICRO V1",""
"PC026097","HSS-8066849","8LV4XP3","VIHA-CVH-Comox Valley Hospital-Main Building-1st Floor","Courtenay","Main Building","CV1584","1","VIHATRP20220926-059","01/31/2027","Operational","08/05/2026","","","General Rounding","Cancer Care","NTT-Deskside Services-NorthIsland-Staffed","Desktop","Dell OPTIPLEX 7000 MICRO V1",""
"PC026383","HSS-8066851","8PB5XP3","VIHA-CVH-Comox Valley Hospital-Main Building-2nd Floor","Courtenay","Main Building","CV2617","2","VIHATRP20220926-061","01/31/2027","Operational","07/10/2026","","","General Rounding","UBC Faculty of Medicine","NTT-Deskside Services-NorthIsland-Staffed","Desktop","Dell OPTIPLEX 7000 MICRO V1",""
"PC026098","HSS-8066852","BPB5XP3","VIHA-CVH-Comox Valley Hospital-Main Building-1st Floor","Courtenay","Main Building","CV1584","1","VIHATRP20220926-062","01/31/2027","Operational","08/05/2026","","","General Rounding","Cancer Care","NTT-Deskside Services-NorthIsland-Staffed","Desktop","Dell OPTIPLEX 7000 MICRO V1",""
"PC024360","HSS-8066853","FMB5XP3","VIHA-CVH-Comox Valley Hospital-Main Building-1st Floor","Courtenay","Main Building","CV1633 (724)","1","VIHATRP20220926-063","01/31/2027","Operational","08/14/2026","Please NOTE that the following software applications are incompatible with the Cerner 724 Downtime application:
-Downtime Patient Index (DTPI)
-Dragon Medical One Extensions (DMO)
-Imprivata OneSign Software/Card Reader (Tap In/Out)
-Inteleviewer (Medical Imaging)

If the software is requested to be installed, the Incident or Request should be assigned to the ""VIHA-Client Experience"" assignment group so the request can be evaluated.","","Critical Clinical","Emergency Department","NTT-Deskside Services-NorthIsland-Staffed","Desktop","Dell OPTIPLEX 7000 MICRO V1",""
"LD065673","HSS-8066855","B7ZDLN3","VIHA-CVH-Comox Valley Hospital-Main Building-1st Floor","Courtenay","Main Building","CV1918","1","VIHATRP20220926-065","01/31/2027","Operational","07/28/2026","","","General Rounding","Emergency Department","NTT-Deskside Services-NorthIsland-Staffed","Laptop","Dell LATITUDE 7420 V3",""
"PC024417","HSS-8066856","3PB5XP3","VIHA-CVH-Comox Valley Hospital-Main Building-2nd Floor","Courtenay","Main Building","CV2646","2","VIHATRP20220926-066","01/31/2027","Operational","07/10/2026","","","General Rounding","Surgical Services","NTT-Deskside Services-NorthIsland-Staffed","Desktop","Dell OPTIPLEX 7000 MICRO V1",""
"PC024495","HSS-8066857","5NB5XP3","VIHA-CVH-Comox Valley Hospital-Main Building-2nd Floor","Courtenay","Main Building","CV2326","2","VIHATRP20220926-067","01/31/2027","Operational","08/11/2026","","","General Rounding","Intensive Care/Telemetry Unit (ICU/TU)","NTT-Deskside Services-NorthIsland-Staffed","Desktop","Dell OPTIPLEX 7000 MICRO V1",""
"PC024403","HSS-8066858","6NB5XP3","VIHA-CVH-Comox Valley Hospital-Main Building-2nd Floor","Courtenay","Main Building","CV2318 (724)","2","VIHATRP20220926-068","01/31/2027","Operational","08/12/2026","Please NOTE that the following software applications are incompatible with the Cerner 724 Downtime application:
-Downtime Patient Index (DTPI)
-Dragon Medical One Extensions (DMO)
-Imprivata OneSign Software/Card Reader (Tap In/Out)
-Inteleviewer (Medical Imaging)

If the software is requested to be installed, the Incident or Request should be assigned to the ""VIHA-Client Experience"" assignment group so the request can be evaluated.","","Critical Clinical","Intensive Care/Telemetry Unit (ICU/TU)","NTT-Deskside Services-NorthIsland-Staffed","Desktop","Dell OPTIPLEX 7000 MICRO V1",""
"PC024407","HSS-8066859","1QB5XP3","VIHA-CVH-Comox Valley Hospital-Main Building-2nd Floor","Courtenay","Main Building","CV2326","2","VIHATRP20220926-069","01/31/2027","Operational","08/11/2026","","","General Rounding","Intensive Care/Telemetry Unit (ICU/TU)","NTT-Deskside Services-NorthIsland-Staffed","Desktop","Dell OPTIPLEX 7000 MICRO V1",""
"PC026177","HSS-8066860","6PB5XP3","VIHA-CVH-Comox Valley Hospital-Main Building-2nd Floor","Courtenay","Main Building","CV2646","2","VIHATRP20220926-070","01/31/2027","Operational","07/10/2026","","","General Rounding","Surgical Services","NTT-Deskside Services-NorthIsland-Staffed","Desktop","Dell OPTIPLEX 7000 MICRO V1",""
"PC026385","HSS-8066861","5MB5XP3","VIHA-CVH-Comox Valley Hospital-Main Building-2nd Floor","Courtenay","Main Building","CV2647","2","VIHATRP20220926-071","01/31/2027","Operational","07/10/2026","","","General Rounding","Surgical Services","NTT-Deskside Services-NorthIsland-Staffed","Desktop","Dell OPTIPLEX 7000 MICRO V1",""
"PC026165","HSS-8066862","4V15XP3","VIHA-CVH-Comox Valley Hospital-Main Building-2nd Floor","Courtenay","Main Building","CV2321","2","VIHATRP20220926-072","01/31/2027","Operational","08/11/2026","","","General Rounding","Intensive Care/Telemetry Unit (ICU/TU)","NTT-Deskside Services-NorthIsland-Staffed","Desktop","Dell OPTIPLEX 7000 MICRO V1",""
"PC024397","HSS-8066864","HLB5XP3","VIHA-CVH-Comox Valley Hospital-Main Building-2nd Floor","Courtenay","Main Building","CV2222","2","VIHATRP20220926-074","01/31/2027","Operational","08/11/2026","","","General Rounding","Intensive Care/Telemetry Unit (ICU/TU)","NTT-Deskside Services-NorthIsland-Staffed","Desktop","Dell OPTIPLEX 7000 MICRO V1",""
"PC024404","HSS-8066865","HMB5XP3","VIHA-CVH-Comox Valley Hospital-Main Building-2nd Floor","Courtenay","Main Building","CV2319","2","VIHATRP20220926-075","01/31/2027","Operational","08/11/2026","","","General Rounding","Intensive Care/Telemetry Unit (ICU/TU)","NTT-Deskside Services-NorthIsland-Staffed","Desktop","Dell OPTIPLEX 7000 MICRO V1",""
"PC024386","HSS-8066866","GLB5XP3","VIHA-CVH-Comox Valley Hospital-Main Building-2nd Floor","Courtenay","Main Building","CV2113 - Reception","2","VIHATRP20220926-076","01/31/2027","Operational","08/12/2026","","","Critical Clinical","Maternity and Newborn Inpatient Unit","NTT-Deskside Services-NorthIsland-Staffed","Desktop","Dell OPTIPLEX 7000 MICRO V1",""
"PC026377","HSS-8066867","16D5XP3","VIHA-CVH-Comox Valley Hospital-Main Building-1st Floor","Courtenay","Main Building","CV1536","1","VIHATRP20220926-077","01/31/2027","Operational","07/17/2026","","","General Rounding","Medical Day Care Booking","NTT-Deskside Services-NorthIsland-Staffed","Desktop","Dell OPTIPLEX 7000 MICRO V1",""
"PC024406","HSS-8066868","JMB5XP3","VIHA-CVH-Comox Valley Hospital-Main Building-2nd Floor","Courtenay","Main Building","CV2321","2","VIHATRP20220926-078","01/31/2027","Operational","08/11/2026","","","General Rounding","Intensive Care/Telemetry Unit (ICU/TU)","NTT-Deskside Services-NorthIsland-Staffed","Desktop","Dell OPTIPLEX 7000 MICRO V1",""
"PC024463","HSS-8066869","GMB5XP3","VIHA-CVH-Comox Valley Hospital-Main Building-2nd Floor","Courtenay","Main Building","CV2912","2","VIHATRP20220926-079","01/31/2027","Operational","08/12/2026","","","General Rounding","Histology","NTT-Deskside Services-NorthIsland-Staffed","Desktop","Dell OPTIPLEX 7000 MICRO V1",""
"PC024413","HSS-8066870","CNB5XP3","VIHA-CVH-Comox Valley Hospital-Main Building-2nd Floor","Courtenay","Main Building","CV2401","2","VIHATRP20220926-080","01/31/2027","Operational","07/10/2026","","","General Rounding","Surgical Services","NTT-Deskside Services-NorthIsland-Staffed","Desktop","Dell OPTIPLEX 7000 MICRO V1",""
"PC024469","HSS-8066871","25D5XP3","VIHA-CVH-Comox Valley Hospital-Main Building-2nd Floor","Courtenay","Main Building","CV2911","2","VIHATRP20220926-081","01/31/2027","Operational","08/12/2026","","","General Rounding","Histology","NTT-Deskside Services-NorthIsland-Staffed","Desktop","Dell OPTIPLEX 7000 MICRO V1",""
"PC024428","HSS-8066872","47D5XP3","VIHA-CVH-Comox Valley Hospital-Main Building-2nd Floor","Courtenay","Main Building","CV2820 (724)","2","VIHATRP20220926-082","01/31/2027","Operational","08/12/2026","Please NOTE that the following software applications are incompatible with the Cerner 724 Downtime application:
-Downtime Patient Index (DTPI)
-Dragon Medical One Extensions (DMO)
-Imprivata OneSign Software/Card Reader (Tap In/Out)
-Inteleviewer (Medical Imaging)

If the software is requested to be installed, the Incident or Request should be assigned to the ""VIHA-Client Experience"" assignment group so the request can be evaluated.","CV2820 - Patient Holding and Procedure Support Pre Procedure Holding Area - OR Control Desk","Critical Clinical","Surgical Services","NTT-Deskside Services-NorthIsland-Staffed","Desktop","Dell OPTIPLEX 7000 MICRO V1",""
"PC026388","HSS-8066873","9PB5XP3","VIHA-CVH-Comox Valley Hospital-Main Building-2nd Floor","Courtenay","Main Building","CV2706 (OR6)","2","VIHATRP20220926-083","01/31/2027","Operational","12/12/2025","","","General Rounding","Surgical Services","NTT-Deskside Services-NorthIsland-Staffed","Desktop","Dell OPTIPLEX 7000 MICRO V1",""
"PC026161","HSS-8066874","8JB5XP3","VIHA-CVH-Comox Valley Hospital-Main Building-2nd Floor","Courtenay","Main Building","CV2316","2","VIHATRP20220926-084","01/31/2027","Operational","08/11/2026","","","General Rounding","Intensive Care/Telemetry Unit (ICU/TU)","NTT-Deskside Services-NorthIsland-Staffed","Desktop","Dell OPTIPLEX 7000 MICRO V1",""
"PC024422","HSS-8066875","HNB5XP3","VIHA-CVH-Comox Valley Hospital-Main Building-2nd Floor","Courtenay","Main Building","CV2702 (OR2)","2","VIHATRP20220926-085","01/31/2027","Operational","12/12/2025","","","General Rounding","Surgical Services","NTT-Deskside Services-NorthIsland-Staffed","Desktop","Dell OPTIPLEX 7000 MICRO V1",""
"PC024471","HSS-8066876","7MB5XP3","VIHA-CVH-Comox Valley Hospital-Main Building-2nd Floor","Courtenay","Main Building","CV2911","2","VIHATRP20220926-086","01/31/2027","Operational","08/12/2026","","","General Rounding","Histology","NTT-Deskside Services-NorthIsland-Staffed","Desktop","Dell OPTIPLEX 7000 MICRO V1",""
"PC026163","HSS-8066877","7NB5XP3","VIHA-CVH-Comox Valley Hospital-Main Building-2nd Floor","Courtenay","Main Building","CV2318","2","VIHATRP20220926-087","01/31/2027","Operational","08/11/2026","","","General Rounding","Intensive Care/Telemetry Unit (ICU/TU)","NTT-Deskside Services-NorthIsland-Staffed","Desktop","Dell OPTIPLEX 7000 MICRO V1",""
"PC024423","HSS-8066878","2QB5XP3","VIHA-CVH-Comox Valley Hospital-Main Building-2nd Floor","Courtenay","Main Building","CV2704 (OR4)","2","VIHATRP20220926-088","01/31/2027","Operational","12/12/2025","","","General Rounding","Surgical Services","NTT-Deskside Services-NorthIsland-Staffed","Desktop","Dell OPTIPLEX 7000 MICRO V1",""
"PC024420","HSS-8066879","GNB5XP3","VIHA-CVH-Comox Valley Hospital-Main Building-2nd Floor","Courtenay","Main Building","CV2701 (OR1)","2","VIHATRP20220926-089","01/31/2027","Operational","12/12/2025","","","General Rounding","Surgical Services","NTT-Deskside Services-NorthIsland-Staffed","Desktop","Dell OPTIPLEX 7000 MICRO V1",""
"PC026178","HSS-8066880","FLB5XP3","VIHA-CVH-Comox Valley Hospital-Main Building-2nd Floor","Courtenay","Main Building","CV2646","2","VIHATRP20220926-090","01/31/2027","Operational","07/10/2026","","","General Rounding","Surgical Services","NTT-Deskside Services-NorthIsland-Staffed","Desktop","Dell OPTIPLEX 7000 MICRO V1",""
"PC026381","HSS-8066881","DMB5XP3","VIHA-CVH-Comox Valley Hospital-Main Building-2nd Floor","Courtenay","Main Building","CV2613","2","VIHATRP20220926-091","01/31/2027","Operational","07/10/2026","","","General Rounding","UBC Faculty of Medicine","NTT-Deskside Services-NorthIsland-Staffed","Desktop","Dell OPTIPLEX 7000 MICRO V1",""
"PC024402","HSS-8066882","DLB5XP3","VIHA-CVH-Comox Valley Hospital-Main Building-2nd Floor","Courtenay","Main Building","CV2318","2","VIHATRP20220926-092","01/31/2027","Operational","08/11/2026","","","General Rounding","Intensive Care/Telemetry Unit (ICU/TU)","NTT-Deskside Services-NorthIsland-Staffed","Desktop","Dell OPTIPLEX 7000 MICRO V1",""
"PC026176","HSS-8066883","DHV4XP3","VIHA-CVH-Comox Valley Hospital-Main Building-2nd Floor","Courtenay","Main Building","CV2646","2","VIHATRP20220926-093","01/31/2027","Operational","07/10/2026","","","General Rounding","Surgical Services","NTT-Deskside Services-NorthIsland-Staffed","Desktop","Dell OPTIPLEX 7000 MICRO V1",""
"PC026167","HSS-8066884","25R5XP3","VIHA-CVH-Comox Valley Hospital-Main Building-2nd Floor","Courtenay","Main Building","CV2329","2","VIHATRP20220926-094","01/31/2027","Operational","08/11/2026","","","General Rounding","Intensive Care/Telemetry Unit (ICU/TU)","NTT-Deskside Services-NorthIsland-Staffed","Desktop","Dell OPTIPLEX 7000 MICRO V1",""
"PC026156","HSS-8066885","6PQ5XP3","VIHA-CVH-Comox Valley Hospital-Main Building-2nd Floor","Courtenay","Main Building","CV2222","2","VIHATRP20220926-095","01/31/2027","Operational","08/11/2026","","","General Rounding","Intensive Care/Telemetry Unit (ICU/TU)","NTT-Deskside Services-NorthIsland-Staffed","Desktop","Dell OPTIPLEX 7000 MICRO V1",""
"PC026173","HSS-8066886","5QR4XP3","VIHA-CVH-Comox Valley Hospital-Main Building-2nd Floor","Courtenay","Main Building","CV2645","2","VIHATRP20220926-096","01/31/2027","Operational","07/10/2026","","","General Rounding","Surgical Services","NTT-Deskside Services-NorthIsland-Staffed","Desktop","Dell OPTIPLEX 7000 MICRO V1",""
"PC026175","HSS-8066887","GQR4XP3","VIHA-CVH-Comox Valley Hospital-Main Building-2nd Floor","Courtenay","Main Building","CV2646","2","VIHATRP20220926-097","01/31/2027","Operational","07/10/2026","","","General Rounding","Surgical Services","NTT-Deskside Services-NorthIsland-Staffed","Desktop","Dell OPTIPLEX 7000 MICRO V1",""
"PC028213","HSS-8066888","9MR4XP3","VIHA-CVH-Comox Valley Hospital-Main Building-2nd Floor","Courtenay","Main Building","CV2401","2","VIHATRP20220926-098","01/31/2027","Operational","07/10/2026","","","General Rounding","Surgical Services","NTT-Deskside Services-NorthIsland-Staffed","Desktop","Dell OPTIPLEX 7000 MICRO V1",""
"PC024434","HSS-8066889","FPR4XP3","VIHA-CVH-Comox Valley Hospital-Main Building-2nd Floor","Courtenay","Main Building","CV2830","2","VIHATRP20220926-099","01/31/2027","Operational","11/26/2025","","","General Rounding","Surgical Services","NTT-Deskside Services-NorthIsland-Staffed","Desktop","Dell OPTIPLEX 7000 MICRO V1",""
"PC026183","HSS-8066891","8JV4XP3","VIHA-CVH-Comox Valley Hospital-Main Building-2nd Floor","Courtenay","Main Building","CV2142","2","VIHATRP20220926-101","01/31/2027","Operational","08/07/2026","","","General Rounding","Maternity and Newborn Inpatient Unit","NTT-Deskside Services-NorthIsland-Staffed","Desktop","Dell OPTIPLEX 7000 MICRO V1",""
"PC026373","HSS-8066892","B3R5XP3","VIHA-CVH-Comox Valley Hospital-Main Building-2nd Floor","Courtenay","Main Building","CV2142","2","VIHATRP20220926-102","01/31/2027","Operational","08/07/2026","","","General Rounding","Maternity and Newborn Inpatient Unit","NTT-Deskside Services-NorthIsland-Staffed","Desktop","Dell OPTIPLEX 7000 MICRO V1",""
"LD106320","HSS-8067949","3NYKLN3","VIHA-CVNC-Comox Valley Nursing Centre-Main Building-1st Floor","Courtenay","Main Building","Reception","1","REQ1996014-RITM2108070-SCTASK3387886","01/31/2027","Operational","01/27/2026","","","General Rounding","Nursing","NTT-Deskside Services-NorthIsland-Local","Laptop","Dell LATITUDE 7420 V3",""
"LD031258","HSS-8068880","407FLN3","VIHA-CFA-Courtenay Fitzgerald Avenue-Main Building-1st Floor","Courtenay","Main Building","9","1","VIHATRP20221121-004","01/31/2027","Operational","07/21/2026","Replaced laptop with LD090967.  REQ1365255/RITM1440052 - In-house TRP to replace asset reported in INC3183525","","General Rounding","Home Care Nursing","NTT-Deskside Services-NorthIsland-Local","Laptop","Dell LATITUDE 7420 V3","Dell LATITUDE 7420 V3"
"LD038170","HSS-8068881","DGM1NN3","VIHA-CFA-Courtenay Fitzgerald Avenue-Main Building-1st Floor","Courtenay","Main Building","11","1","VIHATRP20221121-005","01/31/2027","Operational","07/21/2026","","","General Rounding","Home Care Nursing","NTT-Deskside Services-NorthIsland-Local","Laptop","Dell LATITUDE 7420 V3",""
"LD032468","HSS-8068882","B0Z1NN3","VIHA-CFA-Courtenay Fitzgerald Avenue","Courtenay","Main Building","F8","1","VIHATRP20221121-006","01/31/2027","Operational","05/02/2024","","","General Rounding","Home Care Nursing","NTT-Deskside Services-NorthIsland-Local","Laptop","Dell LATITUDE 7420 V3",""
"LD027284","HSS-8068883","79N2NN3","VIHA-CCRHC-Courtenay Cumberland Road Health Unit-Main Building-1st Floor","Courtenay","Main Building","154","1","VIHATRP20221121-007","01/31/2027","Operational","05/02/2024","","","General Rounding","Home Care Nursing","NTT-Deskside Services-NorthIsland-Local","Laptop","Dell LATITUDE 7420 V3",""
"LD027172","HSS-8068885","D3WKLN3","VIHA-CFA-Courtenay Fitzgerald Avenue-Main Building-1st Floor","Courtenay","Main Building","8","1","VIHATRP20221121-009","01/31/2027","Operational","07/21/2026","","","General Rounding","Home Care Nursing","NTT-Deskside Services-NorthIsland-Local","Laptop","Dell LATITUDE 7420 V3",""
"LD031259","HSS-8068886","8KM1NN3","VIHA-CFA-Courtenay Fitzgerald Avenue","Courtenay","Main Building","F9","1","VIHATRP20221121-010","01/31/2027","Operational","05/02/2024","","","General Rounding","Home Care Nursing","NTT-Deskside Services-NorthIsland-Local","Laptop","Dell LATITUDE 7420 V3",""
"LD030352","HSS-8068887","DJ1FLN3","VIHA-CFA-Courtenay Fitzgerald Avenue-Main Building-1st Floor","Courtenay","Main Building","9","1","VIHATRP20221121-011","01/31/2027","Operational","07/21/2026","","Courthouse","General Rounding","Home Care Nursing","NTT-Deskside Services-NorthIsland-Local","Laptop","Dell LATITUDE 7420 V3",""
"LD037891","HSS-8068888","DPB9LN3","VIHA-CFA-Courtenay Fitzgerald Avenue-Main Building-1st Floor","Courtenay","Main Building","8","1","VIHATRP20221121-012","01/31/2027","Operational","07/21/2026","","","General Rounding","Home Care Nursing","NTT-Deskside Services-NorthIsland-Local","Laptop","Dell LATITUDE 7420 V3",""
"LD065798","HSS-8068889","60B2NN3","VIHA-CHC-Cumberland Health Centre-Main Building","Cumberland","Main Building","Corrina's WFH laptop","1","VIHATRP20221121-013","01/31/2027","Operational","03/19/2026","","","Excluded","Nursing","NTT-Deskside Services-NorthIsland-Local","Laptop","Dell LATITUDE 7420 V3",""
"LD035363","HSS-8068890","83H2NN3","VIHA-CHC-Cumberland Health Centre-Main Building-1st Floor","Cumberland","Main Building","Nicole Sherwood","1","VIHATRP20221121-014","01/31/2027","Operational","03/19/2026","","","General Rounding","Nursing","NTT-Deskside Services-NorthIsland-Local","Laptop","Dell LATITUDE 7420 V3",""
"PC037416","HSS-8068891","70GQQN3","VIHA-CHC-Cumberland Health Centre-Main Building-1st Floor","Cumberland","Main Building","Recreation Office","1","VIHATRP20221121-015","01/31/2027","Operational","03/19/2026","","","General Rounding","Therapy and Activation Office","NTT-Deskside Services-NorthIsland-Local","Desktop","Dell OPTIPLEX 7000 MICRO V1",""
"PC030815","HSS-8068892","1VB2RN3","VIHA-CHC-Cumberland Health Centre-Main Building-1st Floor","Cumberland","Main Building","Laundry (locked down zone)","1","VIHATRP20221121-016","01/31/2027","Operational","03/19/2026","","","General Rounding","Laundry","NTT-Deskside Services-NorthIsland-Local","Desktop","Dell OPTIPLEX 7000 MICRO V1",""
"PC036141","HSS-8068893","JQB2RN3","VIHA-CHC-Cumberland Health Centre-Main Building-1st Floor","Cumberland","Main Building","OT/PT swing office","1","VIHATRP20221121-017","01/31/2027","Operational","04/08/2024","","","General Rounding"," ","NTT-Deskside Services-NorthIsland-Local","Desktop","Dell OPTIPLEX 7000 MICRO V1",""
"PC036745","HSS-8068894","GSB2RN3","VIHA-CHC-Cumberland Health Centre-Main Building-1st Floor","Cumberland","Main Building","Dietitian Office/Swing Office","1","VIHATRP20221121-018","01/31/2027","Operational","03/19/2026","","","General Rounding","Dietitian Office","NTT-Deskside Services-NorthIsland-Local","Desktop","Dell OPTIPLEX 7000 MICRO V1",""
"PC032589","HSS-8068895","7TB2RN3","VIHA-CHC-Cumberland Health Centre-Main Building-Basement 1","Cumberland","Main Building","Basement Boardroom","1","VIHATRP20221121-019","01/31/2027","Operational","03/19/2026","","","General Rounding","Cumberland Lodge","NTT-Deskside Services-NorthIsland-Local","Desktop","Dell OPTIPLEX 7000 MICRO V1",""
"PC033794","HSS-8068914","HRB2RN3","VIHA-CHU-Coastal Health Unit-Main Building-1st Floor","Courtenay","Main Building","Main reception","1","VIHATRP20221121-041","01/31/2027","Operational","07/21/2026","","","General Rounding","CD Program","NTT-Deskside Services-NorthIsland-Local","Desktop","Dell OPTIPLEX 7000 MICRO V1",""
"LD065712","HSS-8068915","F391NN3","VIHA-CHU-Coastal Health Unit-Main Building-1st Floor","Courtenay","Main Building","5","1","VIHATRP20221121-042","02/28/2027","Operational","07/21/2026","","","General Rounding","Environmental Health","NTT-Deskside Services-NorthIsland-Local","Laptop","Dell LATITUDE 7420 V3",""
"LD065640","HSS-8068916","C7YFLN3","VIHA-CHU-Coastal Health Unit-Main Building-1st Floor","Courtenay","Main Building","Reception","1","VIHATRP20221121-043","02/28/2027","Operational","07/21/2026","","","General Rounding","Environmental Health","NTT-Deskside Services-NorthIsland-Local","Laptop","Dell LATITUDE 7420 V3",""
"LD065657","HSS-8068917","2KLFLN3","VIHA-CHU-Coastal Health Unit-Main Building-1st Floor","Courtenay","Main Building","5","1","VIHATRP20221121-044","02/28/2027","Operational","07/21/2026","","","General Rounding","Environmental Health","NTT-Deskside Services-NorthIsland-Local","Laptop","Dell LATITUDE 7420 V3",""
"LD031573","HSS-8068919","23SFLN3","VIHA-CHU-Coastal Health Unit-Main Building-2nd Floor","Courtenay","Main Building","18","2","VIHATRP20221121-046","02/28/2027","Operational","07/21/2026","","","General Rounding","Community Care & Licensing - WFH Jennifer Stigter","NTT-Deskside Services-NorthIsland-Local","Laptop","Dell LATITUDE 7420 V3",""
"LD031248","HSS-8068920","FB2FLN3","VIHA-CHU-Coastal Health Unit-Main Building-2nd Floor","Courtenay","Main Building","15","2","VIHATRP20221121-047","02/28/2027","Operational","07/21/2026","","","General Rounding","Community Care & Licensing","NTT-Deskside Services-NorthIsland-Local","Laptop","Dell LATITUDE 7420 V3",""
"PC039524","HSS-8068921","CM72RN3","VIHA-CHU-Coastal Health Unit-Main Building-2nd Floor","Courtenay","Main Building","18","2","VIHATRP20221121-048","01/31/2027","Operational","07/21/2026","","","General Rounding","Community Care & Licensing","NTT-Deskside Services-NorthIsland-Local","Desktop","Dell OPTIPLEX 7000 MICRO V1",""
"LD034198","HSS-8068922","DPT9LN3","VIHA-CHU-Coastal Health Unit-Main Building-2nd Floor","Courtenay","Main Building","22","2","VIHATRP20221121-049","02/28/2027","Operational","07/21/2026","","","General Rounding","Community Care & Licensing","NTT-Deskside Services-NorthIsland-Local","Laptop","Dell LATITUDE 7420 V3","CUSTOMER OWNED LENOVO THINKPAD T470s i5-"
"PC037407","HSS-8068923","GPB2RN3","VIHA-CHU-Coastal Health Unit-Main Building-2nd Floor","Courtenay","Main Building","19 - Medical Health Officer","2","VIHATRP20221121-050","01/31/2027","Operational","07/21/2026","","","General Rounding","Community Care & Licencing","NTT-Deskside Services-NorthIsland-Local","Desktop","Dell OPTIPLEX 7000 MICRO V1",""
"LD027125","HSS-8068925","6W6FLN3","VIHA-CVH-Comox Valley Hospital-Main Building-2nd Floor","Courtenay","Main Building","CV2163","2","VIHATRP20221121-052","01/31/2027","Operational","08/07/2026","","","General Rounding","Maternity and Newborn Inpatient Unit","NTT-Deskside Services-NorthIsland-Staffed","Laptop","Dell LATITUDE 7420 V3",""
"PC024401","HSS-8068927","60GQQN3","VIHA-CVH-Comox Valley Hospital-Main Building-2nd Floor","Courtenay","Main Building","CV2310","2","VIHATRP20221121-057","01/31/2027","Operational","08/11/2026","","","General Rounding","Intensive Care/Telemetry Unit (ICU/TU)","NTT-Deskside Services-NorthIsland-Staffed","Desktop","Dell OPTIPLEX 7000 MICRO V1",""
"PC024432","HSS-8068928","GRB2RN3","VIHA-CVH-Comox Valley Hospital-Main Building-2nd Floor","Courtenay","Main Building","CV2826","2","VIHATRP20221121-058","01/31/2027","Operational","04/09/2026","","","General Rounding","Surgical Services","NTT-Deskside Services-NorthIsland-Staffed","Desktop","Dell OPTIPLEX 7000 MICRO V1",""
"PC024433","HSS-8068929","2TB2RN3","VIHA-CVH-Comox Valley Hospital-Main Building-2nd Floor","Courtenay","Main Building","CV2826 (724)","2","VIHATRP20221121-059","01/31/2027","Operational","08/12/2026","Please NOTE that the following software applications are incompatible with the Cerner 724 Downtime application:
-Downtime Patient Index (DTPI)
-Dragon Medical One Extensions (DMO)
-Imprivata OneSign Software/Card Reader (Tap In/Out)
-Inteleviewer (Medical Imaging)

If the software is requested to be installed, the Incident or Request should be assigned to the ""VIHA-Client Experience"" assignment group so the request can be evaluated.","","Critical Clinical","Surgical Services","NTT-Deskside Services-NorthIsland-Staffed","Desktop","Dell OPTIPLEX 7000 MICRO V1",""
"PC026382","HSS-8068930","15KQQN3","VIHA-CVH-Comox Valley Hospital-Main Building-2nd Floor","Courtenay","Main Building","CV2614","2","VIHATRP20221121-060","01/31/2027","Operational","07/10/2026","","","General Rounding","UBC Faculty of Medicine","NTT-Deskside Services-NorthIsland-Staffed","Desktop","Dell OPTIPLEX 7000 MICRO V1",""
"PC024398","HSS-8068931","17KQQN3","VIHA-CVH-Comox Valley Hospital-Main Building-2nd Floor","Courtenay","Main Building","CV2310","2","VIHATRP20221121-061","01/31/2027","Operational","08/11/2026","","","General Rounding","Intensive Care/Telemetry Unit (ICU/TU)","NTT-Deskside Services-NorthIsland-Staffed","Desktop","Dell OPTIPLEX 7000 MICRO V1",""
"PC026160","HSS-8068932","6SB2RN3","VIHA-CVH-Comox Valley Hospital-Main Building-2nd Floor","Courtenay","Main Building","CV2314","2","VIHATRP20221121-062","01/31/2027","Operational","08/11/2026","","","General Rounding","Intensive Care/Telemetry Unit (ICU/TU)","NTT-Deskside Services-NorthIsland-Staffed","Desktop","Dell OPTIPLEX 7000 MICRO V1",""
"PC067014","HSS-8068936","FJNQ0M3","VIHA-CVH-Comox Valley Hospital-Main Building-1st Floor","Courtenay","Main Building","CV1862","1","VIHATRP20221121-066","01/31/2027","Operational","07/23/2026","","","General Rounding","Medical Imaging","NTT-Deskside Services-NorthIsland-Staffed","Desktop","Dell PRECISION 5820 TOWER V2",""
"LD065796","HSS-8068937","963GLN3","VIHA-CVH-Comox Valley Hospital-Main Building-1st Floor","Courtenay","Main Building","WFH - DMalecic","1","VIHATRP20221121-067","01/31/2027","Operational","04/18/2024","","","Excluded"," ","NTT-Deskside Services-NorthIsland-Staffed","Laptop","Dell LATITUDE 7420 V3",""
"PC067015","HSS-8068938","8RB2RN3","VIHA-CVH-Comox Valley Hospital-Main Building-1st Floor","Courtenay","Main Building","CV1300 Security Camera","1","VIHATRP20221121-068","01/31/2027","Operational","08/13/2026","","","Critical Clinical","Admitting","NTT-Deskside Services-NorthIsland-Staffed","Desktop","Dell OPTIPLEX 7000 MICRO V1",""
"PC024350","HSS-8068939","JM72RN3","VIHA-CVH-Comox Valley Hospital-Main Building-1st Floor","Courtenay","Main Building","CV1562 (724)","1","VIHATRP20221121-069","01/31/2027","Operational","08/13/2026","","","Critical Clinical","Bone and Joint","NTT-Deskside Services-NorthIsland-Staffed","Desktop","Dell OPTIPLEX 7000 MICRO V1",""
"PC024372","HSS-8068940","5NRQ0M3","VIHA-CVH-Comox Valley Hospital-Main Building-1st Floor","Courtenay","Main Building","CV1875","1","VIHATRP20221121-070","01/31/2027","Operational","07/23/2026","","","General Rounding","Medical Imaging","NTT-Deskside Services-NorthIsland-Staffed","Desktop","Dell PRECISION 5820 TOWER V2",""
"LD030487","HSS-8068941","1CXDLN3","VIHA-CVH-Comox Valley Hospital-Main Building-1st Floor","Courtenay","Main Building","CV1547","1","VIHATRP20221121-071","01/31/2027","Operational","","","","General Rounding","","NTT-Deskside Services-NorthIsland-Staffed","Laptop","Dell LATITUDE 7420 V3",""
"PC026119","HSS-8068942","86KQQN3","VIHA-CVH-Comox Valley Hospital-Main Building-1st Floor","Courtenay","Main Building","CV1800","1","VIHATRP20221121-072","01/31/2027","Operational","07/23/2026","","","General Rounding","Medical Imaging","NTT-Deskside Services-NorthIsland-Staffed","Desktop","Dell OPTIPLEX 7000 MICRO V1",""
"PC026036","HSS-8068943","DL72RN3","VIHA-CVH-Comox Valley Hospital-Main Building-1st Floor","Courtenay","Main Building","CV1633","1","VIHATRP20221121-073","01/31/2027","Operational","08/14/2026","","","Critical Clinical","Emergency Department","NTT-Deskside Services-NorthIsland-Staffed","Desktop","Dell OPTIPLEX 7000 MICRO V1",""
"PC026400","HSS-8068944","2BJM0M3","VIHA-CVH-Comox Valley Hospital-Main Building-2nd Floor","Courtenay","Main Building","CV2704 (OR4)","2","VIHATRP20221121-074","01/31/2027","Operational","12/12/2025","","","General Rounding","Surgical Services","NTT-Deskside Services-NorthIsland-Staffed","Desktop","Dell PRECISION 5820 TOWER V2",""
"PC024535","HSS-8068946","F9JM0M3","VIHA-CVH-Comox Valley Hospital-Main Building-2nd Floor","Courtenay","Main Building","CV2701 (OR1)","2","VIHATRP20221121-076","01/31/2027","Operational","12/12/2025","","","General Rounding","Surgical Services","NTT-Deskside Services-NorthIsland-Staffed","Desktop","Dell PRECISION 5820 TOWER V2",""
"PC026401","HSS-8068947","8BJM0M3","VIHA-CVH-Comox Valley Hospital-Main Building-2nd Floor","Courtenay","Main Building","CV2705 (OR5)","2","VIHATRP20221121-077","01/31/2027","Operational","12/12/2025","","","General Rounding","Surgical Services","NTT-Deskside Services-NorthIsland-Staffed","Desktop","Dell PRECISION 5820 TOWER V2",""
"PC026389","HSS-8068948","C4KQQN3","VIHA-CVH-Comox Valley Hospital-Main Building-2nd Floor","Courtenay","Main Building","CV2721","2","VIHATRP20221121-078","01/31/2027","Operational","05/15/2026","","","General Rounding","Surgical Services","NTT-Deskside Services-NorthIsland-Staffed","Desktop","Dell OPTIPLEX 7000 MICRO V1",""
"PC026390","HSS-8068949","7SB2RN3","VIHA-CVH-Comox Valley Hospital-Main Building-2nd Floor","Courtenay","Main Building","CV2721","2","VIHATRP20221121-079","01/31/2027","Operational","03/27/2026","","","General Rounding","Surgical Services","NTT-Deskside Services-NorthIsland-Staffed","Desktop","Dell OPTIPLEX 7000 MICRO V1",""
"PC026399","HSS-8068950","9BJM0M3","VIHA-CVH-Comox Valley Hospital-Main Building-2nd Floor","Courtenay","Main Building","CV2703 (OR3)","2","VIHATRP20221121-080","01/31/2027","Operational","12/12/2025","","","General Rounding","Surgical Services","NTT-Deskside Services-NorthIsland-Staffed","Desktop","Dell PRECISION 5820 TOWER V2",""
"PC024536","HSS-8068951","5BJM0M3","VIHA-CVH-Comox Valley Hospital-Main Building-2nd Floor","Courtenay","Main Building","CV2702 (OR2)","2","VIHATRP20221121-081","01/31/2027","Operational","12/12/2025","","","General Rounding","Surgical Services","NTT-Deskside Services-NorthIsland-Staffed","Desktop","Dell PRECISION 5820 TOWER V2",""
"PC026174","HSS-8068952","F5KQQN3","VIHA-CVH-Comox Valley Hospital-Main Building-2nd Floor","Courtenay","Main Building","CV2646","2","VIHATRP20221121-082","01/31/2027","Operational","07/10/2026","","","General Rounding","Surgical Services","NTT-Deskside Services-NorthIsland-Staffed","Desktop","Dell OPTIPLEX 7000 MICRO V1",""
"PC026402","HSS-8068953","G9JM0M3","VIHA-CVH-Comox Valley Hospital-Main Building-2nd Floor","Courtenay","Main Building","CV2706 (OR6)","2","VIHATRP20221121-083","01/31/2027","Operational","12/12/2025","","","General Rounding","Surgical Services","NTT-Deskside Services-NorthIsland-Staffed","Desktop","Dell PRECISION 5820 TOWER V2",""
"PC025676","HSS-8068954","JRB2RN3","VIHA-CVH-Comox Valley Hospital-Main Building-4th Floor","Courtenay","Main Building","CV4321","4","VIHATRP20221121-084","01/31/2027","Operational","08/06/2026","","","General Rounding","Transitional Care Unit","NTT-Deskside Services-NorthIsland-Staffed","Desktop","Dell OPTIPLEX 7000 MICRO V1",""
"LD038164","HSS-8068955","GJLFLN3","VIHA-CVCHC-Comox Valley Community Health Centre-Main Building-1st Floor","Courtenay","Main Building","Not Onsite - WFH Amber Thomas","1","VIHATRP20221121-085","01/31/2027","Operational","03/21/2024","","","Excluded","Public Health","NTT-Deskside Services-NorthIsland-Local","Laptop","Dell LATITUDE 7420 V3",""
"PC030801","HSS-8068956","C5KQQN3","VIHA-CVCHC-Comox Valley Community Health Centre-Main Building-1st Floor","Courtenay","Main Building","Reception","1","VIHATRP20221121-086","01/31/2027","Operational","04/16/2025","","","General Rounding","Public Health","NTT-Deskside Services-NorthIsland-Local","Desktop","Dell OPTIPLEX 7000 MICRO V1",""
"LD038235","HSS-8068957","J0XDLN3","VIHA-CVCHC-Comox Valley Community Health Centre-Main Building-1st Floor","Courtenay","Main Building","12","1","VIHATRP20221121-087","01/31/2027","Operational","04/16/2025","","","General Rounding","Public Health","NTT-Deskside Services-NorthIsland-Local","Laptop","Dell LATITUDE 7420 V3",""
"PC037410","HSS-8068958","JL72RN3","VIHA-CVCHC-Comox Valley Community Health Centre-Main Building-1st Floor","Courtenay","Main Building","1","1","VIHATRP20221121-088","01/31/2027","Operational","04/16/2025","","","General Rounding","Public Health","NTT-Deskside Services-NorthIsland-Local","Desktop","Dell OPTIPLEX 7000 MICRO V1",""
"LD038236","HSS-8068959","G4YFLN3","VIHA-CVCHC-Comox Valley Community Health Centre-Main Building-1st Floor","Courtenay","Main Building","27","1","VIHATRP20221121-089","01/31/2027","Operational","04/16/2025","","","General Rounding","Public Health","NTT-Deskside Services-NorthIsland-Local","Laptop","Dell LATITUDE 7420 V3",""
"LD065770","HSS-8068960","4X92NN3","VIHA-CVCHC-Comox Valley Community Health Centre-Main Building-1st Floor","Courtenay","Main Building","1 (Helene's WFH)","1","VIHATRP20221121-090","01/31/2027","Operational","04/16/2025","","","Excluded","Public Health","NTT-Deskside Services-NorthIsland-Local","Laptop","Dell LATITUDE 7420 V3",""
"PC066097","HSS-8068961","CQB2RN3","VIHA-CVH-Comox Valley Hospital-Main Building-2nd Floor","Courtenay","Main Building","CV2120","2","VIHATRP20221121-091","01/31/2027","Operational","07/10/2025","","","General Rounding","Pediatrics","NTT-Deskside Services-NorthIsland-Staffed","Desktop","Dell OPTIPLEX 7000 MICRO V1",""
"PC026187","HSS-8068962","9QB2RN3","VIHA-CVH-Comox Valley Hospital-Main Building-2nd Floor","Courtenay","Main Building","CV2857","2","VIHATRP20221121-092","01/31/2027","Operational","07/11/2025","","","General Rounding","Surgical Services - PACU","NTT-Deskside Services-NorthIsland-Staffed","Desktop","Dell OPTIPLEX 7000 MICRO V1",""
"PC024418","HSS-8068963","9RB2RN3","VIHA-CVH-Comox Valley Hospital-Main Building-2nd Floor","Courtenay","Main Building","CV2650","2","VIHATRP20221121-093","01/31/2027","Operational","07/10/2026","","","General Rounding","Surgical Services","NTT-Deskside Services-NorthIsland-Staffed","Desktop","Dell OPTIPLEX 7000 MICRO V1",""
"PC024405","HSS-8068964","77KQQN3","VIHA-CVH-Comox Valley Hospital-Main Building-2nd Floor","Courtenay","Main Building","CV2319","2","VIHATRP20221121-094","01/31/2027","Operational","08/11/2026","","","General Rounding","Intensive Care/Telemetry Unit (ICU/TU)","NTT-Deskside Services-NorthIsland-Staffed","Desktop","Dell OPTIPLEX 7000 MICRO V1",""
"LD106994","HSS-8069373","JKNFLN3","VIHA-CVH-Comox Valley Hospital-Main Building-0th Floor","Courtenay","Main Building","CV0325 - Lindsey James WFH","0","REQ2101045-RITM2219667-SCTASK3554321","02/28/2027","Operational","","","","Excluded","EHR Informatics","NTT-Deskside Services-NorthIsland-Staffed","Laptop","Dell LATITUDE 7420 V3",""
"PC022580","HSS-8072507","8CH3KQ3","VIHA-CVHCC-Comox Valley Home & Community Care-Main Building-1st Floor","Courtenay","Main Building","111","1","VIHATRP20230227-001","04/30/2027","Operational","07/23/2026","","","General Rounding","Mental Health & Addiction Services","NTT-Deskside Services-NorthIsland-Local","Desktop","Dell OPTIPLEX 7000 MICRO V1",""
"PC020293","HSS-8072508","8KL3KQ3","VIHA-CCA-Courtenay Cliffe Avenue-Main Building-1st Floor","Courtenay","Main Building","006","0","VIHATRP20230227-002","04/30/2027","Operational","03/25/2024","","","General Rounding","Mental Health & Addiction Services","NTT-Deskside Services-NorthIsland-Local","Desktop","Dell OPTIPLEX 7000 MICRO V1",""
"PC022579","HSS-8072509","CJL3KQ3","VIHA-CVHCC-Comox Valley Home & Community Care","Courtenay","Main Building","111","1","VIHATRP20230227-003","04/30/2027","Operational","03/25/2024","","","General Rounding","Mental Health & Addiction Services","NTT-Deskside Services-NorthIsland-Local","Desktop","Dell OPTIPLEX 7000 MICRO V1",""
"PC028621","HSS-8072510","GBH3KQ3","VIHA-CVHCC-Comox Valley Home & Community Care-Main Building-1st Floor","Courtenay","Main Building","103","1","VIHATRP20230227-004","04/30/2027","Operational","07/23/2026","","","General Rounding","Mental Health & Addiction Services","NTT-Deskside Services-NorthIsland-Local","Desktop","Dell OPTIPLEX 7000 MICRO V1",""
"PC022872","HSS-8072511","5KL3KQ3","VIHA-CVHCC-Comox Valley Home & Community Care","Courtenay","Main Building","121","1","VIHATRP20230227-005","04/30/2027","Operational","03/25/2024","","","General Rounding","Mental Health & Addiction Services","NTT-Deskside Services-NorthIsland-Local","Desktop","Dell OPTIPLEX 7000 MICRO V1",""
"PC031244","HSS-8072540","7GL3KQ3","VIHA-CVCHC-Comox Valley Community Health Centre-Main Building-1st Floor","Courtenay","Main Building","18","1","VIHATRP20230227-033","04/30/2027","Operational","04/16/2025","","","General Rounding","Public Health","NTT-Deskside Services-NorthIsland-Local","Desktop","Dell OPTIPLEX 7000 MICRO V1",""
"PC033797","HSS-8072541","C4XKPR3","VIHA-CVCHC-Comox Valley Community Health Centre-Main Building-1st Floor","Courtenay","Main Building","Reception","1","VIHATRP20230227-034","04/30/2027","Operational","04/16/2025","","","General Rounding","Public Health","NTT-Deskside Services-NorthIsland-Local","Desktop","Dell OPTIPLEX 7000 MICRO V1",""
"PC033795","HSS-8072542","74XKPR3","VIHA-CVCHC-Comox Valley Community Health Centre-Main Building-1st Floor","Courtenay","Main Building","20","1","VIHATRP20230227-035","04/30/2027","Operational","04/16/2025","","","General Rounding","Public Health","NTT-Deskside Services-NorthIsland-Local","Desktop","Dell OPTIPLEX 7000 MICRO V1",""
"PC035173","HSS-8072543","4DH3KQ3","VIHA-CVCHC-Comox Valley Community Health Centre-Main Building-1st Floor","Courtenay","Main Building","19","1","VIHATRP20230227-036","04/30/2027","Operational","04/16/2025","","","General Rounding","Public Health","NTT-Deskside Services-NorthIsland-Local","Desktop","Dell OPTIPLEX 7000 MICRO V1",""
"PC048769","HSS-8072544","7HL3KQ3","VIHA-CVCHC-Comox Valley Community Health Centre-Main Building-1st Floor","Courtenay","Main Building","Reception","1","VIHATRP20230227-037","04/30/2027","Operational","04/16/2025","","","General Rounding","Public Health","NTT-Deskside Services-NorthIsland-Local","Desktop","Dell OPTIPLEX 7000 MICRO V1",""
"PC037408","HSS-8072545","BJL3KQ3","VIHA-CVCHC-Comox Valley Community Health Centre-Main Building-1st Floor","Courtenay","Main Building","6","1","VIHATRP20230227-038","04/30/2027","Operational","04/16/2025","","","General Rounding","Public Health","NTT-Deskside Services-NorthIsland-Local","Desktop","Dell OPTIPLEX 7000 MICRO V1",""
"PC039527","HSS-8072546","9GL3KQ3","VIHA-CVCHC-Comox Valley Community Health Centre-Main Building-1st Floor","Courtenay","Main Building","Reception","1","VIHATRP20230227-039","04/30/2027","Operational","04/16/2025","","","General Rounding","Public Health","NTT-Deskside Services-NorthIsland-Local","Desktop","Dell OPTIPLEX 7000 MICRO V1",""
"PC037409","HSS-8072547","BHL3KQ3","VIHA-CVCHC-Comox Valley Community Health Centre-Main Building-1st Floor","Courtenay","Main Building","5","1","VIHATRP20230227-040","04/30/2027","Operational","04/16/2025","","","General Rounding","Public Health","NTT-Deskside Services-NorthIsland-Local","Desktop","Dell OPTIPLEX 7000 MICRO V1",""
"PC026122","HSS-8072551","9RQ5XP3","VIHA-CVH-Comox Valley Hospital-Main Building-1st Floor","Courtenay","Main Building","CV1834","1","VIHATRP20230227-044","01/31/2027","Operational","05/15/2026","","","General Rounding","Ultrasound","NTT-Deskside Services-NorthIsland-Staffed","Desktop","Dell OPTIPLEX 7000 MICRO V1",""
"PC026128","HSS-8072552","8M72RN3","VIHA-CVH-Comox Valley Hospital-Main Building-1st Floor","Courtenay","Main Building","CV1870","1","VIHATRP20230227-045","01/31/2027","Operational","07/23/2026","","","General Rounding","Medical Imaging","NTT-Deskside Services-NorthIsland-Staffed","Desktop","Dell OPTIPLEX 7000 MICRO V1",""
"PC026129","HSS-8072553","9N72RN3","VIHA-CVH-Comox Valley Hospital-Main Building-1st Floor","Courtenay","Main Building","CV1873","1","VIHATRP20230227-046","01/31/2027","Operational","07/23/2026","","","General Rounding","Medical Imaging","NTT-Deskside Services-NorthIsland-Staffed","Desktop","Dell OPTIPLEX 7000 MICRO V1",""
"PC024369","HSS-8072554","1NQ5XP3","VIHA-CVH-Comox Valley Hospital-Main Building-1st Floor","Courtenay","Main Building","CV1800","1","VIHATRP20230227-047","01/31/2027","Operational","05/15/2026","","","General Rounding","Medical Imaging","NTT-Deskside Services-NorthIsland-Staffed","Desktop","Dell OPTIPLEX 7000 MICRO V1",""
"PC024505","HSS-8072556","26XKPR3","VIHA-CVH-Comox Valley Hospital-Main Building-3rd Floor","Courtenay","Main Building","CV3721","3","VIHATRP20230227-049","04/30/2027","Operational","07/15/2026","","","General Rounding","General Medical / Surgical Inpatient Unit","NTT-Deskside Services-NorthIsland-Staffed","Desktop","Dell OPTIPLEX 7000 MICRO V1",""
"PC024542","HSS-8072558","4GL3KQ3","VIHA-CVH-Comox Valley Hospital-Main Building-3rd Floor","Courtenay","Main Building","CV3321","3","VIHATRP20230227-051","04/30/2027","Operational","07/15/2026","","","General Rounding","General Medical / Surgical Inpatient Unit","NTT-Deskside Services-NorthIsland-Staffed","Desktop","Dell OPTIPLEX 7000 MICRO V1",""
"PC026204","HSS-8072559","3NL3KQ3","VIHA-CVH-Comox Valley Hospital-Main Building-3rd Floor","Courtenay","Main Building","CV3210","3","VIHATRP20230227-052","04/30/2027","Operational","07/14/2026","","","General Rounding","UBC Collaborations Rooms","NTT-Deskside Services-NorthIsland-Staffed","Desktop","Dell OPTIPLEX 7000 MICRO V1",""
"PC024493","HSS-8072565","H5XKPR3","VIHA-CVH-Comox Valley Hospital-Main Building-3rd Floor","Courtenay","Main Building","CV3129 (724)","3","VIHATRP20230227-058","09/30/2027","Operational","08/11/2026","Please NOTE that the following software applications are incompatible with the Cerner 724 Downtime application:
-Downtime Patient Index (DTPI)
-Dragon Medical One Extensions (DMO)
-Imprivata OneSign Software/Card Reader (Tap In/Out)
-Inteleviewer (Medical Imaging)

If the software is requested to be installed, the Incident or Request should be assigned to the ""VIHA-Client Experience"" assignment group so the request can be evaluated.","","Critical Clinical","General Medical / Surgical Inpatient Unit","NTT-Deskside Services-NorthIsland-Staffed","Desktop","Dell OPTIPLEX 7000 MICRO V1",""
"PC024543","HSS-8072566","GDH3KQ3","VIHA-CVH-Comox Valley Hospital-Main Building-3rd Floor","Courtenay","Main Building","CV3321","3","VIHATRP20230227-059","09/30/2027","Operational","07/15/2026","","","General Rounding","General Medical / Surgical Inpatient Unit","NTT-Deskside Services-NorthIsland-Staffed","Desktop","Dell OPTIPLEX 7000 MICRO V1",""
"PC024544","HSS-8072567","DQP3KQ3","VIHA-CVH-Comox Valley Hospital-Main Building-3rd Floor","Courtenay","Main Building","CV3322","3","VIHATRP20230227-060","09/30/2027","Operational","07/15/2026","","","General Rounding","General Medical / Surgical Inpatient Unit","NTT-Deskside Services-NorthIsland-Staffed","Desktop","Dell OPTIPLEX 7000 MICRO V1",""
"PC024512","HSS-8072568","1KL3KQ3","VIHA-CVH-Comox Valley Hospital-Main Building-3rd Floor","Courtenay","Main Building","CV3920 (724)","3","VIHATRP20230227-061","09/30/2027","Operational","08/12/2026","Please NOTE that the following software applications are incompatible with the Cerner 724 Downtime application:
-Downtime Patient Index (DTPI)
-Dragon Medical One Extensions (DMO)
-Imprivata OneSign Software/Card Reader (Tap In/Out)
-Inteleviewer (Medical Imaging)

If the software is requested to be installed, the Incident or Request should be assigned to the ""VIHA-Client Experience"" assignment group so the request can be evaluated.","","Critical Clinical","General Medical / Surgical Inpatient Unit","NTT-Deskside Services-NorthIsland-Staffed","Desktop","Dell OPTIPLEX 7000 MICRO V1",""
"PC024490","HSS-8072569","6GL3KQ3","VIHA-CVH-Comox Valley Hospital-Main Building-3rd Floor","Courtenay","Main Building","CV3122","3","VIHATRP20230227-062","09/30/2027","Operational","06/18/2026","","","General Rounding","General Medical / Surgical Inpatient Unit","NTT-Deskside Services-NorthIsland-Staffed","Desktop","Dell OPTIPLEX 7000 MICRO V1",""
"PC026207","HSS-8072570","7JL3KQ3","VIHA-CVH-Comox Valley Hospital-Main Building-3rd Floor","Courtenay","Main Building","CV3321","3","VIHATRP20230227-063","09/30/2027","Operational","07/15/2026","","","General Rounding","General Medical / Surgical Inpatient Unit","NTT-Deskside Services-NorthIsland-Staffed","Desktop","Dell OPTIPLEX 7000 MICRO V1",""
"PC024517","HSS-8072571","4HL3KQ3","VIHA-CVH-Comox Valley Hospital-Main Building-3rd Floor","Courtenay","Main Building","CV3922","3","VIHATRP20230227-064","09/30/2027","Operational","07/15/2026","","","General Rounding","General Medical / Surgical Inpatient Unit","NTT-Deskside Services-NorthIsland-Staffed","Desktop","Dell OPTIPLEX 7000 MICRO V1",""
"PC026206","HSS-8072572","G5XKPR3","VIHA-CVH-Comox Valley Hospital-Main Building-3rd Floor","Courtenay","Main Building","CV3320","3","VIHATRP20230227-065","09/30/2027","Operational","07/15/2026","","","General Rounding","General Medical / Surgical Inpatient Unit","NTT-Deskside Services-NorthIsland-Staffed","Desktop","Dell OPTIPLEX 7000 MICRO V1",""
"PC024514","HSS-8072573","F5XKPR3","VIHA-CVH-Comox Valley Hospital-Main Building-3rd Floor","Courtenay","Main Building","CV3921","3","VIHATRP20230227-066","09/30/2027","Operational","07/15/2026","","","General Rounding","General Medical / Surgical Inpatient Unit","NTT-Deskside Services-NorthIsland-Staffed","Desktop","Dell OPTIPLEX 7000 MICRO V1",""
"PC024492","HSS-8072574","J7H3KQ3","VIHA-CVH-Comox Valley Hospital-Main Building-3rd Floor","Courtenay","Main Building","CV3121","3","VIHATRP20230227-067","09/30/2027","Operational","07/15/2026","","","General Rounding","General Medical / Surgical Inpatient Unit","NTT-Deskside Services-NorthIsland-Staffed","Desktop","Dell OPTIPLEX 7000 MICRO V1",""
"PC024509","HSS-8072575","CBH3KQ3","VIHA-CVH-Comox Valley Hospital-Main Building-3rd Floor","Courtenay","Main Building","CV3804","3","VIHATRP20230227-068","09/30/2027","Operational","07/15/2026","","","General Rounding","General Medical / Surgical Inpatient Unit","NTT-Deskside Services-NorthIsland-Staffed","Desktop","Dell OPTIPLEX 7000 MICRO V1",""
"PC024499","HSS-8072576","8JL3KQ3","VIHA-CVH-Comox Valley Hospital-Main Building-3rd Floor","Courtenay","Main Building","CV3321","3","VIHATRP20230227-069","09/30/2027","Operational","07/15/2026","","","General Rounding","General Medical / Surgical Inpatient Unit","NTT-Deskside Services-NorthIsland-Staffed","Desktop","Dell OPTIPLEX 7000 MICRO V1",""
"PC024506","HSS-8072577","7DH3KQ3","VIHA-CVH-Comox Valley Hospital-Main Building-3rd Floor","Courtenay","Main Building","CV3721","3","VIHATRP20230227-070","09/30/2027","Operational","07/15/2026","","","General Rounding","General Medical / Surgical Inpatient Unit","NTT-Deskside Services-NorthIsland-Staffed","Desktop","Dell OPTIPLEX 7000 MICRO V1",""
"PC024488","HSS-8072578","7KL3KQ3","VIHA-CVH-Comox Valley Hospital-Main Building-3rd Floor","Courtenay","Main Building","CV3120","3","VIHATRP20230227-071","09/30/2027","Operational","07/15/2026","","","General Rounding","General Medical / Surgical Inpatient Unit","NTT-Deskside Services-NorthIsland-Staffed","Desktop","Dell OPTIPLEX 7000 MICRO V1",""
"PC024496","HSS-8072579","2NL3KQ3","VIHA-CVH-Comox Valley Hospital-Main Building-3rd Floor","Courtenay","Main Building","CV3209","3","VIHATRP20230227-072","09/30/2027","Operational","07/15/2026","","","General Rounding","General Medical / Surgical Inpatient Unit","NTT-Deskside Services-NorthIsland-Staffed","Desktop","Dell OPTIPLEX 7000 MICRO V1",""
"PC026216","HSS-8072580","36XKPR3","VIHA-CVH-Comox Valley Hospital-Main Building-3rd Floor","Courtenay","Main Building","CV3809","3","VIHATRP20230227-073","09/30/2027","Operational","07/15/2026","","","General Rounding","General Medical / Surgical Inpatient Unit","NTT-Deskside Services-NorthIsland-Staffed","Desktop","Dell OPTIPLEX 7000 MICRO V1",""
"PC026203","HSS-8072581","94XKPR3","VIHA-CVH-Comox Valley Hospital-Main Building-3rd Floor","Courtenay","Main Building","CV3209","3","VIHATRP20230227-074","09/30/2027","Operational","07/15/2026","","","General Rounding","General Medical / Surgical Inpatient Unit","NTT-Deskside Services-NorthIsland-Staffed","Desktop","Dell OPTIPLEX 7000 MICRO V1",""
"PC024504","HSS-8072582","DGL3KQ3","VIHA-CVH-Comox Valley Hospital-Main Building-3rd Floor","Courtenay","Main Building","CV3720 (724)","3","VIHATRP20230227-075","09/30/2027","Operational","08/12/2026","Please NOTE that the following software applications are incompatible with the Cerner 724 Downtime application:
-Downtime Patient Index (DTPI)
-Dragon Medical One Extensions (DMO)
-Imprivata OneSign Software/Card Reader (Tap In/Out)
-Inteleviewer (Medical Imaging)

If the software is requested to be installed, the Incident or Request should be assigned to the ""VIHA-Client Experience"" assignment group so the request can be evaluated.","","Critical Clinical","General Medical / Surgical Inpatient Unit","NTT-Deskside Services-NorthIsland-Staffed","Desktop","Dell OPTIPLEX 7000 MICRO V1",""
"PC026218","HSS-8072583","FBH3KQ3","VIHA-CVH-Comox Valley Hospital-Main Building-3rd Floor","Courtenay","Main Building","CV3810","3","VIHATRP20230227-076","09/30/2027","Operational","07/14/2026","","","General Rounding","UBC Collaborations Rooms","NTT-Deskside Services-NorthIsland-Staffed","Desktop","Dell OPTIPLEX 7000 MICRO V1",""
"PC024545","HSS-8072584","3KL3KQ3","VIHA-CVH-Comox Valley Hospital-Main Building-3rd Floor","Courtenay","Main Building","CV3328 (724)","3","VIHATRP20230227-077","09/30/2027","Operational","08/12/2026","Please NOTE that the following software applications are incompatible with the Cerner 724 Downtime application:
-Downtime Patient Index (DTPI)
-Dragon Medical One Extensions (DMO)
-Imprivata OneSign Software/Card Reader (Tap In/Out)
-Inteleviewer (Medical Imaging)

If the software is requested to be installed, the Incident or Request should be assigned to the ""VIHA-Client Experience"" assignment group so the request can be evaluated.","","Critical Clinical","General Medical / Surgical Inpatient Unit","NTT-Deskside Services-NorthIsland-Staffed","Desktop","Dell OPTIPLEX 7000 MICRO V1",""
"PC030811","HSS-8072586","HJL3KQ3","VIHA-CVMHAS-Comox Valley Mental Health & Addiction Services-Main Building-1st Floor","Courtenay","Main Building","18","1","VIHATRP20230227-079","04/30/2027","Operational","03/13/2025","","","General Rounding","Mental Health & Addiction Services","NTT-Deskside Services-NorthIsland-Local","Desktop","Dell OPTIPLEX 7000 MICRO V1",""
"PC039107","HSS-8072588","FVMMPR3","VIHA-CVMHAS-Comox Valley Mental Health & Addiction Services-Main Building-1st Floor","Courtenay","Main Building","14","1","VIHATRP20230227-081","04/30/2027","Operational","03/13/2025","","","General Rounding","Mental Health & Addiction Services","NTT-Deskside Services-NorthIsland-Local","Desktop","Dell OPTIPLEX 7000 MICRO V1",""
"PC033799","HSS-8072589","B1XKPR3","VIHA-CVMHAS-Comox Valley Mental Health & Addiction Services-Main Building-1st Floor","Courtenay","Main Building","Reception","1","VIHATRP20230227-082","04/30/2027","Operational","03/13/2025","","","General Rounding","Mental Health & Addiction Services","NTT-Deskside Services-NorthIsland-Local","Desktop","Dell OPTIPLEX 7000 MICRO V1",""
"PC041031","HSS-8072591","GCH3KQ3","VIHA-CVMHAS-Comox Valley Mental Health & Addiction Services-Main Building-1st Floor","Courtenay","Main Building","Reception","1","VIHATRP20230227-084","04/30/2027","Operational","03/13/2025","","","General Rounding","Mental Health & Addiction Services","NTT-Deskside Services-NorthIsland-Local","Desktop","Dell OPTIPLEX 7000 MICRO V1",""
"PC041028","HSS-8072592","6JL3KQ3","VIHA-CVMHAS-Comox Valley Mental Health & Addiction Services-Main Building-1st Floor","Courtenay","Main Building","6","1","VIHATRP20230227-085","04/30/2027","Operational","04/30/2024","","","General Rounding","Mental Health & Addiction Services","NTT-Deskside Services-NorthIsland-Local","Desktop","Dell OPTIPLEX 7000 MICRO V1",""
"PC039104","HSS-8072593","4JL3KQ3","VIHA-CVMHAS-Comox Valley Mental Health & Addiction Services-Main Building-1st Floor","Courtenay","Main Building ","15","1","VIHATRP20230227-086","04/30/2027","Operational","03/13/2025","","","General Rounding","Mental Health & Addiction Services","NTT-Deskside Services-NorthIsland-Local","Desktop","Dell OPTIPLEX 7000 MICRO V1","941-C"
"PC032595","HSS-8072594","6HL3KQ3","VIHA-CVMHAS-Comox Valley Mental Health & Addiction Services-Main Building-1st Floor","Courtenay","Main Building","1","1","VIHATRP20230227-087","04/30/2027","Operational","03/13/2025","","","General Rounding","Mental Health & Addiction Services","NTT-Deskside Services-NorthIsland-Local","Desktop","Dell OPTIPLEX 7000 MICRO V1",""
"PC039529","HSS-8072595","3JL3KQ3","VIHA-CVMHAS-Comox Valley Mental Health & Addiction Services-Main Building-1st Floor","Courtenay","Main Building","13","1","VIHATRP20230227-088","04/30/2027","Operational","03/13/2025","","","General Rounding","Mental Health & Addiction Services","NTT-Deskside Services-NorthIsland-Local","Desktop","Dell OPTIPLEX 7000 MICRO V1",""
"PC031241","HSS-8072596","69VMPR3","VIHA-CVMHAS-Comox Valley Mental Health & Addiction Services-Main Building-1st Floor","Courtenay","Main Building","3","1","VIHATRP20230227-089","04/30/2027","Operational","03/13/2025","","","General Rounding","Mental Health & Addiction Services","NTT-Deskside Services-NorthIsland-Local","Desktop","Dell OPTIPLEX 7000 MICRO V1",""
"PC030812","HSS-8072597","C5XKPR3","VIHA-CVMHAS-Comox Valley Mental Health & Addiction Services-Main Building-1st Floor","Courtenay","Main Building","16","1","VIHATRP20230227-090","04/30/2027","Operational","03/13/2025","","","General Rounding","Mental Health & Addiction Services","NTT-Deskside Services-NorthIsland-Local","Desktop","Dell OPTIPLEX 7000 MICRO V1",""
"PC024498","HSS-8072722","5HL3KQ3","VIHA-CVH-Comox Valley Hospital-Main Building-3rd Floor","Courtenay","Main Building","CV3320 (724)","3","VIHATRP20230227-091","04/30/2027","Operational","08/12/2026","Please NOTE that the following software applications are incompatible with the Cerner 724 Downtime application:
-Downtime Patient Index (DTPI)
-Dragon Medical One Extensions (DMO)
-Imprivata OneSign Software/Card Reader (Tap In/Out)
-Inteleviewer (Medical Imaging)

If the software is requested to be installed, the Incident or Request should be assigned to the ""VIHA-Client Experience"" assignment group so the request can be evaluated.","","Critical Clinical","General Medical / Surgical Inpatient Unit","NTT-Deskside Services-NorthIsland-Staffed","Desktop","Dell OPTIPLEX 7000 MICRO V1",""
"PC044532","HSS-8072877","5yp3kq3","VIHA-CVHCC-Comox Valley Home & Community Care-Main Building-1st Floor","Courtenay","Main Building","124","1","VIHATRP20230313-003","04/30/2027","Operational","07/23/2026","","","General Rounding","Mental Health Services","NTT-Deskside Services-NorthIsland-Local","Desktop","Dell OPTIPLEX 7000 MICRO V1",""
"PC044528","HSS-8072879","1xp3kq3","VIHA-CVHCC-Comox Valley Home & Community Care-Main Building-1st Floor","Courtenay","Main Building","123","1","VIHATRP20230313-005","04/30/2027","Operational","07/23/2026","","","General Rounding","Mental Health Services","NTT-Deskside Services-NorthIsland-Local","Desktop","Dell OPTIPLEX 7000 MICRO V1",""
"PC044214","HSS-8072880","7vl3kq3","VIHA-CVHCC-Comox Valley Home & Community Care","Courtenay","Main Building","126","1","VIHATRP20230313-006","04/30/2027","Operational","07/25/2025","","","General Rounding","Mental Health Services","NTT-Deskside Services-NorthIsland-Local","Desktop","Dell OPTIPLEX 7000 MICRO V1",""
"LD031965","HSS-8072881","HVP1NN3","VIHA-CCA_92-Courtenay Cliffe Avenue (#92)-Main Building-1st Floor","Courtenay","Main Building","18","1","VIHATRP20230313-007","05/31/2027","Operational","08/06/2026","","","General Rounding","Mental Health Services","NTT-Deskside Services-NorthIsland-Local","Laptop","Dell LATITUDE 7420 V3",""
"PC041015","HSS-8072882","F7H3KQ3","VIHA-CCDF-Cumberland Community Dialysis Facility-Main Building-1st Floor","Cumberland","Main Building","Dietitian office","1","VIHATRP20230313-008","04/30/2027","Operational","03/19/2026","","","General Rounding","Dialysis Facility","NTT-Deskside Services-NorthIsland-Local","Desktop","Dell OPTIPLEX 7000 MICRO V1",""
"PC041014","HSS-8072883","FWZ0KQ3","VIHA-CCDF-Cumberland Community Dialysis Facility-Main Building-1st Floor","Cumberland","Main Building","Nurses Station","1","VIHATRP20230313-009","04/30/2027","Operational","03/19/2026","","","General Rounding","Dialysis Facility","NTT-Deskside Services-NorthIsland-Local","Desktop","Dell OPTIPLEX 7000 MICRO V1",""
"PC036374","HSS-8072884","5VL3KQ3","VIHA-CCDF-Cumberland Community Dialysis Facility-Main Building-1st Floor","Cumberland","Main Building","Nurses Station","1","VIHATRP20230313-010","04/30/2027","Operational","03/19/2026","","","General Rounding","Dialysis Facility","NTT-Deskside Services-NorthIsland-Local","Desktop","Dell OPTIPLEX 7000 MICRO V1",""
"PC037415","HSS-8072885","1DH3KQ3","VIHA-CHC-Cumberland Health Centre-Main Building-1st Floor","Cumberland","Main Building","Pharmacy Office","1","VIHATRP20230313-011","04/30/2027","Operational","03/19/2026","","","General Rounding","Pharmacy Office","NTT-Deskside Services-NorthIsland-Local","Desktop","Dell OPTIPLEX 7000 MICRO V1",""
"PC031588","HSS-8072886","5BH3KQ3","VIHA-CRL-Cumberland Regional Hospital Laundry Society-Main Building-1st Floor","Cumberland","Main Building","Manager Office","1","VIHATRP20230313-012","04/30/2027","Operational","03/19/2026","","","General Rounding","Regional Laundry","NTT-Deskside Services-NorthIsland-Local","Desktop","Dell OPTIPLEX 7000 MICRO V1",""
"PC031379","HSS-8072887","CWZ0KQ3","VIHA-CRL-Cumberland Regional Hospital Laundry Society-Main Building-1st Floor","Cumberland","Main Building","Reception","1","VIHATRP20230313-013","04/30/2027","Operational","03/19/2026","","","General Rounding","Regional Laundry","NTT-Deskside Services-NorthIsland-Local","Desktop","Dell OPTIPLEX 7000 MICRO V1",""
"PC031383","HSS-8072888","BVL3KQ3","VIHA-CRL-Cumberland Regional Hospital Laundry Society-Main Building-1st Floor","Cumberland","Main Building","Manager Office","1","VIHATRP20230313-014","04/30/2027","Operational","03/19/2026","","","General Rounding","Regional Laundry","NTT-Deskside Services-NorthIsland-Local","Desktop","Dell OPTIPLEX 7000 MICRO V1",""
"PC026363","HSS-8072918","FXZ0KQ3","VIHA-CVH-Comox Valley Hospital-Main Building-1st Floor","Courtenay","Main Building","CV1536","1","VIHATRP20230313-066","05/31/2027","Operational","07/17/2026","","","General Rounding","Medical Day Care Booking","NTT-Deskside Services-NorthIsland-Staffed","Desktop","Dell OPTIPLEX 7000 MICRO V1",""
"PC034010","HSS-8072919","26Z2KQ3","VIHA-CVH-Comox Valley Hospital-Main Building-0th Floor","Courtenay","Main Building","CV0626 (Val's desktop from CR)","0","VIHATRP20230313-067","05/31/2027","Operational","05/08/2024","","","General Rounding","Telehealth","NTT-Deskside Services-NorthIsland-Staffed","Desktop","Dell OPTIPLEX 7000 MICRO V1",""
"PC024276","HSS-8072920","JWV2KQ3","VIHA-CVH-Comox Valley Hospital-Main Building-0th Floor","Courtenay","Main Building","CV0208","0","VIHATRP20230313-069","05/31/2027","Operational","08/14/2026","","","General Rounding","Pharmacy","NTT-Deskside Services-NorthIsland-Staffed","Desktop","Dell OPTIPLEX 7000 MICRO V1",""
"LD035027","HSS-8072922","5NB1NN3","VIHA-CVH-Comox Valley Hospital-Main Building-0th Floor","Courtenay","Main Building","CV0620 (Jennifer MacDonell - WFH)","0","VIHATRP20230313-071","05/31/2027","Operational","02/07/2024","","","Excluded","Unknown","NTT-Deskside Services-NorthIsland-Staffed","Laptop","Dell LATITUDE 7420 V3",""
"LD040797","HSS-8072923","4MYDLN3","VIHA-CVH-Comox Valley Hospital-Main Building-0th Floor","Courtenay","Main Building","CV0620 (Margaret England WFH)","0","VIHATRP20230313-072","05/31/2027","Operational","02/07/2024","","","Excluded","","NTT-Deskside Services-NorthIsland-Staffed","Laptop","Dell LATITUDE 7420 V3",""
"LD032227","HSS-8072924","5CZFLN3","VIHA-CVH-Comox Valley Hospital-Main Building-0th Floor","Courtenay","Main Building","CV0626 (Nancy Mareck)","0","VIHATRP20230313-073","05/31/2027","Operational","05/08/2024","","","General Rounding","Telehealth","NTT-Deskside Services-NorthIsland-Staffed","Laptop","Dell LATITUDE 7420 V3",""
"LD024519","HSS-8072925","HY3FLN3","VIHA-CVH-Comox Valley Hospital-Main Building-1st Floor","Courtenay","Main Building","CV1472","1","VIHATRP20230313-074","05/31/2027","Operational","03/18/2026","","","General Rounding","Registration","NTT-Deskside Services-NorthIsland-Staffed","Laptop","Dell LATITUDE 7420 V3",""
"PC026865","HSS-8072926","F4FS1N3","VIHA-CVH-Comox Valley Hospital-Main Building-2nd Floor","Courtenay","Main Building","CV2952","2","VIHATRP20230313-075","04/30/2027","Operational","08/12/2026","","","General Rounding","Laboratory","NTT-Deskside Services-NorthIsland-Staffed","Desktop","Dell PRECISION 5820 TOWER V2",""
"LD027214","HSS-8072929","BY3FLN3","VIHA-SJC-St. Joseph's Campus-Main Building-3rd Floor","Comox","Main Building","326","3","VIHATRP20230313-078","05/31/2027","Operational","04/30/2025","","","General Rounding","Clinical Nurse Educator","NTT-Deskside Services-NorthIsland-Local","Laptop","Dell LATITUDE 7420 V3",""
"LD066174","HSS-8072931","7TQ3NN3","VIHA-SJC-St. Joseph's Campus-Main Building-2nd Floor","Comox","Main Building","206","2","VIHATRP20230313-082","05/31/2027","Operational","04/02/2026","","","General Rounding","Geriatric Support Services","NTT-Deskside Services-NorthIsland-Local","Laptop","Dell LATITUDE 7420 V3",""
"LD036161","HSS-8072933","81L3NN3","VIHA-SJC-St. Joseph's Campus-Main Building-3rd Floor","Comox","Main Building","302 - WFH Mathew Titler ","3","VIHATRP20230313-097","05/31/2027","Operational","03/19/2024","","Matthew works from Home.","Excluded","ESP - Dimensions","NTT-Deskside Services-NorthIsland-Local","Laptop","Dell LATITUDE 7420 V3","WFH"
"LD024357","HSS-8072934","FS73NN3","VIHA-SJC-St. Joseph's Campus-Main Building-3rd Floor","Comox","Main Building","WFH - Danielle Guzzo","1","VIHATRP20230313-084","05/31/2027","Operational","07/30/2025","","","Excluded","OH&S","NTT-Deskside Services-NorthIsland-Local","Laptop","Dell LATITUDE 7420 V3",""
"PC033714","HSS-8072941","891T1V3","VIHA-SJC-St. Joseph's Campus-Main Building-3rd Floor","Comox","Main Building","333","3","VIHATRP20230313-095","05/31/2027","Operational","04/02/2026","","","General Rounding","Digital Media Production","NTT-Deskside Services-NorthIsland-Local","Desktop","Dell OPTIPLEX 7000 TOWER V1",""
"PC024527","HSS-8073057","4VL3KQ3","VIHA-CVH-Comox Valley Hospital-Main Building-4th Floor","Courtenay","Main Building","CV4729 (724)","4","VIHATRP20230313-096","09/30/2027","Operational","08/11/2026","Please NOTE that the following software applications are incompatible with the Cerner 724 Downtime application:
-Downtime Patient Index (DTPI)
-Dragon Medical One Extensions (DMO)
-Imprivata OneSign Software/Card Reader (Tap In/Out)
-Inteleviewer (Medical Imaging)

If the software is requested to be installed, the Incident or Request should be assigned to the ""VIHA-Client Experience"" assignment group so the request can be evaluated.","","Critical Clinical","Psychiatric Inpatient Unit","NTT-Deskside Services-NorthIsland-Staffed","Desktop","Dell OPTIPLEX 7000 MICRO V1",""
"PC024508","HSS-8073058","HWP3KQ3","VIHA-CVH-Comox Valley Hospital-Main Building-3rd Floor","Courtenay","Main Building","CV3729 (724)","3","VIHATRP20230313-097","09/30/2027","Operational","08/12/2026","Please NOTE that the following software applications are incompatible with the Cerner 724 Downtime application:
-Downtime Patient Index (DTPI)
-Dragon Medical One Extensions (DMO)
-Imprivata OneSign Software/Card Reader (Tap In/Out)
-Inteleviewer (Medical Imaging)

If the software is requested to be installed, the Incident or Request should be assigned to the ""VIHA-Client Experience"" assignment group so the request can be evaluated.","","Critical Clinical","General Medical / Surgical Inpatient Unit","NTT-Deskside Services-NorthIsland-Staffed","Desktop","Dell OPTIPLEX 7000 MICRO V1",""
"PC024393","HSS-8073059","7YP3KQ3","VIHA-CVH-Comox Valley Hospital-Main Building-2nd Floor","Courtenay","Main Building","CV2165 (724)","2","VIHATRP20230313-098","09/30/2027","Operational","08/12/2026","Please NOTE that the following software applications are incompatible with the Cerner 724 Downtime application:
-Downtime Patient Index (DTPI)
-Dragon Medical One Extensions (DMO)
-Imprivata OneSign Software/Card Reader (Tap In/Out)
-Inteleviewer (Medical Imaging)

If the software is requested to be installed, the Incident or Request should be assigned to the ""VIHA-Client Experience"" assignment group so the request can be evaluated.","","Critical Clinical","Maternity and Newborn Inpatient Unit","NTT-Deskside Services-NorthIsland-Staffed","Desktop","Dell OPTIPLEX 7000 MICRO V1",""
"LD107467","HSS-8073115","1084NN3","VIHA-CVH-Comox Valley Hospital-Main Building-4th Floor","Courtenay","Main Building","CV4044","4","REQ2133890-RITM2254529-SCTASK3668893","05/31/2027","Operational","07/17/2026","","","General Rounding","Psychiatric Inpatient Unit","NTT-Deskside Services-NorthIsland-Staffed","Laptop","Dell LATITUDE 7420 V3",""
"TD030644","HSS-8073732","98G3VT3","VIHA-CVH-Comox Valley Hospital-Main Building-0th Floor","Courtenay","Main Building","CV0314","0","VIHATRP20230410-068","05/31/2027","Operational","03/12/2026","","","General Rounding","Patient Liaison","NTT-Deskside Services-NorthIsland-Staffed","Tablet","Dell LATITUDE 9430",""
"PC024292","HSS-8074711","C001KQ3","VIHA-CVH-Comox Valley Hospital-Main Building-1st Floor","Courtenay","Main Building","CV1875","1","VIHATRP20230529-005","06/30/2027","Operational","07/23/2026","","","General Rounding","Medical Imaging","NTT-Deskside Services-NorthIsland-Staffed","Desktop","Dell OPTIPLEX 7000 MICRO V1",""
"LD024145","HSS-8074712","54FSQV3","VIHA-CVH-Comox Valley Hospital-Main Building-0th Floor","Courtenay","Main Building","CV0931","0","VIHATRP20230529-006","07/31/2026","Operational","08/14/2026","","","General Rounding","FMO","NTT-Deskside Services-NorthIsland-Staffed","Laptop","Dell LATITUDE 7430 V1",""
"PC024373","HSS-8074714","3101KQ3","VIHA-CVH-Comox Valley Hospital-Main Building-1st Floor","Courtenay","Main Building","CV1875","1","VIHATRP20230529-008","06/30/2027","Operational","07/23/2026","","","General Rounding","Medical Imaging","NTT-Deskside Services-NorthIsland-Staffed","Desktop","Dell OPTIPLEX 7000 MICRO V1",""
"PC026130","HSS-8074715","JYW0KQ3","VIHA-CVH-Comox Valley Hospital-Main Building-1st Floor","Courtenay","Main Building","CV1873","1","VIHATRP20230529-009","06/30/2027","Operational","07/23/2026","","","General Rounding","Medical Imaging","NTT-Deskside Services-NorthIsland-Staffed","Desktop","Dell OPTIPLEX 7000 MICRO V1","PC026130"
"PC026135","HSS-8074716","F101KQ3","VIHA-CVH-Comox Valley Hospital-Main Building-1st Floor","Courtenay","Main Building","CV1883","1","VIHATRP20230529-010","06/30/2027","Operational","07/23/2026","","","General Rounding","Medical Imaging","NTT-Deskside Services-NorthIsland-Staffed","Desktop","Dell OPTIPLEX 7000 MICRO V1",""
"LD024407","HSS-8074717","FCKJTV3","VIHA-CVH-Comox Valley Hospital-Main Building-1st Floor","Courtenay","Main Building","CV1855","1","VIHATRP20230529-011","07/31/2026","Operational","05/15/2026","SD211868  -","","General Rounding","Medical Imagining Site Admin","NTT-Deskside Services-NorthIsland-Staffed","Laptop","Dell LATITUDE 7430 V1",""
"PC024371","HSS-8074718","9XW0KQ3","VIHA-CVH-Comox Valley Hospital-Main Building-1st Floor","Courtenay","Main Building","CV1864","1","VIHATRP20230529-012","06/30/2027","Operational","07/23/2026","","","General Rounding","Medical Imaging","NTT-Deskside Services-NorthIsland-Staffed","Desktop","Dell OPTIPLEX 7000 MICRO V1",""
"PC026131","HSS-8074719","1YW0KQ3","VIHA-CVH-Comox Valley Hospital-Main Building-1st Floor","Courtenay","Main Building","CV1875","1","VIHATRP20230529-013","06/30/2027","Operational","07/23/2026","","","General Rounding","Medical Imaging","NTT-Deskside Services-NorthIsland-Staffed","Desktop","Dell OPTIPLEX 7000 MICRO V1","PC026131"
"PC026044","HSS-8074782","8YW0KQ3","VIHA-CVH-Comox Valley Hospital-Main Building-0th Floor","Courtenay","Main Building","CV0311","0","VIHATRP20230529-073","06/30/2027","Operational","12/18/2025","","","General Rounding","UBC","NTT-Deskside Services-NorthIsland-Staffed","Desktop","Dell OPTIPLEX 7000 MICRO V1","PC026044"
"PC024318","HSS-8074790","8ZW0KQ3","VIHA-CVH-Comox Valley Hospital-Main Building-1st Floor","Courtenay","Main Building","CV1101","1","VIHATRP20230529-081","06/30/2027","Operational","06/11/2026","","","General Rounding","Central Education and Conference Facilities","NTT-Deskside Services-NorthIsland-Staffed","Desktop","Dell OPTIPLEX 7000 MICRO V1",""
"PC026361","HSS-8074791","DWW0KQ3","VIHA-CVH-Comox Valley Hospital-Main Building-1st Floor","Courtenay","Main Building","CV1708","1","VIHATRP20230529-082","06/30/2027","Operational","07/27/2026","","","General Rounding","Heart and Lung","NTT-Deskside Services-NorthIsland-Staffed","Desktop","Dell OPTIPLEX 7000 MICRO V1",""
"LD029932","HSS-8074862","D3DYHW3","VIHA-CFA-Courtenay Fitzgerald Avenue-Main Building-1st Floor","Courtenay","Main Building","1","1","VIHATRP20230605-001","07/31/2026","Operational","07/21/2026","","","General Rounding","Home Care Nursing","NTT-Deskside Services-NorthIsland-Local","Laptop","Dell LATITUDE 7430 V1",""
"LD027171","HSS-8074863","5BV1JW3","VIHA-CFA-Courtenay Fitzgerald Avenue-Main Building-1st Floor","Courtenay","Main Building","12","1","VIHATRP20230605-002","07/31/2026","Operational","07/21/2026","","","General Rounding","Home Care Nursing","NTT-Deskside Services-NorthIsland-Local","Laptop","Dell LATITUDE 7430 V1","LENOVO THINKPAD T470s i5-7300U 2.6GHZ 3M"
"PC041925","HSS-8074864","2XW0KQ3","VIHA-CFA-Courtenay Fitzgerald Avenue-Main Building-1st Floor","Courtenay","Main Building","11","1","VIHATRP20230605-003","06/30/2027","Operational","07/21/2026","","","General Rounding","Home Care Nursing","NTT-Deskside Services-NorthIsland-Local","Desktop","Dell OPTIPLEX 7000 MICRO V1","CUSTOMER OWNED CTO DESKTOP TC M910Q I5-7"
"LD027170","HSS-8074865","3GV1JW3","VIHA-CFA-Courtenay Fitzgerald Avenue-Main Building-1st Floor","Courtenay","Main Building","11","1","VIHATRP20230605-004","07/31/2026","Operational","07/21/2026","","","General Rounding","Home Care Nursing","NTT-Deskside Services-NorthIsland-Local","Laptop","Dell LATITUDE 7430 V1","LENOVO THINKPAD T470s i5-7300U 2.6GHZ 3M"
"PC047846","HSS-8074873","3XW0KQ3","VIHA-CVMHAS-Comox Valley Mental Health & Addiction Services-Main Building-1st Floor","Courtenay","Main Building","Runway Room","1","VIHATRP20230605-092","06/30/2027","Operational","03/13/2025","","Mental Health & Addiction Services","General Rounding","Mental Health & Addiction Services","NTT-Deskside Services-NorthIsland-Local","Desktop","Dell OPTIPLEX 7000 MICRO V1","LENOVO THNKCNT M920q i5-8500 2.1GHz 8GB 256GB WIN10P 3YOS"
"LD066234","HSS-8074875","74DYHW3","VIHA-CVMHAS-Comox Valley Mental Health & Addiction Services-Main Building-1st Floor","Courtenay","Main Building","Reception","1","VIHATRP20230605-094","07/31/2026","Operational","03/13/2025","","","General Rounding","CV/CR Admin Suppport","NTT-Deskside Services-NorthIsland-Local","Laptop","Dell LATITUDE 7430 V1",""
"PC027392","HSS-8074899","691T1V3","VIHA-CVH-Comox Valley Hospital-Main Building-1st Floor","Courtenay","Main Building","CV1315","1","VIHATRP20230605-032","07/31/2027","Operational","05/07/2026","","","General Rounding","Protection Services","NTT-Deskside Services-NorthIsland-Staffed","Desktop","Dell OPTIPLEX 7000 TOWER V1",""
"PC026134","HSS-8074900","JXW0KQ3","VIHA-CVH-Comox Valley Hospital-Main Building-1st Floor","Courtenay","Main Building","CV1883","1","VIHATRP20230605-033","06/30/2027","Operational","07/23/2026","","","General Rounding","Medical Imaging","NTT-Deskside Services-NorthIsland-Staffed","Desktop","Dell OPTIPLEX 7000 MICRO V1","PC026134"
"PC024370","HSS-8074901","GYW0KQ3","VIHA-CVH-Comox Valley Hospital-Main Building-1st Floor","Courtenay","Main Building","CV1854","1","VIHATRP20230605-034","06/30/2027","Operational","07/23/2026","","","General Rounding","Medical Imaging","NTT-Deskside Services-NorthIsland-Staffed","Desktop","Dell OPTIPLEX 7000 MICRO V1",""
"PC026127","HSS-8074902","97H3KQ3","VIHA-CVH-Comox Valley Hospital-Main Building-1st Floor","Courtenay","Main Building","CV1875","1","VIHATRP20230605-035","06/30/2027","Operational","07/23/2026","","","General Rounding","Medical Imaging","NTT-Deskside Services-NorthIsland-Staffed","Desktop","Dell OPTIPLEX 7000 MICRO V1","PC026127
HSS-8074902 - Dell OPTIPLEX 7000 XCTO"
"PC026132","HSS-8074903","FWW0KQ3","VIHA-CVH-Comox Valley Hospital-Main Building-1st Floor","Courtenay","Main Building","CV1875","1","VIHATRP20230605-036","06/30/2027","Operational","07/23/2026","","","General Rounding","Medical Imaging","NTT-Deskside Services-NorthIsland-Staffed","Desktop","Dell OPTIPLEX 7000 MICRO V1","PC026132"
"PC027390","HSS-8074904","2N0T1V3","VIHA-CVH-Comox Valley Hospital-Main Building-1st Floor","Courtenay","Main Building","CV1315","1","VIHATRP20230605-037","07/31/2027","Operational","05/07/2026","","","General Rounding","Protection Services","NTT-Deskside Services-NorthIsland-Staffed","Desktop","Dell OPTIPLEX 7000 TOWER V1",""
"PC025567","HSS-8074906","7301KQ3","VIHA-CVH-Comox Valley Hospital-Main Building-1st Floor","Courtenay","Main Building","CV1548","1","VIHATRP20230605-039","06/30/2027","Operational","07/28/2026","","","General Rounding","Emergency Department","NTT-Deskside Services-NorthIsland-Staffed","Desktop","Dell OPTIPLEX 7000 MICRO V1",""
"PC026386","HSS-8074907","HXW0KQ3","VIHA-CVH-Comox Valley Hospital-Main Building-2nd Floor","Courtenay","Main Building","CV2703 (OR3)","2","VIHATRP20230605-040","06/30/2027","Operational","12/12/2025","","","General Rounding","Surgical Services","NTT-Deskside Services-NorthIsland-Staffed","Desktop","Dell OPTIPLEX 7000 MICRO V1",""
"PC026387","HSS-8074908","1101KQ3","VIHA-CVH-Comox Valley Hospital-Main Building-2nd Floor","Courtenay","Main Building","CV2705 (OR5)","2","VIHATRP20230605-041","06/30/2027","Operational","12/12/2025","","","General Rounding","Surgical Services","NTT-Deskside Services-NorthIsland-Staffed","Desktop","Dell OPTIPLEX 7000 MICRO V1",""
"PC026219","HSS-8074909","JWW0KQ3","VIHA-CVH-Comox Valley Hospital-Main Building-3rd Floor","Courtenay","Main Building","CV3920","3","VIHATRP20230605-042","06/30/2027","Operational","07/15/2026","","","General Rounding","General Medical / Surgical Inpatient Unit","NTT-Deskside Services-NorthIsland-Staffed","Desktop","Dell OPTIPLEX 7000 MICRO V1","PC026219"
"PC024516","HSS-8074910","BYW0KQ3","VIHA-CVH-Comox Valley Hospital-Main Building-3rd Floor","Courtenay","Main Building","CV3921","3","VIHATRP20230605-043","06/30/2027","Operational","07/15/2026","","","General Rounding","General Medical / Surgical Inpatient Unit","NTT-Deskside Services-NorthIsland-Staffed","Desktop","Dell OPTIPLEX 7000 MICRO V1",""
"PC026200","HSS-8074911","6YW0KQ3","VIHA-CVH-Comox Valley Hospital-Main Building-3rd Floor","Courtenay","Main Building","CV3129","3","VIHATRP20230605-044","06/30/2027","Operational","07/15/2026","","","General Rounding","General Medical / Surgical Inpatient Unit","NTT-Deskside Services-NorthIsland-Staffed","Desktop","Dell OPTIPLEX 7000 MICRO V1","PC026200"
"PC024491","HSS-8074912","2201KQ3","VIHA-CVH-Comox Valley Hospital-Main Building-3rd Floor","Courtenay","Main Building","CV3122","3","VIHATRP20230605-045","06/30/2027","Operational","07/15/2026","","","General Rounding","General Medical / Surgical Inpatient Unit","NTT-Deskside Services-NorthIsland-Staffed","Desktop","Dell OPTIPLEX 7000 MICRO V1",""
"PC026205","HSS-8074913","1201KQ3","VIHA-CVH-Comox Valley Hospital-Main Building-3rd Floor","Courtenay","Main Building","CV3209","3","VIHATRP20230605-046","06/30/2027","Operational","07/15/2026","","","General Rounding","General Medical / Surgical Inpatient Unit","NTT-Deskside Services-NorthIsland-Staffed","Desktop","Dell OPTIPLEX 7000 MICRO V1","PC026205"
"PC026146","HSS-8074914","3601KQ3","VIHA-CVH-Comox Valley Hospital-Main Building-4th Floor","Courtenay","Main Building","CV4209","4","VIHATRP20230605-047","06/30/2027","Operational","08/06/2026","","","General Rounding","Transitional Care Unit","NTT-Deskside Services-NorthIsland-Staffed","Desktop","Dell OPTIPLEX 7000 MICRO V1","PC026146"
"PC026229","HSS-8074915","HYW0KQ3","VIHA-CVH-Comox Valley Hospital-Main Building-4th Floor","Courtenay","Main Building","CV4731","4","VIHATRP20230605-048","06/30/2027","Operational","07/17/2026","","","General Rounding","Psychiatric Inpatient Unit","NTT-Deskside Services-NorthIsland-Staffed","Desktop","Dell OPTIPLEX 7000 MICRO V1","PC026229"
"PC026215","HSS-8074916","G001KQ3","VIHA-CVH-Comox Valley Hospital-Main Building-3rd Floor","Courtenay","Main Building","CV3809","3","VIHATRP20230605-049","06/30/2027","Operational","07/15/2026","","","General Rounding","General Medical / Surgical Inpatient Unit","NTT-Deskside Services-NorthIsland-Staffed","Desktop","Dell OPTIPLEX 7000 MICRO V1",""
"PC026210","HSS-8074917","1XW0KQ3","VIHA-CVH-Comox Valley Hospital-Main Building-3rd Floor","Courtenay","Main Building","CV3720","3","VIHATRP20230605-050","06/30/2027","Operational","07/15/2026","","","General Rounding","General Medical / Surgical Inpatient Unit","NTT-Deskside Services-NorthIsland-Staffed","Desktop","Dell OPTIPLEX 7000 MICRO V1",""
"PC026213","HSS-8074918","3201KQ3","VIHA-CVH-Comox Valley Hospital-Main Building-3rd Floor","Courtenay","Main Building","CV3809","3","VIHATRP20230605-051","06/30/2027","Operational","07/15/2026","","","General Rounding","General Medical / Surgical Inpatient Unit","NTT-Deskside Services-NorthIsland-Staffed","Desktop","Dell OPTIPLEX 7000 MICRO V1",""
"PC026172","HSS-8074919","7101KQ3","VIHA-CVH-Comox Valley Hospital-Main Building-3rd Floor","Courtenay","Main Building","CV3810","3","VIHATRP20230605-052","06/30/2027","Operational","07/14/2026","","","General Rounding","UBC Collaborations Rooms","NTT-Deskside Services-NorthIsland-Staffed","Desktop","Dell OPTIPLEX 7000 MICRO V1",""
"PC024513","HSS-8074920","4201KQ3","VIHA-CVH-Comox Valley Hospital-Main Building-3rd Floor","Courtenay","Main Building","CV3921","3","VIHATRP20230605-053","06/30/2027","Operational","07/15/2026","","","General Rounding","General Medical / Surgical Inpatient Unit","NTT-Deskside Services-NorthIsland-Staffed","Desktop","Dell OPTIPLEX 7000 MICRO V1",""
"PC024526","HSS-8074921","8101KQ3","VIHA-CVH-Comox Valley Hospital-Main Building-3rd Floor","Courtenay","Main Building","CV3210","3","VIHATRP20230605-054","06/30/2027","Operational","07/14/2026","","","General Rounding","UBC Collaborations Rooms","NTT-Deskside Services-NorthIsland-Staffed","Desktop","Dell OPTIPLEX 7000 MICRO V1",""
"PC026147","HSS-8074922","H101KQ3","VIHA-CVH-Comox Valley Hospital-Main Building-4th Floor","Courtenay","Main Building","CV4321","4","VIHATRP20230605-055","06/30/2027","Operational","08/06/2026","","","General Rounding","Transitional Care Unit","NTT-Deskside Services-NorthIsland-Staffed","Desktop","Dell OPTIPLEX 7000 MICRO V1",""
"PC026230","HSS-8074924","6101KQ3","VIHA-CVH-Comox Valley Hospital-Main Building-4th Floor","Courtenay","Main Building","CV4729","4","VIHATRP20230605-057","06/30/2027","Operational","07/17/2026","","","General Rounding","Psychiatric Inpatient Unit","NTT-Deskside Services-NorthIsland-Staffed","Desktop","Dell OPTIPLEX 7000 MICRO V1","PC026230"
"PC026231","HSS-8074925","GWW0KQ3","VIHA-CVH-Comox Valley Hospital-Main Building-4th Floor","Courtenay","Main Building","CV4731","4","VIHATRP20230605-058","06/30/2027","Operational","07/17/2026","","","General Rounding","Psychiatric Inpatient Unit","NTT-Deskside Services-NorthIsland-Staffed","Desktop","Dell OPTIPLEX 7000 MICRO V1","PC026231"
"PC024530","HSS-8074926","3401KQ3","VIHA-CVH-Comox Valley Hospital-Main Building-4th Floor","Courtenay","Main Building","CV4912 (724)","4","VIHATRP20230605-059","06/30/2027","Operational","08/11/2026","Please NOTE that the following software applications are incompatible with the Cerner 724 Downtime application:
-Downtime Patient Index (DTPI)
-Dragon Medical One Extensions (DMO)
-Imprivata OneSign Software/Card Reader (Tap In/Out)
-Inteleviewer (Medical Imaging)

If the software is requested to be installed, the Incident or Request should be assigned to the ""VIHA-Client Experience"" assignment group so the request can be evaluated.","CV4911 - Central Communication and Care Team - Careteam & Touchdown","Critical Clinical","Psychiatric Inpatient Unit","NTT-Deskside Services-NorthIsland-Staffed","Desktop","Dell OPTIPLEX 7000 MICRO V1",""
"PC024528","HSS-8074927","7001KQ3","VIHA-CVH-Comox Valley Hospital-Main Building-4th Floor","Courtenay","Main Building","CV4731","4","VIHATRP20230605-060","06/30/2027","Operational","07/17/2026","","","General Rounding","Psychiatric Inpatient Unit","NTT-Deskside Services-NorthIsland-Staffed","Desktop","Dell OPTIPLEX 7000 MICRO V1",""
"PC024301","HSS-8074928","1301KQ3","VIHA-CVH-Comox Valley Hospital-Main Building-4th Floor","Courtenay","Main Building","CV4210","4","VIHATRP20230605-061","06/30/2027","Operational","08/06/2026","","","General Rounding","UBC Teaching","NTT-Deskside Services-NorthIsland-Staffed","Desktop","Dell OPTIPLEX 7000 MICRO V1",""
"PC026233","HSS-8074929","4301KQ3","VIHA-CVH-Comox Valley Hospital-Main Building-4th Floor","Courtenay","Main Building","CV4044.2","4","VIHATRP20230605-062","06/30/2027","Operational","07/17/2026","","","General Rounding","Psychiatric Inpatient Unit","NTT-Deskside Services-NorthIsland-Staffed","Desktop","Dell OPTIPLEX 7000 MICRO V1","PC026233"
"PC026234","HSS-8074930","D101KQ3","VIHA-CVH-Comox Valley Hospital-Main Building-4th Floor","Courtenay","Main Building","CV4912","4","VIHATRP20230605-063","06/30/2027","Operational","07/17/2026","","","General Rounding","Psychiatric Inpatient Unit","NTT-Deskside Services-NorthIsland-Staffed","Desktop","Dell OPTIPLEX 7000 MICRO V1","PC026234"
"PC026235","HSS-8074931","5401KQ3","VIHA-CVH-Comox Valley Hospital-Main Building-4th Floor","Courtenay","Main Building","CV4912","4","VIHATRP20230605-064","06/30/2027","Operational","07/17/2026","","","General Rounding","Psychiatric Inpatient Unit","NTT-Deskside Services-NorthIsland-Staffed","Desktop","Dell OPTIPLEX 7000 MICRO V1","PC026235"
"PC024300","HSS-8074932","H201KQ3","VIHA-CVH-Comox Valley Hospital-Main Building-4th Floor","Courtenay","Main Building","CV4320","4","VIHATRP20230605-065","06/30/2027","Operational","08/06/2026","","","General Rounding","Transitional Care Unit","NTT-Deskside Services-NorthIsland-Staffed","Desktop","Dell OPTIPLEX 7000 MICRO V1",""
"PC024529","HSS-8074933","F201KQ3","VIHA-CVH-Comox Valley Hospital-Main Building-4th Floor","Courtenay","Main Building","CV4803","4","VIHATRP20230605-066","06/30/2027","Operational","07/17/2026","","","General Rounding","Psychiatric Inpatient Unit","NTT-Deskside Services-NorthIsland-Staffed","Desktop","Dell OPTIPLEX 7000 MICRO V1",""
"PC026232","HSS-8074934","C101KQ3","VIHA-CVH-Comox Valley Hospital-Main Building-4th Floor","Courtenay","Main Building","CV4731","4","VIHATRP20230605-067","06/30/2027","Operational","07/17/2026","","","General Rounding","Psychiatric Inpatient Unit","NTT-Deskside Services-NorthIsland-Staffed","Desktop","Dell OPTIPLEX 7000 MICRO V1","PC026232"
"AO800153","HSS-8074936","T22A26M058","VIHA-CVH-Comox Valley Hospital-Main Building-0th Floor","Courtenay","Main Building","CV0806","0","VIHATRP20230605-069","08/31/2027","Operational","08/14/2026","","","Mobile Cart","Medical Device Reprocessing Department","NTT-Deskside Services-NorthIsland-Staffed","All-in-One","Tangent MEDIX 24 V1",""
"AO800154","HSS-8074937","T22A26M061","VIHA-CVH-Comox Valley Hospital-Main Building-0th Floor","Courtenay","Main Building","CV0806","0","VIHATRP20230605-070","08/31/2027","Operational","08/14/2026","","","Mobile Cart","Medical Device Reprocessing Department","NTT-Deskside Services-NorthIsland-Staffed","All-in-One","Tangent MEDIX 24 V1",""
"PC041029","HSS-8074951","2YW0KQ3","VIHA-CVMHAS-Comox Valley Mental Health & Addiction Services-Main Building-1st Floor","Courtenay","Main Building","5","1","VIHATRP20230605-084","06/30/2027","Operational","03/13/2025","","","General Rounding","End of Life","NTT-Deskside Services-NorthIsland-Local","Desktop","Dell OPTIPLEX 7000 MICRO V1",""
"PC030809","HSS-8074952","9001KQ3","VIHA-CVMHAS-Comox Valley Mental Health & Addiction Services-Main Building-1st Floor","Courtenay","Main Building","10","1","VIHATRP20230605-085","06/30/2027","Operational","03/13/2025","","","General Rounding","Mental Health & Addiction Services","NTT-Deskside Services-NorthIsland-Local","Desktop","Dell OPTIPLEX 7000 MICRO V1",""
"LD107440","HSS-8076143","3RQX4X3","VIHA-CVCHC-Comox Valley Community Health Centre","Courtenay","101-1742 Cliffe Ave","Admin","3","REQ2161938-RITM2284360-SCTASK3658921","08/31/2027","Operational","","","","Excluded"," ","NTT-Deskside Services-NorthIsland-Local","Laptop","Dell LATITUDE 7430 V1","RITM2246543
Shiplink: 42574"
"LD107280","HSS-8076160","447Y4X3","VIHA-CVH-Comox Valley Hospital-Main Building-4th Floor","Courtenay","Main Building","CV4044.2","4","REQ2133905-RITM2254544-SCTASK3622387","08/31/2027","Operational","07/17/2026","","","General Rounding","Psychiatric Inpatient Unit","NTT-Deskside Services-NorthIsland-Staffed","Laptop","Dell LATITUDE 7430 V1",""
"LD108105","HSS-8076900","3B105X3","VIHA-CVH-Comox Valley Hospital-Main Building-1st Floor","Courtenay","Main Building","CV1885","1","REQ2189959-RITM2314058-SCTASK3769518","08/31/2027","Operational","","","","General Rounding","PACS","NTT-Deskside Services-NorthIsland-Staffed","Laptop","Dell LATITUDE 7430 V1",""
"LD107048","HSS-8076901","3W0Z4X3","VIHA-CVH-Comox Valley Hospital-Main Building-0th Floor","Courtenay","Main Building","CV0415","0","REQ2049843-RITM2164962-SCTASK3566717","08/31/2027","Operational","08/14/2026","","","General Rounding","Housekeeping","NTT-Deskside Services-NorthIsland-Staffed","Laptop","Dell LATITUDE 7430 V1",""
"PC031318","HSS-8077299","95D2QR3","VIHA-CHC-Cumberland Health Centre-Main Building-1st Floor","Cumberland","Main Building","Laboratory","1","VIHATRP20230814-001","06/30/2027","Operational","03/19/2026","","","General Rounding","Lab Admin","NTT-Deskside Services-NorthIsland-Local","Desktop","Dell OPTIPLEX 7000 MICRO V1","LENOVO THINKCENTRE M910q i5-7500T 2.5GHZ"
"LD032722","HSS-8077300","1Q1Y4X3","VIHA-CHC-Cumberland Health Centre-Main Building-1st Floor","Cumberland","Main Building","Manager's Office","1","VIHATRP20230814-002","09/30/2027","Operational","","","","General Rounding","","NTT-Deskside Services-NorthIsland-Local","Laptop","Dell LATITUDE 7430 V1",""
"PC039531","HSS-8077301","911WPR3","VIHA-CHC-Cumberland Health Centre-Main Building-1st Floor","Cumberland","Main Building","Kitchen Office","1","VIHATRP20230814-003","06/30/2027","Operational","03/19/2026","","","General Rounding","Dietary","NTT-Deskside Services-NorthIsland-Local","Desktop","Dell OPTIPLEX 7000 MICRO V1",""
"PC031825","HSS-8077302","8BYVPR3","VIHA-CRL-Cumberland Regional Hospital Laundry Society-Main Building-1st Floor","Cumberland","Main Building","Reception","1","VIHATRP20230814-004","06/30/2027","Operational","03/19/2026","","","General Rounding","Regional Laundry","NTT-Deskside Services-NorthIsland-Local","Desktop","Dell OPTIPLEX 7000 MICRO V1",""
"PC033715","HSS-8077303","CPMVPR3","VIHA-CRL-Cumberland Regional Hospital Laundry Society-Main Building-1st Floor","Cumberland","Main Building","Maintenance Office","1","VIHATRP20230814-005","06/30/2027","Operational","03/19/2026","","","General Rounding","Regional Laundry","NTT-Deskside Services-NorthIsland-Local","Desktop","Dell OPTIPLEX 7000 MICRO V1","LENOVO THINKCENTRE M910q i5-7500T 2.5GHZ"
"LD038237","HSS-8077304","JQBZ4X3","VIHA-CVCHC-Comox Valley Community Health Centre-Main Building-1st Floor","Courtenay","Main Building","22","1","VIHATRP20230814-006","09/30/2027","Operational","04/16/2025","","","General Rounding","Public Health","NTT-Deskside Services-NorthIsland-Local","Laptop","Dell LATITUDE 7430 V1",""
"PC031366","HSS-8077305","8CYVPR3","VIHA-CRL-Cumberland Regional Hospital Laundry Society-Main Building-1st Floor","Cumberland","Main Building","Supervisor Office","1","VIHATRP20230814-007","06/30/2027","Operational","03/19/2026","","","General Rounding","Regional Laundry","NTT-Deskside Services-NorthIsland-Local","Desktop","Dell OPTIPLEX 7000 MICRO V1",""
"LD033197","HSS-8077306","HDSY4X3","VIHA-CVCHC-Comox Valley Community Health Centre","Courtenay","Main","22","1","VIHATRP20230814-008","09/30/2027","Operational","","","","General Rounding","Nutrition","NTT-Deskside Services-NorthIsland-Local","Laptop","Dell LATITUDE 7430 V1",""
"LD038163","HSS-8077307","1JHZ4X3","VIHA-CVCHC-Comox Valley Community Health Centre-Main Building-1st Floor","Courtenay","Main Building","24","1","VIHATRP20230814-009","09/30/2027","Operational","04/16/2025","","","General Rounding","Public Health","NTT-Deskside Services-NorthIsland-Local","Laptop","Dell LATITUDE 7430 V1","LENOVO THINKPAD T470s i5-7300U 2.6GHZ 3M"
"LD031964","HSS-8077308","DWNY4X3","VIHA-CVCHC-Comox Valley Community Health Centre-Main Building-1st Floor","Courtenay","Main Building","11 (Vaccine Room)","1","VIHATRP20230814-010","09/30/2027","Operational","04/16/2025","","","General Rounding","Public Health","NTT-Deskside Services-NorthIsland-Local","Laptop","Dell LATITUDE 7430 V1",""
"LD036141","HSS-8077309","3NBZ4X3","VIHA-CVCHC-Comox Valley Community Health Centre-Main Building-1st Floor","Courtenay","Main Building","17","1","VIHATRP20230814-011","09/30/2027","Operational","04/16/2025","","","General Rounding","Public Health","NTT-Deskside Services-NorthIsland-Local","Laptop","Dell LATITUDE 7430 V1",""
"LD030721","HSS-8077310","1FKZ4X3","VIHA-CVCHC-Comox Valley Community Health Centre-Main Building-1st Floor","Courtenay","Main Building","26","1","VIHATRP20230814-012","09/30/2027","Operational","04/16/2025","","","General Rounding","Public Health","NTT-Deskside Services-NorthIsland-Local","Laptop","Dell LATITUDE 7430 V1",""
"LD036138","HSS-8077311","7JTY4X3","VIHA-CVCHC-Comox Valley Community Health Centre-Main Building-1st Floor","Courtenay","Main Building","24","1","VIHATRP20230814-013","09/30/2027","Operational","04/16/2025","","","General Rounding","Public Health","NTT-Deskside Services-NorthIsland-Local","Laptop","Dell LATITUDE 7430 V1",""
"LD038238","HSS-8077312","JDTY4X3","VIHA-CVCHC-Comox Valley Community Health Centre-Main Building-1st Floor","Courtenay","Main Building","25","1","VIHATRP20230814-014","09/30/2027","Operational","04/16/2025","","","General Rounding","Public Health","NTT-Deskside Services-NorthIsland-Local","Laptop","Dell LATITUDE 7430 V1",""
"LD038234","HSS-8077313","4DKZ4X3","VIHA-CVCHC-Comox Valley Community Health Centre-Main Building-1st Floor","Courtenay","Main Building","23","1","VIHATRP20230814-015","09/30/2027","Operational","04/16/2025","","","General Rounding","Public Health","NTT-Deskside Services-NorthIsland-Local","Laptop","Dell LATITUDE 7430 V1",""
"LD027547","HSS-8077314","DVBZ4X3","VIHA-CCA-Courtenay Cliffe Avenue","Courtenay","Main Building","C014","0","VIHATRP20230814-016","09/30/2027","Operational","07/24/2026","","","General Rounding","CHS Comox Adm","NTT-Deskside Services-NorthIsland-Local","Laptop","Dell LATITUDE 7430 V1",""
"LD038169","HSS-8077315","8H3Z4X3","VIHA-CVHCC-Comox Valley Home & Community Care-Main Building-1st Floor","Courtenay","Main Building","Room 117","1","VIHATRP20230814-017","09/30/2027","Operational","05/22/2025","","","General Rounding","CCD Admin Support-Comox","NTT-Deskside Services-NorthIsland-Local","Laptop","Dell LATITUDE 7430 V1","LENOVO THINKPAD T470s i5-7300U 2.6GHZ 3M"
"LD066107","HSS-8077316","H2WZ4X3","VIHA-CCA-Courtenay Cliffe Avenue","Courtenay","Main Building","ERGOTON STORAGE CART IN BASEMENT","0","VIHATRP20230814-018","09/30/2027","Operational","05/23/2025","","","General Rounding","CCD Admin Support-Comox","NTT-Deskside Services-NorthIsland-Local","Laptop","Dell LATITUDE 7430 V1","LENOVO X380 YOGA i7-8650U 1.9GHz 8MB 13."
"LD027177","HSS-8077317","7X8Z4X3","VIHA-CFA-Courtenay Fitzgerald Avenue-Main Building-1st Floor","Courtenay","Main Building","10","1","VIHATRP20230814-019","09/30/2027","Operational","07/21/2026","","","General Rounding","Community Health Service (CHS)","NTT-Deskside Services-NorthIsland-Local","Laptop","Dell LATITUDE 7430 V1","LENOVO THINKPAD T470s i5-7300U 2.6GHZ 3M"
"LD038168","HSS-8077318","8Q3Z4X3","VIHA-CCA-Courtenay Cliffe Avenue-Main Building-1st Floor","Courtenay","Main Building","C113","1","VIHATRP20230814-020","09/30/2027","Operational","07/24/2026","","","General Rounding","CCD Admin Support-Comox","NTT-Deskside Services-NorthIsland-Local","Laptop","Dell LATITUDE 7430 V1",""
"LD066110","HSS-8077319","72LZ4X3","VIHA-CCA-Courtenay Cliffe Avenue-Main Building-1st Floor","Courtenay","Main Building","C110","1","VIHATRP20230814-021","09/30/2027","Operational","07/24/2026","","","General Rounding","CCD Admin Support-Comox","NTT-Deskside Services-NorthIsland-Local","Laptop","Dell LATITUDE 7430 V1","LENOVO X380 YOGA i7-8650U 1.9GHz 8MB 13."
"LD031261","HSS-8077320","5HHZ4X3","VIHA-CVHCC-Comox Valley Home & Community Care-Main Building-1st Floor","Courtenay","Main Building","Room 105","1","VIHATRP20230814-022","09/30/2027","Operational","02/28/2025","","","General Rounding","CCD Admin Support-Comox","NTT-Deskside Services-NorthIsland-Local","Laptop","Dell LATITUDE 7430 V1","LENOVO THINKPAD T470s i5-7300U 2.6GHZ 3M"
"LD033201","HSS-8077321","FF4Z4X3","VIHA-CVHCC-Comox Valley Home & Community Care-Main Building-1st Floor","Courtenay","Main Building","Room 129","1","VIHATRP20230814-023","09/30/2027","Operational","05/23/2025","","","General Rounding","CCD Admin Support-Comox","NTT-Deskside Services-NorthIsland-Local","Laptop","Dell LATITUDE 7430 V1",""
"LD033202","HSS-8077322","83MY4X3","VIHA-CCA-Courtenay Cliffe Avenue","Courtenay","Main Building","C006","0","VIHATRP20230814-024","09/30/2027","Operational","07/24/2026","","","General Rounding","Home Care Nursing-Comox","NTT-Deskside Services-NorthIsland-Local","Laptop","Dell LATITUDE 7430 V1",""
"LD037886","HSS-8077323","HGHZ4X3","VIHA-CFA-Courtenay Fitzgerald Avenue","Courtenay","Main Building","F7","1","VIHATRP20230814-025","09/30/2027","Operational","05/22/2025","","","General Rounding","CCD Admin Support-Comox","NTT-Deskside Services-NorthIsland-Local","Laptop","Dell LATITUDE 7430 V1",""
"LD033689","HSS-8077324","2M205X3","VIHA-CCA-Courtenay Cliffe Avenue","Courtenay","Main Building","C006","0","VIHATRP20230814-026","09/30/2027","Operational","05/22/2025","","","General Rounding","CCD Admin Support-Comox","NTT-Deskside Services-NorthIsland-Local","Laptop","Dell LATITUDE 7430 V1",""
"LD037884","HSS-8077325","HFTY4X3","VIHA-CFA-Courtenay Fitzgerald Avenue-Main Building-1st Floor","Courtenay","Main Building","6","1","VIHATRP20230814-027","09/30/2027","Operational","07/21/2026","","","General Rounding","Home Care Nursing","NTT-Deskside Services-NorthIsland-Local","Laptop","Dell LATITUDE 7430 V1",""
"LD066117","HSS-8077326","HJHY4X3","VIHA-CFA-Courtenay Fitzgerald Avenue-Main Building-1st Floor","Courtenay","Main Building","1","1","VIHATRP20230814-028","09/30/2027","Operational","07/21/2026","","","General Rounding","Home Care Nursing-Comox","NTT-Deskside Services-NorthIsland-Local","Laptop","Dell LATITUDE 7430 V1",""
"LD036167","HSS-8077328","3DFY4X3","VIHA-CCA-Courtenay Cliffe Avenue","Courtenay","Main Building","C007","0","VIHATRP20230814-030","09/30/2027","Operational","07/24/2026","","","General Rounding","CCD Admin Support-Comox","NTT-Deskside Services-NorthIsland-Local","Laptop","Dell LATITUDE 7430 V1",""
"LD038166","HSS-8077329","HHKZ4X3","VIHA-CCA-Courtenay Cliffe Avenue","Courtenay","Main Building","C008","0","VIHATRP20230814-031","09/30/2027","Operational","07/24/2026","","","General Rounding","CCD Admin Support-Comox","NTT-Deskside Services-NorthIsland-Local","Laptop","Dell LATITUDE 7430 V1","LENOVO THINKPAD T470s i5-7300U 2.6GHZ 3M"
"LD066181","HSS-8077331","5L205X3","VIHA-CVHCC-Comox Valley Home & Community Care-Main Building-1st Floor","Courtenay","Main Building","106","1","VIHATRP20230814-033","09/30/2027","Operational","04/23/2024","","","General Rounding","CCD Admin Support-Comox","NTT-Deskside Services-NorthIsland-Local","Laptop","Dell LATITUDE 7430 V1",""
"LD065913","HSS-8077332","5LTY4X3","VIHA-CCA-Courtenay Cliffe Avenue-Main Building-1st Floor","Courtenay","Main Building","C111","1","VIHATRP20230814-034","09/30/2027","Operational","07/24/2026","","","General Rounding","CCD Admin Support-Comox","NTT-Deskside Services-NorthIsland-Local","Laptop","Dell LATITUDE 7430 V1","LENOVO X380 YOGA i7-8650U 1.9GHz 8MB 13."
"LD031257","HSS-8077333","88HZ4X3","VIHA-CFA-Courtenay Fitzgerald Avenue-Main Building-1st Floor","Courtenay","Main Building","6","1","VIHATRP20230814-035","09/30/2027","Operational","07/21/2026","","","General Rounding","CCD Admin Support-Comox","NTT-Deskside Services-NorthIsland-Local","Laptop","Dell LATITUDE 7430 V1","LENOVO THINKPAD T470s i5-7300U 2.6GHZ 3M"
"LD033203","HSS-8077334","D4GZ4X3","VIHA-CCA-Courtenay Cliffe Avenue-Main Building-1st Floor","Courtenay","Main Building","C110","1","VIHATRP20230814-036","09/30/2027","Operational","07/24/2026","","","General Rounding","Home Care Nursing-Comox","NTT-Deskside Services-NorthIsland-Local","Laptop","Dell LATITUDE 7430 V1",""
"LD037887","HSS-8077335","CHTY4X3","VIHA-CFA-Courtenay Fitzgerald Avenue-Main Building-1st Floor","Courtenay","Main Building","4","1","VIHATRP20230814-037","09/30/2027","Operational","07/21/2026","","","General Rounding","CCD Admin Support-Comox","NTT-Deskside Services-NorthIsland-Local","Laptop","Dell LATITUDE 7430 V1",""
"LD026172","HSS-8077336","1SLZ4X3","VIHA-CVHCC-Comox Valley Home & Community Care-Main Building-1st Floor","Courtenay","Main Building","Room 103","1","VIHATRP20230814-038","09/30/2027","Operational","05/22/2025","","","General Rounding","CCD Admin Support-Comox","NTT-Deskside Services-NorthIsland-Local","Laptop","Dell LATITUDE 7430 V1",""
"LD032037","HSS-8077337","5YP05X3","VIHA-CVHCC-Comox Valley Home & Community Care-Main Building-1st Floor","Courtenay","Main Building","Room 129","1","VIHATRP20230814-039","09/30/2027","Operational","05/23/2025","","","General Rounding","Physiotherapy Comox Valley Home & Community Care","NTT-Deskside Services-NorthIsland-Local","Laptop","Dell LATITUDE 7430 V1","LENOVO THINKPAD T470s i5-7300U 2.6GHZ 3M"
"LD066125","HSS-8077338","7DG05X3","VIHA-CCA-Courtenay Cliffe Avenue-Main Building-1st Floor","Courtenay","Main Building","C113","1","VIHATRP20230814-040","09/30/2027","Operational","07/24/2026","","","General Rounding","Home Care Nursing-Comox","NTT-Deskside Services-NorthIsland-Local","Laptop","Dell LATITUDE 7430 V1","LENOVO X380 YOGA i7-8650U 1.9GHz 8MB 13."
"LD066209","HSS-8077339","1BFZ4X3","VIHA-CVHCC-Comox Valley Home & Community Care-Main Building-1st Floor","Courtenay","Main Building","Room 129","1","VIHATRP20230814-041","09/30/2027","Operational","05/22/2025","","","General Rounding","Casual Rehab","NTT-Deskside Services-NorthIsland-Local","Laptop","Dell LATITUDE 7430 V1",""
"TD030632","HSS-8077340","FX755X3","VIHA-CFA-Courtenay Fitzgerald Avenue","Courtenay","Main Building","F7","1","VIHATRP20230814-042","09/30/2027","Operational","05/22/2025","","","General Rounding","LTC Assessment Pgm-Comox","NTT-Deskside Services-NorthIsland-Local","Tablet","Dell LATITUDE 9430","LENOVO X380 YOGA i7-8650U 1.9GHz 8MB 13."
"LD037885","HSS-8077341","BDG05X3","VIHA-CVSVCLAL-Comox Valley Seniors Village & Casa Loma Assisted Living-Main Building-1st Floor","Courtenay","Main Building","110","1","VIHATRP20230814-043","09/30/2027","Operational","09/13/2023","","","General Rounding","Community Health Services","NTT-Deskside Services-NorthIsland-Local","Laptop","Dell LATITUDE 7430 V1",""
"LD033684","HSS-8077342","9BX45X3","VIHA-CVHCC-Comox Valley Home & Community Care-Main Building-1st Floor","Courtenay","Main Building","Room 105","1","VIHATRP20230814-044","09/30/2027","Operational","05/22/2025","","","General Rounding","CCD Admin Support-Comox","NTT-Deskside Services-NorthIsland-Local","Laptop","Dell LATITUDE 7430 V1",""
"LD038162","HSS-8077343","BBG05X3","VIHA-CVHCC-Comox Valley Home & Community Care-Main Building-1st Floor","Courtenay","Main Building","Room 102","1","VIHATRP20230814-045","09/30/2027","Operational","05/23/2025","","","General Rounding","CCD Admin Support-Comox","NTT-Deskside Services-NorthIsland-Local","Laptop","Dell LATITUDE 7430 V1","LENOVO THINKPAD T470s i5-7300U 2.6GHZ 3M"
"LD026171","HSS-8077344","59G05X3","VIHA-CCA-Courtenay Cliffe Avenue-Main Building-1st Floor","Courtenay","Main Building","C112","1","VIHATRP20230814-046","09/30/2027","Operational","07/24/2026","","","General Rounding","CCD Admin Support-Comox","NTT-Deskside Services-NorthIsland-Local","Laptop","Dell LATITUDE 7430 V1",""
"LD038233","HSS-8077345","HBG05X3","VIHA-CCA-Courtenay Cliffe Avenue-Main Building-1st Floor","Courtenay","Main Building","C112","1","VIHATRP20230814-047","09/30/2027","Operational","07/24/2026","","","General Rounding","CCD Admin Support-Comox","NTT-Deskside Services-NorthIsland-Local","Laptop","Dell LATITUDE 7430 V1",""
"LD066285","HSS-8077346","5J3Z4X3","VIHA-CCA-Courtenay Cliffe Avenue","Courtenay","Main Building","ERGOTON STORAGE CART IN BASEMENT","0","VIHATRP20230814-048","09/30/2027","Operational","02/28/2025","","","General Rounding","CCD Admin Support-Comox","NTT-Deskside Services-NorthIsland-Local","Laptop","Dell LATITUDE 7430 V1","LENOVO X380 YOGA i7-8650U 1.9GHz 8MB 13."
"LD031707","HSS-8077347","F3R45X3","VIHA-CVHCC-Comox Valley Home & Community Care-Main Building-1st Floor","Courtenay","Main Building","Room 128","1","VIHATRP20230814-049","09/30/2027","Operational","05/22/2025","","","General Rounding","CCD Admin Support-Comox","NTT-Deskside Services-NorthIsland-Local","Laptop","Dell LATITUDE 7430 V1","LENOVO THINKPAD T470s i5-7300U 2.6GHZ 3M"
"LD031256","HSS-8077348","809Z4X3","VIHA-CVHCC-Comox Valley Home & Community Care-Main Building-1st Floor","Courtenay","Main Building","Room 105","1","VIHATRP20230814-050","09/30/2027","Operational","02/28/2025","","","General Rounding","CCD Admin Support-Comox","NTT-Deskside Services-NorthIsland-Local","Laptop","Dell LATITUDE 7430 V1","LENOVO THINKPAD T470s i5-7300U 2.6GHZ 3M"
"LD038161","HSS-8077349","GJMY4X3","VIHA-CCA-Courtenay Cliffe Avenue-Main Building-1st Floor","Courtenay","Main Building","C113","1","VIHATRP20230814-051","09/30/2027","Operational","07/24/2026","","","General Rounding","CCD Admin Support-Comox","NTT-Deskside Services-NorthIsland-Local","Laptop","Dell LATITUDE 7430 V1","LENOVO THINKPAD T470s i5-7300U 2.6GHZ 3M"
"LD033688","HSS-8077350","25LZ4X3","VIHA-CCA-Courtenay Cliffe Avenue","Courtenay","Main Building","C113","1","VIHATRP20230814-052","09/30/2027","Operational","05/22/2025","","","General Rounding","Home Care Nursing-Comox","NTT-Deskside Services-NorthIsland-Local","Laptop","Dell LATITUDE 7430 V1",""
"LD026464","HSS-8077351","5YNY4X3","VIHA-CVHCC-Comox Valley Home & Community Care-Main Building-1st Floor","Courtenay","Main Building","Room 103","1","VIHATRP20230814-053","09/30/2027","Operational","05/23/2025","","","General Rounding","CCD Admin Support-Comox","NTT-Deskside Services-NorthIsland-Local","Laptop","Dell LATITUDE 7430 V1",""
"LD066286","HSS-8077352","2CHZ4X3","VIHA-CFA-Courtenay Fitzgerald Avenue-Main Building-1st Floor","Courtenay","Main Building","4","1","VIHATRP20230814-054","09/30/2027","Operational","07/21/2026","","","General Rounding","CCD Admin Support-Comox ","NTT-Deskside Services-NorthIsland-Local","Laptop","Dell LATITUDE 7430 V1","LENOVO X380 YOGA i7-8650U 1.9GHz 8MB 13."
"LD038167","HSS-8077353","9KHZ4X3","VIHA-CCA-Courtenay Cliffe Avenue-Main Building-1st Floor","Courtenay","Main Building","C103","1","VIHATRP20230814-055","09/30/2027","Operational","07/24/2026","","","General Rounding","CCD Admin Support-Comox","NTT-Deskside Services-NorthIsland-Local","Laptop","Dell LATITUDE 7430 V1","LENOVO THINKPAD T470s i5-7300U 2.6GHZ 3M"
"LD033687","HSS-8077355","JCHZ4X3","VIHA-CVHCC-Comox Valley Home & Community Care-Main Building-1st Floor","Courtenay","Main Building","Loaner","1","VIHATRP20230814-057","09/30/2027","Operational","05/22/2025","","","General Rounding","CCD Admin Support-Comox","NTT-Deskside Services-NorthIsland-Local","Laptop","Dell LATITUDE 7430 V1",""
"LD066028","HSS-8077356","9T0Z4X3","VIHA-CVHCC-Comox Valley Home & Community Care-Main Building-1st Floor","Courtenay","Main Building","Room 128","1","VIHATRP20230814-058","09/30/2027","Operational","05/23/2025","","","General Rounding","Community Rehab-Comox","NTT-Deskside Services-NorthIsland-Local","Laptop","Dell LATITUDE 7430 V1","LENOVO X380 YOGA i7-8650U 1.9GHz 8MB 13."
"LD033204","HSS-8077357","537Y4X3","VIHA-CCA-Courtenay Cliffe Avenue","Courtenay","Main Building","C006","0","VIHATRP20230814-059","09/30/2027","Operational","07/24/2026","","","General Rounding","CV Geriatric Specialty Srv","NTT-Deskside Services-NorthIsland-Local","Laptop","Dell LATITUDE 7430 V1",""
"PC032588","HSS-8077360","F9YVPR3","VIHA-CHC-Cumberland Health Centre-Main Building-1st Floor","Cumberland","Main Building","300 block Med Room (locked down zone)","1","VIHATRP20230814-061","06/30/2027","Operational","03/19/2026","","","General Rounding","Cumberland Lodge","NTT-Deskside Services-NorthIsland-Local","Desktop","Dell OPTIPLEX 7000 MICRO V1",""
"PC032585","HSS-8077361","86D2QR3","VIHA-CHC-Cumberland Health Centre-Main Building-1st Floor","Cumberland","Main Building","100 nursing station (locked down zone)","1","VIHATRP20230814-062","06/30/2027","Operational","03/19/2026","","","General Rounding","Cumberland Lodge","NTT-Deskside Services-NorthIsland-Local","Desktop","Dell OPTIPLEX 7000 MICRO V1","CUSTOMER OWNED CTO DESKTOP TC M910Q I5-7"
"PC040990","HSS-8077362","831WPR3","VIHA-CHC-Cumberland Health Centre-Main Building-1st Floor","Cumberland","Main Building","300 Nursing Station (locked down zone)","1","VIHATRP20230814-063","06/30/2027","Operational","03/19/2026","","","General Rounding","Nursing","NTT-Deskside Services-NorthIsland-Local","Desktop","Dell OPTIPLEX 7000 MICRO V1",""
"LD021672","HSS-8077363","6NLZ4X3","VIHA-CCA-Courtenay Cliffe Avenue-Main Building-1st Floor","Courtenay","Main Building","C111","1","VIHATRP20230814-064","09/30/2027","Operational","07/24/2026","","","General Rounding","CCD Admin Support-Comox","NTT-Deskside Services-NorthIsland-Local","Laptop","Dell LATITUDE 7430 V1",""
"LD033555","HSS-8077364","FDHZ4X3","VIHA-CCA-Courtenay Cliffe Avenue-Main Building-1st Floor","Courtenay","Main Building","C110","1","VIHATRP20230814-065","09/30/2027","Operational","07/24/2026","","","General Rounding","CCD Admin Support-Comox","NTT-Deskside Services-NorthIsland-Local","Laptop","Dell LATITUDE 7430 V1","CUSTOMER OWNED LENOVO THINKPAD T470s i5-"
"LD066148","HSS-8077365","5T8Z4X3","VIHA-CFA-Courtenay Fitzgerald Avenue-Main Building-1st Floor","Courtenay","Main Building","1","1","VIHATRP20230814-066","09/30/2027","Operational","07/21/2026","","","General Rounding","CCD Admin Support-Comox","NTT-Deskside Services-NorthIsland-Local","Laptop","Dell LATITUDE 7430 V1",""
"LD031260","HSS-8077366","BT6Y4X3","VIHA-CCA-Courtenay Cliffe Avenue-Main Building-1st Floor","Courtenay","Main Building","C103","1","VIHATRP20230814-067","09/30/2027","Operational","07/24/2026","","","General Rounding","CCD Admin Support-Comox","NTT-Deskside Services-NorthIsland-Local","Laptop","Dell LATITUDE 7430 V1",""
"LD022649","HSS-8077367","10PY4X3","VIHA-CFA-Courtenay Fitzgerald Avenue-Main Building-1st Floor","Courtenay","Main Building","15","1","VIHATRP20230814-068","09/30/2027","Operational","07/22/2026","","","General Rounding","CCD Admin Support-Comox","NTT-Deskside Services-NorthIsland-Local","Laptop","Dell LATITUDE 7430 V1",""
"LD034199","HSS-8077368","9XVZ4X3","VIHA-CCA-Courtenay Cliffe Avenue-Main Building-1st Floor","Courtenay","Main Building","C113","1","VIHATRP20230814-069","09/30/2027","Operational","07/24/2026","","","General Rounding","Home Care Nursing-CR","NTT-Deskside Services-NorthIsland-Local","Laptop","Dell LATITUDE 7430 V1","LENOVO THINKPAD T470s i5-7300U 2.6GHZ 3M"
"LD020418","HSS-8077369","BBHZ4X3","VIHA-CVHCC-Comox Valley Home & Community Care-Main Building-1st Floor","Courtenay","Main Building","Room 128","1","VIHATRP20230814-070","09/30/2027","Operational","05/22/2025","","","General Rounding","CCD Admin Support-Comox","NTT-Deskside Services-NorthIsland-Local","Laptop","Dell LATITUDE 7430 V1","LENOVO THINKPAD T470s i5-7300U 2.6GHZ 3M"
"LD037888","HSS-8077370","1SNX4X3","VIHA-CVHCC-Comox Valley Home & Community Care-Main Building-1st Floor","Courtenay","Main Building","124","1","VIHATRP20230814-071","09/30/2027","Operational","05/22/2025","","","General Rounding","CCD Admin Support - Comox","NTT-Deskside Services-NorthIsland-Local","Laptop","Dell LATITUDE 7430 V1",""
"LD065949","HSS-8077371","FSBZ4X3","VIHA-CFA-Courtenay Fitzgerald Avenue-Main Building-1st Floor","Courtenay","Main Building","10","1","VIHATRP20230814-072","09/30/2027","Operational","07/21/2026","","","General Rounding","CCD Admin Support-Comox","NTT-Deskside Services-NorthIsland-Local","Laptop","Dell LATITUDE 7430 V1",""
"LD035284","HSS-8077372","HVLZ4X3","VIHA-CVCHC-Comox Valley Community Health Centre-Main Building-1st Floor","Courtenay","Main Building","WFH - Elaine Hanlon","1","VIHATRP20230814-073","09/30/2027","Operational","04/16/2025","","","Excluded","Public Health Informatics","NTT-Deskside Services-NorthIsland-Local","Laptop","Dell LATITUDE 7430 V1","LENOVO THNKPD T480s i5-8350 1.7GHZ 6MB 1"
"LD023199","HSS-8077373","BGHZ4X3","VIHA-CVH-Comox Valley Hospital-Main Building-1st Floor","Courtenay","Main Building","CSO Office","1","VIHATRP20230814-074","09/30/2027","Operational","","","","General Rounding","Medication Safety","NTT-Deskside Services-NorthIsland-Staffed","Laptop","Dell LATITUDE 7430 V1","LENOVO THNKPD T480s i5-8350 1.7GHZ 6MB 1"
"LD028700","HSS-8077374","1TNX4X3","VIHA-CVH-Comox Valley Hospital-Main Building-1st Floor","Courtenay","Main Building","WFH","1","VIHATRP20230814-075","09/30/2027","Operational","","","","Excluded","Medical Imaging Admin","NTT-Deskside Services-NorthIsland-Staffed","Laptop","Dell LATITUDE 7430 V1",""
"PC026171","HSS-8077375","C21WPR3","VIHA-CVH-Comox Valley Hospital-Main Building-2nd Floor","Courtenay","Main Building","CV2409","2","VIHATRP20230814-076","06/30/2027","Operational","07/10/2026","","","General Rounding","Surgical Services","NTT-Deskside Services-NorthIsland-Staffed","Desktop","Dell OPTIPLEX 7000 MICRO V1","PC026171"
"PC024416","HSS-8077376","6CYVPR3","VIHA-CVH-Comox Valley Hospital-Main Building-2nd Floor","Courtenay","Main Building","CV2401","2","VIHATRP20230814-077","06/30/2027","Operational","07/10/2026","","","General Rounding","Surgical Services","NTT-Deskside Services-NorthIsland-Staffed","Desktop","Dell OPTIPLEX 7000 MICRO V1",""
"LD038239","HSS-8077377","9N205X3","VIHA-NICYF-North Island Child, Youth & Family-Main Building-1st Floor","Courtenay","Main Building","7 (Carolyn - Public Health Manger)","1","VIHATRP20230814-078","09/30/2027","Operational","11/20/2025","","","General Rounding","COVID19 Response PH","NTT-Deskside Services-NorthIsland-Local","Laptop","Dell LATITUDE 7430 V1",""
"LD032578","HSS-8077378","8M205X3","VIHA-RHARF-Ryan Hill Apartments Residential Facility-Main Building-1st Floor","Courtenay","Main Building","214","1","VIHATRP20230814-079","09/30/2027","Operational","","","","General Rounding","CV/CR Admin Suppport","NTT-Deskside Services-NorthIsland-Local","Laptop","Dell LATITUDE 7430 V1",""
"LD036140","HSS-8077379","1H9Z4X3","VIHA-CVCHC-Comox Valley Community Health Centre-Main Building-1st Floor","Courtenay","Main Building","2","1","VIHATRP20230814-080","09/30/2027","Operational","04/16/2025","","","General Rounding","Public Health","NTT-Deskside Services-NorthIsland-Local","Laptop","Dell LATITUDE 7430 V1","Windows 10 Enterprise LTSC"
"LD036142","HSS-8077380","BP3Z4X3","VIHA-CVCHC-Comox Valley Community Health Centre-Main Building-1st Floor","Courtenay","Main Building","9","1","VIHATRP20230814-081","09/30/2027","Operational","04/16/2025","","","General Rounding","Public Health","NTT-Deskside Services-NorthIsland-Local","Laptop","Dell LATITUDE 7430 V1",""
"LD035157","HSS-8077381","1H4Z4X3","VIHA-CVCHC-Comox Valley Community Health Centre-Main Building-1st Floor","Courtenay","Main Building","17","1","VIHATRP20230814-082","09/30/2027","Operational","04/16/2025","","","General Rounding","Public Health","NTT-Deskside Services-NorthIsland-Local","Laptop","Dell LATITUDE 7430 V1","LENOVO THNKPD T480s i5-8350 1.7GHZ 6MB 1"
"PC030187","HSS-8077382","GXQVPR3","VIHA-CVCHC-Comox Valley Community Health Centre-Main Building-1st Floor","Courtenay","Main Building","22","1","VIHATRP20230814-083","06/30/2027","Operational","04/16/2025","","","General Rounding","Public Health","NTT-Deskside Services-NorthIsland-Local","Desktop","Dell OPTIPLEX 7000 MICRO V1","LENOVO THNKCNT M920q i5-8500 2.1GHz 8GB"
"LD037892","HSS-8077383","8TLZ4X3","VIHA-CVCHC-Comox Valley Community Health Centre-Main Building-1st Floor","Courtenay","Main Building","14","1","VIHATRP20230814-084","09/30/2027","Operational","03/21/2024","","","General Rounding","Public Health","NTT-Deskside Services-NorthIsland-Local","Laptop","Dell LATITUDE 7430 V1",""
"LD034645","HSS-8077384","9HKZ4X3","VIHA-CVCHC-Comox Valley Community Health Centre-Main Building-1st Floor","Courtenay","Main Building","27","1","VIHATRP20230814-085","09/30/2027","Operational","04/16/2025","","","General Rounding","Public Health","NTT-Deskside Services-NorthIsland-Local","Laptop","Dell LATITUDE 7430 V1",""
"LD038165","HSS-8077385","6CKZ4X3","VIHA-CVCHC-Comox Valley Community Health Centre-Main Building-1st Floor","Courtenay","Main Building","2","1","VIHATRP20230814-086","09/30/2027","Operational","04/16/2025","","","General Rounding","Public Health","NTT-Deskside Services-NorthIsland-Local","Laptop","Dell LATITUDE 7430 V1","LENOVO THINKPAD T470s i5-7300U 2.6GHZ 3M
Windows 10 Enterprise 2016 LTSB"
"PC036741","HSS-8077386","211WPR3","VIHA-CVNC-Comox Valley Nursing Centre-Main Building-1st Floor","Courtenay","Main Building","Reception (Back)","1","VIHATRP20230814-087","06/30/2027","Operational","06/13/2025","","","General Rounding","Nursing","NTT-Deskside Services-NorthIsland-Local","Desktop","Dell OPTIPLEX 7000 MICRO V1",""
"LD038275","HSS-8077387","CFTY4X3","VIHA-CVNC-Comox Valley Nursing Centre-Main Building-1st Floor","Courtenay","Main Building","Exam Room 8","1","VIHATRP20230814-088","09/30/2027","Operational","01/27/2026","","","General Rounding","Nursing","NTT-Deskside Services-NorthIsland-Local","Laptop","Dell LATITUDE 7430 V1","LENOVO THINKPAD T470s i5-7300U 2.6GHZ 3M"
"LD030486","HSS-8077388","5XBZ4X3","VIHA-CVNC-Comox Valley Nursing Centre-Main Building-1st Floor","Courtenay","Main Building","Outreach Office","1","VIHATRP20230814-089","09/30/2027","Operational","01/27/2026","","","General Rounding","Nursing","NTT-Deskside Services-NorthIsland-Local","Laptop","Dell LATITUDE 7430 V1","LENOVO THINKPAD T470s i5-7300U 2.6GHZ 3M"
"PC031263","HSS-8077389","4NMVPR3","VIHA-CVNC-Comox Valley Nursing Centre-Main Building-1st Floor","Courtenay","Main Building","Reception","1","VIHATRP20230814-090","06/30/2027","Operational","01/27/2026","Please NOTE that the following software applications are incompatible with the Cerner 724 Downtime application:
-Downtime Patient Index (DTPI)
-Dragon Medical One Extensions (DMO)
-Imprivata OneSign Software/Card Reader (Tap In/Out)
-Inteleviewer (Medical Imaging)

If the software is requested to be installed, the Incident or Request should be assigned to the ""VIHA-Client Experience"" assignment group so the request can be evaluated.","New Glacier Room computer ","Critical Clinical","Nursing","NTT-Deskside Services-NorthIsland-Local","Desktop","Dell OPTIPLEX 7000 MICRO V1",""
"LD107720","HSS-8077867","6YP85X3","VIHA-CVH-Comox Valley Hospital-Main Building-0th Floor","Courtenay","Main Building","CV0325","0","REQ2173850-RITM2296884-SCTASK3701500","09/30/2027","Operational","","","","","Administration","NTT-Deskside Services-NorthIsland-Staffed","Laptop","Dell LATITUDE 7430 V1",""
"LD069131","HSS-8077884","DC3G5X3","VIHA-CVH-Comox Valley Hospital","Courtenay","Main Building","WFM","WFM","REQ2003321-RITM2115888-SCTASK3402682","09/30/2027","Operational","01/21/2026","","","General Rounding","WFH","NTT-Deskside Services-NorthIsland-Staffed","Laptop","Dell LATITUDE 7430 V1",""
"PC047849","HSS-8079318","hs6vpr3","VIHA-CVHCC-Comox Valley Home & Community Care-Main Building-1st Floor","Courtenay","Main Building","125","1","VIHATRP20230916-001","06/30/2027","Operational","07/23/2026","","","General Rounding","Mental Health Services","NTT-Deskside Services-NorthIsland-Local","Desktop","Dell OPTIPLEX 7000 MICRO V1","LENOVO THNKCNT M920q i5-8500 2.1GHz 8GB"
"PC038041","HSS-8079319","64FVPR3","VIHA-CVHCC-Comox Valley Home & Community Care-Main Building-1st Floor","Courtenay","Main Building","129","1","VIHATRP20230916-002","06/30/2027","Operational","07/23/2026","","","General Rounding","Mental Health Services","NTT-Deskside Services-NorthIsland-Local","Desktop","Dell OPTIPLEX 7000 MICRO V1",""
"PC038042","HSS-8079320","69d2qr3","VIHA-CVHCC-Comox Valley Home & Community Care-Main Building-1st Floor","Courtenay","Main Building","128","1","VIHATRP20230916-003","06/30/2027","Operational","07/23/2026","","","General Rounding","Mental Health Services","NTT-Deskside Services-NorthIsland-Local","Desktop","Dell OPTIPLEX 7000 MICRO V1",""
"LD030192","HSS-8079321","7B2QDY3","VIHA-CFA-Courtenay Fitzgerald Avenue-Main Building-1st Floor","Courtenay","Main Building","14","1","VIHATRP20230916-004","11/30/2027","Operational","03/28/2024","","","General Rounding","Mental Health Services","NTT-Deskside Services-NorthIsland-Local","Laptop","DELL LATITUDE 7440 V2",""
"PC039530","HSS-8079322","3SG2QR3","VIHA-NICYF-North Island Child, Youth & Family-Main Building-1st Floor","Courtenay","Main Building","Reception","1","VIHATRP20230916-005","06/30/2027","Operational","11/20/2025","","","General Rounding","Sand-Comox Admin","NTT-Deskside Services-NorthIsland-Local","Desktop","Dell OPTIPLEX 7000 MICRO V1","CUSTOMER OWNED CTO DESKTOP TC M910Q I5-7"
"LD040109","HSS-8079323","32CRDY3","VIHA-NICYF-North Island Child, Youth & Family-Main Building-1st Floor","Courtenay","Main Building","6 (Speech & Language Pearl Morin)","1","VIHATRP20230916-006","11/30/2027","Operational","07/25/2025","","","General Rounding","Speech/Language-Re1","NTT-Deskside Services-NorthIsland-Local","Laptop","DELL LATITUDE 7440 V2","LENOVO THNKPD T480s i5-8350 1.7GHZ 6MB 1"
"LD040093","HSS-8079324","8G2QDY3","VIHA-NICYF-North Island Child, Youth & Family-Main Building-1st Floor","Courtenay","Main Building","12 (Audiometric Technician)","1st Floor","VIHATRP20230916-007","11/30/2027","Operational","11/20/2025","","","General Rounding","Regional Audiology","NTT-Deskside Services-NorthIsland-Local","Laptop","DELL LATITUDE 7440 V2","LENOVO THNKPD T480s i5-8350 1.7GHZ 6MB 1"
"PC036743","HSS-8079325","80WGNW3","VIHA-NICYF-North Island Child, Youth & Family-Main Building-1st Floor","Courtenay","Main Building","11","1","VIHATRP20230916-008","09/30/2027","Operational","11/20/2025","","","General Rounding","CYF Admin","NTT-Deskside Services-NorthIsland-Local","Desktop","Dell OPTIPLEX 7000 TOWER V1","LENOVO THNKCNT M920t i7-8700 3.2GHz WIN1"
"PC038036","HSS-8079326","3HJVPR3","VIHA-NICYF-North Island Child, Youth & Family-Main Building-1st Floor","Courtenay","Main Building","Reception","1st Floor","VIHATRP20230916-009","06/30/2027","Operational","11/20/2025","","","General Rounding","Sand-Comox Admin","NTT-Deskside Services-NorthIsland-Local","Desktop","Dell OPTIPLEX 7000 MICRO V1",""
"LD033695","HSS-8079327","4R7QDY3","VIHA-NICYF-North Island Child, Youth & Family-Main Building-1st Floor","Courtenay","Main Building","13.5 (Audiologist)","1","VIHATRP20230916-010","11/30/2027","Operational","11/20/2025","","","General Rounding","Regional Audiology","NTT-Deskside Services-NorthIsland-Local","Laptop","DELL LATITUDE 7440 V2","LENOVO THNKPD T480s i5-8350 1.7GHZ 6MB 1"
"PC036742","HSS-8079328","27D2QR3","VIHA-NICYF-North Island Child, Youth & Family-Main Building-1st Floor","Courtenay","Main Building","Sound Booth","1","VIHATRP20230916-011","06/30/2027","Operational","11/20/2025","","","General Rounding","CYF Admin","NTT-Deskside Services-NorthIsland-Local","Desktop","Dell OPTIPLEX 7000 MICRO V1","CUSTOMER OWNED CTO DESKTOP TC M910Q I5-7"
"LD040094","HSS-8079329","9NKZFY3","VIHA-NICYF-North Island Child, Youth & Family-Main Building-1st Floor","Courtenay","Main Building","6 (Speech & Language Pathologist)","1","VIHATRP20230916-012","11/30/2027","Operational","11/20/2025","","","General Rounding","Speech/Language-Re1","NTT-Deskside Services-NorthIsland-Local","Laptop","DELL LATITUDE 7440 V2","LENOVO THNKPD T480s i5-8350 1.7GHZ 6MB 1"
"LD040092","HSS-8079330","DF2QDY3","VIHA-NICYF-North Island Child, Youth & Family-Main Building-1st Floor","Courtenay","Main Building","9 (Audiometric Technician - Marietta Bippes)","1","VIHATRP20230916-013","11/30/2027","Operational","11/20/2025","","","General Rounding","Regional Audiology","NTT-Deskside Services-NorthIsland-Local","Laptop","DELL LATITUDE 7440 V2","LENOVO THNKPD T480s i5-8350 1.7GHZ 6MB 1"
"LD032721","HSS-8079331","967ZFY3","VIHA-NICYF-North Island Child, Youth & Family-Main Building-1st Floor","Courtenay","Main Building","13.5 (Audiologist)","1","VIHATRP20230916-014","11/30/2027","Operational","11/20/2025","","","General Rounding","Audiology","NTT-Deskside Services-NorthIsland-Local","Laptop","DELL LATITUDE 7440 V2","LENOVO THNKPD T480s i5-8350 1.7GHZ 6MB 1"
"LD028433","HSS-8079395","BZKZFY3","VIHA-CVH-Comox Valley Hospital-Main Building-0th Floor","Courtenay","Main Building","WFH - David Patten","0","VIHATRP20230916-075","11/30/2027","Operational","04/18/2024","","","Excluded","Projects - Facilities Design and Construction","NTT-Deskside Services-NorthIsland-Staffed","Laptop","DELL LATITUDE 7440 V2",""
"LD027158","HSS-8079396","3ZWZFY3","VIHA-CVH-Comox Valley Hospital-Main Building-0th Floor","Courtenay","Main Building","CV0620 - WFH (Nora Nichol)","0","VIHATRP20230916-076","11/30/2027","Operational","10/20/2023","","","Excluded","HC Admin Practice & Educ","NTT-Deskside Services-NorthIsland-Staffed","Laptop","DELL LATITUDE 7440 V2","LENOVO THINKPAD T470s i5-7300U 2.6GHZ 3M"
"TD030227","HSS-8079397","87BD9Y3","VIHA-CVH-Comox Valley Hospital-Main Building-0th Floor","Courtenay","Main Building","CV0620 IMIT OFFICE","0","VIHATRP20230916-077","11/30/2027","Operational","","","","Excluded","Network Architecture","NTT-Deskside Services-NorthIsland-Staffed","Tablet","DELL LATITUDE 9440 2-in-1 V1",""
"PC060848","HSS-8079398","1DYVPR3","VIHA-CVH-Comox Valley Hospital-Main Building-0th Floor","Courtenay","Main Building","CV0203","0","VIHATRP20230916-078","06/30/2027","Operational","08/14/2026","","","General Rounding","Pharmacy","NTT-Deskside Services-NorthIsland-Staffed","Desktop","Dell OPTIPLEX 7000 MICRO V1",""
"PC024487","HSS-8079399","B9YVPR3","VIHA-CVH-Comox Valley Hospital-Main Building-0th Floor","Courtenay","Main Building","CV0203","0","VIHATRP20230916-079","06/30/2027","Operational","08/14/2026","","","General Rounding","Pharmacy","NTT-Deskside Services-NorthIsland-Staffed","Desktop","Dell OPTIPLEX 7000 MICRO V1",""
"PC026037","HSS-8079400","H01WPR3","VIHA-CVH-Comox Valley Hospital-Main Building-0th Floor","Courtenay","Main Building","CV0208","0","VIHATRP20230916-080","06/30/2027","Operational","08/14/2026","","","General Rounding","Pharmacy","NTT-Deskside Services-NorthIsland-Staffed","Desktop","Dell OPTIPLEX 7000 MICRO V1",""
"PC026123","HSS-8079401","C31WPR3","VIHA-CVH-Comox Valley Hospital-Main Building-1st Floor","Courtenay","Main Building","CV1834","1","VIHATRP20230916-081","06/30/2027","Operational","05/15/2026","","","General Rounding","Ultrasound","NTT-Deskside Services-NorthIsland-Staffed","Desktop","Dell OPTIPLEX 7000 MICRO V1","PC026123"
"LD022011","HSS-8079403","DKDZFY3","VIHA-CVH-Comox Valley Hospital-Main Building-1st Floor","Courtenay","Main Building","WFH","1","VIHATRP20230916-083","11/30/2027","Operational","04/18/2024","","","Excluded","HR Central North Team 3","NTT-Deskside Services-NorthIsland-Staffed","Laptop","DELL LATITUDE 7440 V2",""
"LD023200","HSS-8079404","8HD0GY3","VIHA-CVH-Comox Valley Hospital-Main Building-1st Floor","Courtenay","Main Building","CV1481","1","VIHATRP20230916-084","11/30/2027","Operational","03/27/2026","","","General Rounding","Volunteer Resources","NTT-Deskside Services-NorthIsland-Staffed","Laptop","DELL LATITUDE 7440 V2","LENOVO THNKPD T480s i5-8350 1.7GHZ 6MB 1"
"PC026121","HSS-8079405","D31WPR3","VIHA-CVH-Comox Valley Hospital-Main Building-1st Floor","Courtenay","Main Building","CV1834","1","VIHATRP20230916-085","06/30/2027","Operational","05/15/2026","","","General Rounding","Ultrasound","NTT-Deskside Services-NorthIsland-Staffed","Desktop","Dell OPTIPLEX 7000 MICRO V1","PC026121"
"PC026125","HSS-8079406","GCYVPR3","VIHA-CVH-Comox Valley Hospital-Main Building-1st Floor","Courtenay","Main Building","CV1834","1","VIHATRP20230916-086","06/30/2027","Operational","05/15/2026","","","General Rounding","Ultrasound","NTT-Deskside Services-NorthIsland-Staffed","Desktop","Dell OPTIPLEX 7000 MICRO V1","PC026125"
"PC024325","HSS-8079407","DCYVPR3","VIHA-CVH-Comox Valley Hospital-Main Building-1st Floor","Courtenay","Main Building","CV1123","1","VIHATRP20230916-088","06/30/2027","Operational","08/12/2026","Please NOTE that the following software applications are incompatible with the Cerner 724 Downtime application:
-Downtime Patient Index (DTPI)
-Dragon Medical One Extensions (DMO)
-Imprivata OneSign Software/Card Reader (Tap In/Out)
-Inteleviewer (Medical Imaging)

If the software is requested to be installed, the Incident or Request should be assigned to the ""VIHA-Client Experience"" assignment group so the request can be evaluated.","CV1123 - Meeting Room Cluster Area - Video Conferencing and Communication Equipment","Critical Clinical","EOC","NTT-Deskside Services-NorthIsland-Staffed","Desktop","Dell OPTIPLEX 7000 MICRO V1",""
"LD028843","HSS-8079408","HRWZFY3","VIHA-CVH-Comox Valley Hospital-Main Building-2nd Floor","Courtenay","Main Building","CV2422","2","VIHATRP20230916-089","11/30/2027","Operational","07/10/2026","","","General Rounding","Surgical Services","NTT-Deskside Services-NorthIsland-Staffed","Laptop","DELL LATITUDE 7440 V2",""
"LD044121","HSS-8081666","42T4SV3","VIHA-CVH-Comox Valley Hospital-Main Building-0th Floor","Courtenay","Main building","CV0320","0","VIHATRP20231218-045","01/31/2028","Operational","03/17/2026","Client moving from RJH- Comox Valley, going to be working in hybrid env.","Hybrid Work from home and at CVH","General Rounding","Clinical Information","NTT-Deskside Services-NorthIsland-Staffed","Laptop","DELL LATITUDE 7440 V2",""
"LD108155","HSS-8081971","2H56SV3","VIHA-CVNC-Comox Valley Nursing Centre-Main Building-1st Floor","Courtenay","Main Building","9","1","REQ2238847-RITM2365702-SCTASK3780652","02/29/2028","Operational","","","","","Community Support","NTT-Deskside Services-NorthIsland-Local","Laptop","DELL LATITUDE 7440 V2",""
"TD001756","HSS-8083196","5NMMSV3","VIHA-CVHCC-Comox Valley Home & Community Care-Main Building-1st Floor","Courtenay","Main Building","Loaner 9","1","VIHATRP20240205-094","02/29/2028","Operational","04/23/2024","","","General Rounding","Adult Day Care","NTT-Deskside Services-NorthIsland-Local","Tablet","DELL LATITUDE 9440 2-in-1 V1",""
"LD066545","HSS-8083197","CQN79W3","VIHA-CVH-Comox Valley Hospital-Main Building-0th Floor","Courtenay","Main Building","CV0620 (Paul's Spare Drawer)","0","VIHATRP20240205-095","02/29/2028","Operational","05/07/2024","","","General Rounding","IMIT","NTT-Deskside Services-NorthIsland-Staffed","Laptop","DELL LATITUDE 7440 V2",""
"PC031269","HSS-8084533","810RG04","VIHA-CDLS-Courtenay Downtown Lab Services-Main Building-1st Floor","Courtenay","Main Building","Laboratory","1","VIHATRP20240318-001","04/30/2028","Operational","01/02/2026","","","General Rounding","Laboratory","NTT-Deskside Services-NorthIsland-Local","Desktop","Dell OptiPlex Micro Plus 7010 V2","LENOVO THINKCENTRE M910q i5-7500T 2.5GHZ"
"PC031240","HSS-8084534","8XH4X04","VIHA-CDLS-Courtenay Downtown Lab Services-Main Building-1st Floor","Courtenay","Main Building","Laboratory","1","VIHATRP20240318-002","04/30/2028","Operational","01/02/2026","","","General Rounding","Laboratory","NTT-Deskside Services-NorthIsland-Local","Desktop","Dell OptiPlex Micro Plus 7010 V2","LENOVO THINKCENTRE M910q i5-7500T 2.5GHZ"
"PC031288","HSS-8084535","220RG04","VIHA-CDLS-Courtenay Downtown Lab Services-Main Building-1st Floor","Courtenay","Main Building","Laboratory","1","VIHATRP20240318-003","04/30/2028","Operational","01/02/2026","","","General Rounding","Laboratory","NTT-Deskside Services-NorthIsland-Local","Desktop","Dell OptiPlex Micro Plus 7010 V2","LENOVO THINKCENTRE M910q i5-7500T 2.5GHZ"
"PC031284","HSS-8084536","240RG04","VIHA-CDLS-Courtenay Downtown Lab Services-Main Building-1st Floor","Courtenay","Main Building","Laboratory","1","VIHATRP20240318-004","04/30/2028","Operational","01/02/2026","","","General Rounding","Laboratory","NTT-Deskside Services-NorthIsland-Local","Desktop","Dell OptiPlex Micro Plus 7010 V2","LENOVO THINKCENTRE M910q i5-7500T 2.5GHZ"
"PC032597","HSS-8084537","1664X04","VIHA-CVCHC-Comox Valley Community Health Centre-Main Building-1st Floor","Courtenay","Main Building","8","1","VIHATRP20240318-005","04/30/2028","Operational","04/16/2025","","","General Rounding","Public Health","NTT-Deskside Services-NorthIsland-Local","Desktop","Dell OptiPlex Micro Plus 7010 V2","LENOVO THINKCENTRE M910q i5-7500T 2.5GHZ"
"LD032471","HSS-8084538","GCZ89W3","VIHA-CVCHC-Comox Valley Community Health Centre-Main Building-1st Floor","Courtenay","Main Building","7","1","VIHATRP20240318-006","04/30/2028","Operational","04/16/2025","","","General Rounding","Public Health","NTT-Deskside Services-NorthIsland-Local","Laptop","DELL LATITUDE 7440 V2","LENOVO THINKPAD T470s i5-7300U 2.6GHZ 3M"
"LD034648","HSS-8084539","7B979W3","VIHA-CVCHC-Comox Valley Community Health Centre-Main Building-1st Floor","Courtenay","Main Building","Resource Room","1","VIHATRP20240318-007","04/30/2028","Operational","04/16/2025","","","General Rounding","Public Health","NTT-Deskside Services-NorthIsland-Local","Laptop","DELL LATITUDE 7440 V2",""
"PC039526","HSS-8084540","7D94X04","VIHA-CVCHC-Comox Valley Community Health Centre-Main Building-1st Floor","Courtenay","Main Building","Reception","1","VIHATRP20240318-008","04/30/2028","Operational","04/16/2025","","","General Rounding","Public Health","NTT-Deskside Services-NorthIsland-Local","Desktop","Dell OptiPlex Micro Plus 7010 V2",""
"LD042936","HSS-8084541","F2SB9W3","VIHA-CVCHC-Comox Valley Community Health Centre-Main Building-1st Floor","Courtenay","Main Building","28","1","VIHATRP20240318-009","04/30/2028","Operational","04/16/2025","","","General Rounding","Public Health","NTT-Deskside Services-NorthIsland-Local","Laptop","DELL LATITUDE 7440 V2",""
"PC063913","HSS-8084543","8D94X04","VIHA-CVCHC-Comox Valley Community Health Centre-Main Building-1st Floor","Courtenay","Main Building","Reception","1","VIHATRP20240318-011","04/30/2028","Operational","04/16/2025","","","General Rounding","Public Health","NTT-Deskside Services-NorthIsland-Local","Desktop","Dell OptiPlex Micro Plus 7010 V2",""
"LD042756","HSS-8084544","7VDB9W3","VIHA-CVCHC-Comox Valley Community Health Centre-Main Building-1st Floor","Courtenay","Main Building","Resource Room","1","VIHATRP20240318-012","04/30/2028","Operational","04/16/2025","","","General Rounding","Public Health","NTT-Deskside Services-NorthIsland-Local","Laptop","DELL LATITUDE 7440 V2",""
"PC026040","HSS-8084592","7F94X04","VIHA-CVH-Comox Valley Hospital-Main Building-0th Floor","Courtenay","Main Building","CV0208","0","VIHATRP20240318-062","04/30/2028","Operational","08/14/2026","","","General Rounding","Pharmacy","NTT-Deskside Services-NorthIsland-Staffed","Desktop","Dell OptiPlex Micro Plus 7010 V2",""
"PC026035","HSS-8084593","GD94X04","VIHA-CVH-Comox Valley Hospital-Main Building-0th Floor","Courtenay","Main Building","CV0204","0","VIHATRP20240318-063","04/30/2028","Operational","08/14/2026","","","General Rounding","Pharmacy","NTT-Deskside Services-NorthIsland-Staffed","Desktop","Dell OptiPlex Micro Plus 7010 V2",""
"PC024279","HSS-8084594","B764X04","VIHA-CVH-Comox Valley Hospital-Main Building-0th Floor","Courtenay","Main Building","CV0208","0","VIHATRP20240318-064","04/30/2028","Operational","08/14/2026","","","General Rounding","Pharmacy","NTT-Deskside Services-NorthIsland-Staffed","Desktop","Dell OptiPlex Micro Plus 7010 V2",""
"PC026033","HSS-8084595","CC94X04","VIHA-CVH-Comox Valley Hospital-Main Building-0th Floor","Courtenay","Main Building","CV0103","0","VIHATRP20240318-065","04/30/2028","Operational","08/14/2026","","","General Rounding","Food Services","NTT-Deskside Services-NorthIsland-Staffed","Desktop","Dell OptiPlex Micro Plus 7010 V2",""
"PC024285X","HSS-8084596","GG94X04","VIHA-CVH-Comox Valley Hospital-Main Building-0th Floor","Courtenay","Main Building","CV0331","0","VIHATRP20240318-066","04/30/2028","Operational","03/16/2026","","","General Rounding","Records Management","NTT-Deskside Services-NorthIsland-Staffed","Desktop","Dell OptiPlex Micro Plus 7010 V2",""
"AO800150","HSS-8084597","T22C19M132","VIHA-CVH-Comox Valley Hospital-Main Building-0th Floor","Courtenay","Main Building","CV0806","0","VIHATRP20240318-067","03/31/2028","Operational","08/14/2026","","","Mobile Cart","Medical Device Reprocessing Department","NTT-Deskside Services-NorthIsland-Staffed","All-in-One","Tangent MEDIX 22B V2",""
"TD030646","HSS-8084598","2F7NSV3","VIHA-CVH-Comox Valley Hospital-Main Building-0th Floor","Courtenay","Main Building","CV0325 - Workstation 8","0","VIHATRP20240318-068","04/30/2028","Operational","06/24/2026","","","General Rounding","CV Geriatric Specialty Srv","NTT-Deskside Services-NorthIsland-Staffed","Tablet","DELL LATITUDE 9440 2-in-1 V1","LENOVO X380 YOGA i7-8650U 1.9GHz 8MB 13."
"AO001491","HSS-8084599","T22C19M081","VIHA-CVH-Comox Valley Hospital-Main Building-0th Floor","Courtenay","Main Building","CV0830","0","VIHATRP20240318-069","03/31/2028","Operational","08/14/2026","","","Mobile Cart","Medical Device Reprocessing Department","NTT-Deskside Services-NorthIsland-Staffed","All-in-One","Tangent MEDIX 22B V2",""
"PC024307","HSS-8084600","4994X04","VIHA-CVH-Comox Valley Hospital-Main Building-0th Floor","Courtenay","Main Building","CV0704","0","VIHATRP20240318-070","04/30/2028","Operational","08/14/2026","","","General Rounding","Materials Management","NTT-Deskside Services-NorthIsland-Staffed","Desktop","Dell OptiPlex Micro Plus 7010 V2",""
"LD035467","HSS-8084601","DW889W3","VIHA-CVH-Comox Valley Hospital-Main Building-0th Floor","Courtenay","Main Building","CV0705","0","VIHATRP20240318-071","04/30/2028","Operational","08/14/2026","","","General Rounding","Materials Management","NTT-Deskside Services-NorthIsland-Staffed","Laptop","DELL LATITUDE 7440 V2","LENOVO THNKPD T480s i5-8350 1.7GHZ 6MB 1"
"PC024313","HSS-8084602","3664X04","VIHA-CVH-Comox Valley Hospital-Main Building-0th Floor","Courtenay","Main Building","CV0932","0","VIHATRP20240318-072","04/30/2028","Operational","08/14/2026","","","General Rounding","Plant Maintenance","NTT-Deskside Services-NorthIsland-Staffed","Desktop","Dell OptiPlex Micro Plus 7010 V2",""
"PC026054","HSS-8084603","6994X04","VIHA-CVH-Comox Valley Hospital-Main Building-0th Floor","Courtenay","Main Building","CV0325 - Workstation13","0","VIHATRP20240318-073","04/30/2028","Operational","06/24/2026","","","General Rounding","Administration","NTT-Deskside Services-NorthIsland-Staffed","Desktop","Dell OptiPlex Micro Plus 7010 V2",""
"PC026158X","HSS-8084605","1B94X04","VIHA-CVH-Comox Valley Hospital-Main Building-0th Floor","Courtenay","Main Building","CV0627","0","VIHATRP20240318-075","04/30/2028","Operational","08/14/2026","","","General Rounding","Records Management","NTT-Deskside Services-NorthIsland-Staffed","Desktop","Dell OptiPlex Micro Plus 7010 V2",""
"LD024138","HSS-8084606","DBFKVH3","VIHA-CVH-Comox Valley Hospital-Main Building-0th Floor","Courtenay","Main Building","CV0203","0","VIHATRP20240318-076","04/30/2028","Operational","08/14/2026","","","General Rounding","Pharmacy","NTT-Deskside Services-NorthIsland-Staffed","Laptop","DELL LATITUDE 7440 V2",""
"LD066512","HSS-8084607","1JY69W3","VIHA-CVH-Comox Valley Hospital-Main Building-0th Floor","Courtenay","Main Building","CV0325 - Work station #12","0","VIHATRP20240318-077","04/30/2028","Operational","05/29/2025","","","General Rounding","Administration","NTT-Deskside Services-NorthIsland-Staffed","Laptop","DELL LATITUDE 7440 V2",""
"PC027149","HSS-8084608","3764X04","VIHA-CVH-Comox Valley Hospital-Main Building-0th Floor","Courtenay","Main Building","CV0901","0","VIHATRP20240318-078","04/30/2028","Operational","08/14/2026","","","General Rounding","MDRD","NTT-Deskside Services-NorthIsland-Staffed","Desktop","Dell OptiPlex Micro Plus 7010 V2",""
"PC024284X","HSS-8084609","4764X04","VIHA-CVH-Comox Valley Hospital-Main Building-0th Floor","Courtenay","Main Building","CV0331","0","VIHATRP20240318-079","04/30/2028","Operational","03/16/2026","","","General Rounding","Records Management","NTT-Deskside Services-NorthIsland-Staffed","Desktop","Dell OptiPlex Micro Plus 7010 V2",""
"LD024140","HSS-8084610","CJKKVH3","VIHA-CVH-Comox Valley Hospital-Main Building-0th Floor","Courtenay","Main Building","CV0208","0","VIHATRP20240318-080","04/30/2028","Operational","08/14/2026","","","General Rounding","Pharmacy","NTT-Deskside Services-NorthIsland-Staffed","Laptop","DELL LATITUDE 7440 V2",""
"PC026038","HSS-8084612","4D94X04","VIHA-CVH-Comox Valley Hospital-Main Building-0th Floor","Courtenay","Main Building","CV0220","0","VIHATRP20240318-082","04/30/2028","Operational","08/14/2026","","","General Rounding","Pharmacy","NTT-Deskside Services-NorthIsland-Staffed","Desktop","Dell OptiPlex Micro Plus 7010 V2",""
"PC024310","HSS-8084613","DG94X04","VIHA-CVH-Comox Valley Hospital-Main Building-0th Floor","Courtenay","Main Building","CV0806","0","VIHATRP20240318-083","04/30/2028","Operational","08/14/2026","","","General Rounding","Medical Device Reprocessing Department","NTT-Deskside Services-NorthIsland-Staffed","Desktop","Dell OptiPlex Micro Plus 7010 V2",""
"PC027640","HSS-8084614","J564X04","VIHA-CVH-Comox Valley Hospital-Main Building-0th Floor","Courtenay","Main Building","CV0208","0","VIHATRP20240318-084","04/30/2028","Operational","08/14/2026","","","General Rounding","Pharmacy","NTT-Deskside Services-NorthIsland-Staffed","Desktop","Dell OptiPlex Micro Plus 7010 V2",""
"PC026031","HSS-8084615","7B94X04","VIHA-CVH-Comox Valley Hospital-Main Building-0th Floor","Courtenay","Main Building","CV0103","0","VIHATRP20240318-085","04/30/2028","Operational","08/14/2026","","","General Rounding","Food Services","NTT-Deskside Services-NorthIsland-Staffed","Desktop","Dell OptiPlex Micro Plus 7010 V2",""
"LD065605","HSS-8084616","16W59W3","VIHA-CCA-Courtenay Cliffe Avenue","Courtenay","Main Building","1","0","VIHATRP20240318-086","04/30/2028","Operational","","","","General Rounding","Occupational Therapy","NTT-Deskside Services-NorthIsland-Local","Laptop","DELL LATITUDE 7440 V2",""
"LD066370","HSS-8084617","HS789W3","VIHA-CCA-Courtenay Cliffe Avenue","Courtenay","Main Building","Reception","0","VIHATRP20240318-087","04/30/2028","Operational","03/25/2024","","","General Rounding","Mental Health & Addiction Services","NTT-Deskside Services-NorthIsland-Local","Laptop","DELL LATITUDE 7440 V2","LENOVO THNKCNT M920q i5-8500 2.1GHz 8GB"
"LD027160","HSS-8084618","HX669W3","VIHA-CCA-Courtenay Cliffe Avenue","Courtenay","Main Building","114","0","VIHATRP20240318-088","04/30/2028","Operational","","","","General Rounding","HC Admin Practice & Educ","NTT-Deskside Services-NorthIsland-Local","Laptop","DELL LATITUDE 7440 V2","LENOVO THINKPAD T470s i5-7300U 2.6GHZ 3M"
"LD027174","HSS-8084619","46Z49W3","VIHA-CCA-Courtenay Cliffe Avenue-Main Building-1st Floor","Courtenay","Main Building","1st office on right","1","VIHATRP20240318-089","04/30/2028","Operational","","","","General Rounding","Hlth Svcs For Comm Liv","NTT-Deskside Services-NorthIsland-Local","Laptop","DELL LATITUDE 7440 V2","LENOVO THINKPAD T470s i5-7300U 2.6GHZ 3M"
"PC026448","HSS-8084620","9994X04","VIHA-CVHCC-Comox Valley Home & Community Care-Main Building-1st Floor","Courtenay","Main Building","101","1","VIHATRP20240318-090","04/30/2028","Operational","03/25/2024","","","General Rounding","Mental Health & Addiction Services","NTT-Deskside Services-NorthIsland-Local","Desktop","Dell OptiPlex Micro Plus 7010 V2",""
"LD066371","HSS-8084621","4XKKVH3","VIHA-CCA-Courtenay Cliffe Avenue-Main Building-1st Floor","Courtenay","Main Building","014 - Basement Reception","0","VIHATRP20240318-091","04/30/2028","Operational","03/25/2024","","","General Rounding","Mental Health & Addiction Services","NTT-Deskside Services-NorthIsland-Local","Laptop","DELL LATITUDE 7440 V2",""
"PC021977","HSS-8084622","CB94X04","VIHA-CCA-Courtenay Cliffe Avenue-Main Building-1st Floor","Courtenay","Main Building","006","0","VIHATRP20240318-092","04/30/2028","Operational","03/25/2024","","","General Rounding","Mental Health & Addiction Services","NTT-Deskside Services-NorthIsland-Local","Desktop","Dell OptiPlex Micro Plus 7010 V2",""
"PC026444","HSS-8084623","5994X04","VIHA-CVHCC-Comox Valley Home & Community Care","Courtenay","Main Building","104","1","VIHATRP20240318-093","04/30/2028","Operational","03/25/2024","","","General Rounding","Mental Health & Addiction Services","NTT-Deskside Services-NorthIsland-Local","Desktop","Dell OptiPlex Micro Plus 7010 V2",""
"PC026445","HSS-8084624","7994X04","VIHA-CVHCC-Comox Valley Home & Community Care","Courtenay","Main Building","E102","1","VIHATRP20240318-094","04/30/2028","Operational","","","","General Rounding","Courtenay/Comox ICMT","NTT-Deskside Services-NorthIsland-Local","Desktop","Dell OptiPlex Micro Plus 7010 V2",""
"LD022846","HSS-8084625","F4N89W3","VIHA-CCA-Courtenay Cliffe Avenue-Main Building-1st Floor","Courtenay","Main Building","9","1","VIHATRP20240318-095","04/30/2028","Operational","06/24/2025","","","General Rounding","Mental Health & Addiction Services","NTT-Deskside Services-NorthIsland-Local","Laptop","DELL LATITUDE 7440 V2","LENOVO THNKPD T480s i5-8350 1.7GHZ 6MB 1"
"LD066444","HSS-8084626","83FB9W3","VIHA-CVHCC-Comox Valley Home & Community Care","Courtenay","Main Building","106","1","VIHATRP20240318-096","04/30/2028","Operational","03/25/2024","","","General Rounding","Mental Health & Addiction Services","NTT-Deskside Services-NorthIsland-Local","Laptop","DELL LATITUDE 7440 V2",""
"LD027175","HSS-8084627","JXR69W3","VIHA-CCA-Courtenay Cliffe Avenue-Main Building-1st Floor","Courtenay","Main Building","Office with 3 computers","1","VIHATRP20240318-097","04/30/2028","Operational","","","","General Rounding","Physiotherapy Comox","NTT-Deskside Services-NorthIsland-Local","Laptop","DELL LATITUDE 7440 V2","LENOVO THINKPAD T470s i5-7300U 2.6GHZ 3M"
"LD040809","HSS-8084628","9J2B9W3","VIHA-CCA-Courtenay Cliffe Avenue-Main Building-1st Floor","Courtenay","Main Building","18","1","VIHATRP20240318-098","04/30/2028","Operational","06/24/2025","","","General Rounding","Mental Health & Addiction Services","NTT-Deskside Services-NorthIsland-Local","Laptop","DELL LATITUDE 7440 V2",""
"LD030709","HSS-8084629","7XKKVH3","VIHA-CCA-Courtenay Cliffe Avenue-Main Building-1st Floor","Courtenay","Main Building","Rehab","1","VIHATRP20240318-099","04/30/2028","Operational","","","","General Rounding","Community Home Services","NTT-Deskside Services-NorthIsland-Local","Laptop","DELL LATITUDE 7440 V2","LENOVO THNKPD T480s i5-8350 1.7GHZ 6MB 1"
"LD040108","HSS-8084630","JL979W3","VIHA-CCA-Courtenay Cliffe Avenue-Main Building-1st Floor","Courtenay","Main Building","Office closest to reception","1","VIHATRP20240318-100","04/30/2028","Operational","","","","General Rounding","Community Home Services","NTT-Deskside Services-NorthIsland-Local","Laptop","DELL LATITUDE 7440 V2","LENOVO THNKPD T480s i5-8350 1.7GHZ 6MB 1"
"LD066372","HSS-8084631","4fg89w3","VIHA-CVHCC-Comox Valley Home & Community Care-Main Building-1st Floor","Courtenay","Main Building","129","1","VIHATRP20240318-101","04/30/2028","Operational","07/23/2026","","","General Rounding","Mental Health & Addiction Services","NTT-Deskside Services-NorthIsland-Local","Laptop","DELL LATITUDE 7440 V2","CUSTOMER OWNED CTO DESKTOP TC M910Q I5-7"
"LD020948","HSS-8084633","5G2B9W3","VIHA-CVHCC-Comox Valley Home & Community Care-Main Building-1st Floor","Courtenay","Main Building","101","1","VIHATRP20240318-103","04/30/2028","Operational","07/23/2026","","","General Rounding","Mental Health","NTT-Deskside Services-NorthIsland-Local","Laptop","DELL LATITUDE 7440 V2",""
"PC026365","HSS-8085003","DRH4X04","VIHA-CVH-Comox Valley Hospital-Main Building-1st Floor","Courtenay","Main Building","CV1727","1","VIHATRP20240101-001","04/30/2028","Operational","07/27/2026","","","General Rounding","Heart and Lung","NTT-Deskside Services-NorthIsland-Staffed","Desktop","Dell OptiPlex Micro Plus 7010 V2",""
"LD021254","HSS-8085004","74CYCW3","VIHA-CVH-Comox Valley Hospital-Main Building-1st Floor","Courtenay","Main Building","CV1725 (Amanda DeForge Working from home)","1","VIHATRP20240101-002","04/30/2028","Operational","","","","Excluded","","NTT-Deskside Services-NorthIsland-Staffed","Laptop","Dell LATITUDE 7440 V7",""
"LD042933","HSS-8085005","DKHWCW3","VIHA-CVH-Comox Valley Hospital-Main Building-1st Floor","Courtenay","Main Building","WFH","1","VIHATRP20240101-003","04/30/2028","Operational","","","","Excluded","COVID19 Educ and Prac Supp","NTT-Deskside Services-NorthIsland-Staffed","Laptop","Dell LATITUDE 7440 V7",""
"PC026397","HSS-8085006","HRH4X04","VIHA-CVH-Comox Valley Hospital-Main Building-1st Floor","Courtenay","Main Building","CV1708","1","VIHATRP20240101-004","04/30/2028","Operational","07/27/2026","","","General Rounding","Heart and Lung","NTT-Deskside Services-NorthIsland-Staffed","Desktop","Dell OptiPlex Micro Plus 7010 V2",""
"LD021302","HSS-8085007","C7YXCW3","VIHA-CVNC-Comox Valley Nursing Centre-Main Building-1st Floor","Courtenay","Main Building","Exam Room 5","1","VIHATRP20240101-005","04/30/2028","Operational","06/13/2025","","","General Rounding","Nursing","NTT-Deskside Services-NorthIsland-Local","Laptop","Dell LATITUDE 7440 V7","LENOVO THNKPD T480s i5-8350 1.7GHZ 6MB 1"
"TD001687","HSS-8085008","FTBZR14","VIHA-CVNC-Comox Valley Nursing Centre-Main Building-1st Floor","Courtenay","Main Building","Team Leads","1","VIHATRP20240101-006","04/30/2028","Operational","01/27/2026","","","General Rounding","Nursing","NTT-Deskside Services-NorthIsland-Local","Tablet","DELL LATITUDE 9440 2-in-1 V1",""
"LD030716","HSS-8085009","8YRXCW3","VIHA-CVNC-Comox Valley Nursing Centre-Main Building-1st Floor","Courtenay","Main Building","Exam Room 6","1","VIHATRP20240101-007","04/30/2028","Operational","06/13/2025","","","General Rounding","Nursing","NTT-Deskside Services-NorthIsland-Local","Laptop","Dell LATITUDE 7440 V7",""
"PC047877","HSS-8085010","GTH4X04","VIHA-CVNC-Comox Valley Nursing Centre-Main Building-1st Floor","Courtenay","Main Building","Exam Room 2","1","VIHATRP20240101-008","04/30/2028","Operational","01/27/2026","","","General Rounding","Nursing","NTT-Deskside Services-NorthIsland-Local","Desktop","Dell OptiPlex Micro Plus 7010 V2","LENOVO THNKCNT M920q i5-8500 2.1GHz 8GB"
"LD035149","HSS-8085011","5WQWCW3","VIHA-CVNC-Comox Valley Nursing Centre-Main Building-1st Floor","Courtenay","Main Building","Exam Rm 3","1","VIHATRP20240101-009","04/30/2028","Operational","01/27/2026","","","General Rounding","Nursing","NTT-Deskside Services-NorthIsland-Local","Laptop","Dell LATITUDE 7440 V7","LENOVO THNKPD T480s i5-8350 1.7GHZ 6MB 1"
"LD030576","HSS-8085012","34FXCW3","VIHA-CVNC-Comox Valley Nursing Centre-Main Building-1st Floor","Courtenay","Main Building","Outreach Office","1","VIHATRP20240101-010","04/30/2028","Operational","01/27/2026","","","General Rounding","Nursing","NTT-Deskside Services-NorthIsland-Local","Laptop","Dell LATITUDE 7440 V7","LENOVO THNKPD T480s i5-8350 1.7GHZ 6MB 1"
"LD030257","HSS-8085013","HXRXCW3","VIHA-CVNC-Comox Valley Nursing Centre-Main Building-1st Floor","Courtenay","Main Building","Exam Room 13","1","VIHATRP20240101-011","04/30/2028","Operational","01/27/2026","","","General Rounding","Nursing","NTT-Deskside Services-NorthIsland-Local","Laptop","Dell LATITUDE 7440 V7",""
"LD065998","HSS-8085014","FSHWCW3","VIHA-CVNC-Comox Valley Nursing Centre-Main Building-1st Floor","Courtenay","Main Building","Exam Room 4","1","VIHATRP20240101-012","04/30/2028","Operational","06/13/2025","","","General Rounding","Nursing","NTT-Deskside Services-NorthIsland-Local","Laptop","Dell LATITUDE 7440 V7","LENOVO THNKCNT M920q i5-8500 2.1GHz 8GB"
"LD031265","HSS-8085015","GSQWCW3","VIHA-CVNC-Comox Valley Nursing Centre-Main Building-1st Floor","Courtenay","Main Building","Team Leads Office - Sign Out 2","1","VIHATRP20240101-013","04/30/2028","Operational","06/13/2025","","","General Rounding","Nursing","NTT-Deskside Services-NorthIsland-Local","Laptop","Dell LATITUDE 7440 V7","LENOVO THNKPD T480s i5-8350 1.7GHZ 6MB 1"
"LD028803","HSS-8085016","9R3YCW3","VIHA-CVNC-Comox Valley Nursing Centre-Main Building-1st Floor","Courtenay","Main Building","Exam Room 7","1st Floor","VIHATRP20240101-014","04/30/2028","Operational","06/13/2025","","","General Rounding","Nursing","NTT-Deskside Services-NorthIsland-Local","Laptop","Dell LATITUDE 7440 V7",""
"LD029004","HSS-8085044","3WRTCW3","VIHA-SJC-St. Joseph's Campus","Comox","","WFH","","VIHATRP20240101-042","04/30/2028","Operational","","","","Excluded","Abil Mgt Consult & Accom","NTT-Deskside Services-NorthIsland-Local","Laptop","Dell LATITUDE 7440 V7",""
"LD034151","HSS-8085045","40CYCW3","VIHA-SJC-St. Joseph's Campus-Main Building-2nd Floor","Comox","Main Building","308 (WFR - Katie Lobb)","3","VIHATRP20240101-043","04/30/2028","Operational","07/30/2025","","20221128-VIHA-SJGH-St. Joseph's General Hospital was formally closed October 21, 2017
and the remaining site was named VIHA-SJC-St. Joseph's Campus.
Location updated to VIHA-SJC-St. Joseph's Campus per TASK0035172","General Rounding","HR Corporate Team 2","NTT-Deskside Services-NorthIsland-Local","Laptop","Dell LATITUDE 7440 V7",""
"LD066404","HSS-8085046","DWQWCW3","VIHA-SJC-St. Joseph's Campus-Main Building-2nd Floor","Comox","Main Building","218","2","VIHATRP20240101-044","04/30/2028","Operational","02/05/2026","","20221128-VIHA-SJGH-St. Joseph's General Hospital was formally closed October 21, 2017
and the remaining site was named VIHA-SJC-St. Joseph's Campus.
Location updated to VIHA-SJC-St. Joseph's Campus per TASK0035172","General Rounding","WFH - Candace Chapman","NTT-Deskside Services-NorthIsland-Local","Laptop","Dell LATITUDE 7440 V7","LENOVO THNKPD T480s i5-8350 1.7GHZ 6MB 1"
"LD034516","HSS-8085047","5Y7XCW3","VIHA-SJC-St. Joseph's Campus-Main Building-3rd Floor","Comox","Main Building","327","3","VIHATRP20240101-045","04/30/2028","Operational","06/05/2025","","Other","General Rounding","","NTT-Deskside Services-NorthIsland-Local","Laptop","Dell LATITUDE 7440 V7","LENOVO THNKPD T480s i5-8350 1.7GHZ 6MB 14 WIN 10 16GB"
"LD024399","HSS-8085049","DYHWCW3","VIHA-SJC-St. Joseph's Campus-Main Building-2nd Floor","Comox","Main Building","214","2","VIHATRP20240101-047","04/30/2028","Operational","04/02/2026","","","General Rounding","Public Health Nursing","NTT-Deskside Services-NorthIsland-Local","Laptop","Dell LATITUDE 7440 V7",""
"LD066114","HSS-8085051","JTRXCW3","VIHA-SJC-St. Joseph's Campus-Main Building-2nd Floor","Comox","Main Building","212 (Loaner 5 from CVHCC)","2","VIHATRP20240101-049","04/30/2028","Operational","04/02/2026","","","General Rounding","Public Health Nursing","NTT-Deskside Services-NorthIsland-Local","Laptop","Dell LATITUDE 7440 V7","LENOVO X380 YOGA i7-8650U 1.9GHz 8MB 13."
"PC024304","HSS-8085053","BSH4X04","VIHA-SJC-St. Joseph's Campus-Main Building-2nd Floor","Comox","Main Building","219","2","VIHATRP20240101-051","04/30/2028","Operational","04/02/2026","","","General Rounding","CV Community Access Intake","NTT-Deskside Services-NorthIsland-Local","Desktop","Dell OptiPlex Micro Plus 7010 V2",""
"LD066210","HSS-8085054","9MQWCW3","VIHA-SJC-St. Joseph's Campus-Main Building-2nd Floor","Comox","Main Building","206","2","VIHATRP20240101-052","04/30/2028","Operational","04/02/2026","","","General Rounding","Geriatric Specialty Services","NTT-Deskside Services-NorthIsland-Local","Laptop","Dell LATITUDE 7440 V7","LENOVO X380 YOGA i7-8650U 1.9GHz 8MB 13."
"TD030650","HSS-8085055","DP10S14","VIHA-SJC-St. Joseph's Campus-Main Building-2nd Floor","Comox","Main Building","210","2","VIHATRP20240101-053","04/30/2028","Operational","04/02/2026","","","General Rounding","Geriatric Specialty Services","NTT-Deskside Services-NorthIsland-Local","Tablet","DELL LATITUDE 9440 2-in-1 V1","LENOVO X380 YOGA i7-8650U 1.9GHz 8MB 13."
"LD065929","HSS-8085056","5VQWCW3","VIHA-SJC-St. Joseph's Campus-Main Building-2nd Floor","Comox","Main Building","210","2","VIHATRP20240101-054","04/30/2028","Operational","04/02/2026","","","General Rounding","CV Geriatric Specialty Srv","NTT-Deskside Services-NorthIsland-Local","Laptop","Dell LATITUDE 7440 V7","LENOVO X380 YOGA i7-8650U 1.9GHz 8MB 13."
"PC024421","HSS-8085057","FMD4X04","VIHA-SJC-St. Joseph's Campus-Main Building-2nd Floor","Comox","Main Building","202","2","VIHATRP20240101-055","04/30/2028","Operational","04/02/2026","","","General Rounding","Community Access Intake","NTT-Deskside Services-NorthIsland-Local","Desktop","Dell OptiPlex Micro Plus 7010 V2",""
"LD066184","HSS-8085058","5W7XCW3","VIHA-SJC-St. Joseph's Campus-Main Building-2nd Floor","Comox","Main Building","208","2","VIHATRP20240101-056","04/30/2028","Operational","04/02/2026","","","General Rounding","CVH Access Liaison","NTT-Deskside Services-NorthIsland-Local","Laptop","Dell LATITUDE 7440 V7","LENOVO X380 YOGA i7-8650U 1.9GHz 8MB 13."
"PC031254","HSS-8085059","FWH4X04","VIHA-SJC-St. Joseph's Campus-Main Building-2nd Floor","Comox","Main Building","201A","2","VIHATRP20240101-057","04/30/2028","Operational","04/02/2026","","","General Rounding","North Island Community Access","NTT-Deskside Services-NorthIsland-Local","Desktop","Dell OptiPlex Micro Plus 7010 V2","LENOVO THINKCENTRE M910q i5-7500T 2.5GHZ"
"TD030655","HSS-8085060","B13ZR14","VIHA-SJC-St. Joseph's Campus-Main Building-2nd Floor","Comox","Main Building","210","2","VIHATRP20240101-058","04/30/2028","Operational","01/08/2026","","","General Rounding","CV Geriatric Specialty Srv","NTT-Deskside Services-NorthIsland-Local","Tablet","DELL LATITUDE 9440 2-in-1 V1","LENOVO X380 YOGA i7-8650U 1.9GHz 8MB 13."
"TD030657","HSS-8085061","2J10S14","VIHA-SJC-St. Joseph's Campus-Main Building-2nd Floor","Comox","Main Building","210","2","VIHATRP20240101-059","04/30/2028","Operational","04/02/2026","","","General Rounding","Geriatric Specialty Services","NTT-Deskside Services-NorthIsland-Local","Tablet","DELL LATITUDE 9440 2-in-1 V1","LENOVO X380 YOGA i7-8650U 1.9GHz 8MB 13."
"LD022566","HSS-8085062","30SXCW3","VIHA-SJC-St. Joseph's Campus-Main Building-3rd Floor","Comox","38 Wing","name on door","3","VIHATRP20240101-060","04/30/2028","Operational","01/09/2026","","","General Rounding","WFH - Porteous-Miller","NTT-Deskside Services-NorthIsland-Local","Laptop","Dell LATITUDE 7440 V7",""
"LD033856","HSS-8085063","9GLXCW3","VIHA-SJC-St. Joseph's Campus-Main Building-3rd Floor","Comox","Main Building","329","1st Floor","VIHATRP20240101-061","04/30/2028","Operational","01/09/2026","","20221128-VIHA-SJGH-St. Joseph's General Hospital was formally closed October 21, 2017
and the remaining site was named VIHA-SJC-St. Joseph's Campus.
Location updated to VIHA-SJC-St. Joseph's Campus per TASK0035172","General Rounding","WFH - Ingelise Fraser","NTT-Deskside Services-NorthIsland-Local","Laptop","Dell LATITUDE 7440 V7",""
"PC026143","HSS-8085065","FPD4X04","VIHA-SJC-St. Joseph's Campus-Main Building-2nd Floor","Comox","Main Building","201A","2","VIHATRP20240101-063","04/30/2028","Operational","04/02/2026","","","General Rounding","North Island Community Access","NTT-Deskside Services-NorthIsland-Local","Desktop","Dell OptiPlex Micro Plus 7010 V2",""
"PC031687","HSS-8085069","1N3WC14","VIHA-CVH-Comox Valley Hospital-Main Building-1st Floor","Courtenay","Main Building","CV1708","1","VIHATRP20240101-067","04/30/2028","Operational","07/27/2026","","Heart Health","General Rounding","Heart and Lung","NTT-Deskside Services-NorthIsland-Staffed","Desktop","Dell OptiPlex Tower Plus 7010 V3","LENOVO THNKCNT M920t i7-8700 3.2GHz WIN10P 8GB 256GB 3YOS"
"PC026126","HSS-8085070","CWH4X04","VIHA-CVH-Comox Valley Hospital-Main Building-1st Floor","Courtenay","Main Building","CV1811","1","VIHATRP20240101-068","04/30/2028","Operational","05/15/2026","","","General Rounding","Ultrasound","NTT-Deskside Services-NorthIsland-Staffed","Desktop","Dell OptiPlex Micro Plus 7010 V2","PC026126"
"LD024395","HSS-8085071","8JNTCW3","VIHA-CVH-Comox Valley Hospital-Main Building-1st Floor","Courtenay","Main Building","CV1536","1","VIHATRP20240101-069","04/30/2028","Operational","08/05/2026","","","General Rounding","Endoscopy","NTT-Deskside Services-NorthIsland-Staffed","Laptop","Dell LATITUDE 7440 V7",""
"PC026047","HSS-8085072","HTH4X04","VIHA-CVH-Comox Valley Hospital-Main Building-1st Floor","Courtenay","Main Building","CV1902","1","VIHATRP20240101-070","04/30/2028","Operational","07/24/2026","","","General Rounding","Crisis Services","NTT-Deskside Services-NorthIsland-Staffed","Desktop","Dell OptiPlex Micro Plus 7010 V2",""
"PC026070","HSS-8085073","BVH4X04","VIHA-CVH-Comox Valley Hospital-Main Building-1st Floor","Courtenay","Main Building","CV1412","1","VIHATRP20240101-071","04/30/2028","Operational","05/07/2026","","","General Rounding","Comox Valley Healthcare Foundation","NTT-Deskside Services-NorthIsland-Staffed","Desktop","Dell OptiPlex Micro Plus 7010 V2",""
"PC024338","HSS-8085074","7ZL4X04","VIHA-CVH-Comox Valley Hospital-Main Building-1st Floor","Courtenay","Main Building","CV1430","1","VIHATRP20240101-072","04/30/2028","Operational","08/13/2026","","","Critical Clinical","Admitting","NTT-Deskside Services-NorthIsland-Staffed","Desktop","Dell OptiPlex Micro Plus 7010 V2",""
"PC025613","HSS-8085075","BRH4X04","VIHA-CVH-Comox Valley Hospital-Main Building-1st Floor","Courtenay","Main Building","CV1558","1","VIHATRP20240101-073","04/30/2028","Operational","07/17/2026","","","General Rounding","Telehealth Virtual Care","NTT-Deskside Services-NorthIsland-Staffed","Desktop","Dell OptiPlex Micro Plus 7010 V2",""
"LD023459","HSS-8085076","DS81DW3","VIHA-CVH-Comox Valley Hospital-Main Building-1st Floor","Courtenay","Main Building","CV1210","1","VIHATRP20240101-074","04/30/2028","Operational","05/07/2026","","","General Rounding","Protection Services","NTT-Deskside Services-NorthIsland-Staffed","Laptop","Dell LATITUDE 7440 V7",""
"PC026082X","HSS-8085077","8TH4X04","VIHA-CVH-Comox Valley Hospital-Main Building-1st Floor","Courtenay","Main Building","CV1725","1","VIHATRP20240101-075","04/30/2028","Operational","07/27/2026","","","General Rounding","Heart and Lung","NTT-Deskside Services-NorthIsland-Staffed","Desktop","Dell OptiPlex Micro Plus 7010 V2",""
"PC027430","HSS-8085078","4WH4X04","VIHA-CVH-Comox Valley Hospital-Main Building-1st Floor","Courtenay","Main Building","CV1888","1","VIHATRP20240101-076","04/30/2028","Operational","07/23/2026","","","General Rounding","Medical Imaging","NTT-Deskside Services-NorthIsland-Staffed","Desktop","Dell OptiPlex Micro Plus 7010 V2",""
"PC032325","HSS-8085079","2N3WC14","VIHA-CVH-Comox Valley Hospital-Main Building-1st Floor","Courtenay","Main Building","CV1708","1","VIHATRP20240101-077","04/30/2028","Operational","07/27/2026","","Heart Health","General Rounding","Heart and Lung","NTT-Deskside Services-NorthIsland-Staffed","Desktop","Dell OptiPlex Tower Plus 7010 V3","LENOVO THNKCNT M920t i7-8700 3.2GHz WIN10P 8GB 256GB 3YOS"
"PC024328","HSS-8085080","8SH4X04","VIHA-CVH-Comox Valley Hospital-Main Building-1st Floor","Courtenay","Main Building","CV1300 (724)","1","VIHATRP20240101-078","04/30/2028","Operational","08/13/2026","Please NOTE that the following software applications are incompatible with the Cerner 724 Downtime application:
-Downtime Patient Index (DTPI)
-Dragon Medical One Extensions (DMO)
-Imprivata OneSign Software/Card Reader (Tap In/Out)
-Inteleviewer (Medical Imaging)

If the software is requested to be installed, the Incident or Request should be assigned to the ""VIHA-Client Experience"" assignment group so the request can be evaluated.","CV1300 - Administrative/Staff Support Area - Business Centre","Critical Clinical","Admitting","NTT-Deskside Services-NorthIsland-Staffed","Desktop","Dell OptiPlex Micro Plus 7010 V2",""
"PC024337","HSS-8085081","8WH4X04","VIHA-CVH-Comox Valley Hospital-Main Building-1st Floor","Courtenay","Main Building","CV1430","1","VIHATRP20240101-079","04/30/2028","Operational","08/13/2026","","","Critical Clinical","Admitting","NTT-Deskside Services-NorthIsland-Staffed","Desktop","Dell OptiPlex Micro Plus 7010 V2",""
"PC026360","HSS-8085082","DSH4X04","VIHA-CVH-Comox Valley Hospital-Main Building-1st Floor","Courtenay","Main Building","CV1705","1","VIHATRP20240101-080","04/30/2028","Operational","07/27/2026","","","General Rounding","Heart and Lung","NTT-Deskside Services-NorthIsland-Staffed","Desktop","Dell OptiPlex Micro Plus 7010 V2",""
"PC026398","HSS-8085083","CSH4X04","VIHA-CVH-Comox Valley Hospital-Main Building-1st Floor","Courtenay","Main Building","CV1703","1","VIHATRP20240101-081","04/30/2028","Operational","07/27/2026","","","General Rounding","Heart and Lung","NTT-Deskside Services-NorthIsland-Staffed","Desktop","Dell OptiPlex Micro Plus 7010 V2",""
"PC026182","HSS-8085084","6WH4X04","VIHA-CVH-Comox Valley Hospital-Main Building-1st Floor","Courtenay","Main Building","CV1557","1","VIHATRP20240101-082","04/30/2028","Operational","07/17/2026","","","General Rounding","Telehealth Virtual Care","NTT-Deskside Services-NorthIsland-Staffed","Desktop","Dell OptiPlex Micro Plus 7010 V2",""
"PC026069","HSS-8085085","FTH4X04","VIHA-CVH-Comox Valley Hospital-Main Building-1st Floor","Courtenay","Main Building","CV1411","1","VIHATRP20240101-083","04/30/2028","Operational","05/07/2026","","","General Rounding","Comox Valley Healthcare Foundation","NTT-Deskside Services-NorthIsland-Staffed","Desktop","Dell OptiPlex Micro Plus 7010 V2",""
"LD021580","HSS-8085538","5LLXCW3","VIHA-CVH-Comox Valley Hospital-Main Building","Courtenay","Main Building","Mtg 4 (meeting room)","","VIHATRP20240415-001","05/31/2028","Operational","","","","Excluded","Clinical Application Management","NTT-Deskside Services-NorthIsland-Staffed","Laptop","Dell LATITUDE 7440 V7","LENOVO THINKPAD T470s i5-7300U 2.6GHZ 3M"
"LD044348","HSS-8085539","4K3YCW3","VIHA-CVH-Comox Valley Hospital-Main Building-0th Floor","Courtenay","Main Building","home","0","VIHATRP20240415-002","05/31/2028","Operational","","","","Excluded","Colonoscopy","NTT-Deskside Services-NorthIsland-Staffed","Laptop","Dell LATITUDE 7440 V7",""
"PC032587","HSS-8085542","5564X04","VIHA-CVH-Comox Valley Hospital-Main Building-2nd Floor","Courtenay","Main Building","CV2401","2","VIHATRP20240415-005","05/31/2028","Operational","07/10/2026","","","General Rounding","Surgical Services","NTT-Deskside Services-NorthIsland-Staffed","Desktop","Dell OptiPlex Micro Plus 7010 V2",""
"LD066604","HSS-8085543","1KLXCW3","VIHA-CVH-Comox Valley Hospital-Main Building-0th Floor","Courtenay","Main Building","CV0315","0","VIHATRP20240415-006","05/31/2028","Operational","03/12/2026","","","General Rounding","Patient Liaison","NTT-Deskside Services-NorthIsland-Staffed","Laptop","Dell LATITUDE 7440 V7",""
"PC024314","HSS-8085545","1364X04","VIHA-CVH-Comox Valley Hospital-Main Building-0th Floor","Courtenay","Main Building","CV0932","0","VIHATRP20240415-008","05/31/2028","Operational","08/14/2026","","","General Rounding","Plant Maintenance","NTT-Deskside Services-NorthIsland-Staffed","Desktop","Dell OptiPlex Micro Plus 7010 V2",""
"PC026346","HSS-8085546","F764X04","VIHA-CVH-Comox Valley Hospital-Main Building-0th Floor","Courtenay","Main Building","CV0332","0","VIHATRP20240415-009","05/31/2028","Operational","03/05/2026","","","General Rounding","Records Management","NTT-Deskside Services-NorthIsland-Staffed","Desktop","Dell OptiPlex Micro Plus 7010 V2",""
"LD066149","HSS-8085547","7T3YCW3","VIHA-CVH-Comox Valley Hospital-Main Building-0th Floor","Courtenay","Main Building","CV0314","0","VIHATRP20240415-010","05/31/2028","Operational","03/12/2026","","","General Rounding","Patient Liaison","NTT-Deskside Services-NorthIsland-Staffed","Laptop","Dell LATITUDE 7440 V7","LENOVO X380 YOGA i7-8650U 1.9GHz 8MB 13."
"PC024311","HSS-8085548","5764X04","VIHA-CVH-Comox Valley Hospital-Main Building-0th Floor","Courtenay","Main Building","CV0930","0","VIHATRP20240415-011","05/31/2028","Operational","08/14/2026","","","General Rounding","Plant Maintenance","NTT-Deskside Services-NorthIsland-Staffed","Desktop","Dell OptiPlex Micro Plus 7010 V2",""
"PC024468X","HSS-8085549","6ZL4X04","VIHA-CVH-Comox Valley Hospital-Main Building-0th Floor","Courtenay","Main Building","CV0627","0","VIHATRP20240415-012","05/31/2028","Operational","08/14/2026","","","General Rounding","Records Management","NTT-Deskside Services-NorthIsland-Staffed","Desktop","Dell OptiPlex Micro Plus 7010 V2",""
"LD042869","HSS-8085550","2QRXCW3","VIHA-CVH-Comox Valley Hospital-Main Building-0th Floor","Courtenay","Main Building","CV0620 (WFH Nina Moffoot)","0","VIHATRP20240415-013","05/31/2028","Operational","","","","Excluded","Contact Centre - HIM","NTT-Deskside Services-NorthIsland-Staffed","Laptop","Dell LATITUDE 7440 V7",""
"PC026052","HSS-8085551","6B94X04","VIHA-CVH-Comox Valley Hospital-Main Building-0th Floor","Courtenay","Main Building","CV0325 - work station 6","0","VIHATRP20240415-014","05/31/2028","Operational","06/24/2026","","","General Rounding","Administration","NTT-Deskside Services-NorthIsland-Staffed","Desktop","Dell OptiPlex Micro Plus 7010 V2",""
"LD066187","HSS-8085552","9DYXCW3","VIHA-CVH-Comox Valley Hospital-Main Building-0th Floor","Courtenay","Main Building","CV0314","0","VIHATRP20240415-015","05/31/2028","Operational","03/12/2026","","","General Rounding","Patient Liaison","NTT-Deskside Services-NorthIsland-Staffed","Laptop","Dell LATITUDE 7440 V7","LENOVO X380 YOGA i7-8650U 1.9GHz 8MB 13."
"PC026039","HSS-8085553","GC94X04","VIHA-CVH-Comox Valley Hospital-Main Building-0th Floor","Courtenay","Main Building","CV0208","0","VIHATRP20240415-016","05/31/2028","Operational","08/14/2026","","","General Rounding","Pharmacy","NTT-Deskside Services-NorthIsland-Staffed","Desktop","Dell OptiPlex Micro Plus 7010 V2",""
"PC024277","HSS-8085555","6C94X04","VIHA-CVH-Comox Valley Hospital-Main Building-0th Floor","Courtenay","Main Building","CV0202","0","VIHATRP20240415-018","05/31/2028","Operational","08/14/2026","","","General Rounding","Pharmacy","NTT-Deskside Services-NorthIsland-Staffed","Desktop","Dell OptiPlex Micro Plus 7010 V2",""
"PC026351","HSS-8085556","9C94X04","VIHA-CVH-Comox Valley Hospital-Main Building-0th Floor","Courtenay","Main Building","CV0627","0","VIHATRP20240415-019","05/31/2028","Operational","08/14/2026","","","General Rounding","Records Management","NTT-Deskside Services-NorthIsland-Staffed","Desktop","Dell OptiPlex Micro Plus 7010 V2",""
"PC026344","HSS-8085630","90M4X04","VIHA-CVH-Comox Valley Hospital-Main Building-0th Floor","Courtenay","Main Building","CV0325 - Workstation9","0","VIHATRP20240415-093","05/31/2028","Operational","06/24/2026","","","General Rounding","HIM Informatics","NTT-Deskside Services-NorthIsland-Staffed","Desktop","Dell OptiPlex Micro Plus 7010 V2",""
"PC026315","HSS-8085631","7SH4X04","VIHA-CVH-Comox Valley Hospital-Main Building-1st Floor","Courtenay","Main Building","CV1512","1","VIHATRP20240415-094","05/31/2028","Operational","08/05/2026","","","General Rounding","Ambulatory Care","NTT-Deskside Services-NorthIsland-Staffed","Desktop","Dell OptiPlex Micro Plus 7010 V2",""
"PC026359","HSS-8085632","7MD4X04","VIHA-CVH-Comox Valley Hospital-Main Building-1st Floor","Courtenay","Main Building","CV1702","1","VIHATRP20240415-095","05/31/2028","Operational","07/27/2026","","","General Rounding","Heart and Lung","NTT-Deskside Services-NorthIsland-Staffed","Desktop","Dell OptiPlex Micro Plus 7010 V2",""
"PC026063","HSS-8085633","7564X04","VIHA-CVH-Comox Valley Hospital-Main Building-1st Floor","Courtenay","Main Building","CV1171","1","VIHATRP20240415-096","05/31/2028","Operational","06/11/2026","","","General Rounding","Social Work","NTT-Deskside Services-NorthIsland-Staffed","Desktop","Dell OptiPlex Micro Plus 7010 V2",""
"PC026159","HSS-8085634","JF94X04","VIHA-CVH-Comox Valley Hospital-Main Building-1st Floor","Courtenay","Main Building","CV1300","1","VIHATRP20240415-097","05/31/2028","Operational","08/13/2026","","","Critical Clinical","Admitting","NTT-Deskside Services-NorthIsland-Staffed","Desktop","Dell OptiPlex Micro Plus 7010 V2",""
"PC026072","HSS-8085635","8C94X04","VIHA-CVH-Comox Valley Hospital-Main Building-1st Floor","Courtenay","Main Building","CV1472","1","VIHATRP20240415-098","05/31/2028","Operational","08/04/2026","","","General Rounding","Admitting","NTT-Deskside Services-NorthIsland-Staffed","Desktop","Dell OptiPlex Micro Plus 7010 V2",""
"PC024303","HSS-8085637","JC94X04","VIHA-CVH-Comox Valley Hospital-Main Building-1st Floor","Courtenay","Main Building","CV1473","1","VIHATRP20240415-100","05/31/2028","Operational","08/04/2026","","","General Rounding","Admitting","NTT-Deskside Services-NorthIsland-Staffed","Desktop","Dell OptiPlex Micro Plus 7010 V2",""
"PC024339","HSS-8085638","GB94X04","VIHA-CVH-Comox Valley Hospital-Main Building-1st Floor","Courtenay","Main Building","CV1430","1","VIHATRP20240415-101","05/31/2028","Operational","08/13/2026","","","Critical Clinical","Admitting","NTT-Deskside Services-NorthIsland-Staffed","Desktop","Dell OptiPlex Micro Plus 7010 V2",""
"PC026116","HSS-8085639","G364X04","VIHA-CVH-Comox Valley Hospital-Main Building-1st Floor","Courtenay","Main Building","CV1800","1","VIHATRP20240415-102","05/31/2028","Operational","07/23/2026","","","General Rounding","Medical Imaging","NTT-Deskside Services-NorthIsland-Staffed","Desktop","Dell OptiPlex Micro Plus 7010 V2",""
"PC024481","HSS-8085642","DYL4X04","VIHA-CVH-Comox Valley Hospital-Main Building-2nd Floor","Courtenay","Main Building","CV2945","2","VIHATRP20240415-105","05/31/2028","Operational","08/12/2026","","","General Rounding","Laboratory","NTT-Deskside Services-NorthIsland-Staffed","Desktop","Dell OptiPlex Micro Plus 7010 V2",""
"PC024412","HSS-8085643","3PD4X04","VIHA-CVH-Comox Valley Hospital-Main Building-2nd Floor","Courtenay","Main Building","CV2401","2","VIHATRP20240415-106","05/31/2028","Operational","07/10/2026","","","General Rounding","Surgical Services","NTT-Deskside Services-NorthIsland-Staffed","Desktop","Dell OptiPlex Micro Plus 7010 V2",""
"PC024440","HSS-8085644","5F94X04","VIHA-CVH-Comox Valley Hospital-Main Building-2nd Floor","Courtenay","Main Building","CV2901","2","VIHATRP20240415-107","05/31/2028","Operational","08/12/2026","","","General Rounding","Laboratory","NTT-Deskside Services-NorthIsland-Staffed","Desktop","Dell OptiPlex Micro Plus 7010 V2",""
"PC026034","HSS-8085645","3G94X04","VIHA-CVH-Comox Valley Hospital-Main Building-0th Floor","Courtenay","Main Building","CV0208","0","VIHATRP20240415-108","05/31/2028","Operational","08/14/2026","","","General Rounding","Pharmacy","NTT-Deskside Services-NorthIsland-Staffed","Desktop","Dell OptiPlex Micro Plus 7010 V2",""
"PC024478","HSS-8085646","G994X04","VIHA-CVH-Comox Valley Hospital-Main Building-2nd Floor","Courtenay","Main Building","CV2941","2","VIHATRP20240415-109","05/31/2028","Operational","08/12/2026","","","General Rounding","Laboratory","NTT-Deskside Services-NorthIsland-Staffed","Desktop","Dell OptiPlex Micro Plus 7010 V2",""
"PC026184","HSS-8085647","6D94X04","VIHA-CVH-Comox Valley Hospital-Main Building-2nd Floor","Courtenay","Main Building","CV2840","2","VIHATRP20240415-110","05/31/2028","Operational","03/25/2026","","","General Rounding","Surgical Services - PACU","NTT-Deskside Services-NorthIsland-Staffed","Desktop","Dell OptiPlex Micro Plus 7010 V2","PC026184"
"PC026208","HSS-8085648","5D94X04","VIHA-CVH-Comox Valley Hospital-Main Building-3rd Floor","Courtenay","Main Building","CV3328","3","VIHATRP20240415-111","05/31/2028","Operational","07/15/2026","","","General Rounding","General Medical / Surgical Inpatient Unit","NTT-Deskside Services-NorthIsland-Staffed","Desktop","Dell OptiPlex Micro Plus 7010 V2",""
"LD042741","HSS-8087439","253SCW3","VIHA-CVH-Comox Valley Hospital","Courtenay","Main Building","False","","VIHATRP20240610-001","07/31/2028","Operational","","","","General Rounding","EPMO Portfolio A","NTT-Deskside Services-NorthIsland-Staffed","Laptop","Dell LATITUDE 7440 V7",""
"LD033785","HSS-8087440","HVVQCW3","VIHA-CVH-Comox Valley Hospital","Courtenay","Main Building","WFH","","VIHATRP20240610-002","07/31/2028","Operational","","","","Excluded","","NTT-Deskside Services-NorthIsland-Staffed","Laptop","Dell LATITUDE 7440 V7",""
"PC024358","HSS-8087445","27Z0724","VIHA-CVH-Comox Valley Hospital-Main Building-1st Floor","Courtenay","Main Building","CV1568","1","VIHATRP20240610-007","07/31/2028","Operational","08/05/2026","","","General Rounding","Ambulatory Care","NTT-Deskside Services-NorthIsland-Staffed","Desktop","Dell OptiPlex Micro Plus 7010 V2",""
"PC030733","HSS-8087446","FBX8D14","VIHA-CVH-Comox Valley Hospital-Main Building-1st Floor","Courtenay","Main Building","CV1708","1","VIHATRP20240610-008","07/31/2028","Operational","07/27/2026","","","General Rounding","Heart and Lung","NTT-Deskside Services-NorthIsland-Staffed","Desktop","Dell OptiPlex Tower Plus 7010 V3",""
"PC026073","HSS-8087447","46Z0724","VIHA-CVH-Comox Valley Hospital-Main Building-1st Floor","Courtenay","Main Building","CV1433","1","VIHATRP20240610-009","07/31/2028","Operational","05/07/2026","","","General Rounding","CSO","NTT-Deskside Services-NorthIsland-Staffed","Desktop","Dell OptiPlex Micro Plus 7010 V2",""
"PC026060","HSS-8087449","B3S0724","VIHA-CVH-Comox Valley Hospital-Main Building-1st Floor","Courtenay","Main Building","CV1161","1","VIHATRP20240610-011","07/31/2028","Operational","06/11/2026","","","General Rounding","Rehabilitation","NTT-Deskside Services-NorthIsland-Staffed","Desktop","Dell OptiPlex Micro Plus 7010 V2",""
"PC026106","HSS-8087450","2CZ0724","VIHA-CVH-Comox Valley Hospital-Main Building-1st Floor","Courtenay","Main Building","CV1633","1","VIHATRP20240610-012","07/31/2028","Operational","06/25/2026","","","General Rounding","Emergency Department","NTT-Deskside Services-NorthIsland-Staffed","Desktop","Dell OptiPlex Micro Plus 7010 V2",""
"PC061390","HSS-8087452","73S0724","VIHA-CVH-Comox Valley Hospital-Main Building-1st Floor","Courtenay","Main Building","CV1706","1","VIHATRP20240610-014","07/31/2028","Operational","07/27/2026","","","General Rounding","Heart and Lung","NTT-Deskside Services-NorthIsland-Staffed","Desktop","Dell OptiPlex Micro Plus 7010 V2",""
"PC024415","HSS-8087453","B2S0724","VIHA-CVH-Comox Valley Hospital-Main Building-2nd Floor","Courtenay","Main Building","CV2401","2","VIHATRP20240610-015","07/31/2028","Operational","07/10/2026","","","General Rounding","Surgical Services","NTT-Deskside Services-NorthIsland-Staffed","Desktop","Dell OptiPlex Micro Plus 7010 V2",""
"LD036294","HSS-8087454","JK5TCW3","VIHA-CVH-Comox Valley Hospital-Main Building-2nd Floor","Courtenay","Main Building","WFH","2","VIHATRP20240610-016","07/31/2028","Operational","","","","Excluded","","NTT-Deskside Services-NorthIsland-Staffed","Laptop","Dell LATITUDE 7440 V7",""
"PC024414","HSS-8087456","D4S0724","VIHA-CVH-Comox Valley Hospital-Main Building-2nd Floor","Courtenay","Main Building","CV2401","2","VIHATRP20240610-018","07/31/2028","Operational","07/10/2026","","","General Rounding","Surgical Services","NTT-Deskside Services-NorthIsland-Staffed","Desktop","Dell OptiPlex Micro Plus 7010 V2",""
"PC026168","HSS-8087457","33S0724","VIHA-CVH-Comox Valley Hospital-Main Building-2nd Floor","Courtenay","Main Building","CV2408","2","VIHATRP20240610-019","07/31/2028","Operational","07/10/2026","","","General Rounding","Surgical Services","NTT-Deskside Services-NorthIsland-Staffed","Desktop","Dell OptiPlex Micro Plus 7010 V2",""
"PC024411","HSS-8087458","74S0724","VIHA-CVH-Comox Valley Hospital-Main Building-2nd Floor","Courtenay","Main Building","CV2401","2","VIHATRP20240610-020","07/31/2028","Operational","07/10/2026","","","General Rounding","Surgical Services","NTT-Deskside Services-NorthIsland-Staffed","Desktop","Dell OptiPlex Micro Plus 7010 V2",""
"PC024473","HSS-8087459","G3S0724","VIHA-CVH-Comox Valley Hospital-Main Building-2nd Floor","Courtenay","Main Building","CV2911","2","VIHATRP20240610-021","07/31/2028","Operational","08/12/2026","","","General Rounding","Histology","NTT-Deskside Services-NorthIsland-Staffed","Desktop","Dell OptiPlex Micro Plus 7010 V2",""
"PC024479","HSS-8087462","D2S0724","VIHA-CVH-Comox Valley Hospital-Main Building-2nd Floor","Courtenay","Main Building","CV2944","2","VIHATRP20240610-024","07/31/2028","Operational","08/12/2026","","","General Rounding","Laboratory","NTT-Deskside Services-NorthIsland-Staffed","Desktop","Dell OptiPlex Micro Plus 7010 V2",""
"PC024460","HSS-8087463","D3S0724","VIHA-CVH-Comox Valley Hospital-Main Building-2nd Floor","Courtenay","Main Building","CV2911","2","VIHATRP20240610-025","07/31/2028","Operational","08/12/2026","","","General Rounding","Histology","NTT-Deskside Services-NorthIsland-Staffed","Desktop","Dell OptiPlex Micro Plus 7010 V2",""
"PC026076","HSS-8087464","35S0724","VIHA-CVH-Comox Valley Hospital-Main Building-2nd Floor","Courtenay","Main Building","CV2901","2","VIHATRP20240610-026","07/31/2028","Operational","08/12/2026","","","Critical Clinical","Laboratory","NTT-Deskside Services-NorthIsland-Staffed","Desktop","Dell OptiPlex Micro Plus 7010 V2",""
"PC024448","HSS-8087466","23S0724","VIHA-CVH-Comox Valley Hospital-Main Building-2nd Floor","Courtenay","Main Building","CV2901","2","VIHATRP20240610-028","07/31/2028","Operational","08/12/2026","","","General Rounding","Laboratory","NTT-Deskside Services-NorthIsland-Staffed","Desktop","Dell OptiPlex Micro Plus 7010 V2",""
"PC035178","HSS-8087469","44S0724","VIHA-HDHS-Hornby/Denman Home Support-Main Building-1st Floor","Hornby Island","Main Building","doctor's office 2","1st Floor","VIHATRP20240610-031","08/31/2028","Operational","","","","General Rounding","Hornby/Denman Gulf Islands","NTT-Deskside Services-NorthIsland-Remote","Desktop","Dell OptiPlex Micro Plus 7010 V2",""
"PC030417","HSS-8087470","F4S0724","VIHA-HIHC-Hornby Island Health Centre-Main Building-1st Floor","Hornby Island","Main Building","Reception","1","VIHATRP20240610-032","08/31/2028","Operational","02/11/2025","","","General Rounding","Hornby Island Health Clinic","NTT-Deskside Services-NorthIsland-Remote","Desktop","Dell OptiPlex Micro Plus 7010 V2",""
"PC024334","HSS-8087471","62S0724","VIHA-HIHC-Hornby Island Health Centre-Main Building-1st Floor","Hornby Island","Main Building","Reception","1","VIHATRP20240610-033","08/31/2028","Operational","02/11/2025","","","General Rounding","Hornby Island Health Clinic","NTT-Deskside Services-NorthIsland-Remote","Desktop","Dell OptiPlex Micro Plus 7010 V2",""
"PC064087","HSS-8087472","96Z0724","VIHA-HIHC-Hornby Island Health Centre-Main Building-1st Floor","Hornby Island","Main Building","Nurses Office","1","VIHATRP20240610-034","08/31/2028","Operational","02/11/2025","","","General Rounding","Hornby Island Health Clinic","NTT-Deskside Services-NorthIsland-Remote","Desktop","Dell OptiPlex Micro Plus 7010 V2",""
"PC033719","HSS-8087473","F2S0724","VIHA-HIHC-Hornby Island Health Centre-Main Building-1st Floor","Hornby Island","Main Building","Lab Office","1","VIHATRP20240610-035","08/31/2028","Operational","02/11/2025","","","General Rounding","Hornby Island Health Clinic","NTT-Deskside Services-NorthIsland-Remote","Desktop","Dell OptiPlex Micro Plus 7010 V2",""
"LD029134","HSS-8087518","GMDVCW3","VIHA-CVHCC-Comox Valley Home & Community Care","Courtenay","","111","1","VIHATRP20240610-080","08/31/2028","Operational","","","","General Rounding","","NTT-Deskside Services-NorthIsland-Local","Laptop","Dell LATITUDE 7440 V7",""
"LD045867","HSS-8087519","59KVCW3","VIHA-CVH-Comox Valley Hospital-Main Building-1st Floor","Courtenay","Main Building","CV1411","1","VIHATRP20240610-081","08/31/2028","Operational","","","","General Rounding","Comox Valley Hospital","NTT-Deskside Services-NorthIsland-Staffed","Laptop","Dell LATITUDE 7440 V7",""
"PC026051","HSS-8087520","G2S0724","VIHA-CVH-Comox Valley Hospital-Main Building-1st Floor","Courtenay","Main Building","CV1522","1","VIHATRP20240610-082","08/31/2028","Operational","07/17/2026","","","General Rounding","Hip and Knee Booking","NTT-Deskside Services-NorthIsland-Staffed","Desktop","Dell OptiPlex Micro Plus 7010 V2",""
"PC026085","HSS-8087521","13S0724","VIHA-CVH-Comox Valley Hospital-Main Building-1st Floor","Courtenay","Main Building","CV1500","1","VIHATRP20240610-083","08/31/2028","Operational","08/13/2026","","","Critical Clinical","Wellness Centre","NTT-Deskside Services-NorthIsland-Staffed","Desktop","Dell OptiPlex Micro Plus 7010 V2",""
"PC029252","HSS-8087522","18Z0724","VIHA-CVH-Comox Valley Hospital-Main Building-1st Floor","Courtenay","Main Building","CV1811","1","VIHATRP20240610-084","08/31/2028","Operational","05/15/2026","","","General Rounding","Ultrasound","NTT-Deskside Services-NorthIsland-Staffed","Desktop","Dell OptiPlex Micro Plus 7010 V2",""
"PC026137","HSS-8087523","17Z0724","VIHA-CVH-Comox Valley Hospital-Main Building-1st Floor","Courtenay","Main Building","CV1891","1","VIHATRP20240610-085","08/31/2028","Operational","07/23/2026","","","General Rounding","Medical Imaging","NTT-Deskside Services-NorthIsland-Staffed","Desktop","Dell OptiPlex Micro Plus 7010 V2",""
"PC026124","HSS-8087524","93S0724","VIHA-CVH-Comox Valley Hospital-Main Building-1st Floor","Courtenay","Main Building","CV1811","1","VIHATRP20240610-086","08/31/2028","Operational","07/28/2026","","","General Rounding","Ultrasound","NTT-Deskside Services-NorthIsland-Staffed","Desktop","Dell OptiPlex Micro Plus 7010 V2",""
"PC024466","HSS-8087525","63S0724","VIHA-CVH-Comox Valley Hospital-Main Building-2nd Floor","Courtenay","Main Building","CV2912","2","VIHATRP20240610-087","08/31/2028","Operational","08/12/2026","","","General Rounding","Histology","NTT-Deskside Services-NorthIsland-Staffed","Desktop","Dell OptiPlex Micro Plus 7010 V2",""
"PC026228","HSS-8087526","54S0724","VIHA-CVH-Comox Valley Hospital-Main Building-4th Floor","Courtenay","Main Building","CV4729","4","VIHATRP20240610-088","08/31/2028","Operational","07/17/2026","","","General Rounding","Psychiatric Inpatient Unit","NTT-Deskside Services-NorthIsland-Staffed","Desktop","Dell OptiPlex Micro Plus 7010 V2",""
"PC024195","HSS-8087527","38Z0724","VIHA-CVH-Comox Valley Hospital-Main Building-4th Floor","Courtenay","Main Building","CV4801","4","VIHATRP20240610-089","08/31/2028","Operational","07/17/2026","","","General Rounding","Psychiatric Inpatient Unit","NTT-Deskside Services-NorthIsland-Staffed","Desktop","Dell OptiPlex Micro Plus 7010 V2",""
"PC024524","HSS-8087528","92S0724","VIHA-CVH-Comox Valley Hospital-Main Building-4th Floor","Courtenay","Main Building","CV4204","4","VIHATRP20240610-090","08/31/2028","Operational","08/06/2026","","","General Rounding","Transitional Care Unit","NTT-Deskside Services-NorthIsland-Staffed","Desktop","Dell OptiPlex Micro Plus 7010 V2",""
"PC030807","HSS-8087529","43S0724","VIHA-CVMHAS-Comox Valley Mental Health & Addiction Services-Main Building-1st Floor","Courtenay","","7","","VIHATRP20240610-091","07/31/2028","Operational","","","","General Rounding","","NTT-Deskside Services-NorthIsland-Local","Desktop","Dell OptiPlex Micro Plus 7010 V2",""
"PC022581","HSS-8087530","37Z0724","VIHA-CVMHAS-Comox Valley Mental Health & Addiction Services-Main Building-1st Floor","Courtenay","Main Building","21","1","VIHATRP20240610-092","07/31/2028","Operational","03/13/2025","","","General Rounding","Comox Valley Com MHSU","NTT-Deskside Services-NorthIsland-Local","Desktop","Dell OptiPlex Micro Plus 7010 V2",""
"LD040536","HSS-8088513","688QCW3","VIHA-CVH-Comox Valley Hospital-Main Building-4th Floor","Courtenay","Main Building","CV4044.4","4","VIHATRP20240715-082","08/31/2028","Operational","07/17/2026","","","General Rounding","Psychiatric Inpatient Unit","NTT-Deskside Services-NorthIsland-Staffed","Laptop","Dell LATITUDE 7440 V7",""
"LD029682","HSS-8089256","1BKRCW3","VIHA-CVHCC-Comox Valley Home & Community Care-Main Building-1st Floor","Courtenay","Main Building","101","1","VIHATRP20240819-001","09/30/2028","Operational","07/23/2026","","","General Rounding","Mental Health","NTT-Deskside Services-NorthIsland-Local","Laptop","Dell LATITUDE 7440 V7",""
"PC031258","HSS-8089257","2S97D14","VIHA-CCA_92-Courtenay Cliffe Avenue (#92)-Main Building-1st Floor","Courtenay","Main Building","18","1","VIHATRP20240819-002","09/30/2028","Operational","08/06/2026","","","General Rounding","MHSU Operations CI/NI Admin","NTT-Deskside Services-NorthIsland-Local","Desktop","Dell OptiPlex Micro Plus 7010 V2",""
"LD021363","HSS-8089258","7ZKVCW3","VIHA-CVHCC-Comox Valley Home & Community Care","Courtenay","Main Building","110","1","VIHATRP20240819-003","09/30/2028","Operational","12/19/2025","","","General Rounding","Comox Valley Com MHSU","NTT-Deskside Services-NorthIsland-Local","Laptop","Dell LATITUDE 7440 V7",""
"PC030805","HSS-8089259","4KN8D14","VIHA-CCA-Courtenay Cliffe Avenue-Main Building-1st Floor","Courtenay","Main Building","008","1","VIHATRP20240819-004","09/30/2028","Operational","","","","General Rounding","MHSU Operations CI/NI Admin","NTT-Deskside Services-NorthIsland-Local","Desktop","Dell OptiPlex Micro Plus 7010 V2",""
"LD044497","HSS-8089260","BNKPCW3","VIHA-CCA-Courtenay Cliffe Avenue-Main Building-1st Floor","Courtenay","Main Building","Liz (back of Reception)","1","VIHATRP20240819-005","09/30/2028","Operational","","","","General Rounding","MHSU Operations CI/NI Admin","NTT-Deskside Services-NorthIsland-Local","Laptop","Dell LATITUDE 7440 V7",""
"LD033686","HSS-8089263","DY6VCW3","VIHA-CVCHC-Comox Valley Community Health Centre-Main Building-1st Floor","Courtenay","Main Building","3","1","VIHATRP20240819-009","09/30/2028","Operational","04/16/2025","","","General Rounding","Public Health","NTT-Deskside Services-NorthIsland-Local","Laptop","Dell LATITUDE 7440 V7",""
"LD038243","HSS-8089265","H4HSCW3","VIHA-CVCHC-Comox Valley Community Health Centre-Main Building-1st Floor","Courtenay","Main Building","27","1","VIHATRP20240819-011","09/30/2028","Operational","04/16/2025","","","General Rounding","Public Health","NTT-Deskside Services-NorthIsland-Local","Laptop","Dell LATITUDE 7440 V7",""
"LD066652","HSS-8089293","G2FHVW3","VIHA-CVHCC-Comox Valley Home & Community Care-Main Building","Courtenay","Main Building","Palliative Office Room 103","","VIHATRP20240819-039","09/30/2028","Operational","","","","General Rounding","End of Life","NTT-Deskside Services-NorthIsland-Local","Laptop","Dell LATITUDE 7440 V7","Dell LATITUDE 7440 V7"
"TD030630","HSS-8089294","8ZKW824","VIHA-CCA-Courtenay Cliffe Avenue","Courtenay","Main Building","ERGOTON STORAGE CART IN BASEMENT","0","VIHATRP20240819-040","09/30/2028","Operational","","","","General Rounding","Home and Community Care Comox","NTT-Deskside Services-NorthIsland-Local","Tablet","DELL LATITUDE 9440 2-in-1 V1","LENOVO X380 YOGA i7-8650U 1.9GHz 8MB 13."
"LD020403","HSS-8089295","418JVW3","VIHA-CVHCC-Comox Valley Home & Community Care-Main Building-1st Floor","Courtenay","Main Building","Loaner","1st Floor","VIHATRP20240819-041","09/30/2028","Operational","05/22/2025","","","General Rounding","Home and Community Care Comox","NTT-Deskside Services-NorthIsland-Local","Laptop","Dell LATITUDE 7440 V7","LENOVO THINKPAD T470s i5-7300U 2.6GHZ 3M"
"TD035077","HSS-8089297","4DRW824","VIHA-CVHCC-Comox Valley Home & Community Care-Main Building-1st Floor","Courtenay","Main Building","Loaner","1st Floor","VIHATRP20240819-043","09/30/2028","Operational","05/23/2025","","","General Rounding","Comox Valley PCN","NTT-Deskside Services-NorthIsland-Local","Tablet","DELL LATITUDE 9440 2-in-1 V1","LENOVO X380 YOGA i7-8650U 1.9GHz 8MB 13."
"TD030654","HSS-8089298","DHDRK24","VIHA-CFA-Courtenay Fitzgerald Avenue-Main Building-1st Floor","Courtenay","Main Building","2","1","VIHATRP20240819-044","09/30/2028","Operational","07/21/2026","","","General Rounding","Home and Community Care Comox","NTT-Deskside Services-NorthIsland-Local","Tablet","DELL LATITUDE 9440 2-in-1 V1","LENOVO X380 YOGA i7-8650U 1.9GHz 8MB 13."
"LD066377","HSS-8089299","64FHVW3","VIHA-CCA-Courtenay Cliffe Avenue-Main Building-1st Floor","Courtenay","Main Building","C113","1","VIHATRP20240819-045","09/30/2028","Operational","07/24/2026","","","General Rounding","Home and Community Care Comox","NTT-Deskside Services-NorthIsland-Local","Laptop","Dell LATITUDE 7440 V7","LENOVO X380 YOGA i7-8650U 1.9GHz 8MB 13."
"LD041208","HSS-8089300","63MJVW3","VIHA-CVH-Comox Valley Hospital-Main Building-1st Floor","Courtenay","Main Building","wellness centre ","1","VIHATRP20240819-046","09/30/2028","Operational","","","","General Rounding","Eating Disorders","NTT-Deskside Services-NorthIsland-Staffed","Laptop","Dell LATITUDE 7440 V7",""
"PC024345","HSS-8089301","GS97D14","VIHA-CVH-Comox Valley Hospital-Main Building-1st Floor","Courtenay","Main Building","CV1431","1","VIHATRP20240819-047","09/30/2028","Operational","08/13/2026","","","Critical Clinical","Laboratory","NTT-Deskside Services-NorthIsland-Staffed","Desktop","Dell OptiPlex Micro Plus 7010 V2",""
"PC024357","HSS-8089302","CHN8D14","VIHA-CVH-Comox Valley Hospital-Main Building-1st Floor","Courtenay","Main Building","CV1586","1","VIHATRP20240819-048","09/30/2028","Operational","08/05/2026","","","General Rounding","Cancer Care","NTT-Deskside Services-NorthIsland-Staffed","Desktop","Dell OptiPlex Micro Plus 7010 V2",""
"PC026081","HSS-8089303","F3L6D14","VIHA-CVH-Comox Valley Hospital-Main Building-1st Floor","Courtenay","Main Building","CV1466","1","VIHATRP20240819-049","09/30/2028","Operational","04/01/2026","","","General Rounding","Laboratory","NTT-Deskside Services-NorthIsland-Staffed","Desktop","Dell OptiPlex Micro Plus 7010 V2",""
"PC024343","HSS-8089304","6G67D14","VIHA-CVH-Comox Valley Hospital-Main Building-1st Floor","Courtenay","Main Building","CV1431","1","VIHATRP20240819-050","09/30/2028","Operational","08/13/2026","","","Critical Clinical","Laboratory","NTT-Deskside Services-NorthIsland-Staffed","Desktop","Dell OptiPlex Micro Plus 7010 V2",""
"LD041022","HSS-8089305","B4XHVW3","VIHA-CVH-Comox Valley Hospital-Main Building-0th Floor","Courtenay","Main Building","CV0205","0","VIHATRP20240819-051","09/30/2028","Operational","08/14/2026","","","General Rounding","Pharmacy","NTT-Deskside Services-NorthIsland-Staffed","Laptop","Dell LATITUDE 7440 V7",""
"LD066626","HSS-8089306","D5LHVW3","VIHA-CVH-Comox Valley Hospital-Main Building-0th Floor","Courtenay","Main Building","CV0627","0","VIHATRP20240819-052","09/30/2028","Operational","01/30/2026","","","General Rounding","HIM Registration","NTT-Deskside Services-NorthIsland-Staffed","Laptop","Dell LATITUDE 7440 V7",""
"PC067190","HSS-8089307","FDP6D14","VIHA-CVH-Comox Valley Hospital-Main Building-1st Floor","Courtenay","Main Building","CV1707","1","VIHATRP20240819-053","09/30/2028","Operational","07/27/2026","","","General Rounding","Heart and Lung","NTT-Deskside Services-NorthIsland-Staffed","Desktop","Dell OptiPlex Micro Plus 7010 V2",""
"PC026181","HSS-8089308","27L6D14","VIHA-CVH-Comox Valley Hospital-Main Building-1st Floor","Courtenay","Main Building","CV1551","1","VIHATRP20240819-054","09/30/2028","Operational","07/17/2026","","","General Rounding","Telehealth Virtual Care","NTT-Deskside Services-NorthIsland-Staffed","Desktop","Dell OptiPlex Micro Plus 7010 V2",""
"LD066641","HSS-8089309","DFXHVW3","VIHA-CVH-Comox Valley Hospital-Main Building-1st Floor","Courtenay","Main Building","CV1172","1","VIHATRP20240819-055","09/30/2028","Operational","06/11/2026","","","General Rounding","Rehab and Social Work","NTT-Deskside Services-NorthIsland-Staffed","Laptop","Dell LATITUDE 7440 V7",""
"PC026075","HSS-8089310","6HN8D14","VIHA-CVH-Comox Valley Hospital-Main Building-1st Floor","Courtenay","Main Building","CV1433","1","VIHATRP20240819-056","09/30/2028","Operational","05/07/2026","","","General Rounding","CSO","NTT-Deskside Services-NorthIsland-Staffed","Desktop","Dell OptiPlex Micro Plus 7010 V2","PC026075"
"PC024363","HSS-8089311","JDP6D14","VIHA-CVH-Comox Valley Hospital-Main Building-1st Floor","Courtenay","Main Building","CV1741","1","VIHATRP20240819-057","09/30/2028","Operational","08/05/2026","","","General Rounding","Cystoscopy","NTT-Deskside Services-NorthIsland-Staffed","Desktop","Dell OptiPlex Micro Plus 7010 V2",""
"PC024362","HSS-8089312","3607D14","VIHA-CVH-Comox Valley Hospital-Main Building-1st Floor","Courtenay","Main Building","CV1722 (724)","1","VIHATRP20240819-058","09/30/2028","Operational","08/13/2026","Please NOTE that the following software applications are incompatible with the Cerner 724 Downtime application:
-Downtime Patient Index (DTPI)
-Dragon Medical One Extensions (DMO)
-Imprivata OneSign Software/Card Reader (Tap In/Out)
-Inteleviewer (Medical Imaging)

If the software is requested to be installed, the Incident or Request should be assigned to the ""VIHA-Client Experience"" assignment group so the request can be evaluated.","CV1722 - Reception, Central/Shared Administrative - Workstation, Care Team","Critical Clinical","Heart and Lung","NTT-Deskside Services-NorthIsland-Staffed","Desktop","Dell OptiPlex Micro Plus 7010 V2",""
"PC036373","HSS-8090337","6HT4L44","VIHA-CCDF-Cumberland Community Dialysis Facility-Main Building-1st Floor","Cumberland","Main Building","Nursing station","1","VIHATRP20241007-001","11/30/2028","Operational","03/19/2026","","","General Rounding","Dialysis Facility","NTT-Deskside Services-NorthIsland-Local","Desktop","Dell OptiPlex Micro Plus 7020 V1",""
"PC038043","HSS-8090342","7KX4L44","VIHA-CHC-Cumberland Health Centre-Main Building-1st Floor","Cumberland","Main Building","Board Room","1","VIHATRP20241007-001","11/30/2028","Operational","03/19/2026","","","General Rounding","Cumberland Lodge","NTT-Deskside Services-NorthIsland-Local","Desktop","Dell OptiPlex Micro Plus 7020 V1",""
"LD041736","HSS-8090343","7P5TCW3","VIHA-CHU-Coastal Health Unit-Main Building-2nd Floor","Courtenay","Main Building","16","2","VIHATRP20241007-007","11/30/2028","Operational","07/21/2026","","","General Rounding","Communicable Disease Control","NTT-Deskside Services-NorthIsland-Local","Laptop","Dell LATITUDE 7440 V7",""
"LD044343","HSS-8090345","D6KRCW3","VIHA-CHU-Coastal Health Unit-Main Building-2nd Floor","Courtenay","Main Building","19","2","VIHATRP20241007-009","11/30/2028","Operational","07/21/2026","","","General Rounding","Health Protection and Assessmt","NTT-Deskside Services-NorthIsland-Local","Laptop","Dell LATITUDE 7440 V7",""
"LD041770","HSS-8090346","D71TQW3","VIHA-CHU-Coastal Health Unit-Main Building-2nd Floor","Courtenay","Main Building","13","2","VIHATRP20241007-010","11/30/2028","Operational","07/21/2026","","","General Rounding","Communicable Disease Control","NTT-Deskside Services-NorthIsland-Local","Laptop","Dell LATITUDE 7440 V7","Dell LATITUDE 7440 V7"
"LD046090","HSS-8090347","6K6TQW3","VIHA-CVNC-Comox Valley Nursing Centre-Main Building-1st Floor","Courtenay","Main Building","Office","1","VIHATRP20241007-011","11/30/2028","Operational","01/27/2026","","","General Rounding","Nursing","NTT-Deskside Services-NorthIsland-Local","Laptop","Dell LATITUDE 7440 V7",""
"LD066642","HSS-8090348","971TQW3","VIHA-CVNC-Comox Valley Nursing Centre-Main Building-1st Floor","Courtenay","Main Building","Reception","1","VIHATRP20241007-012","11/30/2028","Operational","01/27/2026","","","General Rounding","Nursing","NTT-Deskside Services-NorthIsland-Local","Laptop","Dell LATITUDE 7440 V7",""
"LD066649","HSS-8090349","1K6TQW3","VIHA-CVNC-Comox Valley Nursing Centre-Main Building-1st Floor","Courtenay","Main Building","Reception","1","VIHATRP20241007-013","11/30/2028","Operational","06/13/2025","","","General Rounding","Nursing","NTT-Deskside Services-NorthIsland-Local","Laptop","Dell LATITUDE 7440 V7",""
"LD065983","HSS-8090350","HXVSQW3","VIHA-CVNC-Comox Valley Nursing Centre-Main Building-1st Floor","Courtenay","Main Building","Treatment Room","1","VIHATRP20241007-014","11/30/2028","Operational","01/27/2026","","","General Rounding","Nursing","NTT-Deskside Services-NorthIsland-Local","Laptop","Dell LATITUDE 7440 V7",""
"LD028804","HSS-8090351","8H6TQW3","VIHA-CIHN-Courtenay Integrated Health Networks","Courtenay","","8","","VIHATRP20241007-015","11/30/2028","Operational","","","","General Rounding","","NTT-Deskside Services-NorthIsland-Local","Laptop","Dell LATITUDE 7440 V7",""
"LD028978","HSS-8090352","7YVSQW3","VIHA-CIHN-Courtenay Integrated Health Networks","Courtenay","","CV0620 (working from home)","","VIHATRP20241007-016","11/30/2028","Operational","","","","General Rounding","Provider Education & Standards","NTT-Deskside Services-NorthIsland-Local","Laptop","Dell LATITUDE 7440 V7",""
"LD028801","HSS-8090353","8B1TQW3","VIHA-CIHN-Courtenay Integrated Health Networks","Courtenay","","5","","VIHATRP20241007-017","11/30/2028","Operational","","","","General Rounding","","NTT-Deskside Services-NorthIsland-Local","Laptop","Dell LATITUDE 7440 V7",""
"LD066687","HSS-8090354","C91TQW3","VIHA-CVHCC-Comox Valley Home & Community Care-Main Building-1st Floor","Courtenay","Main Building","118","1","VIHATRP20241007-018","11/30/2028","Operational","07/23/2026","","","General Rounding","Mental Health","NTT-Deskside Services-NorthIsland-Local","Laptop","Dell LATITUDE 7440 V7",""
"PC041032","HSS-8090355","FVT2L44","VIHA-CCA_92-Courtenay Cliffe Avenue (#92)-Main Building-1st Floor","Courtenay","Main Building","Reception","1","VIHATRP20241007-019","11/30/2028","Operational","08/06/2026","","","General Rounding","ACT","NTT-Deskside Services-NorthIsland-Local","Desktop","Dell OptiPlex Micro Plus 7020 V1",""
"LD065871","HSS-8090356","CQVSQW3","VIHA-CVHCC-Comox Valley Home & Community Care-Main Building-1st Floor","Courtenay","Main Building","101","1","VIHATRP20241007-020","11/30/2028","Operational","07/23/2026","","","General Rounding","Mental Health Services","NTT-Deskside Services-NorthIsland-Local","Laptop","Dell LATITUDE 7440 V7","LENOVO THINKCENTRE M910q i5-7500T 2.5GHZ"
"PC050828","HSS-8090357","2ht4l44","VIHA-CVHCC-Comox Valley Home & Community Care-Main Building-1st Floor","Courtenay","Main Building","129","1","VIHATRP20241007-021","11/30/2028","Operational","07/23/2026","","","General Rounding","Mental Health Services","NTT-Deskside Services-NorthIsland-Local","Desktop","Dell OptiPlex Micro Plus 7020 V1","LENOVO THNKCNT M920q i5-8500 2.1GHz 8GB"
"TD030634","HSS-8090359","BDKQK24","VIHA-CCRHC-Courtenay Cumberland Road Health Unit-Main Building-1st Floor","Courtenay","Main Building","160","1st Floor","VIHATRP20241007-023","11/30/2028","Operational","","","","General Rounding","Home and Community Care Comox","NTT-Deskside Services-NorthIsland-Local","Tablet","DELL LATITUDE 9440 2-in-1 V1","LENOVO X380 YOGA i7-8650U 1.9GHz 8MB 13."
"LD025431","HSS-8090360","2M6TQW3","VIHA-CVMHAS-Comox Valley Mental Health & Addiction Services-Main Building-1st Floor","Courtenay","Main Building","22","1","VIHATRP20241007-024","11/30/2028","Operational","03/13/2025","","","General Rounding","MHSU Operations CI/NI Admin","NTT-Deskside Services-NorthIsland-Local","Laptop","Dell LATITUDE 7440 V7",""
"LD032720","HSS-8090361","HJ6TQW3","VIHA-CVMHAS-Comox Valley Mental Health & Addiction Services-Main Building-1st Floor","Courtenay","Main Building","Room 2 at 92-1742 Cliffe","1st Floor","VIHATRP20241007-025","11/30/2028","Operational","","","Mental Health & Addiction Services","General Rounding","Comox Valley/CR MHSU","NTT-Deskside Services-NorthIsland-Local","Laptop","Dell LATITUDE 7440 V7","LENOVO THNKPD T480s i5-8350 1.7GHZ 6MB 14 WIN 10 16GB"
"LD046154","HSS-8090362","H21TQW3","VIHA-CVCHC-Comox Valley Community Health Centre-Main Building-1st Floor","Courtenay","Main Building","none","1st Floor","VIHATRP20241007-026","11/30/2028","Operational","","","","General Rounding","CYF NI Comox","NTT-Deskside Services-NorthIsland-Local","Laptop","Dell LATITUDE 7440 V7",""
"LD066666","HSS-8090364","3J6TQW3","VIHA-CVH-Comox Valley Hospital-Main Building-0th Floor","Courtenay","Main Building","CV0949","0","VIHATRP20241007-028","11/30/2028","Operational","08/14/2026","","","General Rounding","Patient & Material Logistics","NTT-Deskside Services-NorthIsland-Staffed","Laptop","Dell LATITUDE 7440 V7",""
"PC024289","HSS-8090365","5LX4L44","VIHA-CVH-Comox Valley Hospital-Main Building-0th Floor","Courtenay","Main Building","CV0505 (Morgue)","0","VIHATRP20241007-029","11/30/2028","Operational","08/14/2026","","","General Rounding","Patient & Material Logistics","NTT-Deskside Services-NorthIsland-Staffed","Desktop","Dell OptiPlex Micro Plus 7020 V1",""
"PC024424","HSS-8090366","6KX4L44","VIHA-CVH-Comox Valley Hospital-Main Building-0th Floor","Courtenay","Main Building","CV0620 (Kim's desk)","0","VIHATRP20241007-030","11/30/2028","Operational","","","","General Rounding","Device Acquisition","NTT-Deskside Services-NorthIsland-Staffed","Desktop","Dell OptiPlex Micro Plus 7020 V1",""
"PC026065","HSS-8090367","6LX4L44","VIHA-CVH-Comox Valley Hospital-Main Building-1st Floor","Courtenay","Main Building","CV1519","1","VIHATRP20241007-031","11/30/2028","Operational","08/05/2026","","","General Rounding","Ambulatory Care","NTT-Deskside Services-NorthIsland-Staffed","Desktop","Dell OptiPlex Micro Plus 7020 V1",""
"PC024347","HSS-8090368","2LX4L44","VIHA-CVH-Comox Valley Hospital-Main Building-1st Floor","Courtenay","Main Building","CV1500","1","VIHATRP20241007-032","11/30/2028","Operational","07/17/2026","","","General Rounding","Wellness Centre","NTT-Deskside Services-NorthIsland-Staffed","Desktop","Dell OptiPlex Micro Plus 7020 V1",""
"PC024367","HSS-8090369","7JX4L44","VIHA-CVH-Comox Valley Hospital-Main Building-1st Floor","Courtenay","Main Building","CV1786","1","VIHATRP20241007-033","11/30/2028","Operational","08/05/2026","","","General Rounding","Endoscopy","NTT-Deskside Services-NorthIsland-Staffed","Desktop","Dell OptiPlex Micro Plus 7020 V1",""
"PC024356","HSS-8090370","JWT2L44","VIHA-CVH-Comox Valley Hospital-Main Building-1st Floor","Courtenay","Main Building","CV1585","1","VIHATRP20241007-034","11/30/2028","Operational","08/05/2026","","","General Rounding","Cancer Care","NTT-Deskside Services-NorthIsland-Staffed","Desktop","Dell OptiPlex Micro Plus 7020 V1",""
"PC024353","HSS-8090371","7LX4L44","VIHA-CVH-Comox Valley Hospital-Main Building-1st Floor","Courtenay","Main Building","CV1584 (724)","1","VIHATRP20241007-035","11/30/2028","Operational","08/13/2026","Please NOTE that the following software applications are incompatible with the Cerner 724 Downtime application:
-Downtime Patient Index (DTPI)
-Dragon Medical One Extensions (DMO)
-Imprivata OneSign Software/Card Reader (Tap In/Out)
-Inteleviewer (Medical Imaging)

If the software is requested to be installed, the Incident or Request should be assigned to the ""VIHA-Client Experience"" assignment group so the request can be evaluated.","CV1584 - Medical Day Care and Cancer Outpatient Care Areas - Cancer Care Workstation, Care Team","Critical Clinical","Cancer Care","NTT-Deskside Services-NorthIsland-Staffed","Desktop","Dell OptiPlex Micro Plus 7020 V1",""
"PC026367","HSS-8090375","3XT2L44","VIHA-CVH-Comox Valley Hospital-Main Building-1st Floor","Courtenay","Main Building","CV1744","1","VIHATRP20241007-039","11/30/2028","Operational","08/05/2026","","","General Rounding","Endoscopy","NTT-Deskside Services-NorthIsland-Staffed","Desktop","Dell OptiPlex Micro Plus 7020 V1",""
"PC026371","HSS-8090376","3HT4L44","VIHA-CVH-Comox Valley Hospital-Main Building-1st Floor","Courtenay","Main Building","CV1782","1","VIHATRP20241007-040","11/30/2028","Operational","08/05/2026","","","General Rounding","Cystoscopy","NTT-Deskside Services-NorthIsland-Staffed","Desktop","Dell OptiPlex Micro Plus 7020 V1",""
"PC026113","HSS-8090379","JTT2L44","VIHA-CVH-Comox Valley Hospital-Main Building-1st Floor","Courtenay","Main Building","CV1742","1","VIHATRP20241007-043","11/30/2028","Operational","08/05/2026","","","General Rounding","Cystoscopy","NTT-Deskside Services-NorthIsland-Staffed","Desktop","Dell OptiPlex Micro Plus 7020 V1",""
"PC024390","HSS-8090619","3KH5724","VIHA-CVH-Comox Valley Hospital-Main Building-2nd Floor","Courtenay","Main Building","CV2165","2","VIHATRP20241021-001","09/30/2028","Operational","08/07/2026","","","General Rounding","Maternity and Newborn Inpatient Unit","NTT-Deskside Services-NorthIsland-Staffed","Desktop","Dell OptiPlex Micro Plus 7010 V2",""
"PC024391","HSS-8090620","CKH5724","VIHA-CVH-Comox Valley Hospital-Main Building-2nd Floor","Courtenay","Main Building","CV2165","2","VIHATRP20241021-002","09/30/2028","Operational","08/07/2026","","","General Rounding","Maternity and Newborn Inpatient Unit","NTT-Deskside Services-NorthIsland-Staffed","Desktop","Dell OptiPlex Micro Plus 7010 V2",""
"PC024522","HSS-8090621","HJH5724","VIHA-CVH-Comox Valley Hospital-Main Building-2nd Floor","Courtenay","Main Building","CV2147","2","VIHATRP20241021-003","09/30/2028","Operational","08/07/2026","","","General Rounding","Maternity and Newborn Inpatient Unit","NTT-Deskside Services-NorthIsland-Staffed","Desktop","Dell OptiPlex Micro Plus 7010 V2",""
"PC026096","HSS-8090622","CJH5724","VIHA-CVH-Comox Valley Hospital-Main Building-2nd Floor","Courtenay","Main Building","CV2144","2","VIHATRP20241021-004","09/30/2028","Operational","08/07/2026","","","General Rounding","Maternity and Newborn Inpatient Unit","NTT-Deskside Services-NorthIsland-Staffed","Desktop","Dell OptiPlex Micro Plus 7010 V2",""
"PC026150","HSS-8090623","8RX6724","VIHA-CVH-Comox Valley Hospital-Main Building-2nd Floor","Courtenay","Main Building","CV2161","2","VIHATRP20241021-005","11/30/2028","Operational","08/07/2026","","","General Rounding","Maternity and Newborn Inpatient Unit","NTT-Deskside Services-NorthIsland-Staffed","Desktop","Dell OptiPlex Micro Plus 7010 V2",""
"PC026348","HSS-8090625","9737D14","VIHA-CVH-Comox Valley Hospital-Main Building-2nd Floor","Courtenay","Main Building","CV2146","2","VIHATRP20241021-007","11/30/2028","Operational","08/07/2026","","","General Rounding","Maternity and Newborn Inpatient Unit","NTT-Deskside Services-NorthIsland-Staffed","Desktop","Dell OptiPlex Micro Plus 7010 V2",""
"PC026392","HSS-8090626","3M67D14","VIHA-CVH-Comox Valley Hospital-Main Building-2nd Floor","Courtenay","Main Building","CV2151","2","VIHATRP20241021-008","11/30/2028","Operational","08/07/2026","","","General Rounding","Maternity and Newborn Inpatient Unit","NTT-Deskside Services-NorthIsland-Staffed","Desktop","Dell OptiPlex Micro Plus 7010 V2",""
"LD024398","HSS-8090627","H7XHVW3","VIHA-CVH-Comox Valley Hospital-Main Building-1st Floor","Courtenay","Main Building","CV1924","1","VIHATRP20241021-009","11/30/2028","Operational","03/05/2026","","","General Rounding","Psychiatric Inpatient Unit","NTT-Deskside Services-NorthIsland-Staffed","Laptop","Dell LATITUDE 7440 V7",""
"LD040563","HSS-8090629","G7XHVW3","VIHA-CVH-Comox Valley Hospital-Main Building-4th Floor","Courtenay","Main Building","CV4728","4","VIHATRP20241021-011","11/30/2028","Operational","07/17/2026","","","General Rounding","Psychiatric Inpatient Unit","NTT-Deskside Services-NorthIsland-Staffed","Laptop","Dell LATITUDE 7440 V7",""
"PC024443","HSS-8090631","B837D14","VIHA-CVH-Comox Valley Hospital-Main Building-2nd Floor","Courtenay","Main Building","CV2901","2","VIHATRP20241021-013","12/31/2028","Operational","08/12/2026","","","Critical Clinical","Laboratory","NTT-Deskside Services-NorthIsland-Staffed","Desktop","Dell OptiPlex Micro Plus 7010 V2",""
"PC024444","HSS-8090632","FS97D14","VIHA-CVH-Comox Valley Hospital-Main Building-2nd Floor","Courtenay","Main Building","CV2901","2","VIHATRP20241021-014","11/30/2028","Operational","08/12/2026","","","General Rounding","Laboratory","NTT-Deskside Services-NorthIsland-Staffed","Desktop","Dell OptiPlex Micro Plus 7010 V2",""
"PC024446","HSS-8090633","2JH5724","VIHA-CVH-Comox Valley Hospital-Main Building-2nd Floor","Courtenay","Main Building","CV2901","2","VIHATRP20241021-015","11/30/2028","Operational","08/12/2026","","","General Rounding","Laboratory","NTT-Deskside Services-NorthIsland-Staffed","Desktop","Dell OptiPlex Micro Plus 7010 V2",""
"PC024459","HSS-8090634","3L67D14","VIHA-CVH-Comox Valley Hospital-Main Building-2nd Floor","Courtenay","Main Building","CV2901","2","VIHATRP20241021-016","11/30/2028","Operational","08/12/2026","","","General Rounding","Laboratory","NTT-Deskside Services-NorthIsland-Staffed","Desktop","Dell OptiPlex Micro Plus 7010 V2",""
"PC026144","HSS-8090635","2837D14","VIHA-CVH-Comox Valley Hospital-Main Building-2nd Floor","Courtenay","Main Building","CV2114","2","VIHATRP20241021-017","12/31/2028","Operational","07/10/2026","","","General Rounding","Pediatrics","NTT-Deskside Services-NorthIsland-Staffed","Desktop","Dell OptiPlex Micro Plus 7010 V2",""
"PC026152","HSS-8090636","7837D14","VIHA-CVH-Comox Valley Hospital-Main Building-2nd Floor","Courtenay","Main Building","CV2177","2","VIHATRP20241021-018","11/30/2028","Operational","08/07/2026","","","General Rounding","Maternity and Newborn Inpatient Unit","NTT-Deskside Services-NorthIsland-Staffed","Desktop","Dell OptiPlex Micro Plus 7010 V2",""
"PC026154","HSS-8090637","157TF24","VIHA-CVH-Comox Valley Hospital-Main Building-2nd Floor","Courtenay","Main Building","CV2177","2","VIHATRP20241021-019","11/30/2028","Operational","08/07/2026","","","General Rounding","Maternity and Newborn Inpatient Unit","NTT-Deskside Services-NorthIsland-Staffed","Desktop","Dell OptiPlex Micro Plus 7010 V2",""
"PC026375","HSS-8090638","7C0SF24","VIHA-CVH-Comox Valley Hospital-Main Building-4th Floor","Courtenay","Main Building","CV4322","4","VIHATRP20241021-020","11/30/2028","Operational","08/06/2026","","","General Rounding","Transitional Care Unit","NTT-Deskside Services-NorthIsland-Staffed","Desktop","Dell OptiPlex Micro Plus 7010 V2",""
"LD045133","HSS-8090639","F8LHVW3","VIHA-CVH-Comox Valley Hospital-Main Building-2nd Floor","Courtenay","Main Building","CV2129","2","VIHATRP20241021-021","11/30/2028","Operational","02/19/2026","","","General Rounding","Clinical Nurse Educators","NTT-Deskside Services-NorthIsland-Staffed","Laptop","Dell LATITUDE 7440 V7",""
"LD045943","HSS-8090640","H5RHVW3","VIHA-CVH-Comox Valley Hospital-Main Building-2nd Floor","Courtenay","Main Building","CV2724","2","VIHATRP20241021-022","12/31/2028","Operational","12/12/2025","","","General Rounding","Clinical Nurse Educators","NTT-Deskside Services-NorthIsland-Staffed","Laptop","Dell LATITUDE 7440 V7",""
"PC024410","HSS-8090641","357TF24","VIHA-CVH-Comox Valley Hospital-Main Building-2nd Floor","Courtenay","Main Building","CV2401","2","VIHATRP20241021-023","11/30/2028","Operational","07/10/2026","","","General Rounding","Surgical Services","NTT-Deskside Services-NorthIsland-Staffed","Desktop","Dell OptiPlex Micro Plus 7010 V2",""
"PC024429","HSS-8090642","HD9TF24","VIHA-CVH-Comox Valley Hospital-Main Building-2nd Floor","Courtenay","Main Building","CV2820","2","VIHATRP20241021-024","11/30/2028","Operational","10/30/2025","","","General Rounding","Surgical Services","NTT-Deskside Services-NorthIsland-Staffed","Desktop","Dell OptiPlex Micro Plus 7010 V2",""
"PC024430","HSS-8090643","3F9TF24","VIHA-CVH-Comox Valley Hospital-Main Building-2nd Floor","Courtenay","Main Building","CV2820","2","VIHATRP20241021-025","12/31/2028","Operational","10/30/2025","","","General Rounding","Surgical Services","NTT-Deskside Services-NorthIsland-Staffed","Desktop","Dell OptiPlex Micro Plus 7010 V2",""
"PC024435","HSS-8090644","257TF24","VIHA-CVH-Comox Valley Hospital-Main Building-2nd Floor","Courtenay","Main Building","CV2831","2","VIHATRP20241021-026","11/30/2028","Operational","04/09/2026","","","General Rounding","Surgical Services","NTT-Deskside Services-NorthIsland-Staffed","Desktop","Dell OptiPlex Micro Plus 7010 V2",""
"PC026145","HSS-8090646","J47TF24","VIHA-CVH-Comox Valley Hospital-Main Building-2nd Floor","Courtenay","Main Building","CV2114","2","VIHATRP20241021-028","11/30/2028","Operational","07/10/2026","","","General Rounding","Pediatrics","NTT-Deskside Services-NorthIsland-Staffed","Desktop","Dell OptiPlex Micro Plus 7010 V2",""
"PC026155","HSS-8090647","857TF24","VIHA-CVH-Comox Valley Hospital-Main Building-2nd Floor","Courtenay","Main Building","CV2222","2","VIHATRP20241021-029","11/30/2028","Operational","08/11/2026","","","General Rounding","Intensive Care/Telemetry Unit (ICU/TU)","NTT-Deskside Services-NorthIsland-Staffed","Desktop","Dell OptiPlex Micro Plus 7010 V2",""
"PC026186","HSS-8090648","JD9TF24","VIHA-CVH-Comox Valley Hospital-Main Building-2nd Floor","Courtenay","Main Building","CV2840","2","VIHATRP20241021-030","11/30/2028","Operational","03/25/2026","","","General Rounding","Surgical Services - PACU","NTT-Deskside Services-NorthIsland-Staffed","Desktop","Dell OptiPlex Micro Plus 7010 V2",""
"LD066483","HSS-8090649","JS2JVW3","VIHA-CVH-Comox Valley Hospital-Main Building-4th Floor","Courtenay","Main Building","CV4209","4","VIHATRP20241021-031","11/30/2028","Operational","03/26/2026","","","General Rounding","Transitional Care Unit","NTT-Deskside Services-NorthIsland-Staffed","Laptop","Dell LATITUDE 7440 V7",""
"PC026369","HSS-8090650","1F9TF24","VIHA-CVH-Comox Valley Hospital-Main Building-4th Floor","Courtenay","Main Building","CV4321","4","VIHATRP20241021-032","11/30/2028","Operational","08/06/2026","","","General Rounding","Transitional Care Unit","NTT-Deskside Services-NorthIsland-Staffed","Desktop","Dell OptiPlex Micro Plus 7010 V2",""
"LD046079","HSS-8090651","19RHVW3","VIHA-CVH-Comox Valley Hospital-Main Building-4th Floor","Courtenay","Main Building","CV4728 on shelf","4","VIHATRP20241021-033","11/30/2028","Operational","07/17/2026","","","General Rounding","Psychiatric Inpatient Unit","NTT-Deskside Services-NorthIsland-Staffed","Laptop","Dell LATITUDE 7440 V7",""
"PC024409","HSS-8090652","6WT2L44","VIHA-CVH-Comox Valley Hospital-Main Building-2nd Floor","Courtenay","Main Building","CV2401","2","VIHATRP20241021-034","11/30/2028","Operational","07/10/2026","","","General Rounding","Surgical Services","NTT-Deskside Services-NorthIsland-Staffed","Desktop","Dell OptiPlex Micro Plus 7020 V1",""
"PC024427","HSS-8090653","7WT2L44","VIHA-CVH-Comox Valley Hospital-Main Building-4th Floor","Courtenay","Main Building","CV4121","4","VIHATRP20241021-035","12/31/2028","Operational","07/20/2026","","","General Rounding","Transitional Care Unit","NTT-Deskside Services-NorthIsland-Staffed","Desktop","Dell OptiPlex Micro Plus 7020 V1",""
"PC024520","HSS-8090655","9MX4L44","VIHA-CVH-Comox Valley Hospital-Main Building-4th Floor","Courtenay","Main Building","CV4321","4","VIHATRP20241021-037","11/30/2028","Operational","08/06/2026","","","General Rounding","Transitional Care Unit","NTT-Deskside Services-NorthIsland-Staffed","Desktop","Dell OptiPlex Micro Plus 7020 V1",""
"PC026099","HSS-8090656","3NX4L44","VIHA-CVH-Comox Valley Hospital-Main Building-4th Floor","Courtenay","Main Building","CV4120","4","VIHATRP20241021-038","11/30/2028","Operational","07/20/2026","","","General Rounding","Transitional Care Unit","NTT-Deskside Services-NorthIsland-Staffed","Desktop","Dell OptiPlex Micro Plus 7020 V1",""
"PC026170","HSS-8090657","8MX4L44","VIHA-CVH-Comox Valley Hospital-Main Building-2nd Floor","Courtenay","Main Building","CV2406","2","VIHATRP20241021-039","12/31/2028","Operational","07/10/2026","","","General Rounding","Surgical Services","NTT-Deskside Services-NorthIsland-Staffed","Desktop","Dell OptiPlex Micro Plus 7020 V1",""
"PC026179","HSS-8090658","DLX4L44","VIHA-CVH-Comox Valley Hospital-Main Building-2nd Floor","Courtenay","Main Building","CV2840","2","VIHATRP20241021-040","11/30/2028","Operational","03/25/2026","","","General Rounding","Surgical Services - PACU","NTT-Deskside Services-NorthIsland-Staffed","Desktop","Dell OptiPlex Micro Plus 7020 V1",""
"PC026180","HSS-8090659","4NX4L44","VIHA-CVH-Comox Valley Hospital-Main Building-2nd Floor","Courtenay","Main Building","CV2840","2","VIHATRP20241021-041","11/30/2028","Operational","03/25/2026","","","General Rounding","Surgical Services - PACU","NTT-Deskside Services-NorthIsland-Staffed","Desktop","Dell OptiPlex Micro Plus 7020 V1",""
"PC026225","HSS-8090660","7MX4L44","VIHA-CVH-Comox Valley Hospital-Main Building-4th Floor","Courtenay","Main Building","CV4034.2","4","VIHATRP20241021-042","11/30/2028","Operational","07/17/2026","","","General Rounding","Psychiatric Inpatient Unit","NTT-Deskside Services-NorthIsland-Staffed","Desktop","Dell OptiPlex Micro Plus 7020 V1",""
"PC026394","HSS-8090661","5NX4L44","VIHA-CVH-Comox Valley Hospital-Main Building-4th Floor","Courtenay","Main Building","CV4209","4","VIHATRP20241021-043","11/30/2028","Operational","08/06/2026","","","General Rounding","Transitional Care Unit","NTT-Deskside Services-NorthIsland-Staffed","Desktop","Dell OptiPlex Micro Plus 7020 V1",""
"PC026395","HSS-8090662","CNX4L44","VIHA-CVH-Comox Valley Hospital-Main Building-4th Floor","Courtenay","Main Building","CV4210","4","VIHATRP20241021-044","11/30/2028","Operational","08/06/2026","","","General Rounding","UBC Teaching","NTT-Deskside Services-NorthIsland-Staffed","Desktop","Dell OptiPlex Micro Plus 7020 V1",""
"PC024439","HSS-8090663","6C0SF24","VIHA-CVH-Comox Valley Hospital-Main Building-2nd Floor","Courtenay","Main Building","CV2901","2","VIHATRP20241021-045","11/30/2028","Operational","08/12/2026","","","General Rounding","Laboratory","NTT-Deskside Services-NorthIsland-Staffed","Desktop","Dell OptiPlex Micro Plus 7010 V2",""
"PC024445","HSS-8090665","2C0SF24","VIHA-CVH-Comox Valley Hospital-Main Building-2nd Floor","Courtenay","Main Building","CV2901","2","VIHATRP20241021-047","11/30/2028","Operational","08/12/2026","","","General Rounding","Laboratory","NTT-Deskside Services-NorthIsland-Staffed","Desktop","Dell OptiPlex Micro Plus 7010 V2",""
"PC024458","HSS-8090666","9NX4L44","VIHA-CVH-Comox Valley Hospital-Main Building-2nd Floor","Courtenay","Main Building","CV2901","2","VIHATRP20241021-048","11/30/2028","Operational","08/12/2026","","","General Rounding","Laboratory","NTT-Deskside Services-NorthIsland-Staffed","Desktop","Dell OptiPlex Micro Plus 7020 V1",""
"PC024482","HSS-8090667","8PX4L44","VIHA-CVH-Comox Valley Hospital-Main Building-2nd Floor","Courtenay","Main Building","CV2901","2","VIHATRP20241021-049","11/30/2028","Operational","08/12/2026","","","General Rounding","Laboratory","NTT-Deskside Services-NorthIsland-Staffed","Desktop","Dell OptiPlex Micro Plus 7020 V1",""
"PC024484","HSS-8090668","7PX4L44","VIHA-CVH-Comox Valley Hospital-Main Building-2nd Floor","Courtenay","Main Building","CV2948","2","VIHATRP20241021-050","12/31/2028","Operational","08/12/2026","","","General Rounding","Laboratory","NTT-Deskside Services-NorthIsland-Staffed","Desktop","Dell OptiPlex Micro Plus 7020 V1",""
"TD030653","HSS-8090930","81XZR14","VIHA-SJC-St. Joseph's Campus-Main Building-2nd Floor","Comox","Main Building","208","2nd Floor","VIHATRP20241007-090","05/31/2028","Operational","","","","General Rounding","Home and Community Care Comox","NTT-Deskside Services-NorthIsland-Local","Tablet","DELL LATITUDE 9440 2-in-1 V1","LENOVO X380 YOGA i7-8650U 1.9GHz 8MB 13."
"LD044438","HSS-8090931","JSK2WH3","VIHA-SJC-St. Joseph's Campus-Main Building-3rd Floor","Comox","Main Building","315","3","VIHATRP20241007-091","11/30/2028","Operational","04/02/2026","","","General Rounding","Peds","NTT-Deskside Services-NorthIsland-Local","Laptop","Dell LATITUDE 7450 V4",""
"LD066690","HSS-8091043","G3LHVW3","VIHA-CVHCC-Comox Valley Home & Community Care-Main Building-1st Floor","Courtenay","Main Building","101","1","VIHATRP20241104-002","12/31/2028","Operational","07/23/2026","","","General Rounding","Mental Health","NTT-Deskside Services-NorthIsland-Local","Laptop","Dell LATITUDE 7440 V7",""
"LD024517","HSS-8091045","H3FHVW3","VIHA-CVH-Comox Valley Hospital-Main Building-1st Floor","Courtenay","Main Building","Meeting Room 1-3","1","VIHATRP20241104-004","12/31/2028","Operational","07/28/2026","","","General Rounding","Emergency Department","NTT-Deskside Services-NorthIsland-Staffed","Laptop","Dell LATITUDE 7440 V7",""
"PC026355","HSS-8091046","6WW4144","VIHA-CVH-Comox Valley Hospital-Main Building-1st Floor","Courtenay","Main Building","CV1633","1","VIHATRP20241104-005","12/31/2028","Operational","08/14/2026","","","Critical Clinical","Emergency Department","NTT-Deskside Services-NorthIsland-Staffed","Desktop","Dell OptiPlex Micro Plus 7020 V1",""
"PC026062","HSS-8091068","G8BQK44","VIHA-CVH-Comox Valley Hospital-Main Building-0th Floor","Courtenay","Main Building","CV0302","0","VIHATRP20241104-064","12/31/2028","Operational","","","","General Rounding","Network & Solutions Admin","NTT-Deskside Services-NorthIsland-Staffed","Desktop","Dell OptiPlex Micro Plus 7020 V1",""
"PC024321","HSS-8091069","9QJQK44","VIHA-CVH-Comox Valley Hospital-Main Building-1st Floor","Courtenay","Main Building","CV1106","1","VIHATRP20241104-065","12/31/2028","Operational","06/11/2026","","","General Rounding","Meeting Room","NTT-Deskside Services-NorthIsland-Staffed","Desktop","Dell OptiPlex Micro Plus 7020 V1",""
"PC026056","HSS-8091070","6GFQK44","VIHA-CVH-Comox Valley Hospital-Main Building-1st Floor","Courtenay","Main Building","education room #8","1","VIHATRP20241104-066","12/31/2028","Operational","","","","General Rounding","Network & Solutions Admin","NTT-Deskside Services-NorthIsland-Staffed","Desktop","Dell OptiPlex Micro Plus 7020 V1",""
"PC024320","HSS-8091071","3CFQK44","VIHA-CVH-Comox Valley Hospital-Main Building-1st Floor","Courtenay","Main Building","CV1105","1","VIHATRP20241104-067","12/31/2028","Operational","06/11/2026","","","General Rounding","Meeting Room","NTT-Deskside Services-NorthIsland-Staffed","Desktop","Dell OptiPlex Micro Plus 7020 V1",""
"LD024516","HSS-8091072","5CRHVW3","VIHA-CVH-Comox Valley Hospital-Main Building-1st Floor","Courtenay","Main Building","Meeting Room 1-3","1","VIHATRP20241104-025","12/31/2028","Operational","07/28/2026","","","General Rounding","Emergency Department","NTT-Deskside Services-NorthIsland-Staffed","Laptop","Dell LATITUDE 7440 V7",""
"PC026149","HSS-8091073","8NJQK44","VIHA-CVH-Comox Valley Hospital-Main Building-2nd Floor","Courtenay","Main Building","CV2161","2","VIHATRP20241104-027","12/31/2028","Operational","08/07/2026","","","General Rounding","Maternity and Newborn Inpatient Unit","NTT-Deskside Services-NorthIsland-Staffed","Desktop","Dell OptiPlex Micro Plus 7020 V1",""
"PC026214","HSS-8091074","H4BQK44","VIHA-CVH-Comox Valley Hospital-Main Building-3rd Floor","Courtenay","Main Building","CV3809","3","VIHATRP20241104-028","12/31/2028","Operational","07/15/2026","","","General Rounding","General Medical / Surgical Inpatient Unit","NTT-Deskside Services-NorthIsland-Staffed","Desktop","Dell OptiPlex Micro Plus 7020 V1",""
"LD045549","HSS-8091075","GFD2WH3","VIHA-SJC-St. Joseph's Campus-Main Building-3rd Floor","Comox","Main Building","328 - WFH - Debb Theriault","3","VIHATRP20241104-029","12/31/2028","Operational","02/05/2026","","","Excluded","Health Safety Well-being and Ability Management","NTT-Deskside Services-NorthIsland-Local","Laptop","Dell LATITUDE 7450 V4",""
"PC024319","HSS-8091076","6FFQK44","VIHA-CVH-Comox Valley Hospital-Main Building-1st Floor","Courtenay","Main Building","CV1104","1","VIHATRP20241104-033","12/31/2028","Operational","06/11/2026","","","General Rounding","Meeting Room","NTT-Deskside Services-NorthIsland-Staffed","Desktop","Dell OptiPlex Micro Plus 7020 V1",""
"LD027714","HSS-8091077","1BRHVW3","VIHA-CVH-Comox Valley Hospital-Main Building-1st Floor","Courtenay","Main Building","CV1552","1","VIHATRP20241104-030","12/31/2028","Operational","07/17/2026","","","General Rounding","Minor Day Procedures","NTT-Deskside Services-NorthIsland-Staffed","Laptop","Dell LATITUDE 7440 V7",""
"PC024364","HSS-8091078","GBFQK44","VIHA-CVH-Comox Valley Hospital-Main Building-1st Floor","Courtenay","Main Building","CV1746","1","VIHATRP20241104-031","12/31/2028","Operational","08/05/2026","","","General Rounding","Cystoscopy","NTT-Deskside Services-NorthIsland-Staffed","Desktop","Dell OptiPlex Micro Plus 7020 V1",""
"LD046122","HSS-8091079","HCXHVW3","VIHA-CVH-Comox Valley Hospital-Main Building-1st Floor","Courtenay","Main Building","CVH main lobby or IMIT room","1","VIHATRP20241104-032","12/31/2028","Operational","","","","General Rounding","Ability Mgt Intk & Ret to Work","NTT-Deskside Services-NorthIsland-Staffed","Laptop","Dell LATITUDE 7440 V7",""
"PC026053","HSS-8091356","3PJQK44","VIHA-CVH-Comox Valley Hospital-Main Building-0th Floor","Courtenay","Main Building","CV0325 - Workstation 5","0","VIHATRP20241125-001","12/31/2028","Operational","03/11/2026","","","General Rounding","Administration","NTT-Deskside Services-NorthIsland-Staffed","Desktop","Dell OptiPlex Micro Plus 7020 V1",""
"PC024510","HSS-8091358","86BQK44","VIHA-CVH-Comox Valley Hospital-Main Building-2nd Floor","Courtenay","Main Building","CV2324","2","VIHATRP20241125-005","12/31/2028","Operational","08/11/2026","","","General Rounding","Intensive Care/Telemetry Unit (ICU/TU)","NTT-Deskside Services-NorthIsland-Staffed","Desktop","Dell OptiPlex Micro Plus 7020 V1",""
"PC024408","HSS-8091360","18BQK44","VIHA-CVH-Comox Valley Hospital-Main Building-2nd Floor","Courtenay","Main Building","CV2329","2","VIHATRP20241125-008","12/31/2028","Operational","08/11/2026","","","General Rounding","Intensive Care/Telemetry Unit (ICU/TU)","NTT-Deskside Services-NorthIsland-Staffed","Desktop","Dell OptiPlex Micro Plus 7020 V1",""
"PC024486","HSS-8091384","DRMQK44","VIHA-CVH-Comox Valley Hospital-Main Building-2nd Floor","Courtenay","Main Building","CV2901","2","VIHATRP20241125-038","01/31/2029","Operational","08/12/2026","","","General Rounding","Laboratory","NTT-Deskside Services-NorthIsland-Staffed","Desktop","Dell OptiPlex Micro Plus 7020 V1",""
"PC024480","HSS-8091385","9PJQK44","VIHA-CVH-Comox Valley Hospital-Main Building-2nd Floor","Courtenay","Main Building","CV2945","2","VIHATRP20241125-039","01/31/2029","Operational","08/12/2026","","","General Rounding","Laboratory","NTT-Deskside Services-NorthIsland-Staffed","Desktop","Dell OptiPlex Micro Plus 7020 V1",""
"PC024452","HSS-8091387","GFFQK44","VIHA-CVH-Comox Valley Hospital-Main Building-2nd Floor","Courtenay","Main Building","CV2901","2","VIHATRP20241125-041","01/31/2029","Operational","08/12/2026","","","General Rounding","Laboratory","NTT-Deskside Services-NorthIsland-Staffed","Desktop","Dell OptiPlex Micro Plus 7020 V1",""
"PC026162","HSS-8091388","4GFQK44","VIHA-CVH-Comox Valley Hospital-Main Building-2nd Floor","Courtenay","Main Building","CV2316","2","VIHATRP20241125-042","01/31/2029","Operational","08/11/2026","","","General Rounding","Intensive Care/Telemetry Unit (ICU/TU)","NTT-Deskside Services-NorthIsland-Staffed","Desktop","Dell OptiPlex Micro Plus 7020 V1",""
"LD046144","HSS-8091505","CB0XVH3","VIHA-CVCHC-Comox Valley Community Health Centre-Main Building-1st Floor","Courtenay","Main Building","WFH - Katelyn Muir","1","VIHATRP20241202-029","01/31/2029","Operational","04/16/2025","","","Excluded","CYF NI Campbell River/Nootka","NTT-Deskside Services-NorthIsland-Local","Laptop","Dell LATITUDE 7450 V4",""
"TD030641","HSS-8091506","4HPDB54","VIHA-CVHCC-Comox Valley Home & Community Care-Main Building-1st Floor","Courtenay","Main Building","104 Office Coordinator/CSC","1st Floor","VIHATRP20241202-030","01/31/2029","Operational","","","","General Rounding","Home and Community Care Comox","NTT-Deskside Services-NorthIsland-Local","Tablet","Dell LATITUDE 9450 2-in-1 V2","LENOVO X380 YOGA i7-8650U 1.9GHz 8MB 13."
"PC024344","HSS-8091507","1PJQK44","VIHA-CVH-Comox Valley Hospital-Main Building-1st Floor","Courtenay","Main Building","CV1431","1","VIHATRP20241202-031","01/31/2029","Operational","08/13/2026","","","Critical Clinical","Laboratory","NTT-Deskside Services-NorthIsland-Staffed","Desktop","Dell OptiPlex Micro Plus 7020 V1",""
"PC026080","HSS-8091508","DPJQK44","VIHA-CVH-Comox Valley Hospital-Main Building-1st Floor","Courtenay","Main Building","CV1465","1","VIHATRP20241202-032","01/31/2029","Operational","04/10/2026","","","General Rounding","North Island Laboratory-CVH/MW","NTT-Deskside Services-NorthIsland-Staffed","Desktop","Dell OptiPlex Micro Plus 7020 V1",""
"PC024447","HSS-8091509","2PJQK44","VIHA-CVH-Comox Valley Hospital-Main Building-2nd Floor","Courtenay","Main Building","CV2901","2","VIHATRP20241202-033","01/31/2029","Operational","08/12/2026","","","General Rounding","Laboratory","NTT-Deskside Services-NorthIsland-Staffed","Desktop","Dell OptiPlex Micro Plus 7020 V1",""
"PC024456","HSS-8091515","9HFQK44","VIHA-CVH-Comox Valley Hospital-Main Building-2nd Floor","Courtenay","Main Building","CV2901","2","VIHATRP20241202-039","01/31/2029","Operational","08/12/2026","","","General Rounding","Laboratory","NTT-Deskside Services-NorthIsland-Staffed","Desktop","Dell OptiPlex Micro Plus 7020 V1",""
"PC024449","HSS-8091516","BQJQK44","VIHA-CVH-Comox Valley Hospital-Main Building-2nd Floor","Courtenay","Main Building","CV2901","2","VIHATRP20241202-040","01/31/2029","Operational","08/12/2026","","","General Rounding","Laboratory","NTT-Deskside Services-NorthIsland-Staffed","Desktop","Dell OptiPlex Micro Plus 7020 V1",""
"PC024436","HSS-8091517","7NJQK44","VIHA-CVH-Comox Valley Hospital-Main Building-2nd Floor","Courtenay","Main Building","CV2831","2","VIHATRP20241202-041","01/31/2029","Operational","05/15/2026","","","General Rounding","Surgical Services","NTT-Deskside Services-NorthIsland-Staffed","Desktop","Dell OptiPlex Micro Plus 7020 V1",""
"PC024455","HSS-8091518","6QJQK44","VIHA-CVH-Comox Valley Hospital-Main Building-2nd Floor","Courtenay","Main Building","CV2901","2","VIHATRP20241202-042","01/31/2029","Operational","08/12/2026","","","General Rounding","Laboratory","NTT-Deskside Services-NorthIsland-Staffed","Desktop","Dell OptiPlex Micro Plus 7020 V1",""
"PC024451","HSS-8091519","4NJQK44","VIHA-CVH-Comox Valley Hospital-Main Building-2nd Floor","Courtenay","Main Building","CV2901 (724)","2","VIHATRP20241202-043","01/31/2029","Operational","08/12/2026","Please NOTE that the following software applications are incompatible with the Cerner 724 Downtime application:
-Downtime Patient Index (DTPI)
-Dragon Medical One Extensions (DMO)
-Imprivata OneSign Software/Card Reader (Tap In/Out)
-Inteleviewer (Medical Imaging)

If the software is requested to be installed, the Incident or Request should be assigned to the ""VIHA-Client Experience"" assignment group so the request can be evaluated.","CV2901","Critical Clinical","Laboratory","NTT-Deskside Services-NorthIsland-Staffed","Desktop","Dell OptiPlex Micro Plus 7020 V1",""
"LD037889","HSS-8091520","4J0XVH3","VIHA-CVHCC-Comox Valley Home & Community Care-Main Building-1st Floor","Courtenay","Main Building","110","1st Floor","VIHATRP20241202-044","01/31/2029","Operational","","","","General Rounding","Home and Community Care Comox","NTT-Deskside Services-NorthIsland-Local","Laptop","Dell LATITUDE 7450 V4",""
"PC060049","HSS-8091521","CFFQK44","VIHA-SJC-St. Joseph's Campus-Main Building-3rd Floor","Comox","Main Building","312","3rd Floor","VIHATRP20241202-045","01/31/2029","Operational","07/30/2025","","20221128-VIHA-SJGH-St. Joseph's General Hospital was formally closed October 21, 2017
and the remaining site was named VIHA-SJC-St. Joseph's Campus.
Location updated to VIHA-SJC-St. Joseph's Campus per TASK0035172","General Rounding","Hlth Wellness Safe&Ability Mgt","NTT-Deskside Services-NorthIsland-Local","Desktop","Dell OptiPlex Micro Plus 7020 V1",""
"PC024461","HSS-8091522","FMJQK44","VIHA-CVH-Comox Valley Hospital-Main Building-2nd Floor","Courtenay","Main Building","CV2912","2","VIHATRP20241202-046","01/31/2029","Operational","08/12/2026","","","General Rounding","Histology","NTT-Deskside Services-NorthIsland-Staffed","Desktop","Dell OptiPlex Micro Plus 7020 V1",""
"LD044162","HSS-8091523","H0HWVH3","VIHA-CVH-Comox Valley Hospital-Main Building-2nd Floor","Courtenay","Main Building","CV2601","2","VIHATRP20241202-047","01/31/2029","Operational","07/10/2025","","","General Rounding","Biomedical Engineering","NTT-Deskside Services-NorthIsland-Staffed","Laptop","Dell LATITUDE 7450 V4",""
"PC024465","HSS-8091524","DJJQK44","VIHA-CVH-Comox Valley Hospital-Main Building-2nd Floor","Courtenay","Main Building","CV2912","2","VIHATRP20241202-048","01/31/2029","Operational","08/12/2026","","","General Rounding","Histology","NTT-Deskside Services-NorthIsland-Staffed","Desktop","Dell OptiPlex Micro Plus 7020 V1",""
"PC024453","HSS-8091526","CPJQK44","VIHA-CVH-Comox Valley Hospital-Main Building-2nd Floor","Courtenay","Main Building","CV2901","2","VIHATRP20241202-050","01/31/2029","Operational","08/12/2026","","","General Rounding","Laboratory","NTT-Deskside Services-NorthIsland-Staffed","Desktop","Dell OptiPlex Micro Plus 7020 V1",""
"PC024281","HSS-8091856","37BQK44","VIHA-CVH-Comox Valley Hospital-Main Building-1st Floor","Courtenay","Main Building","CV1514","1","VIHATRP20250113-032","12/31/2028","Operational","08/05/2026","","","General Rounding","Ambulatory Care","NTT-Deskside Services-NorthIsland-Staffed","Desktop","Dell OptiPlex Micro Plus 7020 V1",""
"PC026188","HSS-8091857","66BQK44","VIHA-CVH-Comox Valley Hospital-Main Building-2nd Floor","Courtenay","Main Building","CV2931","2","VIHATRP20250113","12/31/2028","Operational","07/31/2026","","","General Rounding","Central Education and Conference Facilities","NTT-Deskside Services-NorthIsland-Staffed","Desktop","Dell OptiPlex Micro Plus 7020 V1",""
"LD044102","HSS-8091858","G0CF2T2","VIHA-CVH-Comox Valley Hospital-Main Building-2nd Floor","Courtenay","Main Building","CV2601","2","VIHATRP20250113-034","12/31/2028","Operational","07/10/2026","","","General Rounding","Biomedical Engineering","NTT-Deskside Services-NorthIsland-Staffed","Laptop","Dell LATITUDE 7450 V4",""
"PC024437","HSS-8091860","4BFQK44","VIHA-CVH-Comox Valley Hospital-Main Building-2nd Floor","Courtenay","Main Building","CV2840","2","VIHATRP20250113","12/31/2028","Operational","03/25/2026","","","General Rounding","Surgical Services - PACU","NTT-Deskside Services-NorthIsland-Staffed","Desktop","Dell OptiPlex Micro Plus 7020 V1",""
"PC025608","HSS-8091873","3DJJZ44","VIHA-CVH-Comox Valley Hospital-Main Building-1st Floor","Courtenay","Main Building","CV1553","1","VIHATRP20250113-051","01/31/2029","Operational","08/05/2026","","","General Rounding","Ambulatory Care","NTT-Deskside Services-NorthIsland-Staffed","Desktop","Dell OptiPlex Micro Plus 7020 V1",""
"PC024324","HSS-8091875","8CJJZ44","VIHA-CVH-Comox Valley Hospital-Main Building-1st Floor","Courtenay","Main Building","CV1123","1","VIHATRP20250113-053","01/31/2029","Operational","08/12/2026","Please NOTE that the following software applications are incompatible with the Cerner 724 Downtime application:
-Downtime Patient Index (DTPI)
-Dragon Medical One Extensions (DMO)
-Imprivata OneSign Software/Card Reader (Tap In/Out)
-Inteleviewer (Medical Imaging)

If the software is requested to be installed, the Incident or Request should be assigned to the ""VIHA-Client Experience"" assignment group so the request can be evaluated.","","Critical Clinical","EOC","NTT-Deskside Services-NorthIsland-Staffed","Desktop","Dell OptiPlex Micro Plus 7020 V1",""
"PC026090","HSS-8091876","35BQK44","VIHA-CVH-Comox Valley Hospital-Main Building-1st Floor","Courtenay","Main Building","CV1544","1","VIHATRP20250113-054","12/31/2028","Operational","08/05/2026","","","General Rounding","Ambulatory Care","NTT-Deskside Services-NorthIsland-Staffed","Desktop","Dell OptiPlex Micro Plus 7020 V1",""
"PC024158","HSS-8091877","F6BQK44","VIHA-CVH-Comox Valley Hospital-Main Building-1st Floor","Courtenay","Main Building","CV1556","1","VIHATRP20250113-055","12/31/2028","Operational","08/05/2026","","","General Rounding","Ambulatory Care","NTT-Deskside Services-NorthIsland-Staffed","Desktop","Dell OptiPlex Micro Plus 7020 V1",""
"PC024474","HSS-8091878","2BFQK44","VIHA-CVH-Comox Valley Hospital-Main Building-2nd Floor","Courtenay","Main Building","CV2913","2","VIHATRP20250113-056","12/31/2028","Operational","08/12/2026","","","General Rounding","Histology","NTT-Deskside Services-NorthIsland-Staffed","Desktop","Dell OptiPlex Micro Plus 7020 V1",""
"PC062952","HSS-8091879","2HFQK44","VIHA-CVH-Comox Valley Hospital-Main Building-2nd Floor","Courtenay","Main Building","CV2722","2","VIHATRP20250113","01/31/2029","Operational","05/15/2026","","","General Rounding","Surgical Services","NTT-Deskside Services-NorthIsland-Staffed","Desktop","Dell OptiPlex Micro Plus 7020 V1",""
"PC024379","HSS-8091882","4CFQK44","VIHA-CVH-Comox Valley Hospital-Main Building-1st Floor","Courtenay","Main Building","CV1772","1","VIHATRP20250113-059","12/31/2028","Operational","06/12/2026","","","General Rounding","Minor Day Procedures","NTT-Deskside Services-NorthIsland-Staffed","Desktop","Dell OptiPlex Micro Plus 7020 V1",""
"PC024519","HSS-8091883","65BQK44","VIHA-CVH-Comox Valley Hospital-Main Building-4th Floor","Courtenay","Main Building","CV4120 (724)","4","VIHATRP20250113-060","12/31/2028","Operational","08/11/2026","Please NOTE that the following software applications are incompatible with the Cerner 724 Downtime application:
-Downtime Patient Index (DTPI)
-Dragon Medical One Extensions (DMO)
-Imprivata OneSign Software/Card Reader (Tap In/Out)
-Inteleviewer (Medical Imaging)

If the software is requested to be installed, the Incident or Request should be assigned to the ""VIHA-Client Experience"" assignment group so the request can be evaluated.","","Critical Clinical","Transitional Care Unit","NTT-Deskside Services-NorthIsland-Staffed","Desktop","Dell OptiPlex Micro Plus 7020 V1",""
"LD046089","HSS-8092069","8SD2WH3","VIHA-CVHCC-Comox Valley Home & Community Care-Main Building-1st Floor","Courtenay","Main Building","128","1st Floor","VIHATRP20250127-041","12/31/2028","Operational","05/22/2025","","","General Rounding","Home and Community Care Comox","NTT-Deskside Services-NorthIsland-Local","Laptop","Dell LATITUDE 7450 V4",""
"LD046099","HSS-8092070","5V94WH3","VIHA-CVHCC-Comox Valley Home & Community Care-Main Building-1st Floor","Courtenay","Main Building","WFH","1st Floor","VIHATRP20250127-042","12/31/2028","Operational","","","","Excluded","Home and Community Care Comox","NTT-Deskside Services-NorthIsland-Local","Laptop","Dell LATITUDE 7450 V4",""
"PC026061","HSS-8092071","BFJJZ44","VIHA-CVH-Comox Valley Hospital-Main Building-1st Floor","Courtenay","Main Building","CV1177","1","VIHATRP20250127","01/31/2029","Operational","06/11/2026","","","General Rounding","Occupational Therapy","NTT-Deskside Services-NorthIsland-Staffed","Desktop","Dell OptiPlex Micro Plus 7020 V1",""
"PC026347","HSS-8092072","5DJJZ44","VIHA-CVH-Comox Valley Hospital-Main Building-1st Floor","Courtenay","Main Building","CV1708","1","VIHATRP20250127","01/31/2029","Operational","07/27/2026","","","General Rounding","Heart and Lung","NTT-Deskside Services-NorthIsland-Staffed","Desktop","Dell OptiPlex Micro Plus 7020 V1",""
"PC024349","HSS-8092073","CDJJZ44","VIHA-CVH-Comox Valley Hospital-Main Building-1st Floor","Courtenay","Main Building","CV1523","1","VIHATRP20250127","01/31/2029","Operational","08/05/2026","","","General Rounding","Ambulatory Care","NTT-Deskside Services-NorthIsland-Staffed","Desktop","Dell OptiPlex Micro Plus 7020 V1",""
"PC026157","HSS-8092074","BGJJZ44","VIHA-CVH-Comox Valley Hospital-Main Building-2nd Floor","Courtenay","Main Building","CV2223","2","VIHATRP20250127","01/31/2029","Operational","08/11/2026","","","General Rounding","Intensive Care/Telemetry Unit (ICU/TU)","NTT-Deskside Services-NorthIsland-Staffed","Desktop","Dell OptiPlex Micro Plus 7020 V1","PC026157"
"PC024381","HSS-8092279","9DJJZ44","VIHA-CVH-Comox Valley Hospital-Main Building-1st Floor","Courtenay","Main Building","CV1918","1","VIHATRP20250127-055","01/31/2029","Operational","06/25/2026","","","General Rounding","Emergency Department","NTT-Deskside Services-NorthIsland-Staffed","Desktop","Dell OptiPlex Micro Plus 7020 V1",""
"PC024438","HSS-8092280","GFJJZ44","VIHA-CVH-Comox Valley Hospital-Main Building-2nd Floor","Courtenay","Main Building","CV2853","2","VIHATRP20250127-056","01/31/2029","Operational","07/11/2025","","","General Rounding","Surgical Services - PACU","NTT-Deskside Services-NorthIsland-Staffed","Desktop","Dell OptiPlex Micro Plus 7020 V1",""
"LD024414","HSS-8092282","BRD2WH3","VIHA-CVH-Comox Valley Hospital-Main Building-4th Floor","Courtenay","Main Building","CV4203","4","VIHATRP20250127-057","12/31/2028","Operational","01/09/2026","","","General Rounding","Transitional Care Unit","NTT-Deskside Services-NorthIsland-Staffed","Laptop","Dell LATITUDE 7450 V4",""
"LD024136","HSS-8092283","B433WH3","VIHA-CVH-Comox Valley Hospital-Main Building-0th Floor","Courtenay","Main Building","CV0208","0","VIHATRP20250217-013","12/31/2028","Operational","","","","General Rounding","Device Acquisition","NTT-Deskside Services-NorthIsland-Staffed","Laptop","Dell LATITUDE 7450 V4",""
"LD046531","HSS-8092289","HTD2WH3","VIHA-SJC-St. Joseph's Campus-Main Building-2nd Floor","Comox","Main Building","204","2","VIHATRP20250210-017","12/31/2028","Operational","04/02/2026","","","General Rounding","Brain Injury Program","NTT-Deskside Services-NorthIsland-Local","Laptop","Dell LATITUDE 7450 V4",""
"LD055380","HSS-8092380","6TF3WH3","VIHA-CVH-Comox Valley Hospital-Main Building-0th Floor","Courtenay","Main Building","CV0620 (WFH Colleen Inglis)","0","VIHATRP20250303-001","12/31/2028","Operational","07/20/2026","","","Excluded","Pharmacy","NTT-Deskside Services-NorthIsland-Staffed","Laptop","Dell LATITUDE 7450 V4",""
"LD044439","HSS-8092381","9D44WH3","VIHA-CVH-Comox Valley Hospital","Courtenay","Main Building","WFH","WFH","VIHATRP20250303","12/31/2028","Operational","","","","Excluded","SI Case Mngt Rehab & EPI","NTT-Deskside Services-NorthIsland-Staffed","Laptop","Dell LATITUDE 7450 V4",""
"PC025674","HSS-8092383","9FFCQ54","VIHA-CVH-Comox Valley Hospital-Main Building-1st Floor","Courtenay","Main Building","CV1511","1","VIHATRP20250303-004","02/28/2029","Operational","08/05/2026","","","General Rounding","Ambulatory Care","NTT-Deskside Services-NorthIsland-Staffed","Desktop","Dell OptiPlex Micro Plus 7020 V1",""
"PC026057","HSS-8092394","H3BCQ54","VIHA-CVH-Comox Valley Hospital-Main Building-1st Floor","Courtenay","Main Building","CV1142","1","VIHATRP20250303-015","02/28/2029","Operational","06/11/2026","","","General Rounding","Rehabilitation Therapy","NTT-Deskside Services-NorthIsland-Staffed","Desktop","Dell OptiPlex Micro Plus 7020 V1",""
"PC024302","HSS-8092395","2FFCQ54","VIHA-CVH-Comox Valley Hospital-Main Building-2nd Floor","Courtenay","Main Building","CV2161 - maternity reception","2","VIHATRP20250303-016","02/28/2029","Operational","07/10/2026","","","General Rounding","CVH OBS - Peds","NTT-Deskside Services-NorthIsland-Staffed","Desktop","Dell OptiPlex Micro Plus 7020 V1",""
"PC026379","HSS-8092396","J1RCQ54","VIHA-CVH-Comox Valley Hospital-Main Building-2nd Floor","Courtenay","Main Building","CV2611","2","VIHATRP20250303-017","02/28/2029","Operational","07/10/2026","","","General Rounding","UBC Faculty of Medicine","NTT-Deskside Services-NorthIsland-Staffed","Desktop","Dell OptiPlex Micro Plus 7020 V1",""
"PC026153","HSS-8092397","JDFCQ54","VIHA-CVH-Comox Valley Hospital-Main Building-2nd Floor","Courtenay","Main Building","CV2177","2","VIHATRP20250303-018","02/28/2029","Operational","08/07/2026","","","General Rounding","Maternity and Newborn Inpatient Unit","NTT-Deskside Services-NorthIsland-Staffed","Desktop","Dell OptiPlex Micro Plus 7020 V1",""
"PC026380","HSS-8092398","HDFCQ54","VIHA-CVH-Comox Valley Hospital-Main Building-2nd Floor","Courtenay","Main Building","CV2612","2","VIHATRP20250303-019","02/28/2029","Operational","07/10/2026","","","General Rounding","UBC Faculty of Medicine","NTT-Deskside Services-NorthIsland-Staffed","Desktop","Dell OptiPlex Micro Plus 7020 V1",""
"PC024389","HSS-8092399","94BCQ54","VIHA-CVH-Comox Valley Hospital-Main Building-2nd Floor","Courtenay","Main Building","CV2164","2","VIHATRP20250303-020","02/28/2029","Operational","08/07/2026","","","General Rounding","Maternity and Newborn Inpatient Unit","NTT-Deskside Services-NorthIsland-Staffed","Desktop","Dell OptiPlex Micro Plus 7020 V1",""
"PC026084","HSS-8092400","C3BCQ54","VIHA-CVH-Comox Valley Hospital-Main Building-4th Floor","Courtenay","Main Building","CV4210","4","VIHATRP20250303-021","02/28/2029","Operational","08/06/2026","","","General Rounding","UBC Teaching","NTT-Deskside Services-NorthIsland-Staffed","Desktop","Dell OptiPlex Micro Plus 7020 V1",""
"PC024333","HSS-8092401","FDFCQ54","VIHA-CVH-Comox Valley Hospital-Main Building-4th Floor","Courtenay","Main Building","CV4034","4","VIHATRP20250303-022","02/28/2029","Operational","07/17/2026","","","General Rounding","Psychiatric Inpatient Unit","NTT-Deskside Services-NorthIsland-Staffed","Desktop","Dell OptiPlex Micro Plus 7020 V1",""
"LD024144","HSS-8092449","3PY2WH3","VIHA-CVH-Comox Valley Hospital-Main Building-0th Floor","Courtenay","Main Building","CV0805","0","ISLHTRP20250804-006","12/31/2028","Operational","08/14/2026","","","General Rounding","Medical Device Reprocessing Department","NTT-Deskside Services-NorthIsland-Staffed","Laptop","Dell LATITUDE 7450 V4",""
"LD046156","HSS-8092487","3BH4WH3","VIHA-CVCHC-Comox Valley Community Health Centre-Main Building-1st Floor","Courtenay","Main Building","28","1st Floor","VIHATRP20250310-038","12/31/2028","Operational","","","","General Rounding","CYF NI Comox","NTT-Deskside Services-NorthIsland-Local","Laptop","Dell LATITUDE 7450 V4",""
"LD036146","HSS-8092488","FV94WH3","VIHA-CCRHC-Courtenay Cumberland Road Health Unit-Main Building-1st Floor","Courtenay","Main Building","152","1st Floor","VIHATRP20250310-039","12/31/2028","Operational","","","","General Rounding","Home and Community Care Comox","NTT-Deskside Services-NorthIsland-Local","Laptop","Dell LATITUDE 7450 V4",""
"LD024282","HSS-8092490","G6W1WH3","VIHA-CVH-Comox Valley Hospital-Main Building-0th Floor","Courtenay","Main Building","CV0316","0","VIHATRP20250310-041","12/31/2028","Operational","10/03/2025","","","General Rounding","Records Mgmt & Transcription","NTT-Deskside Services-NorthIsland-Staffed","Laptop","Dell LATITUDE 7450 V4",""
"PC024365","HSS-8092492","GGFCQ54","VIHA-CVH-Comox Valley Hospital-Main Building-1st Floor","Courtenay","Main Building","CV1772 (724)","1","VIHATRP20250310-045","03/31/2029","Operational","08/13/2026","Please NOTE that the following software applications are incompatible with the Cerner 724 Downtime application:
-Downtime Patient Index (DTPI)
-Dragon Medical One Extensions (DMO)
-Imprivata OneSign Software/Card Reader (Tap In/Out)
-Inteleviewer (Medical Imaging)

If the software is requested to be installed, the Incident or Request should be assigned to the ""VIHA-Client Experience"" assignment group so the request can be evaluated.","CV1772 - Patient Intake/Nursing/Administrative - Clerical Work Station/ Check-In Reception","Critical Clinical","Minor Day Procedures","NTT-Deskside Services-NorthIsland-Staffed","Desktop","Dell OptiPlex Micro Plus 7020 V1",""
"PC024467","HSS-8092493","D4BQK44","VIHA-CVH-Comox Valley Hospital-Main Building-2nd Floor","Courtenay","Main Building","CV2912","2","VIHATRP20250310-046","12/31/2028","Operational","08/12/2026","","","General Rounding","Histology","NTT-Deskside Services-NorthIsland-Staffed","Desktop","Dell OptiPlex Micro Plus 7020 V1",""
"LD058073","HSS-8092773","GKHZFW3","VIHA-CCA_92-Courtenay Cliffe Avenue (#92)-Main Building-1st Floor","Courtenay","Main Building","Admin Lobby","1","VIHATRP20250331-001","03/31/2029","Operational","08/06/2026","","","General Rounding","Mental Health","NTT-Deskside Services-NorthIsland-Local","Laptop","Dell LATITUDE 7450 V4",""
"LD055525","HSS-8092782","5SBSFW3","VIHA-CVH-Comox Valley Hospital-Main Building-1st Floor","Courtenay","Main Building","CV1506","1","VIHATRP20250331-018","03/31/2029","Operational","06/04/2026","","","General Rounding","Indigenous Health","NTT-Deskside Services-NorthIsland-Staffed","Laptop","Dell LATITUDE 7450 V4",""
"LD056009","HSS-8092783","JNVZFW3","VIHA-CVH-Comox Valley Hospital-Main Building","Courtenay","Main Building","WFH","","VIHATRP20250331-019","03/31/2029","Operational","","","Yeung, Wing Yan (Vienna) <WingYan.Yeung@viha.ca>  will be using this at home.


From: Bortolotto, Nikol J <Nikol.Bortolotto@viha.ca> 
Sent: Wednesday, January 20, 2021 11:22 AM
To: Dean, Martin [NTT] <Martin.Dean@viha.ca>; Yeung, Wing Yan (Vienna) <WingYan.Yeung@viha.ca>
Subject: RE: RITM0150162 - New Laptop LD056009 Shipped to Dogwood - Arrived?

I will be delivering this computer to Vienna Saturday morning. We are at extremely high volumes right now so I am unable to deliver before then.

From: Dean, Martin [NTT] <Martin.Dean@viha.ca> 
Sent: Wednesday, January 20, 2021 11:13 AM
To: Yeung, Wing Yan (Vienna) <WingYan.Yeung@viha.ca>
Cc: Bortolotto, Nikol J <Nikol.Bortolotto@viha.ca>
Subject: FW: RITM0150162 - New Laptop LD056009 Shipped to Dogwood - Arrived?

Hi Vienna,

Purolator 332708408346 confirms this has been received at the VIHA Dogwood site.

Remember � for your first login, connect the laptop to the VIHA network (Dogwood or CRG), login and launch MS Outlook. This will create your local profile.

My understanding is that you will be using this at home, therefore I shall close this install as complete.

If you do require any assistance then please send a reply and I will assist.

Martin


Martin Dean | Deskside Support - Campbell River
martin.dean@nttdata.com
NTT DATA Services | nttdataservices.com | @nttdataservices
Consulting | Industry Solutions | Digital | Cloud | Application, Infrastructure & BPO Services

From: Yeung, Wing Yan (Vienna) <WingYan.Yeung@viha.ca> 
Sent: Monday, January 18, 2021 8:02 AM
To: Dean, Martin [NTT] <Martin.Dean@viha.ca>
Subject: RE: RITM0150162 - New Laptop LD056009 Shipped to Dogwood - Arrived?

Thanks Martin, 

I haven't received it yet. Niki is coordinating the delivery of it, as I will be using this at home. But I will remember to bring it to an island health site to log in first before using it at home. 

Many thanks, 
V. 


","Excluded","Facilities Design & Constructi","NTT-Deskside Services-NorthIsland-Staffed","Laptop","Dell LATITUDE 7450 V4",""
"PC024442","HSS-8092784","8HFCQ54","VIHA-CVH-Comox Valley Hospital-Main Building-1st Floor","Courtenay","Main Building","CV1430","1","VIHATRP20250331-020","03/31/2029","Operational","08/04/2026","","","General Rounding","Admitting","NTT-Deskside Services-NorthIsland-Staffed","Desktop","Dell OptiPlex Micro Plus 7020 V1",""
"LD085729","HSS-8092785","2TVSFW3","VIHA-CVH-Comox Valley Hospital-Main Building-2nd Floor","Courtenay","Main Building","CV2402","2","VIHATRP20250331-021","03/31/2029","Operational","07/10/2026","","","General Rounding","Surgical Services","NTT-Deskside Services-NorthIsland-Staffed","Laptop","Dell LATITUDE 7450 V4",""
"LD024520","HSS-8092786","2MPSFW3","VIHA-CVH-Comox Valley Hospital-Main Building-3rd Floor","Courtenay","Main Building","CV3203","3","VIHATRP20250331-022","03/31/2029","Operational","07/14/2026","","","General Rounding","General Medical / Surgical Inpatient Unit","NTT-Deskside Services-NorthIsland-Staffed","Laptop","Dell LATITUDE 7450 V4",""
"LD030726","HSS-8092787","14JZFW3","VIHA-CVH-Comox Valley Hospital-Main Building-4th Floor","Courtenay","Main Building","CV4739","4","VIHATRP20250331-023","03/31/2029","Operational","07/17/2026","","","General Rounding","Psychiatric Inpatient Unit","NTT-Deskside Services-NorthIsland-Staffed","Laptop","Dell LATITUDE 7450 V4",""
"LD056003","HSS-8092788","7QBSFW3","VIHA-CVH-Comox Valley Hospital-Main Building-0th Floor","Courtenay","Main Building","CV0320","0","VIHATRP20250331-024","03/31/2029","Operational","03/17/2026","","","General Rounding","Clinical Information Svrc","NTT-Deskside Services-NorthIsland-Staffed","Laptop","Dell LATITUDE 7450 V4",""
"LD024359","HSS-8092789","3JPSFW3","VIHA-CVH-Comox Valley Hospital-Main Building-0th Floor","Courtenay","Main Building","CV0304","0","VIHATRP20250331-025","03/31/2029","Operational","","","","General Rounding","NIH P3","NTT-Deskside Services-NorthIsland-Staffed","Laptop","Dell LATITUDE 7450 V4",""
"LD024361","HSS-8092790","51JSFW3","VIHA-CVH-Comox Valley Hospital-Main Building-3rd Floor","Courtenay","Main Building","CV3203","3","VIHATRP20250331-026","03/31/2029","Operational","06/18/2026","","","General Rounding","Education","NTT-Deskside Services-NorthIsland-Staffed","Laptop","Dell LATITUDE 7450 V4",""
"LD055522","HSS-8092999","8ZZHX64","VIHA-CCA_92-Courtenay Cliffe Avenue (#92)-Main Building-1st Floor","Courtenay","Main Building","Admin Lobby","1","ISLHTRP20250414-001","03/31/2029","Operational","08/06/2026","","","General Rounding","Comox Valley/CR MHSU","NTT-Deskside Services-NorthIsland-Local","Laptop","Dell LATITUDE 7450 V4",""
"LD058074","HSS-8093000","4WNHX64","VIHA-CCA_92-Courtenay Cliffe Avenue (#92)-Main Building-1st Floor","Courtenay","Main Building","Admin Lobby","1","ISLHTRP20250414-002","03/31/2029","Operational","08/06/2026","","","General Rounding","MHSU Operations CI/NI Admin","NTT-Deskside Services-NorthIsland-Local","Laptop","Dell LATITUDE 7450 V4",""
"LD058077","HSS-8093001","DZVHX64","VIHA-CCA_92-Courtenay Cliffe Avenue (#92)-Main Building-1st Floor","Courtenay","Main Building","10","1","ISLHTRP20250414-003","03/31/2029","Operational","08/06/2026","","","General Rounding","MHSU Operations CI/NI Admin","NTT-Deskside Services-NorthIsland-Local","Laptop","Dell LATITUDE 7450 V4",""
"LD058080","HSS-8093002","410JX64","VIHA-CCA_92-Courtenay Cliffe Avenue (#92)-Main Building-1st Floor","Courtenay","Main Building","Admin Lobby","1","ISLHTRP20250414-004","03/31/2029","Operational","08/06/2026","","","General Rounding","MHSU Operations CI/NI Admin","NTT-Deskside Services-NorthIsland-Local","Laptop","Dell LATITUDE 7450 V4",""
"LD058078","HSS-8093003","JXVHX64","VIHA-CCA_92-Courtenay Cliffe Avenue (#92)-Main Building-1st Floor","Courtenay","Main Building","Admin Lobby","1","ISLHTRP20250414-005","03/31/2029","Operational","08/06/2026","","","General Rounding","Comox Valley/CR MHSU","NTT-Deskside Services-NorthIsland-Local","Laptop","Dell LATITUDE 7450 V4",""
"LD101330","HSS-8093011","12WHX64","VIHA-CVHCC-Comox Valley Home & Community Care-Main Building-1st Floor","Courtenay","Main Building","Room 110","1st Floor","ISLHTRP20250414-014","03/31/2029","Operational","05/23/2025","","","General Rounding","Home and Community Care Comox","NTT-Deskside Services-NorthIsland-Local","Laptop","Dell LATITUDE 7450 V4",""
"PC024282","HSS-8093012","HFFCQ54","VIHA-CVH-Comox Valley Hospital-Main Building-1st Floor","Courtenay","Main Building","CV1516","1","ISLHTRP20250414-015","03/31/2029","Operational","08/05/2026","","","General Rounding","Ambulatory Care","NTT-Deskside Services-NorthIsland-Staffed","Desktop","Dell OptiPlex Micro Plus 7020 V1",""
"PC024175","HSS-8093013","DHFCQ54","VIHA-CVH-Comox Valley Hospital-Main Building-1st Floor","Courtenay","Main Building","CV1515","1","ISLHTRP20250414-016","03/31/2029","Operational","08/05/2026","","","General Rounding","Ambulatory Care","NTT-Deskside Services-NorthIsland-Staffed","Desktop","Dell OptiPlex Micro Plus 7020 V1",""
"PC026357","HSS-8093014","5JFCQ54","VIHA-CVH-Comox Valley Hospital-Main Building-1st Floor","Courtenay","Main Building","CV1902","1","ISLHTRP20250414-017","03/31/2029","Operational","07/24/2026","","","General Rounding","Crisis Team","NTT-Deskside Services-NorthIsland-Staffed","Desktop","Dell OptiPlex Micro Plus 7020 V1",""
"LD058071","HSS-8093204","91VHX64","VIHA-CVMHAS-Comox Valley Mental Health & Addiction Services-Main Building-1st Floor","Courtenay","Main Building","2","1st Floor","ISLHTRP20250428-048","03/31/2029","Operational","","","","General Rounding","Comox Valley Com MHSU","NTT-Deskside Services-NorthIsland-Local","Laptop","Dell LATITUDE 7450 V4",""
"LD058079","HSS-8093205","710JX64","VIHA-SJC-St. Joseph's Campus-Main Building-2nd Floor","Comox","Main Building","219","2","ISLHTRP20250428-049","03/31/2029","Operational","04/02/2026","","","General Rounding","CV Community Access & Intake","NTT-Deskside Services-NorthIsland-Local","Laptop","Dell LATITUDE 7450 V4",""
"LD030160","HSS-8093206","391JX64","VIHA-SJC-St. Joseph's Campus-Main Building-2nd Floor","Comox","Main Building","223","2","ISLHTRP20250428-050","03/31/2029","Operational","02/05/2026","","","General Rounding","Cowichan Lodge Seniors & Adult - WFH Coulombe","NTT-Deskside Services-NorthIsland-Local","Laptop","Dell LATITUDE 7450 V4",""
"PC024315","HSS-8093217","DJFCQ54","VIHA-CVH-Comox Valley Hospital-Main Building-0th Floor","Courtenay","Main Building","CV0620","0","ISLHTRP20250428-061","03/31/2029","Operational","","","","General Rounding","Device Acquisition","NTT-Deskside Services-NorthIsland-Staffed","Desktop","Dell OptiPlex Micro Plus 7020 V1",""
"PC064058","HSS-8093219","9HFCQ54","VIHA-CVH-Comox Valley Hospital-Main Building-0th Floor","Courtenay","Main Building","CV0620","0","ISLHTRP20250428-063","03/31/2029","Operational","","","In IMIT storage Room.  Retired 24/7 downtime pc.  Missing monitors and all peripherals and cables.  Awaiting instruction to send back.","General Rounding","Device Acquisition","NTT-Deskside Services-NorthIsland-Staffed","Desktop","Dell OptiPlex Micro Plus 7020 V1",""
"LD101331","HSS-8093220","C20JX64","VIHA-CFA-Courtenay Fitzgerald Avenue-Main Building-1st Floor","Courtenay","Main Building","1","1","ISLHTRP20250428-064","03/31/2029","Operational","07/21/2026","","","General Rounding","Home and Community Care Comox","NTT-Deskside Services-NorthIsland-Local","Laptop","Dell LATITUDE 7450 V4",""
"LD024360","HSS-8093222","65MHX64","VIHA-CVH-Comox Valley Hospital-Main Building-3rd Floor","Courtenay","Main Building","CV3203","3","ISLHTRP20250428-066","03/31/2029","Operational","06/18/2026","","","General Rounding","Education","NTT-Deskside Services-NorthIsland-Staffed","Laptop","Dell LATITUDE 7450 V4",""
"LD058070","HSS-8093753","C5MTFW3","VIHA-CCA_92-Courtenay Cliffe Avenue (#92)-Main Building-1st Floor","Courtenay","Main Building","Admin Lobby","1","ISLHTRP20250609-001","03/31/2029","Operational","08/06/2026","","","General Rounding","ACT","NTT-Deskside Services-NorthIsland-Local","Laptop","Dell LATITUDE 7450 V4",""
"LD056105","HSS-8093754","DZLTFW3","VIHA-CCA_92-Courtenay Cliffe Avenue (#92)-Main Building-1st Floor","Courtenay","Main Building","Admin Area - Signout #2","1","ISLHTRP20250609-002","03/31/2029","Operational","08/06/2026","","","General Rounding","CV/CR Admin Suppport","NTT-Deskside Services-NorthIsland-Local","Laptop","Dell LATITUDE 7450 V4",""
"TD030378","HSS-8093755","PF5M2243","VIHA-CVHCC-Comox Valley Home & Community Care-Main Building-1st Floor","Courtenay","Main Building","101","1","ISLHTRP20250609-003","07/31/2029","Operational","07/23/2026","","","General Rounding","Mental Health","NTT-Deskside Services-NorthIsland-Local","Tablet","LENOVO 21KFS1RP00",""
"LD056100","HSS-8093756","93MTFW3","VIHA-CVCHC-Comox Valley Community Health Centre-Main Building-1st Floor","Courtenay","Main Building","27","1st Floor","ISLHTRP20250609-004","03/31/2029","Operational","","","","General Rounding","Public Health Nursing-Re1","NTT-Deskside Services-NorthIsland-Local","Laptop","Dell LATITUDE 7450 V4",""
"LD056102","HSS-8093757","85MTFW3","VIHA-CVCHC-Comox Valley Community Health Centre-Main Building-1st Floor","Courtenay","Main Building","25","1st Floor","ISLHTRP20250609-005","03/31/2029","Operational","","","","General Rounding","CV/CR Admin Suppport","NTT-Deskside Services-NorthIsland-Local","Laptop","Dell LATITUDE 7450 V4",""
"LD056345","HSS-8093765","H5MTFW3","VIHA-CVH-Comox Valley Hospital-Main Building-0th Floor","Courtenay","Main Building","CV0101","0","ISLHTRP20250609-014","03/31/2029","Operational","05/28/2026","","","General Rounding","Clinical Nutrition","NTT-Deskside Services-NorthIsland-Staffed","Laptop","Dell LATITUDE 7450 V4",""
"LD024400","HSS-8093766","2KHZFW3","VIHA-CVH-Comox Valley Hospital-Main Building-0th Floor","Courtenay","Main Building","CV0620 (D Carlson Spare Laptop)","0","ISLHTRP20250609-015","03/31/2029","Operational","04/17/2026","","","General Rounding","Device Management","NTT-Deskside Services-NorthIsland-Staffed","Laptop","Dell LATITUDE 7450 V4",""
"LD024369","HSS-8093767","2RHZFW3","VIHA-CVH-Comox Valley Hospital-Main Building-1st Floor","Courtenay","Main Building","CV1173","1","ISLHTRP20250609-016","03/31/2029","Operational","06/11/2026","","","General Rounding","Occupational Therapy","NTT-Deskside Services-NorthIsland-Staffed","Laptop","Dell LATITUDE 7450 V4",""
"LD024393","HSS-8093768","F7MTFW3","VIHA-CVH-Comox Valley Hospital-Main Building-1st Floor","Courtenay","Main Building","CV1536","1","ISLHTRP20250609-017","03/31/2029","Operational","08/05/2026","","","General Rounding","Endoscopy","NTT-Deskside Services-NorthIsland-Staffed","Laptop","Dell LATITUDE 7450 V4",""
"LD024405","HSS-8093769","53VZFW3","VIHA-CVH-Comox Valley Hospital-Main Building-1st Floor","Courtenay","Main Building","CV1545","1","ISLHTRP20250609-018","03/31/2029","Operational","08/05/2026","","","General Rounding","Ambulatory Care","NTT-Deskside Services-NorthIsland-Staffed","Laptop","Dell LATITUDE 7450 V4",""
"LD024374","HSS-8093770","H4PZFW3","VIHA-CVH-Comox Valley Hospital-Main Building-1st Floor","Courtenay","Main Building","CV1529","1","ISLHTRP20250609-019","03/31/2029","Operational","07/17/2026","","","General Rounding","Diabetes Nursing","NTT-Deskside Services-NorthIsland-Staffed","Laptop","Dell LATITUDE 7450 V4",""
"LD024350","HSS-8093778","21MTFW3","VIHA-CVH-Comox Valley Hospital-Main Building-0th Floor","Courtenay","Main Building","CV0102","0","ISLHTRP20250609-028","03/31/2029","Operational","03/12/2026","","","General Rounding","Food Services","NTT-Deskside Services-NorthIsland-Staffed","Laptop","Dell LATITUDE 7450 V4",""
"LD024148","HSS-8093779","HZNZFW3","VIHA-CVH-Comox Valley Hospital-Main Building-1st Floor","Courtenay","Main Building","CV1163","1","ISLHTRP20250609-029","03/31/2029","Operational","05/07/2026","","","General Rounding","Occupational Therapy","NTT-Deskside Services-NorthIsland-Staffed","Laptop","Dell LATITUDE 7450 V4",""
"LD024371","HSS-8093780","B0MTFW3","VIHA-CVH-Comox Valley Hospital-Main Building-1st Floor","Courtenay","Main Building","CV1173","1","ISLHTRP20250609-030","03/31/2029","Operational","03/24/2026","","","General Rounding","Occupational Therapy","NTT-Deskside Services-NorthIsland-Staffed","Laptop","Dell LATITUDE 7450 V4",""
"LD024396","HSS-8093781","3XFTFW3","VIHA-CVH-Comox Valley Hospital-Main Building-1st Floor","Courtenay","Main Building","CV1552","1","ISLHTRP20250609-031","03/31/2029","Operational","08/05/2026","","","General Rounding","Ambulatory Care","NTT-Deskside Services-NorthIsland-Staffed","Laptop","Dell LATITUDE 7450 V4",""
"LD056267","HSS-8093918","8WCJX64","VIHA-CHC-Cumberland Health Centre-Main Building-1st Floor","Cumberland","Main Building","Gillian's office","1","ISLHTRP20250616-056","03/31/2029","Operational","03/19/2026","","RITM0481942  - Moved from NRGH Dec 2021 to Yucalta
Final resting place unknown.","General Rounding","Infection Prevention & Control","NTT-Deskside Services-NorthIsland-Local","Laptop","Dell LATITUDE 7450 V4",""
"LD022285","HSS-8093919","DP0JX64","VIHA-CHU-Coastal Health Unit-Main Building-1st Floor","Courtenay","Main Building","Front Admin Area - desk 4","1","ISLHTRP20250616-057","03/31/2029","Operational","07/21/2026","","","General Rounding","Environmental Health","NTT-Deskside Services-NorthIsland-Local","Laptop","Dell LATITUDE 7450 V4",""
"LD056101","HSS-8093920","C3MHX64","VIHA-CVCHC-Comox Valley Community Health Centre-Main Building-1st Floor","Courtenay","Main Building","21","1","ISLHTRP20250616-058","03/31/2029","Operational","","","","General Rounding","Public Health","NTT-Deskside Services-NorthIsland-Local","Laptop","Dell LATITUDE 7450 V4",""
"LD024358","HSS-8093921","834JX64","VIHA-SJC-St. Joseph's Campus-Main Building-3rd Floor","Comox","Main Building","314","3","ISLHTRP20250616-059","03/31/2029","Operational","04/02/2026","","","General Rounding","Abil Mgt Intk & Ret to Wrk","NTT-Deskside Services-NorthIsland-Local","Laptop","Dell LATITUDE 7450 V4",""
"LD024376","HSS-8093928","CF8TFW3","VIHA-CVH-Comox Valley Hospital-Main Building-1st Floor","Courtenay","Main Building","CV1508","1","ISLHTRP20250616-066","03/31/2029","Operational","07/17/2026","","","General Rounding","Indigenous Liaison Nurses","NTT-Deskside Services-NorthIsland-Staffed","Laptop","Dell LATITUDE 7450 V4",""
"LD024370","HSS-8093930","4ZTZFW3","VIHA-CVH-Comox Valley Hospital-Main Building-1st Floor","Courtenay","Main Building","CV1173","1","ISLHTRP20250616-068","03/31/2029","Operational","06/11/2026","","","General Rounding","Occupational Therapy","NTT-Deskside Services-NorthIsland-Staffed","Laptop","Dell LATITUDE 7450 V4",""
"LD024382","HSS-8093931","D2VZFW3","VIHA-CVH-Comox Valley Hospital-Main Building-1st Floor","Courtenay","Main Building","CV1161","1","ISLHTRP20250616-069","03/31/2029","Operational","06/11/2026","","","General Rounding","Physiotherapy","NTT-Deskside Services-NorthIsland-Staffed","Laptop","Dell LATITUDE 7450 V4",""
"LD056378","HSS-8093932","84PZFW3","VIHA-CVH-Comox Valley Hospital-Main Building-2nd Floor","Courtenay","Main Building","CV2402","2","ISLHTRP20250616-070","03/31/2029","Operational","07/10/2026","","","General Rounding","Surgical Services","NTT-Deskside Services-NorthIsland-Staffed","Laptop","Dell LATITUDE 7450 V4",""
"LD024366","HSS-8093933","H1VZFW3","VIHA-CVH-Comox Valley Hospital-Main Building-1st Floor","Courtenay","Main Building","CV1173","1","ISLHTRP20250616-071","03/31/2029","Operational","06/11/2026","","","General Rounding","Occupational Therapy","NTT-Deskside Services-NorthIsland-Staffed","Laptop","Dell LATITUDE 7450 V4",""
"PC023726","HSS-8093934","HRVHZ44","VIHA-RHARF-Ryan Hill Apartments Residential Facility-Main Building-1st Floor","Courtenay","Main Building","214","1st Floor","ISLHTRP20250616-072","03/31/2029","Operational","","","","General Rounding","Ryan Hill Apts","NTT-Deskside Services-NorthIsland-Local","Desktop","Dell OptiPlex Micro Plus 7020 V1",""
"PC023789","HSS-8093935","HTVHZ44","VIHA-RHARF-Ryan Hill Apartments Residential Facility-Main Building-1st Floor","Courtenay","Main Building","214","1st Floor","ISLHTRP20250616-073","03/31/2029","Operational","","","","General Rounding","Ryan Hill Apts","NTT-Deskside Services-NorthIsland-Local","Desktop","Dell OptiPlex Micro Plus 7020 V1",""
"LD056921","HSS-8094182","CN0JX64","VIHA-CCA-Courtenay Cliffe Avenue","Courtenay","Main Building","C111","0","ISLHTRP20250804-002","03/31/2029","Operational","","","","General Rounding","","NTT-Deskside Services-NorthIsland-Local","Laptop","Dell Latitude 7450",""
"LD024368","HSS-8094245","7CDJX64","VIHA-CVH-Comox Valley Hospital-Main Building-1st Floor","Courtenay","Main Building","CV1173","1","ISLHTRP20250707-127","03/31/2029","Operational","06/11/2026","","","General Rounding","Rehabilitation Therapy","NTT-Deskside Services-NorthIsland-Staffed","Laptop","Dell LATITUDE 7450 V4",""
"LD024365","HSS-8094246","HGJHX64","VIHA-CVH-Comox Valley Hospital-Main Building-1st Floor","Courtenay","Main Building","CV1173","1","ISLHTRP20250707-128","03/31/2029","Operational","06/11/2026","","","General Rounding","Occupational Therapy","NTT-Deskside Services-NorthIsland-Staffed","Laptop","Dell LATITUDE 7450 V4",""
"LD024378","HSS-8094247","H9DJX64","VIHA-CVH-Comox Valley Hospital-Main Building-1st Floor","Courtenay","Main Building","CV1173","1","ISLHTRP20250707-129","03/31/2029","Operational","06/11/2026","","","General Rounding","Occupational Therapy","NTT-Deskside Services-NorthIsland-Staffed","Laptop","Dell LATITUDE 7450 V4",""
"LD055611","HSS-8094541","3V5MR54","VIHA-CIHN-Courtenay Integrated Health Networks","Courtenay","Main Building","235","0th Floor","ISLHTRP20250721-051","03/31/2029","Operational","","","","General Rounding","","NTT-Deskside Services-NorthIsland-Local","Laptop","Dell LATITUDE 7450 V4",""
"LD058437","HSS-8094542","3X5MR54","VIHA-CVH-Comox Valley Hospital-Main Building-0th Floor","Courtenay","Main Building","CV0101","0","ISLHTRP20250721-052","03/31/2029","Operational","08/14/2026","","","General Rounding","Clinical Nutrition","NTT-Deskside Services-NorthIsland-Staffed","Laptop","Dell LATITUDE 7450 V4",""
"AO800195","HSS-8094551","C24223M070","VIHA-CVH-Comox Valley Hospital-Main Building-1st Floor","Courtenay","Main Building","CV1583","1","ISLHTRP20250721-063","08/31/2029","Operational","08/05/2026","","","Mobile Cart","Cancer Care","NTT-Deskside Services-NorthIsland-Staffed","All-in-One","TANGENT MEDIX 22B V9",""
"AO800278","HSS-8094553","C24223M074","VIHA-CVH-Comox Valley Hospital","Courtenay","Main Building","CV1582 - Cancer Care","1","ISLHTRP20250721-065","08/31/2029","Operational","06/05/2026","","","Mobile Cart","Device Management - PHSA","NTT-Deskside Services-NorthIsland-Staffed","All-in-One","TANGENT MEDIX 22B V9",""
"LD024389","HSS-8094554","12QMR54","VIHA-CVH-Comox Valley Hospital-Main Building-1st Floor","Courtenay","Main Building","CV1522","1","ISLHTRP20250721-066","03/31/2029","Operational","08/05/2026","","","General Rounding","Ambulatory Care","NTT-Deskside Services-NorthIsland-Staffed","Laptop","Dell LATITUDE 7450 V4",""
"LD024386","HSS-8094555","74KMR54","VIHA-CVH-Comox Valley Hospital-Main Building-1st Floor","Courtenay","Main Building","CV1541","1","ISLHTRP20250721-067","03/31/2029","Operational","07/17/2026","","","General Rounding","Psychiatric Outpatients","NTT-Deskside Services-NorthIsland-Staffed","Laptop","Dell LATITUDE 7450 V4",""
"LD056698","HSS-8094556","7QVKP54","VIHA-SJC-St. Joseph's Campus-Main Building-2nd Floor","Comox","Main Building","201B","2","ISLHTRP20250721-068","03/31/2029","Operational","04/02/2026","","","General Rounding","Nanaimo CAC","NTT-Deskside Services-NorthIsland-Local","Laptop","Dell LATITUDE 7450 V4",""
"LD024004","HSS-8094706","3QBSFW3","VIHA-CHC-Cumberland Health Centre-Main Building-1st Floor","Cumberland","Main Building","Social Worker Office","1","ISLHTRP20250804-001","03/31/2029","Operational","03/19/2026","","","General Rounding","Social Workers","NTT-Deskside Services-NorthIsland-Local","Laptop","Dell LATITUDE 7450 V4",""
"LD024372","HSS-8094709","HMSP774","VIHA-CVH-Comox Valley Hospital-Main Building-3rd Floor","Courtenay","Main Building","CV0313","0th Floor","ISLHTRP20250804-004","07/31/2029","Operational","03/11/2026","","","General Rounding","Administration","NTT-Deskside Services-NorthIsland-Staffed","Laptop","Dell LATITUDE 7450 V4",""
"LD024139","HSS-8094710","2LYQ774","VIHA-CVH-Comox Valley Hospital-Main Building-0th Floor","Courtenay","Main Building","CV0205","0","ISLHTRP20250804-005","07/31/2029","Operational","08/14/2026","","","General Rounding","Pharmacy","NTT-Deskside Services-NorthIsland-Staffed","Laptop","Dell LATITUDE 7450 V4",""
"LD058075","HSS-8094712","3FHQ774","VIHA-CCA_92-Courtenay Cliffe Avenue (#92)-Main Building-1st Floor","Courtenay","Main Building","1 Primary User: Sandra Brydon","1","ISLHTRP20250804-007","07/31/2029","Operational","08/06/2026","","","General Rounding","Comox Valley ACT","NTT-Deskside Services-NorthIsland-Local","Laptop","Dell LATITUDE 7450 V4",""
"LD024367","HSS-8094718","7FHQ774","VIHA-CVH-Comox Valley Hospital-Main Building-1st Floor","Courtenay","Main Building","CV1173","1","ISLHTRP20250804-016","07/31/2029","Operational","06/11/2026","","","General Rounding","Occupational Therapy","NTT-Deskside Services-NorthIsland-Staffed","Laptop","Dell LATITUDE 7450 V4",""
"LD024406","HSS-8094719","DJZN774","VIHA-CVH-Comox Valley Hospital-Main Building-1st Floor","Courtenay","Main Building","CV2310","2","ISLHTRP20250804-014","07/31/2029","Operational","04/09/2026","","","General Rounding","Respiratory Therapy Servic","NTT-Deskside Services-NorthIsland-Staffed","Laptop","Dell LATITUDE 7450 V4",""
"PC076344","HSS-8094721","6QVHZ44","VIHA-CVH-Comox Valley Hospital-Main Building-4th Floor","Courtenay","Main Building","CV4729 (Psychiatry Security Camera)","4","ISLHTRP20250804-015","03/31/2029","Operational","08/11/2026","","","Critical Clinical","Psychiatric Inpatient Unit","NTT-Deskside Services-NorthIsland-Staffed","Desktop","Dell OptiPlex Micro Plus 7020 V1",""
"LD055911","HSS-8094722","F9ZP774","VIHA-CVMHAS-Comox Valley Mental Health & Addiction Services-Main Building-1st Floor","Courtenay","Main Building","19 - Board Room","1","ISLHTRP20250804-017","07/31/2029","Operational","","","","General Rounding","CVMHAS Intake, ASTAT, AGTP","NTT-Deskside Services-NorthIsland-Local","Laptop","Dell LATITUDE 7450 V4",""
"PC026378","HSS-8094936","3SVHZ44","VIHA-CVH-Comox Valley Hospital-Main Building-2nd Floor","Courtenay","Main Building","CV2421","2","ISLHTRP20250818-001","03/31/2029","Operational","07/10/2026","","","General Rounding","CVH Emergency","NTT-Deskside Services-NorthIsland-Staffed","Desktop","Dell OptiPlex Micro Plus 7020 V1",""
"LD044103","HSS-8094937","8GHQ774","VIHA-CVH-Comox Valley Hospital-Main Building-2nd Floor","Courtenay","Main Building","CV2601 Primary user: Tamara Warren","2","ISLHTRP20250818-002","10/31/2029","Operational","","","","General Rounding","Bio-Medical Engineering","NTT-Deskside Services-NorthIsland-Staffed","Laptop","Dell LATITUDE 7450 V4",""
"LD058770","HSS-8094938","475P774","VIHA-SJC-St. Joseph's Campus-Main Building-2nd Floor","Comox","Main Building","217","2","ISLHTRP20250818-003","10/31/2029","Operational","04/02/2026","","","General Rounding","Community Access Intake","NTT-Deskside Services-NorthIsland-Local","Laptop","Dell LATITUDE 7450 V4",""
"PC032532","HSS-8094939","GTVHZ44","VIHA-SJC-St. Joseph's Campus-Main Building-3rd Floor","Comox","Main Building","317","3r","ISLHTRP20250818-004","03/31/2029","Operational","04/02/2026","","20221128-VIHA-SJGH-St. Joseph's General Hospital was formally closed October 21, 2017
and the remaining site was named VIHA-SJC-St. Joseph's Campus.
Location updated to VIHA-SJC-St. Joseph's Campus per TASK0035172","General Rounding","Medication Safety","NTT-Deskside Services-NorthIsland-Local","Desktop","Dell OptiPlex Micro Plus 7020 V1","LENOVO THINKCENTRE M910q i5-7500T 2.5GHZ"
"LD059007","HSS-8094954","105P774","VIHA-CCA-Courtenay Cliffe Avenue","Courtenay","Main Building","C006","0","ISLHTRP20250818-022","10/31/2029","Operational","07/24/2026","","","General Rounding","Telemetry","NTT-Deskside Services-NorthIsland-Local","Laptop","Dell LATITUDE 7450 V4",""
"LD024348","HSS-8094955","7KZN774","VIHA-CVH-Comox Valley Hospital-Main Building-0th Floor","Courtenay","Main Building","CV0101","0","ISLHTRP20250818-024","09/30/2029","Operational","08/14/2026","","","General Rounding","Clinical Nutrition","NTT-Deskside Services-NorthIsland-Staffed","Laptop","Dell LATITUDE 7450 V4",""
"PC024290","HSS-8094956","DDJJZ44","VIHA-CVH-Comox Valley Hospital-Main Building-0th Floor","Courtenay","Main Building","CV0506 (Autopsy)","0","ISLHTRP20250818-025","03/31/2029","Operational","08/14/2026","","","General Rounding","Patient & Material Logistics","NTT-Deskside Services-NorthIsland-Staffed","Desktop","Dell OptiPlex Micro Plus 7020 V1",""
"PC024308","HSS-8094957","DTVHZ44","VIHA-CVH-Comox Valley Hospital-Main Building-0th Floor","Courtenay","Main Building","CV0706 ESS","0","ISLHTRP20250818-026","03/31/2029","Operational","07/20/2026","","","General Rounding","Housekeeping","NTT-Deskside Services-NorthIsland-Staffed","Desktop","Dell OptiPlex Micro Plus 7020 V1",""
"LD024510","HSS-8094958","5GZN774","VIHA-CVH-Comox Valley Hospital-Main Building-0th Floor","Courtenay","Main Building","CV0325","0","ISLHTRP20250818-027","09/30/2029","Operational","03/12/2026","","","General Rounding","Administration - WFH RPotter-Cogan","NTT-Deskside Services-NorthIsland-Staffed","Laptop","Dell LATITUDE 7450 V4",""
"LD024402","HSS-8094959","BR4P774","VIHA-CVH-Comox Valley Hospital-Main Building-1st Floor","Courtenay","Main Building","CV1172","1","ISLHTRP20250818-028","09/30/2029","Operational","06/11/2026","","","General Rounding","Social Work","NTT-Deskside Services-NorthIsland-Staffed","Laptop","Dell LATITUDE 7450 V4",""
"PC026068","HSS-8094960","CTVHZ44","VIHA-CVH-Comox Valley Hospital-Main Building-1st Floor","Courtenay","Main Building","CV1410","1","ISLHTRP20250818-029","03/31/2029","Operational","05/07/2026","","","General Rounding","COVID19 Ambassadors","NTT-Deskside Services-NorthIsland-Staffed","Desktop","Dell OptiPlex Micro Plus 7020 V1",""
"PC026094","HSS-8094961","DSVHZ44","VIHA-CVH-Comox Valley Hospital-Main Building-1st Floor","Courtenay","Main Building","CV1562","1","ISLHTRP20250818-030","03/31/2029","Operational","08/04/2026","","","General Rounding","Administration","NTT-Deskside Services-NorthIsland-Staffed","Desktop","Dell OptiPlex Micro Plus 7020 V1",""
"LD024390","HSS-8094962","28TN774","VIHA-CVH-Comox Valley Hospital-Main Building-1st Floor","Courtenay","Main Building","CV1528","1","ISLHTRP20250818-031","09/30/2029","Operational","07/17/2026","","","General Rounding","Diabetes Education Program","NTT-Deskside Services-NorthIsland-Staffed","Laptop","Dell LATITUDE 7450 V4",""
"LD024150","HSS-8094964","74BP774","VIHA-CVH-Comox Valley Hospital-Main Building-1st Floor","Courtenay","Main Building","CV1925","1","ISLHTRP20250818-033","09/30/2029","Operational","07/28/2026","","","General Rounding","Emergency Department","NTT-Deskside Services-NorthIsland-Staffed","Laptop","Dell LATITUDE 7450 V4",""
"PC024464","HSS-8094965","1TVHZ44","VIHA-CVH-Comox Valley Hospital-Main Building-2nd Floor","Courtenay","Main Building","CV2912","2","ISLHTRP20250818-034","03/31/2029","Operational","08/12/2026","","","General Rounding","Histology","NTT-Deskside Services-NorthIsland-Staffed","Desktop","Dell OptiPlex Micro Plus 7020 V1",""
"AO800240","HSS-8095439","C25123M135","VIHA-CVH-Comox Valley Hospital-Main Building-2nd Floor","Courtenay","Main Building","CV2152","2","ISLHTRP20250908-003","09/30/2029","Operational","08/07/2026","","","Mobile Cart","Maternity and Newborn Inpatient Unit","NTT-Deskside Services-NorthIsland-Staffed","All-in-One","TANGENT MEDIX 22B V20",""
"LD024413","HSS-8095440","5HSP774","VIHA-CVH-Comox Valley Hospital-Main Building-3rd Floor","Courtenay","Main Building","CV3203","3","ISLHTRP20250908-005","09/30/2029","Operational","07/14/2026","","","General Rounding","General Medical / Surgical Inpatient Unit","NTT-Deskside Services-NorthIsland-Staffed","Laptop","Dell LATITUDE 7450 V4",""
"AO800234","HSS-8095441","C25123M130","VIHA-CVH-Comox Valley Hospital-Main Building-3rd Floor","Courtenay","Main Building","CV3720","3","ISLHTRP20250908-006","09/30/2029","Operational","07/14/2026","","","Mobile Cart","General Medical / Surgical Inpatient Unit","NTT-Deskside Services-NorthIsland-Staffed","All-in-One","TANGENT MEDIX 22B V20",""
"LD048559","HSS-8095442","7HHQ774","VIHA-CVH-Comox Valley Hospital-Main Building-3rd Floor","Courtenay","Main Building","CV3805","3","ISLHTRP20250908-008","09/30/2029","Operational","07/14/2026","","","General Rounding","General Medical / Surgical Inpatient Unit","NTT-Deskside Services-NorthIsland-Staffed","Laptop","Dell LATITUDE 7450 V4",""
"LD024415","HSS-8095443","H6NQ774","VIHA-CVH-Comox Valley Hospital-Main Building-4th Floor","Courtenay","Main Building","CV4732","4","ISLHTRP20250908-009","09/30/2029","Operational","07/17/2026","","","General Rounding","Psychiatric Inpatient Unit","NTT-Deskside Services-NorthIsland-Staffed","Laptop","Dell LATITUDE 7450 V4",""
"AO800254","HSS-8095444","C25123M136","VIHA-CVH-Comox Valley Hospital-Main Building-1st Floor","Courtenay","Main Building","CV1162","1","ISLHTRP20250908-011","09/30/2029","Operational","06/11/2026","","","Mobile Cart","Physiotherapy","NTT-Deskside Services-NorthIsland-Staffed","All-in-One","TANGENT MEDIX 22B V20",""
"AO800281","HSS-8095445","C25123M138","VIHA-CVH-Comox Valley Hospital-Main Building-1st Floor","Courtenay","Main Building","CV1920","1","ISLHTRP20250908-012","09/30/2029","Operational","07/28/2026","","","Mobile Cart","Emergency Department","NTT-Deskside Services-NorthIsland-Staffed","All-in-One","TANGENT MEDIX 22B V20",""
"LD065111","HSS-8095458","9LHP774","VIHA-CHU-Coastal Health Unit-Main Building-1st Floor","Courtenay","Main Building","8","1","ISLHTRP20250908-028","09/30/2029","Operational","07/21/2026","","","General Rounding","Environmental Health","NTT-Deskside Services-NorthIsland-Local","Laptop","Dell LATITUDE 7450 V4",""
"LD036582","HSS-8095462","GGYQ774","VIHA-CVHCC-Comox Valley Home & Community Care-Main Building-1st Floor","Courtenay","Main Building","Lobby","1st Floor","ISLHTRP20250908-032","09/30/2029","Operational","","","","General Rounding","Home Care Monitoring","NTT-Deskside Services-NorthIsland-Local","Laptop","Dell LATITUDE 7450 V4",""
"LD035022","HSS-8095464","7V9Q774","VIHA-CVH-Comox Valley Hospital-Main Building-0th Floor","Courtenay","Main Building","WFH","0","ISLHTRP20250908-035","09/30/2029","Operational","","","","Excluded","Abil Mgt Intk & Ret to Wrk","NTT-Deskside Services-NorthIsland-Staffed","Laptop","Dell LATITUDE 7450 V4",""
"LD050209","HSS-8095465","FLZN774","VIHA-CVH-Comox Valley Hospital-Main Building-0th Floor","Courtenay","Main Building","CV0620 - Jennifer McKinnon - WFH","0","ISLHTRP20250908-036","09/30/2029","Operational","","","","Excluded","Clinical Imp & Informatics","NTT-Deskside Services-NorthIsland-Staffed","Laptop","Dell LATITUDE 7450 V4",""
"AO000101","HSS-8095466","C25123M131","VIHA-CVH-Comox Valley Hospital-Main Building-0th Floor","Courtenay","Main Building","CV0620","0","ISLHTRP20250908-037","09/30/2029","Operational","04/01/2026","","","Mobile Cart","IMIT","NTT-Deskside Services-NorthIsland-Staffed","All-in-One","TANGENT MEDIX 22B V20",""
"LD024506","HSS-8095467","34MP774","VIHA-CVH-Comox Valley Hospital-Main Building-0th Floor","Courtenay","Main Building","CV0307 - Exclusive user: Dr. Corey Tomlinson","0","ISLHTRP20250908-038","09/30/2029","Operational","","","","General Rounding","Administration","NTT-Deskside Services-NorthIsland-Staffed","Laptop","Dell LATITUDE 7450 V4",""
"AO800159","HSS-8095468","C25123M134","VIHA-CVH-Comox Valley Hospital-Main Building-0th Floor","Courtenay","Main Building","CV0116","0","ISLHTRP20250908-039","09/30/2029","Operational","08/14/2026","","","Mobile Cart","Food Services","NTT-Deskside Services-NorthIsland-Staffed","All-in-One","TANGENT MEDIX 22B V20",""
"LD024143","HSS-8095469","CHYQ774","VIHA-CVH-Comox Valley Hospital-Main Building-0th Floor","Courtenay","Main Building","CV0705","0","ISLHTRP20250908-040","09/30/2029","Operational","08/14/2026","","","General Rounding","Stores","NTT-Deskside Services-NorthIsland-Staffed","Laptop","Dell LATITUDE 7450 V4",""
"AO800218","HSS-8095470","C25123M132","VIHA-CVH-Comox Valley Hospital-Main Building-1st Floor","Courtenay","Main Building","CV1633","1","ISLHTRP20250908-041","09/30/2029","Operational","07/28/2026","","","Mobile Cart","Emergency Department","NTT-Deskside Services-NorthIsland-Staffed","All-in-One","TANGENT MEDIX 22B V20",""
"AO800253","HSS-8095471","C25207M253","VIHA-CVH-Comox Valley Hospital-Main Building-1st Floor","Courtenay","Main Building","CV1741 - OR","1","ISLHTRP20250908-042","09/30/2029","Operational","08/04/2026","","","Mobile Cart","Administration","NTT-Deskside Services-NorthIsland-Staffed","All-in-One","TANGENT MEDIX 22B V20",""
"AO800270","HSS-8095472","C25123M139","VIHA-CVH-Comox Valley Hospital-Main Building-1st Floor","Courtenay","Main Building","CV1108","1","ISLHTRP20250908-043","09/30/2029","Operational","06/11/2026","","","Mobile Cart","Central Education and Conference Facilities","NTT-Deskside Services-NorthIsland-Staffed","All-in-One","TANGENT MEDIX 22B V20",""
"AO800196","HSS-8095473","C25123M133","VIHA-CVH-Comox Valley Hospital-Main Building-1st Floor","Courtenay","Main Building","CV1786","1","ISLHTRP20250908-044","09/30/2029","Operational","08/05/2026","","","Mobile Cart","Endoscopy","NTT-Deskside Services-NorthIsland-Staffed","All-in-One","TANGENT MEDIX 22B V20",""
"AO800263","HSS-8095474","C25123M181","VIHA-CVH-Comox Valley Hospital-Main Building-1st Floor","Courtenay","Main Building","CV1520","1","ISLHTRP20250908-045","09/30/2029","Operational","07/28/2026","","","Mobile Cart","Emergency Department","NTT-Deskside Services-NorthIsland-Staffed","All-in-One","TANGENT MEDIX 22B V20",""
"AO800177","HSS-8095475","C25207M238","VIHA-CVH-Comox Valley Hospital-Main Building-1st Floor","Courtenay","Main Building","CV1873 - Nuclear Medicine","1","ISLHTRP20250908-046","09/30/2029","Operational","05/15/2026","","","Mobile Cart","Nuclear Medicine","NTT-Deskside Services-NorthIsland-Staffed","All-in-One","TANGENT MEDIX 22B V20",""
"LD024383","HSS-8095476","1T9Q774","VIHA-CVH-Comox Valley Hospital-Main Building-1st Floor","Courtenay","Main Building","CV1503","1","ISLHTRP20250908-047","09/30/2029","Operational","07/17/2026","Moved from CV1529 to CV1503 - RITM2328242","","General Rounding","Eating Disorder Program","NTT-Deskside Services-NorthIsland-Staffed","Laptop","Dell LATITUDE 7450 V4",""
"AO800282","HSS-8095477","C25123M169","VIHA-CVH-Comox Valley Hospital-Main Building-1st Floor","Courtenay","Main Building","CV1920","1","ISLHTRP20250908-048","09/30/2029","Operational","07/28/2026","","","Mobile Cart","Emergency Department","NTT-Deskside Services-NorthIsland-Staffed","All-in-One","TANGENT MEDIX 22B V20",""
"AO800184","HSS-8095478","C25123M176","VIHA-CVH-Comox Valley Hospital-Main Building-1st Floor","Courtenay","Main Building","CV1751 - Endoscopy","1","ISLHTRP20250908-049","09/30/2029","Operational","08/04/2026","","","Mobile Cart","Administration","NTT-Deskside Services-NorthIsland-Staffed","All-in-One","TANGENT MEDIX 22B V20",""
"AO800238","HSS-8095479","C25123M160","VIHA-CVH-Comox Valley Hospital-Main Building-1st Floor","Courtenay","Main Building","CV1900","1","ISLHTRP20250908-050","09/30/2029","Operational","07/28/2026","","","Mobile Cart","Emergency Department","NTT-Deskside Services-NorthIsland-Staffed","All-in-One","TANGENT MEDIX 22B V20",""
"AO800235","HSS-8095481","C25123M146","VIHA-CVH-Comox Valley Hospital-Main Building-1st Floor","Courtenay","Main Building","CV1179","1","ISLHTRP20250908-052","09/30/2029","Operational","06/11/2026","","","Mobile Cart","Social Work","NTT-Deskside Services-NorthIsland-Staffed","All-in-One","TANGENT MEDIX 22B V20",""
"AO800187","HSS-8095482","C25123M142","VIHA-CVH-Comox Valley Hospital-Main Building-1st Floor","Courtenay","Main Building","CV1146 - Physiotherapy","1","ISLHTRP20250908-053","09/30/2029","Operational","01/16/2026","","","Mobile Cart","Social Work","NTT-Deskside Services-NorthIsland-Staffed","All-in-One","TANGENT MEDIX 22B V20",""
"LD024508","HSS-8095485","C0NQ774","VIHA-CVH-Comox Valley Hospital-Main Building-1st Floor","Courtenay","Main Building","CV1925 - in cupboard","1","ISLHTRP20250908-056","09/30/2029","Operational","07/28/2026","","","General Rounding","Emergency Department","NTT-Deskside Services-NorthIsland-Staffed","Laptop","Dell LATITUDE 7450 V4",""
"AO800183","HSS-8095486","C25123M149","VIHA-CVH-Comox Valley Hospital-Main Building-1st Floor","Courtenay","Main Building","CV1582","1","ISLHTRP20250908-057","09/30/2029","Operational","08/05/2026","","","Mobile Cart","Cancer Care","NTT-Deskside Services-NorthIsland-Staffed","All-in-One","TANGENT MEDIX 22B V20",""
"AO800290","HSS-8095487","C25207M208","VIHA-CVH-Comox Valley Hospital-Main Building-1st Floor","Courtenay","Main Building","CV1920","1","ISLHTRP20250908-058","09/30/2029","Operational","08/04/2026","","","Mobile Cart","Administration","NTT-Deskside Services-NorthIsland-Staffed","All-in-One","TANGENT MEDIX 22B V20",""
"AO800174","HSS-8095488","C25123M145","VIHA-CVH-Comox Valley Hospital-Main Building-1st Floor","Courtenay","Main Building","CV1920","1","ISLHTRP20250908-059","09/30/2029","Operational","07/28/2026","","","Mobile Cart","Emergency Department","NTT-Deskside Services-NorthIsland-Staffed","All-in-One","TANGENT MEDIX 22B V20",""
"AO800294","HSS-8095489","C25123M148","VIHA-CVH-Comox Valley Hospital-Main Building-1st Floor","Courtenay","Main Building","CV1786","1","ISLHTRP20250908-060","09/30/2029","Operational","08/05/2026","","","Mobile Cart","Endoscopy","NTT-Deskside Services-NorthIsland-Staffed","All-in-One","TANGENT MEDIX 22B V20",""
"AO800197","HSS-8095490","C25123M140","VIHA-CVH-Comox Valley Hospital-Main Building-1st Floor","Courtenay","Main Building","CV1752 - Endoscopy","1","ISLHTRP20250908-061","09/30/2029","Operational","08/04/2026","","","Mobile Cart","Administration","NTT-Deskside Services-NorthIsland-Staffed","All-in-One","TANGENT MEDIX 22B V20",""
"AO800243","HSS-8095491","C25123M150","VIHA-CVH-Comox Valley Hospital-Main Building-1st Floor","Courtenay","Main Building","CV1165","1","ISLHTRP20250908-062","09/30/2029","Operational","04/01/2026","","","Mobile Cart","Physiotherapy","NTT-Deskside Services-NorthIsland-Staffed","All-in-One","TANGENT MEDIX 22B V20",""
"AO800200","HSS-8095492","C25207M256","VIHA-CVH-Comox Valley Hospital-Main Building-1st Floor","Courtenay","Main Building","CV1707","1","ISLHTRP20250908-063","09/30/2029","Operational","06/12/2026","","","Mobile Cart","Nuclear Medicine","NTT-Deskside Services-NorthIsland-Staffed","All-in-One","TANGENT MEDIX 22B V20",""
"AO800264","HSS-8095493","C25207M250","VIHA-CVH-Comox Valley Hospital-Main Building-1st Floor","Courtenay","Main Building","CV1582","1","ISLHTRP20250908-064","09/30/2029","Operational","07/17/2026","","","Mobile Cart","Cancer Clinic","NTT-Deskside Services-NorthIsland-Staffed","All-in-One","TANGENT MEDIX 22B V20",""
"AO800193","HSS-8095494","C25207M249","VIHA-CVH-Comox Valley Hospital-Main Building-1st Floor","Courtenay","Main Building","CV1547","1","ISLHTRP20250908-065","09/30/2029","Operational","07/17/2026","","","Mobile Cart","Physician Contracts","NTT-Deskside Services-NorthIsland-Staffed","All-in-One","TANGENT MEDIX 22B V20",""
"LD024391","HSS-8095495","GS4P774","VIHA-CVH-Comox Valley Hospital-Main Building-1st Floor","Courtenay","Main Building","CV1531","1","ISLHTRP20250908-066","09/30/2029","Operational","07/17/2026","","","General Rounding","Nutrition Services","NTT-Deskside Services-NorthIsland-Staffed","Laptop","Dell LATITUDE 7450 V4",""
"LD024410","HSS-8095496","5Y4P774","VIHA-CVH-Comox Valley Hospital-Main Building-2nd Floor","Courtenay","Main Building","CV2422","2","ISLHTRP20250908-067","09/30/2029","Operational","07/10/2026","","","General Rounding","Administration","NTT-Deskside Services-NorthIsland-Staffed","Laptop","Dell LATITUDE 7450 V4",""
"LD024411","HSS-8095497","49NQ774","VIHA-CVH-Comox Valley Hospital-Main Building-2nd Floor","Courtenay","Main Building","CV2601","2","ISLHTRP20250908-068","09/30/2029","Operational","07/10/2026","","","General Rounding","BioMedical Engineering","NTT-Deskside Services-NorthIsland-Staffed","Laptop","Dell LATITUDE 7450 V4",""
"LD024384","HSS-8095498","7T9Q774","VIHA-CVH-Comox Valley Hospital-Main Building-2nd Floor","Courtenay","Main Building","CV2324","2","ISLHTRP20250908-069","09/30/2029","Operational","08/11/2026","","","General Rounding","Intensive Care/Telemetry Unit (ICU/TU)","NTT-Deskside Services-NorthIsland-Staffed","Laptop","Dell LATITUDE 7450 V4",""
"LD024392","HSS-8095499","4FYQ774","VIHA-CVH-Comox Valley Hospital-Main Building-1st Floor","Courtenay","Main Building","CV1536","1","ISLHTRP20250908-089","09/30/2029","Operational","07/17/2026","","","General Rounding","Medical Daycare","NTT-Deskside Services-NorthIsland-Staffed","Laptop","Dell LATITUDE 7450 V4",""
"AO800185","HSS-8095500","C25123M153","VIHA-CVH-Comox Valley Hospital-Main Building-1st Floor","Courtenay","Main Building","CV1920","1","ISLHTRP20250908-090","09/30/2029","Operational","08/04/2026","","","Mobile Cart","Administration","NTT-Deskside Services-NorthIsland-Staffed","All-in-One","TANGENT MEDIX 22B V20",""
"AO800162","HSS-8095501","C25123M147","VIHA-CVH-Comox Valley Hospital-Main Building-1st Floor","Courtenay","Main Building","CV1174 - Speech Therapy","1","ISLHTRP20250908-091","09/30/2029","Operational","08/04/2026","","","Mobile Cart","Administration","NTT-Deskside Services-NorthIsland-Staffed","All-in-One","TANGENT MEDIX 22B V20",""
"AO800173","HSS-8095504","C25123M137","VIHA-CVH-Comox Valley Hospital-Main Building-1st Floor","Courtenay","Main Building","CV1904","1","ISLHTRP20250908-094","09/30/2029","Operational","07/28/2026","","","Mobile Cart","Emergency Department","NTT-Deskside Services-NorthIsland-Staffed","All-in-One","TANGENT MEDIX 22B V20",""
"AO800204","HSS-8095506","C25123M151","VIHA-CVH-Comox Valley Hospital-Main Building-1st Floor","Courtenay","Main Building","CV1900","1","ISLHTRP20250908-096","09/30/2029","Operational","07/28/2026","","","Mobile Cart","Emergency Department","NTT-Deskside Services-NorthIsland-Staffed","All-in-One","TANGENT MEDIX 22B V20",""
"LD030589","HSS-8095971","D9JKP54","VIHA-CVH-Comox Valley Hospital-Main Building-0th Floor","Courtenay","Main Building","Admin","0","ISLHTRP20250929-001","03/31/2029","Operational","","","","General Rounding","Energy Env & Climate Chng","NTT-Deskside Services-NorthIsland-Staffed","Laptop","Dell LATITUDE 7450 V4",""
"AO800265","HSS-8095973","C24223M128","VIHA-CVH-Comox Valley Hospital-Main Building-1st Floor","Courtenay","Main Building","CV4128","4","ISLHTRP20250929-003","11/30/2029","Operational","08/06/2026","","","Mobile Cart","Transitional Care Unit","NTT-Deskside Services-NorthIsland-Staffed","All-in-One","TANGENT MEDIX 22B V9",""
"AO800188","HSS-8095976","C24223M090","VIHA-CVH-Comox Valley Hospital-Main Building-1st Floor","Courtenay","Main Building","CV1782 - Cystoscopy Clinic","1","ISLHTRP20250929-006","11/30/2029","Operational","08/04/2026","","","Mobile Cart","Administration","NTT-Deskside Services-NorthIsland-Staffed","All-in-One","TANGENT MEDIX 22B V9",""
"LD024364","HSS-8095977","1W5MR54","VIHA-CVH-Comox Valley Hospital-Main Building-1st Floor","Courtenay","Main Building","CV1163","1","ISLHTRP20250929-007","03/31/2029","Operational","06/11/2026","","","General Rounding","Physiotherapy","NTT-Deskside Services-NorthIsland-Staffed","Laptop","Dell LATITUDE 7450 V4",""
"AO800227","HSS-8095979","C24223M116","VIHA-CVH-Comox Valley Hospital-Main Building-1st Floor","Courtenay","Main Building","CV1742 - OR","1","ISLHTRP20250929-009","11/30/2029","Operational","08/04/2026","","","Mobile Cart","Administration","NTT-Deskside Services-NorthIsland-Staffed","All-in-One","TANGENT MEDIX 22B V9",""
"LD024094","HSS-8096006","6NSP774","VIHA-CFA-Courtenay Fitzgerald Avenue-Main Building-1st Floor","Courtenay","Main Building","9","1","ISLHTRP20250929-036","09/30/2029","Operational","07/21/2026","","","General Rounding","LTC Assessment Pgm-Comox","NTT-Deskside Services-NorthIsland-Local","Laptop","Dell LATITUDE 7450 V4",""
"LD024355","HSS-8096007","93NQ774","VIHA-CVH-Comox Valley Hospital-Main Building-1st Floor","Courtenay","Main Building","CV1411","1","ISLHTRP20250929-037","09/30/2029","Operational","","","","General Rounding","Foundation Partnership","NTT-Deskside Services-NorthIsland-Staffed","Laptop","Dell LATITUDE 7450 V4",""
"AO800205","HSS-8096008","C25122M028","VIHA-CVH-Comox Valley Hospital-Main Building-2nd Floor","Courtenay","Main Building","CV2152","2","ISLHTRP20250929-038","05/31/2029","Operational","03/05/2026","","","Mobile Cart","IMIT","NTT-Deskside Services-NorthIsland-Staffed","All-in-One","TANGENT MEDIX 22B V20",""
"AO800221","HSS-8096010","C25122M024","VIHA-CVH-Comox Valley Hospital-Main Building-2nd Floor","Courtenay","Main Building","CV2821","2","ISLHTRP20250929-040","05/31/2029","Operational","04/09/2026","","","Mobile Cart","Surgical Daycare","NTT-Deskside Services-NorthIsland-Staffed","All-in-One","TANGENT MEDIX 22B V20",""
"AO800211","HSS-8096011","C25122M014","VIHA-CVH-Comox Valley Hospital-Main Building-3rd Floor","Courtenay","Main Building","CV3120","3","ISLHTRP20250929-041","05/31/2029","Operational","07/14/2026","","","Mobile Cart","General Medical / Surgical Inpatient Unit","NTT-Deskside Services-NorthIsland-Staffed","All-in-One","TANGENT MEDIX 22B V20",""
"AO800283","HSS-8096013","C25122M010","VIHA-CVH-Comox Valley Hospital-Main Building-3rd Floor","Courtenay","Main Building","CV3809","3","ISLHTRP20250929-043","05/31/2029","Operational","06/19/2026","","","Mobile Cart","Physiotherapy","NTT-Deskside Services-NorthIsland-Staffed","All-in-One","TANGENT MEDIX 22B V20",""
"AO800291","HSS-8096014","C25122M012","VIHA-CVH-Comox Valley Hospital-Main Building-4th Floor","Courtenay","Main Building","CV4320","4","ISLHTRP20250929-044","05/31/2029","Operational","07/17/2026","","","Mobile Cart","Transitional Care Unit","NTT-Deskside Services-NorthIsland-Staffed","All-in-One","TANGENT MEDIX 22B V20",""
"AO800181","HSS-8096015","C25122M013","VIHA-CVH-Comox Valley Hospital-Main Building-4th Floor","Courtenay","Main Building","CV4313 Hallway","4","ISLHTRP20250929-045","05/31/2029","Operational","07/17/2026","","","Mobile Cart","Transitional Care Unit","NTT-Deskside Services-NorthIsland-Staffed","All-in-One","TANGENT MEDIX 22B V20",""
"AO800165","HSS-8096016","C25122M008","VIHA-CVH-Comox Valley Hospital-Main Building-4th Floor","Courtenay","Main Building","CV4129","4","ISLHTRP20250929-046","05/31/2029","Operational","08/06/2026","","","Mobile Cart","Transitional Care Unit","NTT-Deskside Services-NorthIsland-Staffed","All-in-One","TANGENT MEDIX 22B V20",""
"LD057284","HSS-8096017","DFHP774","VIHA-SJC-St. Joseph's Campus-Main Building-3rd Floor","Comox","Main Building","321","3","ISLHTRP20250929-047","09/30/2029","Operational","04/02/2026","","","General Rounding","Risk Management and Adult Guardianship","NTT-Deskside Services-NorthIsland-Local","Laptop","Dell LATITUDE 7450 V4",""
"AO800284","HSS-8096123","C25207M233","VIHA-CVH-Comox Valley Hospital-Main Building-3rd Floor","Courtenay","Main Building","CV3120","3","ISLHTRP100625-001","09/30/2029","Operational","07/14/2026","","","Mobile Cart","General Medical / Surgical Inpatient Unit","NTT-Deskside Services-NorthIsland-Staffed","All-in-One","TANGENT MEDIX 22B V20",""
"AO800222","HSS-8096124","C25207M231","VIHA-CVH-Comox Valley Hospital-Main Building-3rd Floor","Courtenay","Main Building","CV3720","3","ISLHTRP100625-002","09/30/2029","Operational","07/14/2026","","","Mobile Cart","General Medical / Surgical Inpatient Unit","NTT-Deskside Services-NorthIsland-Staffed","All-in-One","TANGENT MEDIX 22B V20",""
"AO800275","HSS-8096125","C25207M232","VIHA-CVH-Comox Valley Hospital-Main Building-3rd Floor","Courtenay","Main Building","CV3920","3","ISLHTRP100625-003","09/30/2029","Operational","07/14/2026","","","Mobile Cart","General Medical / Surgical Inpatient Unit","NTT-Deskside Services-NorthIsland-Staffed","All-in-One","TANGENT MEDIX 22B V20",""
"AO800293","HSS-8096126","C25207M211","VIHA-CVH-Comox Valley Hospital-Main Building-4th Floor","Courtenay","Main Building","CV4122","4","ISLHTRP100625-004","09/30/2029","Operational","08/06/2026","","","Mobile Cart","Transitional Care Unit","NTT-Deskside Services-NorthIsland-Staffed","All-in-One","TANGENT MEDIX 22B V20",""
"AO800214","HSS-8096127","C25207M219","VIHA-CVH-Comox Valley Hospital-Main Building-4th Floor","Courtenay","Main Building","CV4122","4","ISLHTRP100625-005","09/30/2029","Operational","07/17/2026","","","Mobile Cart","Psychiatric Inpatient Unit","NTT-Deskside Services-NorthIsland-Staffed","All-in-One","TANGENT MEDIX 22B V20",""
"AO800179","HSS-8096128","C25207M240","VIHA-CVH-Comox Valley Hospital-Main Building-4th Floor","Courtenay","Main Building","CV4912","4","ISLHTRP100625-006","09/30/2029","Operational","07/17/2026","","","Mobile Cart","Psychiatric Inpatient Unit","NTT-Deskside Services-NorthIsland-Staffed","All-in-One","TANGENT MEDIX 22B V20",""
"LD058959","HSS-8096152","3NZN774","VIHA-CVHCC-Comox Valley Home & Community Care-Main Building-1st Floor","Courtenay","Main Building","Room 110","1st Floor","ISLHTRP100625-030","11/30/2029","Operational","","","Client is WFH.","Excluded","Profession Practice Team A","NTT-Deskside Services-NorthIsland-Local","Laptop","Dell LATITUDE 7450 V4",""
"AO800287","HSS-8096153","C25123M156","VIHA-CVH-Comox Valley Hospital-Main Building-2nd Floor","Courtenay","Main Building","CV2701 (OR3)","2","ISLHTRP100625-031","09/30/2029","Operational","12/12/2025","","","Mobile Cart","Operating Room","NTT-Deskside Services-NorthIsland-Staffed","All-in-One","TANGENT MEDIX 22B V20",""
"AO800229","HSS-8096155","C25123M163","VIHA-CVH-Comox Valley Hospital-Main Building-2nd Floor","Courtenay","Main Building","CV2706 (OR6)","2","ISLHTRP100625-033","09/30/2029","Operational","12/12/2025","","","Mobile Cart","Operating Room","NTT-Deskside Services-NorthIsland-Staffed","All-in-One","TANGENT MEDIX 22B V20",""
"AO800198","HSS-8096156","C25123M164","VIHA-CVH-Comox Valley Hospital-Main Building-2nd Floor","Courtenay","Main Building","CV2734 (OR5)","2","ISLHTRP100625-034","09/30/2029","Operational","12/12/2025","","","Mobile Cart","Operating Room","NTT-Deskside Services-NorthIsland-Staffed","All-in-One","TANGENT MEDIX 22B V20",""
"AO800277","HSS-8096157","C25123M143","VIHA-CVH-Comox Valley Hospital-Main Building-3rd Floor","Courtenay","Main Building","CV3720","3","ISLHTRP100625-035","09/30/2029","Operational","07/14/2026","","","Mobile Cart","General Medical / Surgical Inpatient Unit","NTT-Deskside Services-NorthIsland-Staffed","All-in-One","TANGENT MEDIX 22B V20",""
"AO800245","HSS-8096158","C25123M179","VIHA-CVH-Comox Valley Hospital-Main Building-3rd Floor","Courtenay","Main Building","CV3720","3","ISLHTRP100625-036","09/30/2029","Operational","07/14/2026","","","Mobile Cart","General Medical / Surgical Inpatient Unit","NTT-Deskside Services-NorthIsland-Staffed","All-in-One","TANGENT MEDIX 22B V20",""
"AO800261","HSS-8096159","C25123M170","VIHA-CVH-Comox Valley Hospital-Main Building-3rd Floor","Courtenay","Main Building","CV3720","3","ISLHTRP100625-037","09/30/2029","Operational","07/14/2026","","","Mobile Cart","General Medical / Surgical Inpatient Unit","NTT-Deskside Services-NorthIsland-Staffed","All-in-One","TANGENT MEDIX 22B V20",""
"AO800276","HSS-8096160","C25123M180","VIHA-CVH-Comox Valley Hospital-Main Building-1st Floor","Courtenay","Main Building","CV1900","1","ISLHTRP100625-038","09/30/2029","Operational","07/28/2026","","","Mobile Cart","Emergency Department","NTT-Deskside Services-NorthIsland-Staffed","All-in-One","TANGENT MEDIX 22B V20",""
"LD042887","HSS-8096161","63ZP774","VIHA-CVH-Comox Valley Hospital-Main Building","Courtenay","Main Building","NTT Tech Office - WFH (Heather Gratton)","","ISLHTRP100625-039","11/30/2029","Operational","","","","Excluded","Home Care Monitoring","NTT-Deskside Services-NorthIsland-Staffed","Laptop","Dell LATITUDE 7450 V4",""
"AO800246","HSS-8096163","C25122M022","VIHA-CVH-Comox Valley Hospital-Main Building-2nd Floor","Courtenay","Main Building","CV2702 (OR2)","2","ISLHTRP100625-041","05/31/2029","Operational","12/12/2025","","","Mobile Cart","Operating Room","NTT-Deskside Services-NorthIsland-Staffed","All-in-One","TANGENT MEDIX 22B V20",""
"AO800191","HSS-8096164","C25123M184","VIHA-CVH-Comox Valley Hospital-Main Building-2nd Floor","Courtenay","Main Building","CV2732 (OR Hall)","2","ISLHTRP100625-042","09/30/2029","Operational","12/12/2025","","","Mobile Cart","Operating Room","NTT-Deskside Services-NorthIsland-Staffed","All-in-One","TANGENT MEDIX 22B V20",""
"AO800285","HSS-8096166","C25123M168","VIHA-CVH-Comox Valley Hospital-Main Building-2nd Floor","Courtenay","Main Building","CV2822","2","ISLHTRP100625-044","09/30/2029","Operational","","","","Mobile Cart","Surgical Daycare","NTT-Deskside Services-NorthIsland-Staffed","All-in-One","TANGENT MEDIX 22B V20",""
"AO800236","HSS-8096167","C25123M154","VIHA-CVH-Comox Valley Hospital-Main Building-2nd Floor","Courtenay","Main Building","CV2705 (OR4)","2","ISLHTRP100625-045","09/30/2029","Operational","12/12/2025","","","Mobile Cart","Operating Room","NTT-Deskside Services-NorthIsland-Staffed","All-in-One","TANGENT MEDIX 22B V20",""
"LD024509","HSS-8096192","PF589WAF","VIHA-CVH-Comox Valley Hospital-Main Building-0th Floor","Courtenay","Main Building","WFH (CV0307)","0","ISLHTRP20251013-025","09/30/2029","Operational","","","","Excluded","Site Support and Business Services","NTT-Deskside Services-NorthIsland-Staffed","Laptop","LENOVO THINKPAD T14",""
"LD1000303","HSS-8096193","PF58DRGX","VIHA-CVH-Comox Valley Hospital-Main Building-2nd Floor","Courtenay","Main Building","CV2601","2","ISLHTRP20251013-026","09/30/2029","Operational","07/10/2026","","","General Rounding","Biomedical Engineering","NTT-Deskside Services-NorthIsland-Staffed","Laptop","LENOVO THINKPAD T14",""
"LD1000296","HSS-8096483","PF5SRQ54","VIHA-CVCHC-Comox Valley Community Health Centre-Main Building-1st Floor","Courtenay","941-A England Ave.","Staff Room - WFH Madison Humphrey","","ISLHTRP20251117-002","12/31/2029","Operational","","","","Excluded","","NTT-Deskside Services-NorthIsland-Local","Laptop","LENOVO THINKPAD T14",""
"LD059643","HSS-8096509","PF5GY1BV","VIHA-CVMHAS-Comox Valley Mental Health & Addiction Services-Main Building-1st Floor","Courtenay","Main Building","105","2","ISLHTRP20251117-054","09/30/2029","Operational","","","","General Rounding","MHSU Contracts Department - WFH Michelle Hamilton","NTT-Deskside Services-NorthIsland-Local","Laptop","LENOVO THINKPAD T14",""
"LD057610","HSS-8096510","PF5GY1F6","VIHA-SJC-St. Joseph's Campus-Main Building-2nd Floor","Comox","Main Building","228","2","ISLHTRP20251117-061","09/30/2029","Operational","04/02/2026","","","General Rounding","CYF MHSU","NTT-Deskside Services-NorthIsland-Local","Laptop","LENOVO THINKPAD T14",""
"LD046488","HSS-8096511","PF5GYCR5","VIHA-SJC-St. Joseph's Campus-Main Building-2nd Floor","Comox","Main Building","228","2","ISLHTRP20251117-062","09/30/2029","Operational","04/02/2026","","20221128-VIHA-SJGH-St. Joseph's General Hospital was formally closed October 21, 2017
and the remaining site was named VIHA-SJC-St. Joseph's Campus.
Location updated to VIHA-SJC-St. Joseph's Campus per TASK0035172","General Rounding","CYF MHSU","NTT-Deskside Services-NorthIsland-Local","Laptop","LENOVO THINKPAD T14",""
"LD057750","HSS-8096546","PF5SRH6N","VIHA-CVH-Comox Valley Hospital","Courtenay","Main Building","WFH","2","ISLHTRP20251117-072","01/31/2030","Operational","","","IM/IT Device Management Services Room KW233","Excluded","Implement - Project Management CDHRP","NTT-Deskside Services-NorthIsland-Staffed","Laptop","LENOVO THINKPAD T14",""
"LD065098","HSS-8096648","PF5S1MY9","VIHA-CVH-Comox Valley Hospital-Main Building-0th Floor","Courtenay","Main Building","WFH - Kerrie Bostock","0","ISLHTRP20251201-007","01/31/2030","Operational","12/16/2025","22-MAY-2026: RITM2288817 - ShipLink: 44638 | PIN: 335849745328 (shipping from CDH to CVH)","","Excluded","Work From Home","NTT-Deskside Services-NorthIsland-Staffed","Laptop","LENOVO THINKPAD T14",""
"AO1000062","HSS-8096751","T25923M161","VIHA-CVH-Comox Valley Hospital-Main Building-0th Floor","Courtenay","Main Building","CV0224","0","ISLHTRP20251208-003","01/31/2030","Operational","08/14/2026","","","Mobile Cart","Pharmacy","NTT-Deskside Services-NorthIsland-Staffed","All-in-One","TANGENT MEDIX 24v2 32GB","Tangent Medix M24 AIO"
"AO1000061","HSS-8096752","T25924M027","VIHA-CVH-Comox Valley Hospital-Main Building-0th Floor","Courtenay","Main Building","CV0222","0","ISLHTRP20251208-004","01/31/2030","Operational","08/14/2026","","","Mobile Cart","Pharmacy","NTT-Deskside Services-NorthIsland-Staffed","All-in-One","TANGENT MEDIX 24v2 32GB","Tangent Medix M24 AIO"
"AO1000060","HSS-8096753","C25318M253","VIHA-CVH-Comox Valley Hospital-Main Building-1st Floor","Courtenay","Main Building","CV1179","1","ISLHTRP20251208-006","01/31/2030","Operational","06/11/2026","","","Mobile Cart","Physiotherapy","NTT-Deskside Services-NorthIsland-Staffed","All-in-One","TANGENT MEDIX 22B V20",""
"PC048736","HSS-8096755","MZ02CGZJ","VIHA-CVH-Comox Valley Hospital-Main Building-2nd Floor","Courtenay","Main Building","CV2107","2","ISLHTRP20251208-002","01/31/2030","Operational","07/10/2026","","","General Rounding","Pediatrics","NTT-Deskside Services-NorthIsland-Staffed","Desktop","LENOVO M90q Gen 5 Desktop 512HD",""
"AO800167","HSS-8096756","C25318M251","VIHA-CVH-Comox Valley Hospital-Main Building-3rd Floor","Courtenay","Main Building","CV3907","3","ISLHTRP20251208-005","01/31/2030","Operational","07/14/2026","","","Mobile Cart","General Medical / Surgical Inpatient Unit","NTT-Deskside Services-NorthIsland-Staffed","All-in-One","TANGENT MEDIX 22B V20",""
"AO800186","HSS-8096757","C25318M254","VIHA-CVH-Comox Valley Hospital-Main Building-3rd Floor","Courtenay","Main Building","CV 3B","3","ISLHTRP20251208-007","01/31/2030","Operational","07/14/2026","","","Mobile Cart","General Medical / Surgical Inpatient Unit","NTT-Deskside Services-NorthIsland-Staffed","All-in-One","TANGENT MEDIX 22B V20",""
"AO800267","HSS-8096758","C25318M252","VIHA-CVH-Comox Valley Hospital-Main Building-3rd Floor","Courtenay","Main Building","3A Hallway","3","ISLHTRP20251208-008","01/31/2030","Operational","07/14/2026","","","Mobile Cart","General Medical / Surgical Inpatient Unit","NTT-Deskside Services-NorthIsland-Staffed","All-in-One","TANGENT MEDIX 22B V20",""
"AO800201","HSS-8096760","C25318M274","VIHA-CVH-Comox Valley Hospital-Main Building-3rd Floor","Courtenay","Main Building","CV 3B","3","ISLHTRP20251208-010","01/31/2030","Operational","07/14/2026","","","Mobile Cart","General Medical / Surgical Inpatient Unit","NTT-Deskside Services-NorthIsland-Staffed","All-in-One","TANGENT MEDIX 22B V20",""
"AO800175","HSS-8096761","C25318M256","VIHA-CVH-Comox Valley Hospital-Main Building-3rd Floor","Courtenay","Main Building","CV3729","3","ISLHTRP20251208-012","01/31/2030","Operational","07/14/2026","","","Mobile Cart","General Medical / Surgical Inpatient Unit","NTT-Deskside Services-NorthIsland-Staffed","All-in-One","TANGENT MEDIX 22B V20",""
"AO800168","HSS-8096762","C25318M246","VIHA-CVH-Comox Valley Hospital-Main Building-3rd Floor","Courtenay","Main Building","3A Hallway","3","ISLHTRP20251208-013","01/31/2030","Operational","07/14/2026","","","Mobile Cart","General Medical / Surgical Inpatient Unit","NTT-Deskside Services-NorthIsland-Staffed","All-in-One","TANGENT MEDIX 22B V20",""
"LD024377","HSS-8096776","PF5S204E","VIHA-CVH-Comox Valley Hospital-Main Building-0th Floor","Courtenay","Main Building","CV0620 (D Carlson Spare Desk)","0","ISLHTRP20251208-055","01/31/2030","Operational","","","","General Rounding","IMIT","NTT-Deskside Services-NorthIsland-Staffed","Laptop","LENOVO THINKPAD T14",""
"AO1000064","HSS-8096777","C25318M248","VIHA-CVH-Comox Valley Hospital-Main Building-1st Floor","Courtenay","Main Building","CV1179","1","ISLHTRP20251208-057","01/31/2030","Operational","06/11/2026","","","Mobile Cart","Physio Therapy","NTT-Deskside Services-NorthIsland-Staffed","All-in-One","TANGENT MEDIX 22B V20",""
"PC024462","HSS-8096778","MZ02CGZY","VIHA-CVH-Comox Valley Hospital-Main Building-2nd Floor","Courtenay","Main Building","CV2911","2","ISLHTRP20251208-051","01/31/2030","Operational","08/12/2026","","","General Rounding","Histology","NTT-Deskside Services-NorthIsland-Staffed","Desktop","LENOVO M90q Gen 5 Desktop 512HD",""
"PC024450","HSS-8096779","MZ02CGZQ","VIHA-CVH-Comox Valley Hospital-Main Building-2nd Floor","Courtenay","Main Building","CV2901","2","ISLHTRP20251208-052","01/31/2030","Operational","08/12/2026","","","General Rounding","Laboratory","NTT-Deskside Services-NorthIsland-Staffed","Desktop","LENOVO M90q Gen 5 Desktop 512HD",""
"LD024255","HSS-8096780","PF5RY37N","VIHA-CVH-Comox Valley Hospital-Main Building-2nd Floor","Courtenay","Main Building","CV2129","2","ISLHTRP20251208-053","01/31/2030","Operational","03/27/2026","","","General Rounding","Clinical Nurse Educator - Mat/Child","NTT-Deskside Services-NorthIsland-Staffed","Laptop","LENOVO THINKPAD T14",""
"LD024065","HSS-8096781","PF5RK1D3","VIHA-CVH-Comox Valley Hospital-Main Building-2nd Floor","Courtenay","Main Building","CR2503 BIOMED","2","ISLHTRP20251208-054","01/31/2030","Operational","","","","General Rounding","Biomedical Engineering (CV2603)","NTT-Deskside Services-NorthIsland-Staffed","Laptop","LENOVO THINKPAD T14",""
"AO800231","HSS-8096782","C25318M250","VIHA-CVH-Comox Valley Hospital-Main Building-3rd Floor","Courtenay","Main Building","CV3920","3","ISLHTRP20251208-058","01/31/2030","Operational","07/14/2026","","","Mobile Cart","General Medical / Surgical Inpatient Unit","NTT-Deskside Services-NorthIsland-Staffed","All-in-One","TANGENT MEDIX 22B V20",""
"AO800230","HSS-8096784","C25318M258","VIHA-CVH-Comox Valley Hospital-Main Building-4th Floor","Courtenay","Main Building","CV4320","4","ISLHTRP20251208-056","01/31/2030","Operational","07/17/2026","","","Mobile Cart","Transitional Care Unit","NTT-Deskside Services-NorthIsland-Staffed","All-in-One","TANGENT MEDIX 22B V20",""
"AO800228","HSS-8096787","C25318M277","VIHA-CVH-Comox Valley Hospital-Main Building-2nd Floor","Courtenay","Main Building","CV2826","2","ISLHTRP20251208-072","01/31/2030","Operational","03/02/2026","","","Mobile Cart","Surgical Services","NTT-Deskside Services-NorthIsland-Staffed","All-in-One","TANGENT MEDIX 22B V20",""
"AO800272","HSS-8096788","C25318M278","VIHA-CVH-Comox Valley Hospital-Main Building-2nd Floor","Courtenay","Main Building","CV2104","2","ISLHTRP20251208-073","01/31/2030","Operational","05/15/2026","","","Mobile Cart","Pediatrics","NTT-Deskside Services-NorthIsland-Staffed","All-in-One","TANGENT MEDIX 22B V20",""
"AO1000063","HSS-8096790","C25318M101","VIHA-CVH-Comox Valley Hospital-Main Building-2nd Floor","Courtenay","Main Building","CV2840","2","ISLHTRP20251208-075","01/31/2030","Operational","03/25/2026","","","Mobile Cart","Surgical Services - PACU","NTT-Deskside Services-NorthIsland-Staffed","All-in-One","TANGENT MEDIX 22B V20",""
"AO800216","HSS-8096791","C25318M245","VIHA-CVH-Comox Valley Hospital-Main Building-2nd Floor","Courtenay","Main Building","CV2823","2","ISLHTRP20251208-076","01/31/2030","Operational","04/09/2026","","","Mobile Cart","Surgical Daycare","NTT-Deskside Services-NorthIsland-Staffed","All-in-One","TANGENT MEDIX 22B V20",""
"LD057819","HSS-8096792","PF5X9NZR","VIHA-SJC-St. Joseph's Campus-Main Building-2nd Floor","Comox","Main Building","228","2","ISLHTRP20251208-088","01/31/2030","Operational","04/02/2026","","","General Rounding","Integrated Child and Young Team","NTT-Deskside Services-NorthIsland-Local","Laptop","LENOVO THINKPAD T14 GEN6",""
"AO800288","HSS-8096961","C25318M263","VIHA-CVH-Comox Valley Hospital-Main Building-2nd Floor","Courtenay","Main Building","CV2823","2","ISLHTRP20260105-002","01/31/2030","Operational","04/09/2026","","","Mobile Cart","OR","NTT-Deskside Services-NorthIsland-Staffed","All-in-One","TANGENT MEDIX 22B V20",""
"AO800266","HSS-8096962","C25207M220","VIHA-CVH-Comox Valley Hospital-Main Building-0th Floor","Courtenay","Main Building","CV0205","0","ISLHTRP20260105-003","09/30/2029","Operational","08/14/2026","","","Mobile Cart","Pharmacy","NTT-Deskside Services-NorthIsland-Staffed","All-in-One","TANGENT MEDIX 22B V20",""
"AO800217","HSS-8096963","C25207M214","VIHA-CVH-Comox Valley Hospital-Main Building-2nd Floor","Courtenay","Main Building","CV2300 - Hallway","2","ISLHTRP20260105-004","09/30/2029","Operational","08/11/2026","","","Mobile Cart","Intensive Care/Telemetry Unit (ICU/TU)","NTT-Deskside Services-NorthIsland-Staffed","All-in-One","TANGENT MEDIX 22B V20",""
"AO800219","HSS-8096964","C25207M212","VIHA-CVH-Comox Valley Hospital-Main Building-2nd Floor","Courtenay","Main Building","CV2322 - Nursing Station","2","ISLHTRP20260105-005","09/30/2029","Operational","08/11/2026","","","Mobile Cart","Intensive Care/Telemetry Unit (ICU/TU)","NTT-Deskside Services-NorthIsland-Staffed","All-in-One","TANGENT MEDIX 22B V20",""
"LD025514","HSS-8096965","PF5GZFR9","VIHA-CFA-Courtenay Fitzgerald Avenue-Main Building-1st Floor","Courtenay","Main Building","2","1","ISLHTRP20260105-016","09/30/2029","Operational","07/21/2026",""," 200-635 Fitzgerald ave","General Rounding","Home Support","NTT-Deskside Services-NorthIsland-Local","Laptop","LENOVO THINKPAD T14",""
"LD022644","HSS-8096966","PF5GYCQB","VIHA-CCA-Courtenay Cliffe Avenue-Main Building-1st Floor","Courtenay","Main Building","C109","1","ISLHTRP20260105-017","09/30/2029","Operational","07/24/2026","","","General Rounding","Comox HCN Team CHS CV","NTT-Deskside Services-NorthIsland-Local","Laptop","LENOVO THINKPAD T14",""
"AO800207","HSS-8096967","C25318M227","VIHA-CCA-Courtenay Cliffe Avenue-Main Building-1st Floor","Courtenay","Main Building","C104","1","ISLHTRP20260105-018","01/31/2030","Operational","07/24/2026","","","Mobile Cart","Community Health Services (CHS)","NTT-Deskside Services-NorthIsland-Local","All-in-One","TANGENT MEDIX 22B V20",""
"PC026046","HSS-8096989","MZ0293EP","VIHA-CVH-Comox Valley Hospital-Main Building-3rd Floor","Courtenay","Main Building","CV3204","3","ISLHTRP20260105-056","02/28/2030","Operational","07/15/2026","","","General Rounding","General Medical / Surgical Inpatient Unit","NTT-Deskside Services-NorthIsland-Staffed","Desktop","LENOVO M90q Gen 5 Desktop 512HD",""
"PC026151","HSS-8096990","MZ0293EM","VIHA-CVH-Comox Valley Hospital-Main Building-2nd Floor","Courtenay","Main Building","CV2175 (724)","2","ISLHTRP20260105-057","02/28/2030","Operational","08/07/2026","","","General Rounding","Maternity and Newborn Inpatient Unit","NTT-Deskside Services-NorthIsland-Staffed","Desktop","LENOVO M90q Gen 5 Desktop 512HD",""
"PC026041","HSS-8096991","MZ0293E1","VIHA-CVH-Comox Valley Hospital-Main Building-0th Floor","Courtenay","Main Building","CV0201","0","ISLHTRP20260105-058","12/31/2029","Operational","08/14/2026","","","General Rounding","Pharmacy","NTT-Deskside Services-NorthIsland-Staffed","Desktop","LENOVO M90q Gen 5 Desktop 512HD",""
"LD024349","HSS-8096995","PF5RJM4X","VIHA-CVH-Comox Valley Hospital-Main Building-0th Floor","Courtenay","Main Building","CV0101","0","ISLHTRP20260105-062","01/31/2030","Operational","08/14/2026","","","General Rounding","Nutrition services","NTT-Deskside Services-NorthIsland-Staffed","Laptop","LENOVO THINKPAD T14",""
"LD059443","HSS-8096996","PF5STHYD","VIHA-CVH-Comox Valley Hospital-Main Building-3rd Floor","Courtenay","Main Building","CV3805","3","ISLHTRP20260105-063","01/31/2030","Operational","07/14/2026","","","General Rounding","General Medical / Surgical Inpatient Unit","NTT-Deskside Services-NorthIsland-Staffed","Laptop","LENOVO THINKPAD T14",""
"AO800279","HSS-8096997","C25318M123","VIHA-CVH-Comox Valley Hospital-Main Building-2nd Floor","Courtenay","Main Building","","2","ISLHTRP20260105-064","01/31/2030","Operational","","","","Mobile Cart","","NTT-Deskside Services-NorthIsland-Staffed","All-in-One","TANGENT MEDIX 22B V20",""
"LD065273","HSS-8096998","PF5XAHH5","VIHA-CVH-Comox Valley Hospital-Main Building-0th Floor","Courtenay","Main Building","CV0320","0","ISLHTRP20260105-078","02/28/2030","Operational","","","","General Rounding","Clinical Information Services","NTT-Deskside Services-NorthIsland-Staffed","Laptop","LENOVO THINKPAD T14 GEN6",""
"AO000099","HSS-8096999","T25923M020","VIHA-CVH-Comox Valley Hospital-Main Building-0th Floor","Courtenay","","CV0620","0","ISLHTRP20260105-079","02/28/2030","Operational","","","","Mobile Cart","","NTT-Deskside Services-NorthIsland-Staffed","All-in-One","TANGENT MEDIX 24v2 32GB",""
"AO800220","HSS-8097000","C25318M282","VIHA-CVH-Comox Valley Hospital-Main Building-1st Floor","Courtenay","Main Building","Health Records Annex","1","ISLHTRP20260105-080","01/31/2030","Operational","","","","Mobile Cart","Health Records","NTT-Deskside Services-NorthIsland-Staffed","All-in-One","TANGENT MEDIX 22B V20",""
"AO800213","HSS-8097001","C25318M275","VIHA-CVH-Comox Valley Hospital-Main Building-1st Floor","Courtenay","Main Building","CV1900","1","ISLHTRP20260105-081","01/31/2030","Operational","07/28/2026","","","Mobile Cart","Emergency Department","NTT-Deskside Services-NorthIsland-Staffed","All-in-One","TANGENT MEDIX 22B V20",""
"AO1000082","HSS-8097002","C25318M284","VIHA-CVH-Comox Valley Hospital-Main Building-1st Floor","Courtenay","Main Building","CV1582","1","ISLHTRP20260105-082","01/31/2030","Operational","08/05/2026","","","Mobile Cart","Cancer Care","NTT-Deskside Services-NorthIsland-Staffed","All-in-One","TANGENT MEDIX 22B V20",""
"AO1000080","HSS-8097003","C25318M279","VIHA-CVH-Comox Valley Hospital-Main Building-2nd Floor","Courtenay","Main Building","CV2222 hallway","2","ISLHTRP20260105-083","01/31/2030","Operational","08/11/2026","","","Mobile Cart","Intensive Care/Telemetry Unit (ICU/TU)","NTT-Deskside Services-NorthIsland-Staffed","All-in-One","TANGENT MEDIX 22B V20",""
"AO1000079","HSS-8097004","C25318M273","VIHA-CVH-Comox Valley Hospital-Main Building-2nd Floor","Courtenay","Main Building","CV2319","2","ISLHTRP20260105-084","01/31/2030","Operational","08/11/2026","","","Mobile Cart","Intensive Care/Telemetry Unit (ICU/TU)","NTT-Deskside Services-NorthIsland-Staffed","All-in-One","TANGENT MEDIX 22B V20",""
"AO800172","HSS-8097005","C25318M276","VIHA-CVH-Comox Valley Hospital-Main Building-2nd Floor","Courtenay","Main Building","","2","ISLHTRP20260105-085","01/31/2030","Operational","","","","Mobile Cart","","NTT-Deskside Services-NorthIsland-Staffed","All-in-One","TANGENT MEDIX 22B V20",""
"AO1000081","HSS-8097006","C25318M272","VIHA-CVH-Comox Valley Hospital-Main Building-1st Floor","Courtenay","Main Building","","1","ISLHTRP20260105-086","01/31/2030","Operational","","","","Mobile Cart","","NTT-Deskside Services-NorthIsland-Staffed","All-in-One","TANGENT MEDIX 22B V20",""
"LD035793","HSS-8097253","PF5WP0DT","VIHA-CVH-Comox Valley Hospital-Main Building-1st Floor","Courtenay","Main Building","Admin","1","ISLHTRP20260126-001","02/28/2030","Operational","08/04/2026","","","General Rounding","Administration","NTT-Deskside Services-NorthIsland-Staffed","Laptop","LENOVO THINKPAD T14 GEN6",""
"AO800161","HSS-8097254","C25318M231","VIHA-CVH-Comox Valley Hospital-Main Building-3rd Floor","Courtenay","Main Building","Hallway","3","ISLHTRP20260126-002","01/31/2030","Operational","07/14/2026","","","Mobile Cart","General Medical / Surgical Inpatient Unit","NTT-Deskside Services-NorthIsland-Staffed","All-in-One","TANGENT MEDIX 22B V20",""
"AO800233","HSS-8097255","C25318M216","VIHA-CVH-Comox Valley Hospital-Main Building-3rd Floor","Courtenay","Main Building","Hallway","3","ISLHTRP20260126-003","01/31/2030","Operational","07/14/2026","","","Mobile Cart","General Medical / Surgical Inpatient Unit","NTT-Deskside Services-NorthIsland-Staffed","All-in-One","TANGENT MEDIX 22B V20",""
"AO800226","HSS-8097256","C25318M217","VIHA-CVH-Comox Valley Hospital-Main Building-3rd Floor","Courtenay","Main Building","Hallway","3","ISLHTRP20260126-004","01/31/2030","Operational","07/14/2026","","","Mobile Cart","General Medical / Surgical Inpatient Unit","NTT-Deskside Services-NorthIsland-Staffed","All-in-One","TANGENT MEDIX 22B V20",""
"AO800210","HSS-8097258","C25318M232","VIHA-CVH-Comox Valley Hospital-Main Building-3rd Floor","Courtenay","Main Building","3A Hallway","3","ISLHTRP20260126-006","01/31/2030","Operational","07/20/2026","","","Mobile Cart","General Medical / Surgical Inpatient Unit","NTT-Deskside Services-NorthIsland-Staffed","All-in-One","TANGENT MEDIX 22B V20",""
"AO800255","HSS-8097261","C25318M160","VIHA-CVH-Comox Valley Hospital-Main Building-3rd Floor","Courtenay","Main Building","3B Hallway","3","ISLHTRP20260126-009","01/31/2030","Operational","03/25/2026","","","Mobile Cart","3B","NTT-Deskside Services-NorthIsland-Staffed","All-in-One","TANGENT MEDIX 22B V20",""
"PC026095","HSS-8097305","MZ02VW0F","VIHA-CVH-Comox Valley Hospital-Main Building-4th Floor","Courtenay","Main Building","CV4129","4","ISLHTRP20260126-108","02/28/2030","Operational","08/06/2026","","","General Rounding","Transitional Care Unit","NTT-Deskside Services-NorthIsland-Staffed","Desktop","LENOVO 12TJS02W00",""
"AO800248","HSS-8097306","C25318M151","VIHA-CVH-Comox Valley Hospital-Main Building-3rd Floor","Courtenay","Main Building","Hallway","3","ISLHTRP20260126-109","01/31/2030","Operational","07/14/2026","","","Mobile Cart","General Medical / Surgical Inpatient Unit","NTT-Deskside Services-NorthIsland-Staffed","All-in-One","TANGENT MEDIX 22B V20",""
"AO800189","HSS-8097307","C25318M127","VIHA-CVH-Comox Valley Hospital-Main Building-4th Floor","Courtenay","Main Building","CV4732","4","ISLHTRP20260126-110","01/31/2030","Operational","07/17/2026","","","Mobile Cart","Psychiatric Inpatient Unit","NTT-Deskside Services-NorthIsland-Staffed","All-in-One","TANGENT MEDIX 22B V20",""
"AO800145","HSS-8097308","C25318M146","VIHA-CVH-Comox Valley Hospital-Main Building-3rd Floor","Courtenay","Main Building","Hallway","3","ISLHTRP20260126-111","01/31/2030","Operational","07/14/2026","","","Mobile Cart","General Medical / Surgical Inpatient Unit","NTT-Deskside Services-NorthIsland-Staffed","All-in-One","TANGENT MEDIX 22B V20",""
"AO800166","HSS-8097310","C25318M145","VIHA-CVH-Comox Valley Hospital-Main Building-4th Floor","Courtenay","Main Building","CV4322","4","ISLHTRP20260126-113","01/31/2030","Operational","","","","Mobile Cart","Transitional Care Unit","NTT-Deskside Services-NorthIsland-Staffed","All-in-One","TANGENT MEDIX 22B V20",""
"AO800241","HSS-8097311","C25318M218","VIHA-CVH-Comox Valley Hospital-Main Building-4th Floor","Courtenay","Main Building","CV4308 - Hallway","4","ISLHTRP20260126-114","01/31/2030","Operational","","","","Mobile Cart","Transitional Care Unit","NTT-Deskside Services-NorthIsland-Staffed","All-in-One","TANGENT MEDIX 22B V20",""
"AO800160","HSS-8097312","C25318M126","VIHA-CVH-Comox Valley Hospital-Main Building-4th Floor","Courtenay","Main Building","CV4328 - Hallway","4","VIHATRP20260126-125","01/31/2030","Operational","","","","Mobile Cart","Transitional Care Unit","NTT-Deskside Services-NorthIsland-Staffed","All-in-One","TANGENT MEDIX 22B V20",""
"PC024483","HSS-8097446","MZ034L1Y","VIHA-CVH-Comox Valley Hospital-Main Building-2nd Floor","Courtenay","Main Building","","2","ISLHTRP20260202-001","03/31/2030","Operational","","","","General Rounding","","NTT-Deskside Services-NorthIsland-Staffed","Desktop","LENOVO M90q Gen 5 Desktop 512HD",""
"PC026042","HSS-8097447","MZ034L41","VIHA-CVH-Comox Valley Hospital-Main Building-0th Floor","Courtenay","Main Building","CV0207","0","ISLHTRP20260202-002","03/31/2030","Operational","08/14/2026","","","General Rounding","Pharmacy","NTT-Deskside Services-NorthIsland-Staffed","Desktop","LENOVO M90q Gen 5 Desktop 512HD",""
"PC024278","HSS-8097448","MZ034L43","VIHA-CVH-Comox Valley Hospital-Main Building-0th Floor","Courtenay","Main Building","CV0208","0","ISLHTRP20260202-003","03/31/2030","Operational","08/14/2026","","","General Rounding","Pharmacy","NTT-Deskside Services-NorthIsland-Staffed","Desktop","LENOVO M90q Gen 5 Desktop 512HD",""
"PC1000188","HSS-8097449","MZ034L7J","VIHA-CVH-Comox Valley Hospital-Main Building-0th Floor","Courtenay","Main Building","CV0220","0","ISLHTRP20260202-004","03/31/2030","Operational","08/14/2026","","","General Rounding","Pharmacy","NTT-Deskside Services-NorthIsland-Staffed","Desktop","LENOVO M90q Gen 5 Desktop 512HD",""
"LD030422","HSS-8097450","PF5WY8BF","VIHA-CVH-Comox Valley Hospital-Main Building-0th Floor","Courtenay","Main Building","CV0620 - (WFH Aaron Antifaeff)","0","ISLHTRP20260202-005","03/31/2030","Operational","","","","Excluded","Internal Audit Services","NTT-Deskside Services-NorthIsland-Staffed","Laptop","LENOVO THINKPAD T14 GEN6",""
"LD030714","HSS-8097451","PF5WPYPT","VIHA-CVH-Comox Valley Hospital","Courtenay","Main Building","","1","ISLHTRP20260202-006","03/31/2030","Operational","","","","General Rounding","Reception / WFH","NTT-Deskside Services-NorthIsland-Staffed","Laptop","LENOVO THINKPAD T14 GEN6",""
"LD057963","HSS-8097454","PF5X0WST","VIHA-CVCHC-Comox Valley Community Health Centre-Main Building","Courtenay","","","2","ISLHTRP20260202-021","03/31/2030","Operational","","","","General Rounding","","NTT-Deskside Services-NorthIsland-Local","Laptop","LENOVO THINKPAD T14 GEN6",""
"PC024431","HSS-8097470","MZ034L2B","VIHA-CVH-Comox Valley Hospital-Main Building-1st Floor","Courtenay","Main Building","CV1630","1","ISLHTRP20260202-050","03/31/2030","Operational","08/14/2026","","","Critical Clinical","Emergency Department","NTT-Deskside Services-NorthIsland-Staffed","Desktop","LENOVO M90q Gen 5 Desktop 512HD",""
"PC026071","HSS-8097472","MZ034L6S","VIHA-CVH-Comox Valley Hospital-Main Building-1st Floor","Courtenay","Main Building","CV1430","1","ISLHTRP20260202-052","03/31/2030","Operational","08/13/2026","","CV1431 - Central Patient Registration Area - Business Centre (1 of 2) (Main Building First Floor)","Critical Clinical","Admitting","NTT-Deskside Services-NorthIsland-Staffed","Desktop","LENOVO M90q Gen 5 Desktop 512HD",""
"PC024305","HSS-8097473","MZ034L45","VIHA-CVH-Comox Valley Hospital-Main Building-0th Floor","Courtenay","Main Building","CV0704","0","ISLHTRP20260202-053","03/31/2030","Operational","08/14/2026","","","General Rounding","Materials Management","NTT-Deskside Services-NorthIsland-Staffed","Desktop","LENOVO M90q Gen 5 Desktop 512HD",""
"PC071461","HSS-8097474","MZ034L7C","VIHA-CVH-Comox Valley Hospital-Main Building-1st Floor","Courtenay","Main Building","CV1630","1","ISLHTRP20260202-054","03/31/2030","Operational","08/14/2026","","","Critical Clinical","Emergency Department","NTT-Deskside Services-NorthIsland-Staffed","Desktop","LENOVO M90q Gen 5 Desktop 512HD",""
"PC024346","HSS-8097475","MZ034L5E","VIHA-CVH-Comox Valley Hospital-Main Building-1st Floor","Courtenay","Main Building","CV1433","1","ISLHTRP20260202-055","03/31/2030","Operational","08/13/2026","","CV1433 - Shared Support Area - Logistics Command","Critical Clinical","Administration","NTT-Deskside Services-NorthIsland-Staffed","Desktop","LENOVO M90q Gen 5 Desktop 512HD",""
"PC024283","HSS-8097484","MZ034L81","VIHA-CVH-Comox Valley Hospital-Main Building-2nd Floor","Courtenay","Main Building","","2","ISLHTRP20260202-092","03/31/2030","Operational","","","","General Rounding","Medical Staff Facilities","NTT-Deskside Services-NorthIsland-Staffed","Desktop","LENOVO M90q Gen 5 Desktop 512HD",""
"PC026164","HSS-8097485","MZ034L83","VIHA-CVH-Comox Valley Hospital-Main Building-2nd Floor","Courtenay","Main Building","CV2319","2","ISLHTRP20260202-093","03/31/2030","Operational","08/11/2026","","","General Rounding","Intensive Care/Telemetry Unit (ICU/TU)","NTT-Deskside Services-NorthIsland-Staffed","Desktop","LENOVO M90q Gen 5 Desktop 512HD",""
"PC024523","HSS-8097486","MZ034L52","VIHA-CVH-Comox Valley Hospital-Main Building-2nd Floor","Courtenay","Main Building","CV2143","2","ISLHTRP20260202-094","03/31/2030","Operational","08/12/2026","","CV4129 -Patient Care Area Typical Workstation Care Hub - Workstation, Care Team (Main Building-2nd Floor)","Critical Clinical","Maternity and Newborn Inpatient Unit","NTT-Deskside Services-NorthIsland-Staffed","Desktop","LENOVO M90q Gen 5 Desktop 512HD",""
"PC026077","HSS-8097487","MZ034L4H","VIHA-CVH-Comox Valley Hospital-Main Building-2nd Floor","Courtenay","Main Building","Laboratory","2","ISLHTRP20260202-095","03/31/2030","Operational","08/12/2026","","","General Rounding","Laboratory","NTT-Deskside Services-NorthIsland-Staffed","Desktop","LENOVO M90q Gen 5 Desktop 512HD",""
"AO1000093","HSS-8097492","T25924M014","VIHA-CVH-Comox Valley Hospital-Main Building-0th Floor","Courtenay","Main Building","","0","ISLHTRP20260202-100","03/31/2030","Operational","","","","Mobile Cart","MDRD","NTT-Deskside Services-NorthIsland-Staffed","All-in-One","TANGENT MEDIX 24v2 32GB","Tangent Medix M24 AIO"
"AO1000094","HSS-8097493","T25923M023","VIHA-CVH-Comox Valley Hospital-Main Building-0th Floor","Courtenay","Main Building","","0","ISLHTRP20260202-101","03/31/2030","Operational","","","","Mobile Cart","MDRD","NTT-Deskside Services-NorthIsland-Staffed","All-in-One","TANGENT MEDIX 24v2 32GB","Tangent Medix M24 AIO"
"AO1000101","HSS-8097494","T25923M192","VIHA-CVH-Comox Valley Hospital-Main Building-0th Floor","Courtenay","Main Building","","0","ISLHTRP20260202-102","03/31/2030","Operational","","","","Mobile Cart","MDRD","NTT-Deskside Services-NorthIsland-Staffed","All-in-One","TANGENT MEDIX 24v2 32GB","Tangent Medix M24 AIO"
"AO1000099","HSS-8097495","T25923M084","VIHA-CVH-Comox Valley Hospital-Main Building-0th Floor","Courtenay","Main Building","","0","ISLHTRP20260202-103","03/31/2030","Operational","","","","Mobile Cart","MDRD","NTT-Deskside Services-NorthIsland-Staffed","All-in-One","TANGENT MEDIX 24v2 32GB","Tangent Medix M24 AIO"
"AO1000096","HSS-8097496","T24A23M090","VIHA-CVH-Comox Valley Hospital-Main Building-0th Floor","Courtenay","Main Building","","0","ISLHTRP20260202-104","03/31/2030","Operational","","","","Mobile Cart","MDRD","NTT-Deskside Services-NorthIsland-Staffed","All-in-One","TANGENT MEDIX 24v2 32GB","Tangent Medix M24 AIO"
"AO1000100","HSS-8097497","T25923M207","VIHA-CVH-Comox Valley Hospital-Main Building-0th Floor","Courtenay","Main Building","","0","ISLHTRP20260202-105","03/31/2030","Operational","","","","Mobile Cart","MDRD","NTT-Deskside Services-NorthIsland-Staffed","All-in-One","TANGENT MEDIX 24v2 32GB","Tangent Medix M24 AIO"
"AO800176","HSS-8097499","C25318M239","VIHA-CVH-Comox Valley Hospital-Main Building-1st Floor","Courtenay","Main Building","CV1620","1","ISLHTRP20260202-107","01/31/2030","Operational","07/28/2026","","","Mobile Cart","Emergency Department","NTT-Deskside Services-NorthIsland-Staffed","All-in-One","TANGENT MEDIX 22B V20",""
"PC026193","HSS-8097500","MZ034L7X","VIHA-CVH-Comox Valley Hospital-Main Building-2nd Floor","Courtenay","Main Building","CV2931","2","ISLHTRP20260202-121","03/31/2030","Operational","","","","General Rounding","Central Education and Conference Facilities","NTT-Deskside Services-NorthIsland-Staffed","Desktop","LENOVO M90q Gen 5 Desktop 512HD",""
"PC024515","HSS-8097501","MZ034L5D","VIHA-CVH-Comox Valley Hospital-Main Building-3rd Floor","Courtenay","Main Building","CV3921","3","ISLHTRP20260202-122","03/31/2030","Operational","07/15/2026","","","General Rounding","General Medical / Surgical Inpatient Unit","NTT-Deskside Services-NorthIsland-Staffed","Desktop","LENOVO M90q Gen 5 Desktop 512HD",""
"AO800163","HSS-8097507","C25318M235","VIHA-CVH-Comox Valley Hospital-Main Building-3rd Floor","Courtenay","Main Building","Hallway","3","ISLHTRP20260202-128","01/31/2030","Operational","07/14/2026","","","Mobile Cart","General Medical / Surgical Inpatient Unit","NTT-Deskside Services-NorthIsland-Staffed","All-in-One","TANGENT MEDIX 22B V20",""
"AO1000092","HSS-8097508","C25318M234","VIHA-CVNC-Comox Valley Nursing Centre-Main Building-1st Floor","Courtenay","","","","ISLHTRP20260202-129","01/31/2030","Operational","","","","Mobile Cart","Nursing","NTT-Deskside Services-NorthIsland-Local","All-in-One","TANGENT MEDIX 22B V20",""
"PC027360","HSS-8097509","MZ034L4V","VIHA-CVMHAS-Comox Valley Mental Health & Addiction Services-Main Building-1st Floor","Courtenay","Main Building","","","ISLHTRP20260202-130","03/31/2030","Operational","","","","General Rounding","Mental Health & Addiction Services","NTT-Deskside Services-NorthIsland-Local","Desktop","LENOVO M90q Gen 5 Desktop 512HD",""
"WT_1T4SK44","HSS-8097812","1T4SK44","VIHA-CVH-Comox Valley Hospital","Courtenay","Main Building","","","ISLHTRP20260302-114","04/30/2031","Operational","","","","","","NTT-Deskside Services-NorthIsland-Staffed","Thin Client","DELL OPTIPLEX 3000 THIN CLIENT V3",""
"LD073184","HSS-8097815","PF5WKBVP","VIHA-CVH-Comox Valley Hospital-Main Building-3rd Floor","Courtenay","Main Building","TBD","3","ISLHTRP20260302-001","04/30/2030","Operational","","","","General Rounding","Payroll","NTT-Deskside Services-NorthIsland-Staffed","Laptop","LENOVO THINKPAD T14 GEN6",""
"LD059696","HSS-8097816","PF5WZEKT","VIHA-CVH-Comox Valley Hospital-Main Building-3rd Floor","Courtenay","Main Building","Admin Area","3","ISLHTRP20260302-002","04/30/2030","Operational","","","","General Rounding","COV Patient Safety Adm","NTT-Deskside Services-NorthIsland-Staffed","Laptop","LENOVO THINKPAD T14 GEN6",""
"LD030792","HSS-8097817","PF5WKDXK","VIHA-CVH-Comox Valley Hospital-Main Building","Courtenay","Main Building","Administration","","ISLHTRP20260302-003","04/30/2030","Operational","","","","General Rounding","n/a","NTT-Deskside Services-NorthIsland-Staffed","Laptop","LENOVO THINKPAD T14 GEN6",""
"LD024507","HSS-8097818","PF5X1WX6","VIHA-CVH-Comox Valley Hospital-Main Building-0th Floor","Courtenay","Main Building","TBD","0","ISLHTRP20260302-004","04/30/2030","Operational","","","","General Rounding","Administration","NTT-Deskside Services-NorthIsland-Staffed","Laptop","LENOVO THINKPAD T14 GEN6",""
"LD073045","HSS-8097820","PF5WQGP0","VIHA-CVH-Comox Valley Hospital-Main Building-0th Floor","Courtenay","Main Building","WFH- meeting room 1","0","ISLHTRP20260302-006","04/30/2030","Operational","","","","Excluded","HPV HCC Contracted Services","NTT-Deskside Services-NorthIsland-Staffed","Laptop","LENOVO THINKPAD T14 GEN6",""
"LD024352","HSS-8097821","PF5WKEEN","VIHA-CVH-Comox Valley Hospital-Main Building-0th Floor","Courtenay","Main Building","WFH Sarah Palmer","0","ISLHTRP20260302-007","04/30/2030","Operational","","","","General Rounding","Emergency","NTT-Deskside Services-NorthIsland-Staffed","Laptop","LENOVO THINKPAD T14 GEN6",""
"LD072919","HSS-8097822","PF5WN4GM","VIHA-CVH-Comox Valley Hospital-Main Building-0th Floor","Courtenay","Main Building","Meeting Room 4 - WFH","0","ISLHTRP20260302-008","04/30/2030","Operational","","","","Excluded","COV Island Health Emerg Mgmt","NTT-Deskside Services-NorthIsland-Staffed","Laptop","LENOVO THINKPAD T14 GEN6",""
"AO800250","HSS-8097823","C25318M188","VIHA-CVH-Comox Valley Hospital-Main Building-0th Floor","Courtenay","Main Building","CV0404","0","ISLHTRP20260302-009","01/31/2030","Operational","08/14/2026","","","Mobile Cart","Housekeeping","NTT-Deskside Services-NorthIsland-Staffed","All-in-One","TANGENT MEDIX 22B V20",""
"AO800262","HSS-8097824","C25318M194","VIHA-CVH-Comox Valley Hospital-Main Building-2nd Floor","Courtenay","Main Building","TBD","2","ISLHTRP20260302-010","01/31/2030","Operational","","","","Mobile Cart","CVH Surgical Daycare","NTT-Deskside Services-NorthIsland-Staffed","All-in-One","TANGENT MEDIX 22B V20",""
"LD060084","HSS-8097825","PF5X199J","VIHA-CVH-Comox Valley Hospital-Main Building-2nd Floor","Courtenay","Main Building","Laboratory","2","ISLHTRP20260302-011","04/30/2030","Operational","","","","General Rounding","ACS Lab Administration","NTT-Deskside Services-NorthIsland-Staffed","Laptop","LENOVO THINKPAD T14 GEN6",""
"LD071374","HSS-8097855","PF5WKB1M","VIHA-CCA-Courtenay Cliffe Avenue","Courtenay","Main Building","C007","0","ISLHTRP20260302-043","04/30/2030","Operational","07/24/2026","","","General Rounding","CRHCC","NTT-Deskside Services-NorthIsland-Local","Laptop","LENOVO THINKPAD T14 GEN6",""
"PC026032","HSS-8097856","MZ034L64","VIHA-CVH-Comox Valley Hospital-Main Building-0th Floor","Courtenay","Main Building","TBD","0","ISLHTRP20260302-044","04/30/2030","Operational","","","","General Rounding","COC CINI Food Servics Admin","NTT-Deskside Services-NorthIsland-Staffed","Desktop","LENOVO M90q Gen 5 Desktop 512HD",""
"LD065189","HSS-8097857","PF5WKB1G","VIHA-CVH-Comox Valley Hospital-Main Building-1st Floor","Courtenay","Main Building","Admin","1","ISLHTRP20260302-045","04/30/2030","Operational","08/04/2026","","","General Rounding","Administration","NTT-Deskside Services-NorthIsland-Staffed","Laptop","LENOVO THINKPAD T14 GEN6",""
"LD060354","HSS-8097858","PF5WN1X6","VIHA-CVH-Comox Valley Hospital-Main Building-2nd Floor","Courtenay","Main Building","CVH ICU","2","ISLHTRP20260302-046","04/30/2030","Operational","08/11/2026","","","General Rounding","Intensive Care/Telemetry Unit (ICU/TU)","NTT-Deskside Services-NorthIsland-Staffed","Laptop","LENOVO THINKPAD T14 GEN6",""
"LD125046","HSS-8097859","PF5WM0B9","VIHA-CVH-Comox Valley Hospital-Main Building-2nd Floor","Courtenay","Main Building","Cv2402","2","ISLHTRP20260302-047","04/30/2030","Operational","07/10/2026","","","General Rounding","Surgical Services","NTT-Deskside Services-NorthIsland-Staffed","Laptop","LENOVO THINKPAD T14 GEN6",""
"PC024470","HSS-8097860","MZ034L7B","VIHA-CVH-Comox Valley Hospital-Main Building-2nd Floor","Courtenay","Main Building","Histology","2","ISLHTRP20260302-048","04/30/2030","Operational","08/12/2026","","","General Rounding","Histology","NTT-Deskside Services-NorthIsland-Staffed","Desktop","LENOVO M90q Gen 5 Desktop 512HD",""
"PC024494","HSS-8097863","MZ034L55","VIHA-CVH-Comox Valley Hospital-Main Building-3rd Floor","Courtenay","Main Building","TBD","3","ISLHTRP20260302-051","04/30/2030","Operational","","","","General Rounding","CVH Administration","NTT-Deskside Services-NorthIsland-Staffed","Desktop","LENOVO M90q Gen 5 Desktop 512HD",""
"PC024489","HSS-8097864","MZ034L28","VIHA-CVH-Comox Valley Hospital-Main Building-3rd Floor","Courtenay","Main Building","CV3120 (724)","3","ISLHTRP20260302-052","03/31/2030","Operational","08/11/2026","","CV3120 - Patient Care Area Typical Workstation Care Hub - Workstation, Care Team","Critical Clinical","General Medical / Surgical Inpatient Unit","NTT-Deskside Services-NorthIsland-Staffed","Desktop","LENOVO M90q Gen 5 Desktop 512HD",""
"AO800190","HSS-8097865","C25318M242","VIHA-CVH-Comox Valley Hospital-Main Building-3rd Floor","Courtenay","Main Building","Activation Room","3","ISLHTRP20260302-053","01/31/2030","Operational","","","","Mobile Cart","CVH Administration","NTT-Deskside Services-NorthIsland-Staffed","All-in-One","TANGENT MEDIX 22B V20",""
"AO800178","HSS-8097866","C25318M167","VIHA-CVH-Comox Valley Hospital-Main Building-4th Floor","Courtenay","Main Building","CV4729","4","ISLHTRP20260302-054","01/31/2030","Operational","07/17/2026","","","Mobile Cart","Psychiatric Inpatient Unit","NTT-Deskside Services-NorthIsland-Staffed","All-in-One","TANGENT MEDIX 22B V20",""
"PC050820","HSS-8098101","MZ03CFDY","VIHA-CHC-Cumberland Health Centre-Main Building-1st Floor","Cumberland","Main Building","300 block back reception","1","ISLHTRP20260323-001","04/30/2030","Operational","","","","General Rounding","Cumberland Lodge","NTT-Deskside Services-NorthIsland-Local","Desktop","LENOVO M90q Gen 5 Desktop 512HD",""
"LD065996","HSS-8098102","PF60F1P7","VIHA-CHU-Coastal Health Unit-Main Building-2nd Floor","Courtenay","Main Building","14","2","ISLHTRP20260323-002","04/30/2030","Operational","07/21/2026","","","General Rounding","HPV Clinical Support Team B","NTT-Deskside Services-NorthIsland-Local","Laptop","LENOVO THINKPAD T14 GEN6 NT FPR 2x1",""
"LD042751","HSS-8098103","PF60E68W","VIHA-CVCHC-Comox Valley Community Health Centre-Main Building-1st Floor","Courtenay","Main Building","TBD","1","ISLHTRP20260323-003","04/30/2030","Operational","","","","General Rounding","Public Health Nursing","NTT-Deskside Services-NorthIsland-Local","Laptop","LENOVO THINKPAD T14 GEN6 NT FPR 2x1",""
"LD080691","HSS-8098104","PF60E6AZ","VIHA-CVH-Comox Valley Hospital-Main Building-1st Floor","Courtenay","Main Building","WFH","1","ISLHTRP20260323-004","04/30/2030","Operational","","","Home bundle for Dara (Leanne) Wright","Excluded","Timekeeping","NTT-Deskside Services-NorthIsland-Staffed","Laptop","LENOVO THINKPAD T14 GEN6 NT FPR 2x1",""
"LD065346","HSS-8098105","PF60E69A","VIHA-CVH-Comox Valley Hospital-Main Building-0th Floor","Courtenay","Main Building","Admin","0","ISLHTRP20260323-005","04/30/2030","Operational","","","","General Rounding","CV CHS Adm","NTT-Deskside Services-NorthIsland-Staffed","Laptop","LENOVO THINKPAD T14 GEN6 NT FPR 2x1",""
"LD033768","HSS-8098106","PF60F1J7","VIHA-CVH-Comox Valley Hospital-Main Building-0th Floor","Courtenay","Main Building","TBD","0","ISLHTRP20260323-006","04/30/2030","Operational","","","","General Rounding","Materials Management","NTT-Deskside Services-NorthIsland-Staffed","Laptop","LENOVO THINKPAD T14 GEN6 NT FPR 2x1","LENOVO THINKPAD T470s i5-7300U 2.6GHZ 3M"
"LD023180","HSS-8098107","PF60CWLF","VIHA-SJC-St. Joseph's Campus-Main Building-3rd Floor","Comox","Main Building","TBD","3","ISLHTRP20260323-007","04/30/2030","Operational","","","20221128-VIHA-SJGH-St. Joseph's General Hospital was formally closed October 21, 2017
and the remaining site was named VIHA-SJC-St. Joseph's Campus.
Location updated to VIHA-SJC-St. Joseph's Campus per TASK0035172","General Rounding","Care Sustainability","NTT-Deskside Services-NorthIsland-Local","Laptop","LENOVO THINKPAD T14 GEN6 NT FPR 2x1",""
"LD065922","HSS-8098108","PF61YZJ6","VIHA-CHU-Coastal Health Unit-Main Building-1st Floor","Courtenay","Main Building","3","1","ISLHTRP20260323-008","04/30/2030","Operational","07/21/2026","","","General Rounding","Environmental Health","NTT-Deskside Services-NorthIsland-Local","Laptop","LENOVO THINKPAD T14 GEN6 NT FPR 2x1","LENOVO YOGA 370 i7-7600 2.8GHZ 4MB 13.3"""
"LD035567","HSS-8098109","PF61ZAHG","VIHA-CHU-Coastal Health Unit-Main Building-2nd Floor","Courtenay","Main Building","22","2","ISLHTRP20260323-009","04/30/2030","Operational","07/21/2026","","","General Rounding","Licensing","NTT-Deskside Services-NorthIsland-Local","Laptop","LENOVO THINKPAD T14 GEN6 NT FPR 2x1","LENOVO THNKPD T480s i5-8350 1.7GHZ 6MB 1"
"LD046145","HSS-8098111","PF60F4KN","VIHA-CVCHC-Comox Valley Community Health Centre-Main Building-1st Floor","Courtenay","Main Building","TBD","1","ISLHTRP20260323-011","04/30/2030","Operational","","","","General Rounding","Public Health","NTT-Deskside Services-NorthIsland-Local","Laptop","LENOVO THINKPAD T14 GEN6 NT FPR 2x1",""
"LD022228","HSS-8098112","PF60F1PT","VIHA-CFA-Courtenay Fitzgerald Avenue-Main Building-1st Floor","Courtenay","Main Building","1","1","ISLHTRP20260323-012","04/30/2030","Operational","07/21/2026","","","General Rounding","Community Health Support","NTT-Deskside Services-NorthIsland-Local","Laptop","LENOVO THINKPAD T14 GEN6 NT FPR 2x1",""
"AO800242","HSS-8098113","C25318M192","VIHA-CVHCC-Comox Valley Home & Community Care-Main Building-1st Floor","Courtenay","Main Building","Room 120 - Treatment Room","1","ISLHTRP20260323-012","01/31/2030","Operational","","","","Mobile Cart","Comox Valley Home & Community Care","NTT-Deskside Services-NorthIsland-Local","All-in-One","TANGENT MEDIX 22B V20",""
"LD073173","HSS-8098114","PF60F1QL","VIHA-CVH-Comox Valley Hospital-Main Building-1st Floor","Courtenay","Main Building","WFH","1","ISLHTRP20260323-014","04/30/2030","Operational","07/23/2026","","Work From Home bundle - client has opened and tested laptop onsite to ensure it is operational.","Excluded","Medical Imaging","NTT-Deskside Services-NorthIsland-Staffed","Laptop","LENOVO THINKPAD T14 GEN6 NT FPR 2x1","Work From Home bundle for client.  As per SCTASK1685187 - (11-jul-23)."
"AO800251","HSS-8098117","C25318M203","VIHA-CVH-Comox Valley Hospital-Main Building-2nd Floor","Courtenay","Main Building","CV2640","2","ISLHTRP20260323-017","01/31/2030","Operational","07/10/2026","","","Mobile Cart","Surgical Daycare","NTT-Deskside Services-NorthIsland-Staffed","All-in-One","TANGENT MEDIX 22B V20",""
"AO800169","HSS-8098118","C25318M201","VIHA-CVH-Comox Valley Hospital-Main Building-3rd Floor","Courtenay","Main Building","Activation Room","3","ISLHTRP20260323-018","01/31/2030","Operational","","","","Mobile Cart","CVH Administration","NTT-Deskside Services-NorthIsland-Staffed","All-in-One","TANGENT MEDIX 22B V20",""
"AO800192","HSS-8098119","C25318M202","VIHA-CVH-Comox Valley Hospital-Main Building-3rd Floor","Courtenay","Main Building","3D","3","ISLHTRP20260323-019","01/31/2030","Operational","","","","Mobile Cart","CVH Administration","NTT-Deskside Services-NorthIsland-Staffed","All-in-One","TANGENT MEDIX 22B V20",""
"AO800170","HSS-8098121","C25318M219","VIHA-CVH-Comox Valley Hospital-Main Building-3rd Floor","Courtenay","Main Building","3D","3","ISLHTRP20260323-021","01/31/2030","Operational","","","","Mobile Cart","CVH Administration","NTT-Deskside Services-NorthIsland-Staffed","All-in-One","TANGENT MEDIX 22B V20",""
"AO800194","HSS-8098123","C25318M208","VIHA-CVH-Comox Valley Hospital-Main Building-4th Floor","Courtenay","Main Building","TBD","4","ISLHTRP20260323-023","01/31/2030","Operational","","","","Mobile Cart","CVH Administration","NTT-Deskside Services-NorthIsland-Staffed","All-in-One","TANGENT MEDIX 22B V20",""
"LD063359","HSS-8098124","PF60F4L4","VIHA-SJC-St. Joseph's Campus-Main Building-2nd Floor","Comox","Main Building","TBD","2","ISLHTRP20260323-024","04/30/2030","Operational","","","","General Rounding","Clinical Operations Resource Team","NTT-Deskside Services-NorthIsland-Local","Laptop","LENOVO THINKPAD T14 GEN6 NT FPR 2x1",""
"LD035582","HSS-8098144","PF60E68H","VIHA-CHU-Coastal Health Unit-Main Building-1st Floor","Courtenay","Main Building","9","1","ISLHTRP20260323-049","04/30/2030","Operational","07/21/2026","","","General Rounding","Communicable Disease Svc","NTT-Deskside Services-NorthIsland-Local","Laptop","LENOVO THINKPAD T14 GEN6 NT FPR 2x1",""
"LD060640","HSS-8098145","PF60F1MV","VIHA-CVH-Comox Valley Hospital-Main Building-0th Floor","Courtenay","Main Building","TBD","0","ISLHTRP20260323-050","04/30/2030","Operational","","","","General Rounding","Environmental Support Services","NTT-Deskside Services-NorthIsland-Staffed","Laptop","LENOVO THINKPAD T14 GEN6 NT FPR 2x1",""
"LD059794","HSS-8098147","PF60F1R0","VIHA-SJC-St. Joseph's Campus-38 Wing-2nd Floor","Comox","Main Building","TBD","1","ISLHTRP20260323-052","04/30/2030","Operational","","","","General Rounding","MHSU Clinical Operations Resource Team","NTT-Deskside Services-NorthIsland-Local","Laptop","LENOVO THINKPAD T14 GEN6 NT FPR 2x1",""
"LD038097","HSS-8098148","PF60F1KD","VIHA-SJC-St. Joseph's Campus-Main Building-3rd Floor","Comox","Main Building","Admin","2","ISLHTRP20260323-053","04/30/2030","Operational","","","","General Rounding","COV HR Team 3","NTT-Deskside Services-NorthIsland-Local","Laptop","LENOVO THINKPAD T14 GEN6 NT FPR 2x1",""
"LD073056","HSS-8098198","PF60F1Q5","VIHA-CVH-Comox Valley Hospital-Main Building-3rd Floor","Courtenay","Main Building","Admin","3","ISLHTRP20260323-077","04/30/2030","Operational","","","","General Rounding","ACV Medical Affairs Admin","NTT-Deskside Services-NorthIsland-Staffed","Laptop","LENOVO THINKPAD T14 GEN6 NT FPR 2x1",""
"TD030273","HSS-8098345","SD00R2F0","VIHA-CHU-Coastal Health Unit-Main Building-1st Floor","Courtenay","Main Building","7","1","ISLHTRP20260413-002","05/31/2030","Operational","07/21/2026","","","General Rounding","Drinking Water","NTT-Deskside Services-NorthIsland-Local","Tablet","LENOVO ThinkPad X1 2-in-1 Gen 10","LENOVO ThinkPad X390 Yoga"
"LD066046","HSS-8098346","PF62GDAL","VIHA-CHU-Coastal Health Unit-Main Building-2nd Floor","Courtenay","Main Building","16","2","ISLHTRP20260413-003","05/31/2030","Operational","07/21/2026","","","General Rounding","Communicable Disease Svc","NTT-Deskside Services-NorthIsland-Local","Laptop","LENOVO THINKPAD T14 GEN6 NT FPR 2x1","LENOVO THINKCENTRE M910q i5-7500T 2.5GHZ"
"LD025945","HSS-8098347","PF62GB10","VIHA-CVMHAS-Comox Valley Mental Health & Addiction Services-Main Building-1st Floor","Courtenay","Main Building","TBD","1","ISLHTRP20260413-004","05/31/2030","Operational","","","20221128-VIHA-SJGH-St. Joseph's General Hospital was formally closed October 21, 2017
and the remaining site was named VIHA-SJC-St. Joseph's Campus.
Location updated to VIHA-SJC-St. Joseph's Campus per TASK0035172","General Rounding","Mental Health & Addiction Services","NTT-Deskside Services-NorthIsland-Local","Laptop","LENOVO THINKPAD T14 GEN6 NT FPR 2x1",""
"LD032038","HSS-8098348","PF62GAYF","VIHA-CVMHAS-Comox Valley Mental Health & Addiction Services-Main Building-1st Floor","Courtenay","Main Building","Jayme's Office","1","ISLHTRP20260413-005","05/31/2030","Operational","","","","General Rounding","Comox Valley MHSU","NTT-Deskside Services-NorthIsland-Local","Laptop","LENOVO THINKPAD T14 GEN6 NT FPR 2x1","LENOVO THINKPAD T470s i5-7300U 2.6GHZ 3M"
"LD065645","HSS-8098349","PF61LBBV","VIHA-CVMHAS-Comox Valley Mental Health & Addiction Services-Main Building-1st Floor","Courtenay","Main Building","TBD","1","ISLHTRP20260413-006","05/31/2030","Operational","","","","General Rounding","Mental Health & Addiction Services","NTT-Deskside Services-NorthIsland-Local","Laptop","LENOVO THINKPAD T14 GEN6 NT FPR 2x1",""
"LD066036","HSS-8098350","PF61LBNF","VIHA-CHU-Coastal Health Unit-Main Building-1st Floor","Courtenay","Main Building","Reception","1","ISLHTRP20260413-007","05/31/2030","Operational","07/21/2026","","","General Rounding","PHV HPHC Ops Leader Admin","NTT-Deskside Services-NorthIsland-Local","Laptop","LENOVO THINKPAD T14 GEN6 NT FPR 2x1",""
"LD065963","HSS-8098351","PF61M0W0","VIHA-CHU-Coastal Health Unit-Main Building-2nd Floor","Courtenay","Main Building","17","2","ISLHTRP20260413-008","05/31/2030","Operational","07/21/2026","","","General Rounding","Licensing Admin","NTT-Deskside Services-NorthIsland-Local","Laptop","LENOVO THINKPAD T14 GEN6 NT FPR 2x1","LENOVO X380 YOGA i7-8650U 1.9GHz 8MB 13."
"LD1000466","HSS-8098352","PF61M0VK","VIHA-CVH-Comox Valley Hospital-Main Building-0th Floor","Courtenay","Main Building","Admin","0","ISLHTRP20260413-009","05/31/2030","Operational","","","","General Rounding","Administration","NTT-Deskside Services-NorthIsland-Staffed","Laptop","LENOVO THINKPAD T14 GEN6 NT FPR 2x1",""
"LD065347","HSS-8098353","PF61M0RR","VIHA-CVH-Comox Valley Hospital-Main Building-1st Floor","Courtenay","Main Building","TBD","1","ISLHTRP20260413-010","05/31/2030","Operational","","","","General Rounding","Clinical Logistics","NTT-Deskside Services-NorthIsland-Staffed","Laptop","LENOVO THINKPAD T14 GEN6 NT FPR 2x1",""
"LD060716","HSS-8098355","PF61ZKHR","VIHA-CVNC-Comox Valley Nursing Centre-Main Building-1st Floor","Courtenay","Main Building","TBD","2","ISLHTRP20260413-012","05/31/2030","Operational","","","","General Rounding","MCV Nurse Prescribing","NTT-Deskside Services-NorthIsland-Local","Laptop","LENOVO THINKPAD T14 GEN6 NT FPR 2x1",""
"LD061102","HSS-8098356","PF61YD96","VIHA-SJC-St. Joseph's Campus-Main Building-1st Floor","Comox","Main Building","TBD","1","ISLHTRP20260413-013","05/31/2030","Operational","","","","Excluded","COV HR Team  3","NTT-Deskside Services-NorthIsland-Local","Laptop","LENOVO THINKPAD T14 GEN6 NT FPR 2x1",""
"LD036243","HSS-8098357","PF62GFJL","VIHA-SJC-St. Joseph's Campus-Main Building-3rd Floor","Comox","Main Building","WFH","3","ISLHTRP20260413-014","05/31/2030","Operational","","","","Excluded","WFH - Susan Conley","NTT-Deskside Services-NorthIsland-Local","Laptop","LENOVO THINKPAD T14 GEN6 NT FPR 2x1","LENOVO THNKPD T480s i5-8350 1.7GHZ 6MB 1"
"LD063303","HSS-8098358","PF61YD62","VIHA-CCA-Courtenay Cliffe Avenue","Courtenay","Main Building","C007","0","ISLHTRP20260413-015","05/31/2030","Operational","07/24/2026","","","General Rounding","CBC End of Life CINI","NTT-Deskside Services-NorthIsland-Local","Laptop","LENOVO THINKPAD T14 GEN6 NT FPR 2x1",""
"LD058970","HSS-8098359","PF61YR8H","VIHA-CFA-Courtenay Fitzgerald Avenue-Main Building-1st Floor","Courtenay","Main Building","Reception","1","ISLHTRP20260413-016","05/31/2030","Operational","07/21/2026","","","General Rounding","Community Health Support","NTT-Deskside Services-NorthIsland-Local","Laptop","LENOVO THINKPAD T14 GEN6 NT FPR 2x1",""
"LD071714","HSS-8098360","PF61YR8X","VIHA-CFA-Courtenay Fitzgerald Avenue-Main Building-1st Floor","Courtenay","Main Building","6","1","ISLHTRP20260413-017","05/31/2030","Operational","07/21/2026","","","General Rounding","Community Health Services (CHS)","NTT-Deskside Services-NorthIsland-Local","Laptop","LENOVO THINKPAD T14 GEN6 NT FPR 2x1",""
"LD024401","HSS-8098361","PF61Z890","VIHA-CVH-Comox Valley Hospital-Main Building-0th Floor","Courtenay","Main Building","TBD","0","ISLHTRP20260413-018","05/31/2030","Operational","","","","General Rounding","Device Integration","NTT-Deskside Services-NorthIsland-Staffed","Laptop","LENOVO THINKPAD T14 GEN6 NT FPR 2x1",""
"AO1000102","HSS-8098362","T25903M127","VIHA-CVH-Comox Valley Hospital-Main Building-0th Floor","Courtenay","Main Building","TBD","0","ISLHTRP20260413-019","03/31/2030","Operational","","","","Mobile Cart","MDRD","NTT-Deskside Services-NorthIsland-Staffed","All-in-One","TANGENT MEDIX M24 V2","Tangent Medix M24 AIO"
"AO1000098","HSS-8098363","T25903M052","VIHA-CVH-Comox Valley Hospital-Main Building-0th Floor","Courtenay","Main Building","TBD","0","ISLHTRP20260413-020","03/31/2030","Operational","","","","Mobile Cart","MDRD","NTT-Deskside Services-NorthIsland-Staffed","All-in-One","TANGENT MEDIX M24 V2","Tangent Medix M24 AIO"
"AO1000097","HSS-8098364","T25903M071","VIHA-CVH-Comox Valley Hospital-Main Building-0th Floor","Courtenay","Main Building","TBD","0","ISLHTRP20260413-021","03/31/2030","Operational","","","","Mobile Cart","MDRD","NTT-Deskside Services-NorthIsland-Staffed","All-in-One","TANGENT MEDIX M24 V2","Tangent Medix M24 AIO"
"LD024151","HSS-8098365","PF61Z86Z","VIHA-CVH-Comox Valley Hospital-Main Building-1st Floor","Courtenay","Main Building","Admin","1","ISLHTRP20260413-022","05/31/2030","Operational","08/04/2026","","","General Rounding","Administration","NTT-Deskside Services-NorthIsland-Staffed","Laptop","LENOVO THINKPAD T14 GEN6 NT FPR 2x1",""
"LD024408","HSS-8098366","PF62GB04","VIHA-CVH-Comox Valley Hospital-Main Building-1st Floor","Courtenay","Main Building","TBD","1","ISLHTRP20260413-023","05/31/2030","Operational","","","","General Rounding","Medical Imagining Site Admin","NTT-Deskside Services-NorthIsland-Staffed","Laptop","LENOVO THINKPAD T14 GEN6 NT FPR 2x1",""
"AO800244","HSS-8098367","C25929M036","VIHA-CVH-Comox Valley Hospital-Main Building-2nd Floor","Courtenay","Main Building","TBD","2","ISLHTRP20260413-024","03/31/2030","Operational","","","","Mobile Cart","CVH Administration","NTT-Deskside Services-NorthIsland-Staffed","All-in-One","TANGENT MEDIX 22B V19",""
"AO1000095","HSS-8098368","T25903M098","VIHA-CVH-Comox Valley Hospital-Main Building-2nd Floor","Courtenay","Main Building","TBD","2","ISLHTRP20260413-025","03/31/2030","Operational","","","","Mobile Cart","MDRD","NTT-Deskside Services-NorthIsland-Staffed","All-in-One","TANGENT MEDIX M24 V2","Tangent Medix M24 AIO"
"AO800224","HSS-8098369","C25929M019","VIHA-CVH-Comox Valley Hospital-Main Building-3rd Floor","Courtenay","Main Building","3A/3B","3","ISLHTRP20260413-026","03/31/2030","Operational","","","","Mobile Cart","COS Device Management","NTT-Deskside Services-NorthIsland-Staffed","All-in-One","TANGENT MEDIX 22B V19",""
"LD027272","HSS-8098377","PF61M4AT","VIHA-CFA-Courtenay Fitzgerald Avenue-Main Building-1st Floor","Courtenay","Main Building","10","1","ISLHTRP20260413-034","05/31/2030","Operational","07/21/2026","","","General Rounding","CHS Comox HS Nursing","NTT-Deskside Services-NorthIsland-Local","Laptop","LENOVO THINKPAD T14 GEN6 NT FPR 2x1",""
"LD065977","HSS-8098378","PF61LG0D","VIHA-CHU-Coastal Health Unit-Main Building-2nd Floor","Courtenay","Main Building","13","2","ISLHTRP20260413-035","05/31/2030","Operational","07/21/2026","","","General Rounding","PHC Communicable Dis. Nursing","NTT-Deskside Services-NorthIsland-Local","Laptop","LENOVO THINKPAD T14 GEN6 NT FPR 2x1",""
"LD060830","HSS-8098380","PF61LBD5","VIHA-CVH-Comox Valley Hospital-Main Building-1st Floor","Courtenay","Main Building","TBD","1","ISLHTRP20260413-037","05/31/2030","Operational","08/04/2026","","","General Rounding","Administration","NTT-Deskside Services-NorthIsland-Staffed","Laptop","LENOVO THINKPAD T14 GEN6 NT FPR 2x1",""
"LD060030","HSS-8098382","PF61YBX4","VIHA-CVH-Comox Valley Hospital-Main Building-3rd Floor","Courtenay","Main Building","TBD","3","ISLHTRP20260413-039","05/31/2030","Operational","","","","","CVH Access and Flow","NTT-Deskside Services-NorthIsland-Staffed","Laptop","LENOVO THINKPAD T14 GEN6 NT FPR 2x1",""
"LD024394","HSS-8098438","PF620ANY","VIHA-CVH-Comox Valley Hospital-Main Building-0th Floor","Courtenay","Main Building","CV0410","0","ISLHTRP20260518-080","05/31/2030","Operational","","","","General Rounding","COC CI/NI ESS Administration","NTT-Deskside Services-NorthIsland-Staffed","Laptop","LENOVO THINKPAD T14 GEN6 NT FPR 2x1",""
"TD030480","HSS-8098661","SD00R2FQ","VIHA-CHU-Coastal Health Unit-Main Building-1st Floor","Courtenay","Main Building","8","1","ISLHTRP20260518-078","06/30/2030","Operational","07/21/2026","","","General Rounding","Environmental Health","NTT-Deskside Services-NorthIsland-Local","Tablet","LENOVO ThinkPad X1 2-in-1 Gen 10",""
"LD060834","HSS-8098662","PF62451M","VIHA-CVCHC-Comox Valley Community Health Centre-Main Building-1st Floor","Courtenay","Main Building","1 - Kirsten Hundza Occupational Therapy","1","ISLHTRP20260518-079","06/30/2030","Operational","","","","General Rounding","Comox Valley CHS","NTT-Deskside Services-NorthIsland-Local","Laptop","LENOVO THINKPAD T14 GEN6 NT FPR 2x1",""
"LD024146","HSS-8098663","PF61Z5VH","VIHA-CVH-Comox Valley Hospital-Main Building-0th Floor","Courtenay","Main Building","FMO","0","ISLHTRP20260518-080","06/30/2030","Operational","","","","General Rounding","Plant Maintenance","NTT-Deskside Services-NorthIsland-Staffed","Laptop","LENOVO THINKPAD T14 GEN6 NT FPR 2x1",""
"PC024317","HSS-8098664","MZ03G4W3","VIHA-CVH-Comox Valley Hospital-Main Building-0th Floor","Courtenay","Main Building","TBD","0","ISLHTRP20260518-082","06/30/2030","Operational","","","","General Rounding","CVH Porter Services","NTT-Deskside Services-NorthIsland-Staffed","Desktop","LENOVO M90q Gen 5 Desktop 512HD",""
"PC023767","HSS-8098665","MZ03G4X3","VIHA-CVH-Comox Valley Hospital-Main Building-0th Floor","Courtenay","Main Building","Mail Room","0","ISLHTRP20260518-083","06/30/2030","Operational","","","","General Rounding","COC CI/NI ESS Administration","NTT-Deskside Services-NorthIsland-Staffed","Desktop","LENOVO M90q Gen 5 Desktop 512HD",""
"PC024330","HSS-8098666","MZ03G4X6","VIHA-CVH-Comox Valley Hospital-Main Building-1st Floor","Courtenay","Main Building","Admin","1","ISLHTRP20260518-084","06/30/2030","Operational","","","","Critical Clinical","COC HIM Registration C/N Admin","NTT-Deskside Services-NorthIsland-Staffed","Desktop","LENOVO M90q Gen 5 Desktop 512HD",""
"PC024323","HSS-8098667","MZ03G4WB","VIHA-CVH-Comox Valley Hospital-Main Building-1st Floor","Courtenay","Main Building","CV1123","1","ISLHTRP20260518-085","06/30/2030","Operational","08/12/2026","","CV1123 - Meeting Room Cluster Area - Video Conferencing and Communication Equipment","Critical Clinical","EOC","NTT-Deskside Services-NorthIsland-Staffed","Desktop","LENOVO M90q Gen 5 Desktop 512HD",""
"LD063531","HSS-8098668","PF620FFR","VIHA-CVH-Comox Valley Hospital-Main Building-1st Floor","Courtenay","Main Building"," ER","1","ISLHTRP20260518-086","06/30/2030","Operational","","","","General Rounding","Crisis Team - ER","NTT-Deskside Services-NorthIsland-Staffed","Laptop","LENOVO THINKPAD T14 GEN6 NT FPR 2x1",""
"PC076871","HSS-8098669","MZ03D7VW","VIHA-CVH-Comox Valley Hospital-Main Building-1st Floor","Courtenay","Main Building","Medical Imaging","1","ISLHTRP20260518-087","06/30/2030","Operational","","","","General Rounding","ACV Medical Imaging Admin","NTT-Deskside Services-NorthIsland-Staffed","Desktop","LENOVO P3 Tower Workstation V3",""
"PC024399","HSS-8098670","MZ03G4W2","VIHA-CVH-Comox Valley Hospital-Main Building-2nd Floor","Courtenay","Main Building","TBD","2","ISLHTRP20260518-088","06/30/2030","Operational","","","","General Rounding","VH Respiratory Therapy Servic","NTT-Deskside Services-NorthIsland-Staffed","Desktop","LENOVO M90q Gen 5 Desktop 512HD",""
"LD057872","HSS-8098671","PF620NQC","VIHA-CVNC-Comox Valley Nursing Centre-Main Building-1st Floor","Courtenay","Main Building","WFH","1","ISLHTRP20260518-089","06/30/2030","Operational","","","","Excluded","My home office","NTT-Deskside Services-NorthIsland-Local","Laptop","LENOVO THINKPAD T14 GEN6 NT FPR 2x1",""
"LD060452","HSS-8098672","PF62GFGK","VIHA-SJC-St. Joseph's Campus-Main Building-3rd Floor","Comox","Main Building","TBD","3","ISLHTRP20260518-090","06/30/2030","Operational","","","20221128-VIHA-SJGH-St. Joseph's General Hospital was formally closed October 21, 2017
and the remaining site was named VIHA-SJC-St. Joseph's Campus.
Location updated to VIHA-SJC-St. Joseph's Campus per TASK0035172","General Rounding","COV Device Management","NTT-Deskside Services-NorthIsland-Local","Laptop","LENOVO THINKPAD T14 GEN6 NT FPR 2x1",""
"PC076583","HSS-8098673","MZ03D7W0","VIHA-CVH-Comox Valley Hospital-Main Building-0th Floor","Courtenay","Main Building","IMIT","0","ISLHTRP20260518-091","06/30/2030","Operational","","","","Excluded","IM/IT","NTT-Deskside Services-NorthIsland-Staffed","Desktop","LENOVO P3 Tower Workstation V3",""
"PC026136","HSS-8098675","MZ03G4WC","VIHA-CVH-Comox Valley Hospital-Main Building-1st Floor","Courtenay","Main Building","CV1886 (724)","1","ISLHTRP20260518-093","06/30/2030","Operational","08/13/2026","","CV1888 - Imaging and Technical Support Area - CT Generator/Control Room","Critical Clinical","Medial Imaging","NTT-Deskside Services-NorthIsland-Staffed","Desktop","LENOVO M90q Gen 5 Desktop 512HD",""
"PC026133","HSS-8098676","MZ03G4WK","VIHA-CVH-Comox Valley Hospital-Main Building-1st Floor","Courtenay","Main Building","Rehab","1","ISLHTRP20260518-094","06/30/2030","Operational","","","","General Rounding","CVH Speech Therapy","NTT-Deskside Services-NorthIsland-Staffed","Desktop","LENOVO M90q Gen 5 Desktop 512HD",""
"PC026384","HSS-8098677","MZ03G4TS","VIHA-CVH-Comox Valley Hospital-Main Building-2nd Floor","Courtenay","Main Building","Learning Lab","2","ISLHTRP20260518-095","06/30/2030","Operational","","","","General Rounding","COV Student & New Entrant Prac","NTT-Deskside Services-NorthIsland-Staffed","Desktop","LENOVO M90q Gen 5 Desktop 512HD",""
"LD065644","HSS-8098678","PF61ZCRQ","VIHA-CVMHAS-Comox Valley Mental Health & Addiction Services-Main Building-1st Floor","Courtenay","Main Building","TBD","1","ISLHTRP20260518-096","06/30/2030","Operational","","","","General Rounding","Mental Health & Addiction Services","NTT-Deskside Services-NorthIsland-Local","Laptop","LENOVO THINKPAD T14 GEN6 NT FPR 2x1","LENOVO THINKCENTRE M910q i5-7500T 2.5GHZ"
"LD061044","HSS-8098680","PF621449","VIHA-CVNC-Comox Valley Nursing Centre-Main Building-1st Floor","Courtenay","Main Building","TBD","1","ISLHTRP20260518-098","06/30/2030","Operational","","","","General Rounding","Nursing","NTT-Deskside Services-NorthIsland-Local","Laptop","LENOVO THINKPAD T14 GEN6 NT FPR 2x1",""
"LD024513","HSS-8098857","PF62GAXN","VIHA-CVH-Comox Valley Hospital-Main Building-0th Floor","Courtenay","Main Building","TBD","0","ISLHTRP20260518-103","05/31/2030","Operational","","","","General Rounding","NRG Geog 1/2 Pharmacy Admin","NTT-Deskside Services-NorthIsland-Staffed","Laptop","LENOVO THINKPAD T14 GEN6 NT FPR 2x1","NTT DESKSIDE HOT SPARE"
"LD059550","HSS-8098858","PF61YD5L","VIHA-CVH-Comox Valley Hospital-Main Building-0th Floor","Courtenay","Main Building","IM/IT","0","ISLHTRP20260518-104","05/31/2030","Operational","","","","General Rounding","IMIT","NTT-Deskside Services-NorthIsland-Staffed","Laptop","LENOVO THINKPAD T14 GEN6 NT FPR 2x1","NTT DESKSIDE HOT SPARE"
"LD061515","HSS-8098859","PF620HSG","VIHA-SJC-St. Joseph's Campus-Main Building-3rd Floor","Comox","Main Building","304","3","ISLHTRP20260518-105","06/30/2030","Operational","","","","General Rounding","VP Office","NTT-Deskside Services-NorthIsland-Local","Laptop","LENOVO THINKPAD T14 GEN6 NT FPR 2x1",""
"TD1000024","HSS-8099120","SD00R2CK","VIHA-CHC-Cumberland Health Centre-Main Building-1st Floor","Cumberland","Main Building","CNL Office","2nd","ISLHTRP20260622-089","07/31/2030","Operational","","","","General Rounding","","NTT-Deskside Services-NorthIsland-Local","Tablet","LENOVO ThinkPad X1 2-in-1 Gen 10","LENOVO ThinkPad X390 Yoga"
"PC024286","HSS-8099182","MZ03FQA0","VIHA-CVH-Comox Valley Hospital-Main Building-0th Floor","Courtenay","Main Building","CV0325 - Workstation 12","0","ISLHTRP20260622-053","07/31/2030","Operational","","","","General Rounding","Site Support and Business Services","NTT-Deskside Services-NorthIsland-Staffed","Desktop","LENOVO THINKCENTRE M90Q GEN6",""
"LD024512","HSS-8099183","SD00PJGG","VIHA-CVH-Comox Valley Hospital-Main Building-3rd Floor","Courtenay","Main Building","CV03805","3","ISLHTRP20260622-054","07/31/2030","Operational","","","","General Rounding","Infection Control","NTT-Deskside Services-NorthIsland-Staffed","Laptop","LENOVO THINKPAD T14 GEN6 NT FPR 2x1",""
"PC026058","HSS-8099184","MZ03FPZB","VIHA-CVH-Comox Valley Hospital-Main Building-1st Floor","Courtenay","Main Building","CV1147 (724)","1","ISLHTRP20260622-055","07/31/2030","Operational","08/13/2026","","CV1147 - Reception, Central/Shared Administrative Area - Workstation, Clerical, Registration","Critical Clinical","Physiotherapy","NTT-Deskside Services-NorthIsland-Staffed","Desktop","LENOVO THINKCENTRE M90Q GEN6",""
"AO1000106","HSS-8099185","C25929M020","VIHA-CVH-Comox Valley Hospital-Main Building-1st Floor","Courtenay","Main Building","CV1580","1","ISLHTRP20260622-056","03/31/2030","Operational","07/17/2026","","","Mobile Cart","Medical Daycare","NTT-Deskside Services-NorthIsland-Staffed","All-in-One","TANGENT MEDIX 22B V19",""
"AO800292","HSS-8099186","C25929M014","VIHA-CVH-Comox Valley Hospital-Main Building-2nd Floor","Courtenay","Main Building","CV2824","2","ISLHTRP20260622-057","03/31/2030","Operational","","","","Mobile Cart","Surgical Services","NTT-Deskside Services-NorthIsland-Staffed","All-in-One","TANGENT MEDIX 22B V19",""
"LD061621","HSS-8099188","SD00NSSJ","VIHA-CCA_92-Courtenay Cliffe Avenue (#92)-Main Building-1st Floor","Courtenay","Main Building","Admin Lobby","1","ISLHTRP20260622-059","07/31/2030","Operational","08/06/2026","","","General Rounding","Open Office Area","NTT-Deskside Services-NorthIsland-Local","Laptop","LENOVO THINKPAD T14 GEN6 NT FPR 2x1",""
"LD061694","HSS-8099189","SD00NLQ4","VIHA-CFA-Courtenay Fitzgerald Avenue-Main Building-1st Floor","Courtenay","Main Building","10","1","ISLHTRP20260622-060","07/31/2030","Operational","07/21/2026","","","General Rounding","Home Support Nursing","NTT-Deskside Services-NorthIsland-Local","Laptop","LENOVO THINKPAD T14 GEN6 NT FPR 2x1",""
"LD061398","HSS-8099190","SD00PJ43","VIHA-CVH-Comox Valley Hospital-Main Building-0th Floor","Courtenay","","","B","ISLHTRP20260622-061","07/31/2030","Operational","","","","General Rounding","Work Remote","NTT-Deskside Services-NorthIsland-Staffed","Laptop","LENOVO THINKPAD T14 GEN6 NT FPR 2x1",""
"LD059173","HSS-8099191","SD00PJ60","VIHA-CVH-Comox Valley Hospital-Main Building-1st Floor","Courtenay","Main Building","CV1705","1","ISLHTRP20260622-062","07/31/2030","Operational","07/27/2026","","","General Rounding","Heart and Lung","NTT-Deskside Services-NorthIsland-Staffed","Laptop","LENOVO THINKPAD T14 GEN6 NT FPR 2x1",""
"PC024457","HSS-8099192","MZ03FQ8C","VIHA-CVH-Comox Valley Hospital-Main Building-2nd Floor","Courtenay","Main Building","CV2901","2","ISLHTRP20260622-063","07/31/2030","Operational","08/12/2026","","FLR 2 ","Critical Clinical","Laboratory","NTT-Deskside Services-NorthIsland-Staffed","Desktop","LENOVO THINKCENTRE M90Q GEN6",""
"PC024475","HSS-8099193","MZ03FQ6Y","VIHA-CVH-Comox Valley Hospital-Main Building-2nd Floor","Courtenay","Main Building","CV2913","2","ISLHTRP20260622-064","07/31/2030","Operational","08/12/2026","","","General Rounding","Laboratory","NTT-Deskside Services-NorthIsland-Staffed","Desktop","LENOVO THINKCENTRE M90Q GEN6",""
"LD036584","HSS-8099194","SD00NRXJ","VIHA-CVH-Comox Valley Hospital-Main Building-2nd Floor","Courtenay","Main Building","CV2944","2","ISLHTRP20260622-065","07/31/2030","Operational","08/12/2026","","","General Rounding","Laboratory","NTT-Deskside Services-NorthIsland-Staffed","Laptop","LENOVO THINKPAD T14 GEN6 NT FPR 2x1",""
"PC026100","HSS-8099195","MZ03FQ5C","VIHA-CVH-Comox Valley Hospital-Main Building-2nd Floor","Courtenay","Main Building","CV2913","2","ISLHTRP20260622-066","07/31/2030","Operational","08/12/2026","","","General Rounding","Laboratory","NTT-Deskside Services-NorthIsland-Staffed","Desktop","LENOVO THINKCENTRE M90Q GEN6",""
"PC024396","HSS-8099196","MZ03FQ8F","VIHA-CVH-Comox Valley Hospital-Main Building-2nd Floor","Courtenay","Main Building","CV2222 (724)","2","ISLHTRP20260622-067","07/31/2030","Operational","08/12/2026","","CV2222 - Professional Support Facilities - Collaboration Area/Communication Zone - Workstation, Care Team/Care Hub","Critical Clinical","Intensive Care/Telemetry Unit (ICU/TU)","NTT-Deskside Services-NorthIsland-Staffed","Desktop","LENOVO THINKCENTRE M90Q GEN6",""
"LD061356","HSS-8099212","SD00PFYV","VIHA-CCA-Courtenay Cliffe Avenue-Main Building-1st Floor","Courtenay","Main Building","104Home Supports for Community Living (HSCL) building beside the MHSU building. Suite 104","1","ISLHTRP20260622-083","07/31/2030","Operational","","","","General Rounding","","NTT-Deskside Services-NorthIsland-Local","Laptop","LENOVO THINKPAD T14 GEN6 NT FPR 2x1",""
"LD065612","HSS-8099213","SD00PHAZ","VIHA-CVHCC-Comox Valley Home & Community Care","Courtenay","Main Building","112 (Jennifer Block Manager)","1","ISLHTRP20260622-084","07/31/2030","Operational","","","","General Rounding","Mental Health Services","NTT-Deskside Services-NorthIsland-Local","Laptop","LENOVO THINKPAD T14 GEN6 NT FPR 2x1","LENOVO THINKCENTRE M910q i5-7500T 2.5GHZ"
"PC107213","HSS-8099214","MZ03FQ82","VIHA-CVHCC-Comox Valley Home & Community Care-Main Building-1st Floor","Courtenay","Main Building","104","1","ISLHTRP20260622-085","07/31/2030","Operational","07/23/2026","","","General Rounding","OPS","NTT-Deskside Services-NorthIsland-Local","Desktop","LENOVO THINKCENTRE M90Q GEN6",""
"TD001683","HSS-8099216","SD00R2CV","VIHA-CHU-Coastal Health Unit-Main Building-2nd Floor","Courtenay","Main Building","17","2","ISLHTRP20260622-086","07/31/2030","Operational","07/21/2026","","","General Rounding","EH Tobacco Enforce","NTT-Deskside Services-NorthIsland-Local","Tablet","LENOVO ThinkPad X1 2-in-1 Gen 10",""
"LD071553","HSS-8099252","PF62GFGA","VIHA-CVHCC-Comox Valley Home & Community Care-Main Building-1st Floor","Courtenay","","","","ISLHTRP20260622-087","05/31/2030","Operational","","","","","","NTT-Deskside Services-NorthIsland-Local","Laptop","LENOVO THINKPAD T14 GEN6 NT FPR 2x1",""
